ISO-10303-21;
HEADER;
/*Generated by software containing ST-Developer
 * from STEP Tools, Inc. (www.steptools.com) 
 */
/*OPTION: using custom renumber hook */
/*description */
/*implementation_level */
FILE_DESCRIPTION(('STEP AP242 Edition 2','STEP AP242 Edition 2''CAx-IF Rec.Pracs.---Representation and Presentation of Product Manufa
cturing Information (PMI)---4.0---2014-10-13','STEP AP242 Edition 2''CAx-IF Rec.Pracs.---Representation and Presentation of Product Manufa
cturing Information (PMI)---4.0---2014-10-13''CAx-IF Rec.Pracs.---3D Tessellated Geometry---0.4---2014-09-14','STEP AP242 Edition 2''CAx-IF Rec.Pracs.---Representation and Presentation of Product Manufa
cturing Information (PMI)---4.0---2014-10-13''CAx-IF Rec.Pracs.---3D Tessellated Geometry---0.4---2014-09-14''2;1','STEP AP242 Edition 2''CAx-IF Rec.Pracs.---Representation and Presentation of Product Manufa
cturing Information (PMI)---4.0---2014-10-13''CAx-IF Rec.Pracs.---3D Tessellated Geometry---0.4---2014-09-14''2;1''CAx-IF Rec.Pracs.---User Defined Attributes---1.5---2016-08-15'),'2;1');
/*name */
/*time_stamp */
/*author */
/*organization */
/*preprocessor_version */
/*originating_system */
/*authorisation */
FILE_NAME('/vol/tmp/translate-9034672134643391642/3D_PCB_PCB_ESP32-sd-int_2026-03-29nosilk Copy 1 - Casemain.step','2026-05-03T09:32:13',(''),(''),'ST-DEVELOPER v20','ONSHAPE BY PTC INC, 1.214','  ');
FILE_SCHEMA(('AP242_MANAGED_MODEL_BASED_3D_ENGINEERING_MIM_LF { 1 0 10303 442 3 1 4 }'));
ENDSEC;
DATA;
#10=SHAPE_REPRESENTATION_RELATIONSHIP('','',#7469,#11);
#11=ADVANCED_BREP_SHAPE_REPRESENTATION('',(#7467),#12649);
#12=B_SPLINE_SURFACE_WITH_KNOTS('',3,1,((#10585,#10586),(#10587,#10588),(#10589,#10590),(#10591,#10592)),.SURF_OF_LINEAR_EXTRUSION.,.F.,.F.,.F.,(4,4),(2,2),(0.,1.),(0.,1.),.PIECEWISE_BEZIER_KNOTS.);
#13=B_SPLINE_SURFACE_WITH_KNOTS('',3,1,((#10604,#10605),(#10606,#10607),(#10608,#10609),(#10610,#10611)),.SURF_OF_LINEAR_EXTRUSION.,.F.,.F.,.F.,(4,4),(2,2),(0.,1.),(0.,1.),.PIECEWISE_BEZIER_KNOTS.);
#14=B_SPLINE_SURFACE_WITH_KNOTS('',3,1,((#10621,#10622),(#10623,#10624),(#10625,#10626),(#10627,#10628)),.SURF_OF_LINEAR_EXTRUSION.,.F.,.F.,.F.,(4,4),(2,2),(0.,1.),(0.,1.),.PIECEWISE_BEZIER_KNOTS.);
#15=B_SPLINE_SURFACE_WITH_KNOTS('',3,1,((#10634,#10635),(#10636,#10637),(#10638,#10639),(#10640,#10641)),.SURF_OF_LINEAR_EXTRUSION.,.F.,.F.,.F.,(4,4),(2,2),(0.,1.),(0.,1.),.PIECEWISE_BEZIER_KNOTS.);
#16=B_SPLINE_SURFACE_WITH_KNOTS('',3,1,((#10647,#10648),(#10649,#10650),(#10651,#10652),(#10653,#10654)),.SURF_OF_LINEAR_EXTRUSION.,.F.,.F.,.F.,(4,4),(2,2),(0.,1.),(0.,1.),.PIECEWISE_BEZIER_KNOTS.);
#17=B_SPLINE_SURFACE_WITH_KNOTS('',3,1,((#10660,#10661),(#10662,#10663),(#10664,#10665),(#10666,#10667)),.SURF_OF_LINEAR_EXTRUSION.,.F.,.F.,.F.,(4,4),(2,2),(0.,1.),(0.,1.),.PIECEWISE_BEZIER_KNOTS.);
#18=B_SPLINE_SURFACE_WITH_KNOTS('',3,1,((#10673,#10674),(#10675,#10676),(#10677,#10678),(#10679,#10680)),.SURF_OF_LINEAR_EXTRUSION.,.F.,.F.,.F.,(4,4),(2,2),(0.,1.),(0.,1.),.PIECEWISE_BEZIER_KNOTS.);
#19=B_SPLINE_SURFACE_WITH_KNOTS('',3,1,((#10698,#10699),(#10700,#10701),(#10702,#10703),(#10704,#10705)),.SURF_OF_LINEAR_EXTRUSION.,.F.,.F.,.F.,(4,4),(2,2),(0.,1.),(0.,1.),.PIECEWISE_BEZIER_KNOTS.);
#20=B_SPLINE_SURFACE_WITH_KNOTS('',3,1,((#10711,#10712),(#10713,#10714),(#10715,#10716),(#10717,#10718)),.SURF_OF_LINEAR_EXTRUSION.,.F.,.F.,.F.,(4,4),(2,2),(0.,1.),(0.,1.),.PIECEWISE_BEZIER_KNOTS.);
#21=B_SPLINE_SURFACE_WITH_KNOTS('',3,1,((#10724,#10725),(#10726,#10727),(#10728,#10729),(#10730,#10731)),.SURF_OF_LINEAR_EXTRUSION.,.F.,.F.,.F.,(4,4),(2,2),(0.,1.),(0.,1.),.PIECEWISE_BEZIER_KNOTS.);
#22=B_SPLINE_SURFACE_WITH_KNOTS('',3,1,((#10737,#10738),(#10739,#10740),(#10741,#10742),(#10743,#10744)),.SURF_OF_LINEAR_EXTRUSION.,.F.,.F.,.F.,(4,4),(2,2),(0.,1.),(0.,1.),.PIECEWISE_BEZIER_KNOTS.);
#23=B_SPLINE_SURFACE_WITH_KNOTS('',3,1,((#10762,#10763),(#10764,#10765),(#10766,#10767),(#10768,#10769)),.SURF_OF_LINEAR_EXTRUSION.,.F.,.F.,.F.,(4,4),(2,2),(0.,1.),(0.,1.),.PIECEWISE_BEZIER_KNOTS.);
#24=B_SPLINE_SURFACE_WITH_KNOTS('',3,1,((#10775,#10776),(#10777,#10778),(#10779,#10780),(#10781,#10782)),.SURF_OF_LINEAR_EXTRUSION.,.F.,.F.,.F.,(4,4),(2,2),(0.,1.),(0.,1.),.PIECEWISE_BEZIER_KNOTS.);
#25=B_SPLINE_SURFACE_WITH_KNOTS('',3,1,((#10788,#10789),(#10790,#10791),(#10792,#10793),(#10794,#10795)),.SURF_OF_LINEAR_EXTRUSION.,.F.,.F.,.F.,(4,4),(2,2),(0.,1.),(0.,1.),.PIECEWISE_BEZIER_KNOTS.);
#26=B_SPLINE_SURFACE_WITH_KNOTS('',3,1,((#10813,#10814),(#10815,#10816),(#10817,#10818),(#10819,#10820)),.SURF_OF_LINEAR_EXTRUSION.,.F.,.F.,.F.,(4,4),(2,2),(0.,1.),(0.,1.),.PIECEWISE_BEZIER_KNOTS.);
#27=B_SPLINE_SURFACE_WITH_KNOTS('',3,1,((#10826,#10827),(#10828,#10829),(#10830,#10831),(#10832,#10833)),.SURF_OF_LINEAR_EXTRUSION.,.F.,.F.,.F.,(4,4),(2,2),(0.,1.),(0.,1.),.PIECEWISE_BEZIER_KNOTS.);
#28=B_SPLINE_SURFACE_WITH_KNOTS('',3,1,((#10853,#10854),(#10855,#10856),(#10857,#10858),(#10859,#10860)),.SURF_OF_LINEAR_EXTRUSION.,.F.,.F.,.F.,(4,4),(2,2),(0.,1.),(0.,1.),.PIECEWISE_BEZIER_KNOTS.);
#29=B_SPLINE_SURFACE_WITH_KNOTS('',3,1,((#10870,#10871),(#10872,#10873),(#10874,#10875),(#10876,#10877)),.SURF_OF_LINEAR_EXTRUSION.,.F.,.F.,.F.,(4,4),(2,2),(0.,1.),(0.,1.),.PIECEWISE_BEZIER_KNOTS.);
#30=B_SPLINE_SURFACE_WITH_KNOTS('',3,1,((#10887,#10888),(#10889,#10890),(#10891,#10892),(#10893,#10894)),.SURF_OF_LINEAR_EXTRUSION.,.F.,.F.,.F.,(4,4),(2,2),(0.,1.),(0.,1.),.PIECEWISE_BEZIER_KNOTS.);
#31=B_SPLINE_SURFACE_WITH_KNOTS('',3,1,((#10904,#10905),(#10906,#10907),(#10908,#10909),(#10910,#10911)),.SURF_OF_LINEAR_EXTRUSION.,.F.,.F.,.F.,(4,4),(2,2),(0.,1.),(0.,1.),.PIECEWISE_BEZIER_KNOTS.);
#32=B_SPLINE_SURFACE_WITH_KNOTS('',3,1,((#10921,#10922),(#10923,#10924),(#10925,#10926),(#10927,#10928)),.SURF_OF_LINEAR_EXTRUSION.,.F.,.F.,.F.,(4,4),(2,2),(0.,1.),(0.,1.),.PIECEWISE_BEZIER_KNOTS.);
#33=B_SPLINE_SURFACE_WITH_KNOTS('',3,1,((#10936,#10937),(#10938,#10939),(#10940,#10941),(#10942,#10943)),.SURF_OF_LINEAR_EXTRUSION.,.F.,.F.,.F.,(4,4),(2,2),(0.,1.),(0.,1.),.PIECEWISE_BEZIER_KNOTS.);
#34=B_SPLINE_SURFACE_WITH_KNOTS('',3,1,((#10949,#10950),(#10951,#10952),(#10953,#10954),(#10955,#10956)),.SURF_OF_LINEAR_EXTRUSION.,.F.,.F.,.F.,(4,4),(2,2),(0.,1.),(0.,1.),.PIECEWISE_BEZIER_KNOTS.);
#35=B_SPLINE_SURFACE_WITH_KNOTS('',3,1,((#10982,#10983),(#10984,#10985),(#10986,#10987),(#10988,#10989)),.SURF_OF_LINEAR_EXTRUSION.,.F.,.F.,.F.,(4,4),(2,2),(0.,1.),(0.,1.),.PIECEWISE_BEZIER_KNOTS.);
#36=B_SPLINE_SURFACE_WITH_KNOTS('',3,1,((#11012,#11013),(#11014,#11015),(#11016,#11017),(#11018,#11019)),.SURF_OF_LINEAR_EXTRUSION.,.F.,.F.,.F.,(4,4),(2,2),(0.,1.),(0.,1.),.PIECEWISE_BEZIER_KNOTS.);
#37=B_SPLINE_SURFACE_WITH_KNOTS('',3,1,((#11029,#11030),(#11031,#11032),(#11033,#11034),(#11035,#11036)),.SURF_OF_LINEAR_EXTRUSION.,.F.,.F.,.F.,(4,4),(2,2),(0.,1.),(0.,1.),.PIECEWISE_BEZIER_KNOTS.);
#38=B_SPLINE_SURFACE_WITH_KNOTS('',3,1,((#11046,#11047),(#11048,#11049),(#11050,#11051),(#11052,#11053)),.SURF_OF_LINEAR_EXTRUSION.,.F.,.F.,.F.,(4,4),(2,2),(0.,1.),(0.,1.),.PIECEWISE_BEZIER_KNOTS.);
#39=B_SPLINE_SURFACE_WITH_KNOTS('',3,1,((#11063,#11064),(#11065,#11066),(#11067,#11068),(#11069,#11070)),.SURF_OF_LINEAR_EXTRUSION.,.F.,.F.,.F.,(4,4),(2,2),(0.,1.),(0.,1.),.PIECEWISE_BEZIER_KNOTS.);
#40=B_SPLINE_SURFACE_WITH_KNOTS('',3,1,((#11080,#11081),(#11082,#11083),(#11084,#11085),(#11086,#11087)),.SURF_OF_LINEAR_EXTRUSION.,.F.,.F.,.F.,(4,4),(2,2),(0.,1.),(0.,1.),.PIECEWISE_BEZIER_KNOTS.);
#41=B_SPLINE_SURFACE_WITH_KNOTS('',3,1,((#11095,#11096),(#11097,#11098),(#11099,#11100),(#11101,#11102)),.SURF_OF_LINEAR_EXTRUSION.,.F.,.F.,.F.,(4,4),(2,2),(0.,1.),(0.,1.),.PIECEWISE_BEZIER_KNOTS.);
#42=B_SPLINE_SURFACE_WITH_KNOTS('',3,1,((#11108,#11109),(#11110,#11111),(#11112,#11113),(#11114,#11115)),.SURF_OF_LINEAR_EXTRUSION.,.F.,.F.,.F.,(4,4),(2,2),(0.,1.),(0.,1.),.PIECEWISE_BEZIER_KNOTS.);
#43=B_SPLINE_SURFACE_WITH_KNOTS('',3,1,((#11141,#11142),(#11143,#11144),(#11145,#11146),(#11147,#11148)),.SURF_OF_LINEAR_EXTRUSION.,.F.,.F.,.F.,(4,4),(2,2),(0.,1.),(0.,1.),.PIECEWISE_BEZIER_KNOTS.);
#44=B_SPLINE_SURFACE_WITH_KNOTS('',3,1,((#11156,#11157),(#11158,#11159),(#11160,#11161),(#11162,#11163)),.SURF_OF_LINEAR_EXTRUSION.,.F.,.F.,.F.,(4,4),(2,2),(0.,1.),(0.,1.),.PIECEWISE_BEZIER_KNOTS.);
#45=B_SPLINE_SURFACE_WITH_KNOTS('',3,1,((#11171,#11172),(#11173,#11174),(#11175,#11176),(#11177,#11178)),.SURF_OF_LINEAR_EXTRUSION.,.F.,.F.,.F.,(4,4),(2,2),(0.,1.),(0.,1.),.PIECEWISE_BEZIER_KNOTS.);
#46=B_SPLINE_SURFACE_WITH_KNOTS('',3,1,((#11184,#11185),(#11186,#11187),(#11188,#11189),(#11190,#11191)),.SURF_OF_LINEAR_EXTRUSION.,.F.,.F.,.F.,(4,4),(2,2),(0.,1.),(0.,1.),.PIECEWISE_BEZIER_KNOTS.);
#47=B_SPLINE_SURFACE_WITH_KNOTS('',3,1,((#11197,#11198),(#11199,#11200),(#11201,#11202),(#11203,#11204)),.SURF_OF_LINEAR_EXTRUSION.,.F.,.F.,.F.,(4,4),(2,2),(0.,1.),(0.,1.),.PIECEWISE_BEZIER_KNOTS.);
#48=B_SPLINE_SURFACE_WITH_KNOTS('',3,1,((#11218,#11219),(#11220,#11221),(#11222,#11223),(#11224,#11225)),.SURF_OF_LINEAR_EXTRUSION.,.F.,.F.,.F.,(4,4),(2,2),(0.,1.),(0.,1.),.PIECEWISE_BEZIER_KNOTS.);
#49=B_SPLINE_SURFACE_WITH_KNOTS('',3,1,((#11235,#11236),(#11237,#11238),(#11239,#11240),(#11241,#11242)),.SURF_OF_LINEAR_EXTRUSION.,.F.,.F.,.F.,(4,4),(2,2),(0.,1.),(0.,1.),.PIECEWISE_BEZIER_KNOTS.);
#50=B_SPLINE_SURFACE_WITH_KNOTS('',3,1,((#11252,#11253),(#11254,#11255),(#11256,#11257),(#11258,#11259)),.SURF_OF_LINEAR_EXTRUSION.,.F.,.F.,.F.,(4,4),(2,2),(0.,1.),(0.,1.),.PIECEWISE_BEZIER_KNOTS.);
#51=B_SPLINE_SURFACE_WITH_KNOTS('',3,1,((#11265,#11266),(#11267,#11268),(#11269,#11270),(#11271,#11272)),.SURF_OF_LINEAR_EXTRUSION.,.F.,.F.,.F.,(4,4),(2,2),(0.,1.),(0.,1.),.PIECEWISE_BEZIER_KNOTS.);
#52=B_SPLINE_SURFACE_WITH_KNOTS('',3,1,((#11278,#11279),(#11280,#11281),(#11282,#11283),(#11284,#11285)),.SURF_OF_LINEAR_EXTRUSION.,.F.,.F.,.F.,(4,4),(2,2),(0.,1.),(0.,1.),.PIECEWISE_BEZIER_KNOTS.);
#53=B_SPLINE_SURFACE_WITH_KNOTS('',3,1,((#11291,#11292),(#11293,#11294),(#11295,#11296),(#11297,#11298)),.SURF_OF_LINEAR_EXTRUSION.,.F.,.F.,.F.,(4,4),(2,2),(0.,1.),(0.,1.),.PIECEWISE_BEZIER_KNOTS.);
#54=B_SPLINE_SURFACE_WITH_KNOTS('',3,1,((#11304,#11305),(#11306,#11307),(#11308,#11309),(#11310,#11311)),.SURF_OF_LINEAR_EXTRUSION.,.F.,.F.,.F.,(4,4),(2,2),(0.,1.),(0.,1.),.PIECEWISE_BEZIER_KNOTS.);
#55=B_SPLINE_SURFACE_WITH_KNOTS('',3,1,((#11317,#11318),(#11319,#11320),(#11321,#11322),(#11323,#11324)),.SURF_OF_LINEAR_EXTRUSION.,.F.,.F.,.F.,(4,4),(2,2),(0.,1.),(0.,1.),.PIECEWISE_BEZIER_KNOTS.);
#56=B_SPLINE_SURFACE_WITH_KNOTS('',3,1,((#11330,#11331),(#11332,#11333),(#11334,#11335),(#11336,#11337)),.SURF_OF_LINEAR_EXTRUSION.,.F.,.F.,.F.,(4,4),(2,2),(0.,1.),(0.,1.),.PIECEWISE_BEZIER_KNOTS.);
#57=B_SPLINE_SURFACE_WITH_KNOTS('',3,1,((#11352,#11353),(#11354,#11355),(#11356,#11357),(#11358,#11359)),.SURF_OF_LINEAR_EXTRUSION.,.F.,.F.,.F.,(4,4),(2,2),(0.,1.),(0.,1.),.PIECEWISE_BEZIER_KNOTS.);
#58=B_SPLINE_SURFACE_WITH_KNOTS('',3,1,((#11369,#11370),(#11371,#11372),(#11373,#11374),(#11375,#11376)),.SURF_OF_LINEAR_EXTRUSION.,.F.,.F.,.F.,(4,4),(2,2),(0.,1.),(0.,1.),.PIECEWISE_BEZIER_KNOTS.);
#59=B_SPLINE_SURFACE_WITH_KNOTS('',3,1,((#11386,#11387),(#11388,#11389),(#11390,#11391),(#11392,#11393)),.SURF_OF_LINEAR_EXTRUSION.,.F.,.F.,.F.,(4,4),(2,2),(0.,1.),(0.,1.),.PIECEWISE_BEZIER_KNOTS.);
#60=B_SPLINE_SURFACE_WITH_KNOTS('',3,1,((#11403,#11404),(#11405,#11406),(#11407,#11408),(#11409,#11410)),.SURF_OF_LINEAR_EXTRUSION.,.F.,.F.,.F.,(4,4),(2,2),(0.,1.),(0.,1.),.PIECEWISE_BEZIER_KNOTS.);
#61=B_SPLINE_SURFACE_WITH_KNOTS('',3,1,((#11426,#11427),(#11428,#11429),(#11430,#11431),(#11432,#11433)),.SURF_OF_LINEAR_EXTRUSION.,.F.,.F.,.F.,(4,4),(2,2),(0.,1.),(0.,1.),.PIECEWISE_BEZIER_KNOTS.);
#62=B_SPLINE_SURFACE_WITH_KNOTS('',3,1,((#11443,#11444),(#11445,#11446),(#11447,#11448),(#11449,#11450)),.SURF_OF_LINEAR_EXTRUSION.,.F.,.F.,.F.,(4,4),(2,2),(0.,1.),(0.,1.),.PIECEWISE_BEZIER_KNOTS.);
#63=B_SPLINE_SURFACE_WITH_KNOTS('',3,1,((#11512,#11513),(#11514,#11515),(#11516,#11517),(#11518,#11519)),.SURF_OF_LINEAR_EXTRUSION.,.F.,.F.,.F.,(4,4),(2,2),(0.,1.),(0.,1.),.PIECEWISE_BEZIER_KNOTS.);
#64=B_SPLINE_SURFACE_WITH_KNOTS('',3,1,((#11545,#11546),(#11547,#11548),(#11549,#11550),(#11551,#11552)),.SURF_OF_LINEAR_EXTRUSION.,.F.,.F.,.F.,(4,4),(2,2),(0.,1.),(0.,1.),.PIECEWISE_BEZIER_KNOTS.);
#65=B_SPLINE_SURFACE_WITH_KNOTS('',3,1,((#11562,#11563),(#11564,#11565),(#11566,#11567),(#11568,#11569)),.SURF_OF_LINEAR_EXTRUSION.,.F.,.F.,.F.,(4,4),(2,2),(0.,1.),(0.,1.),.PIECEWISE_BEZIER_KNOTS.);
#66=B_SPLINE_SURFACE_WITH_KNOTS('',3,1,((#11579,#11580),(#11581,#11582),(#11583,#11584),(#11585,#11586)),.SURF_OF_LINEAR_EXTRUSION.,.F.,.F.,.F.,(4,4),(2,2),(0.,1.),(0.,1.),.PIECEWISE_BEZIER_KNOTS.);
#67=B_SPLINE_SURFACE_WITH_KNOTS('',3,1,((#11596,#11597),(#11598,#11599),(#11600,#11601),(#11602,#11603)),.SURF_OF_LINEAR_EXTRUSION.,.F.,.F.,.F.,(4,4),(2,2),(0.,1.),(0.,1.),.PIECEWISE_BEZIER_KNOTS.);
#68=B_SPLINE_SURFACE_WITH_KNOTS('',3,1,((#11635,#11636),(#11637,#11638),(#11639,#11640),(#11641,#11642)),.SURF_OF_LINEAR_EXTRUSION.,.F.,.F.,.F.,(4,4),(2,2),(0.,1.),(0.,1.),.PIECEWISE_BEZIER_KNOTS.);
#69=B_SPLINE_SURFACE_WITH_KNOTS('',3,1,((#11648,#11649),(#11650,#11651),(#11652,#11653),(#11654,#11655)),.SURF_OF_LINEAR_EXTRUSION.,.F.,.F.,.F.,(4,4),(2,2),(0.,1.),(0.,1.),.PIECEWISE_BEZIER_KNOTS.);
#70=B_SPLINE_SURFACE_WITH_KNOTS('',3,1,((#11683,#11684),(#11685,#11686),(#11687,#11688),(#11689,#11690)),.SURF_OF_LINEAR_EXTRUSION.,.F.,.F.,.F.,(4,4),(2,2),(0.,1.),(0.,1.),.PIECEWISE_BEZIER_KNOTS.);
#71=B_SPLINE_SURFACE_WITH_KNOTS('',3,1,((#11698,#11699),(#11700,#11701),(#11702,#11703),(#11704,#11705)),.SURF_OF_LINEAR_EXTRUSION.,.F.,.F.,.F.,(4,4),(2,2),(0.,1.),(0.,1.),.PIECEWISE_BEZIER_KNOTS.);
#72=B_SPLINE_SURFACE_WITH_KNOTS('',3,1,((#11711,#11712),(#11713,#11714),(#11715,#11716),(#11717,#11718)),.SURF_OF_LINEAR_EXTRUSION.,.F.,.F.,.F.,(4,4),(2,2),(0.,1.),(0.,1.),.PIECEWISE_BEZIER_KNOTS.);
#73=B_SPLINE_SURFACE_WITH_KNOTS('',3,1,((#11724,#11725),(#11726,#11727),(#11728,#11729),(#11730,#11731)),.SURF_OF_LINEAR_EXTRUSION.,.F.,.F.,.F.,(4,4),(2,2),(0.,1.),(0.,1.),.PIECEWISE_BEZIER_KNOTS.);
#74=B_SPLINE_SURFACE_WITH_KNOTS('',3,1,((#11737,#11738),(#11739,#11740),(#11741,#11742),(#11743,#11744)),.SURF_OF_LINEAR_EXTRUSION.,.F.,.F.,.F.,(4,4),(2,2),(0.,1.),(0.,1.),.PIECEWISE_BEZIER_KNOTS.);
#75=B_SPLINE_SURFACE_WITH_KNOTS('',3,1,((#11750,#11751),(#11752,#11753),(#11754,#11755),(#11756,#11757)),.SURF_OF_LINEAR_EXTRUSION.,.F.,.F.,.F.,(4,4),(2,2),(0.,1.),(0.,1.),.PIECEWISE_BEZIER_KNOTS.);
#76=B_SPLINE_SURFACE_WITH_KNOTS('',3,1,((#11763,#11764),(#11765,#11766),(#11767,#11768),(#11769,#11770)),.SURF_OF_LINEAR_EXTRUSION.,.F.,.F.,.F.,(4,4),(2,2),(0.,1.),(0.,1.),.PIECEWISE_BEZIER_KNOTS.);
#77=B_SPLINE_SURFACE_WITH_KNOTS('',3,1,((#11776,#11777),(#11778,#11779),(#11780,#11781),(#11782,#11783)),.SURF_OF_LINEAR_EXTRUSION.,.F.,.F.,.F.,(4,4),(2,2),(0.,1.),(0.,1.),.PIECEWISE_BEZIER_KNOTS.);
#78=B_SPLINE_SURFACE_WITH_KNOTS('',3,1,((#11796,#11797),(#11798,#11799),(#11800,#11801),(#11802,#11803)),.SURF_OF_LINEAR_EXTRUSION.,.F.,.F.,.F.,(4,4),(2,2),(0.,1.),(0.,1.),.PIECEWISE_BEZIER_KNOTS.);
#79=B_SPLINE_SURFACE_WITH_KNOTS('',3,1,((#11813,#11814),(#11815,#11816),(#11817,#11818),(#11819,#11820)),.SURF_OF_LINEAR_EXTRUSION.,.F.,.F.,.F.,(4,4),(2,2),(0.,1.),(0.,1.),.PIECEWISE_BEZIER_KNOTS.);
#80=B_SPLINE_SURFACE_WITH_KNOTS('',3,1,((#11830,#11831),(#11832,#11833),(#11834,#11835),(#11836,#11837)),.SURF_OF_LINEAR_EXTRUSION.,.F.,.F.,.F.,(4,4),(2,2),(0.,1.),(0.,1.),.PIECEWISE_BEZIER_KNOTS.);
#81=B_SPLINE_SURFACE_WITH_KNOTS('',3,1,((#11847,#11848),(#11849,#11850),(#11851,#11852),(#11853,#11854)),.SURF_OF_LINEAR_EXTRUSION.,.F.,.F.,.F.,(4,4),(2,2),(0.,1.),(0.,1.),.PIECEWISE_BEZIER_KNOTS.);
#82=B_SPLINE_SURFACE_WITH_KNOTS('',3,1,((#11864,#11865),(#11866,#11867),(#11868,#11869),(#11870,#11871)),.SURF_OF_LINEAR_EXTRUSION.,.F.,.F.,.F.,(4,4),(2,2),(0.,1.),(0.,1.),.PIECEWISE_BEZIER_KNOTS.);
#83=B_SPLINE_SURFACE_WITH_KNOTS('',3,1,((#11878,#11879),(#11880,#11881),(#11882,#11883),(#11884,#11885)),.SURF_OF_LINEAR_EXTRUSION.,.F.,.F.,.F.,(4,4),(2,2),(0.,1.),(0.,1.),.PIECEWISE_BEZIER_KNOTS.);
#84=B_SPLINE_SURFACE_WITH_KNOTS('',3,1,((#11901,#11902),(#11903,#11904),(#11905,#11906),(#11907,#11908)),.SURF_OF_LINEAR_EXTRUSION.,.F.,.F.,.F.,(4,4),(2,2),(0.,1.),(0.,1.),.PIECEWISE_BEZIER_KNOTS.);
#85=B_SPLINE_SURFACE_WITH_KNOTS('',3,1,((#11914,#11915),(#11916,#11917),(#11918,#11919),(#11920,#11921)),.SURF_OF_LINEAR_EXTRUSION.,.F.,.F.,.F.,(4,4),(2,2),(0.,1.),(0.,1.),.PIECEWISE_BEZIER_KNOTS.);
#86=B_SPLINE_SURFACE_WITH_KNOTS('',3,1,((#11927,#11928),(#11929,#11930),(#11931,#11932),(#11933,#11934)),.SURF_OF_LINEAR_EXTRUSION.,.F.,.F.,.F.,(4,4),(2,2),(0.,1.),(0.,1.),.PIECEWISE_BEZIER_KNOTS.);
#87=B_SPLINE_SURFACE_WITH_KNOTS('',3,1,((#11948,#11949),(#11950,#11951),(#11952,#11953),(#11954,#11955)),.SURF_OF_LINEAR_EXTRUSION.,.F.,.F.,.F.,(4,4),(2,2),(0.,1.),(0.,1.),.PIECEWISE_BEZIER_KNOTS.);
#88=B_SPLINE_SURFACE_WITH_KNOTS('',3,1,((#11961,#11962),(#11963,#11964),(#11965,#11966),(#11967,#11968)),.SURF_OF_LINEAR_EXTRUSION.,.F.,.F.,.F.,(4,4),(2,2),(0.,1.),(0.,1.),.PIECEWISE_BEZIER_KNOTS.);
#89=B_SPLINE_SURFACE_WITH_KNOTS('',3,1,((#11974,#11975),(#11976,#11977),(#11978,#11979),(#11980,#11981)),.SURF_OF_LINEAR_EXTRUSION.,.F.,.F.,.F.,(4,4),(2,2),(0.,1.),(0.,1.),.PIECEWISE_BEZIER_KNOTS.);
#90=B_SPLINE_SURFACE_WITH_KNOTS('',3,1,((#11987,#11988),(#11989,#11990),(#11991,#11992),(#11993,#11994)),.SURF_OF_LINEAR_EXTRUSION.,.F.,.F.,.F.,(4,4),(2,2),(0.,1.),(0.,1.),.PIECEWISE_BEZIER_KNOTS.);
#91=B_SPLINE_SURFACE_WITH_KNOTS('',3,1,((#12021,#12022),(#12023,#12024),(#12025,#12026),(#12027,#12028)),.SURF_OF_LINEAR_EXTRUSION.,.F.,.F.,.F.,(4,4),(2,2),(0.,1.),(0.,1.),.PIECEWISE_BEZIER_KNOTS.);
#92=B_SPLINE_SURFACE_WITH_KNOTS('',3,1,((#12038,#12039),(#12040,#12041),(#12042,#12043),(#12044,#12045)),.SURF_OF_LINEAR_EXTRUSION.,.F.,.F.,.F.,(4,4),(2,2),(0.,1.),(0.,1.),.PIECEWISE_BEZIER_KNOTS.);
#93=B_SPLINE_SURFACE_WITH_KNOTS('',3,1,((#12070,#12071),(#12072,#12073),(#12074,#12075),(#12076,#12077)),.SURF_OF_LINEAR_EXTRUSION.,.F.,.F.,.F.,(4,4),(2,2),(0.,1.),(0.,1.),.PIECEWISE_BEZIER_KNOTS.);
#94=B_SPLINE_SURFACE_WITH_KNOTS('',3,1,((#12087,#12088),(#12089,#12090),(#12091,#12092),(#12093,#12094)),.SURF_OF_LINEAR_EXTRUSION.,.F.,.F.,.F.,(4,4),(2,2),(0.,1.),(0.,1.),.PIECEWISE_BEZIER_KNOTS.);
#95=B_SPLINE_SURFACE_WITH_KNOTS('',3,1,((#12104,#12105),(#12106,#12107),(#12108,#12109),(#12110,#12111)),.SURF_OF_LINEAR_EXTRUSION.,.F.,.F.,.F.,(4,4),(2,2),(0.,1.),(0.,1.),.PIECEWISE_BEZIER_KNOTS.);
#96=B_SPLINE_SURFACE_WITH_KNOTS('',3,1,((#12121,#12122),(#12123,#12124),(#12125,#12126),(#12127,#12128)),.SURF_OF_LINEAR_EXTRUSION.,.F.,.F.,.F.,(4,4),(2,2),(0.,1.),(0.,1.),.PIECEWISE_BEZIER_KNOTS.);
#97=B_SPLINE_SURFACE_WITH_KNOTS('',3,1,((#12138,#12139),(#12140,#12141),(#12142,#12143),(#12144,#12145)),.SURF_OF_LINEAR_EXTRUSION.,.F.,.F.,.F.,(4,4),(2,2),(0.,1.),(0.,1.),.PIECEWISE_BEZIER_KNOTS.);
#98=B_SPLINE_SURFACE_WITH_KNOTS('',3,1,((#12469,#12470),(#12471,#12472),(#12473,#12474),(#12475,#12476)),.SURF_OF_LINEAR_EXTRUSION.,.F.,.F.,.F.,(4,4),(2,2),(0.,1.),(0.,1.),.PIECEWISE_BEZIER_KNOTS.);
#99=TOROIDAL_SURFACE('',#7581,0.002,0.002);
#100=TOROIDAL_SURFACE('',#7588,0.002,0.002);
#101=TOROIDAL_SURFACE('',#7590,0.002,0.002);
#102=TOROIDAL_SURFACE('',#7596,0.002,0.002);
#103=CYLINDRICAL_SURFACE('',#7528,0.0035);
#104=CYLINDRICAL_SURFACE('',#7531,0.004);
#105=CYLINDRICAL_SURFACE('',#7533,0.004);
#106=CYLINDRICAL_SURFACE('',#7535,0.004);
#107=CYLINDRICAL_SURFACE('',#7537,0.004);
#108=CYLINDRICAL_SURFACE('',#7539,0.004);
#109=CYLINDRICAL_SURFACE('',#7543,0.004);
#110=CYLINDRICAL_SURFACE('',#7547,0.00425);
#111=CYLINDRICAL_SURFACE('',#7565,0.00137500007511163);
#112=CYLINDRICAL_SURFACE('',#7567,0.00137500007511163);
#113=CYLINDRICAL_SURFACE('',#7584,0.002);
#114=CYLINDRICAL_SURFACE('',#7586,0.002);
#115=CYLINDRICAL_SURFACE('',#7592,0.002);
#116=CYLINDRICAL_SURFACE('',#7594,0.002);
#117=CYLINDRICAL_SURFACE('',#7600,0.001825);
#118=CYLINDRICAL_SURFACE('',#7603,0.001825);
#119=CYLINDRICAL_SURFACE('',#7606,0.001825);
#120=CYLINDRICAL_SURFACE('',#7609,0.00067430240432649);
#121=CYLINDRICAL_SURFACE('',#7613,0.00187699332187625);
#122=CYLINDRICAL_SURFACE('',#7615,0.00154389226694449);
#123=CYLINDRICAL_SURFACE('',#7620,0.000936281727491752);
#124=CYLINDRICAL_SURFACE('',#7622,0.00142040268053899);
#125=CYLINDRICAL_SURFACE('',#7645,0.00143574503568786);
#126=CYLINDRICAL_SURFACE('',#7647,0.000631285944727053);
#127=CYLINDRICAL_SURFACE('',#7650,0.00037653184104051);
#128=CYLINDRICAL_SURFACE('',#7653,0.000450220025818105);
#129=CYLINDRICAL_SURFACE('',#7656,0.000957609444797644);
#130=CYLINDRICAL_SURFACE('',#7669,0.00308629222821171);
#131=CYLINDRICAL_SURFACE('',#7682,0.000761343760542309);
#132=CYLINDRICAL_SURFACE('',#7684,0.000921209937756028);
#133=CYLINDRICAL_SURFACE('',#7686,0.140663837606413);
#134=CYLINDRICAL_SURFACE('',#7696,0.000480541359726754);
#135=CYLINDRICAL_SURFACE('',#7730,0.0154304969709514);
#136=CYLINDRICAL_SURFACE('',#7738,0.0187701747967675);
#137=CYLINDRICAL_SURFACE('',#7791,0.00739585119611283);
#138=CYLINDRICAL_SURFACE('',#7793,0.00397800108436567);
#139=CYLINDRICAL_SURFACE('',#7801,0.004);
#140=CYLINDRICAL_SURFACE('',#7805,0.004);
#141=CYLINDRICAL_SURFACE('',#7809,0.004);
#142=CYLINDRICAL_SURFACE('',#7813,0.004);
#143=CYLINDRICAL_SURFACE('',#7819,0.001825);
#144=CYLINDRICAL_SURFACE('',#7822,0.001825);
#145=CYLINDRICAL_SURFACE('',#7825,0.001825);
#146=CYLINDRICAL_SURFACE('',#7828,0.001825);
#147=CYLINDRICAL_SURFACE('',#7884,0.001);
#148=CYLINDRICAL_SURFACE('',#7885,0.0022);
#149=CYLINDRICAL_SURFACE('',#7886,0.0022);
#150=CYLINDRICAL_SURFACE('',#7887,0.0022);
#151=CYLINDRICAL_SURFACE('',#7888,0.0022);
#152=CYLINDRICAL_SURFACE('',#7889,0.0022);
#153=CYLINDRICAL_SURFACE('',#7890,0.0022);
#154=CYLINDRICAL_SURFACE('',#7891,0.001);
#155=CYLINDRICAL_SURFACE('',#7892,0.001);
#156=CYLINDRICAL_SURFACE('',#7893,0.001);
#157=CYLINDRICAL_SURFACE('',#7894,0.001);
#158=CYLINDRICAL_SURFACE('',#7895,0.001);
#159=B_SPLINE_CURVE_WITH_KNOTS('',2,(#9661,#9662,#9663),.UNSPECIFIED.,.F.,.F.,(3,3),(0.,1.),.PIECEWISE_BEZIER_KNOTS.);
#160=B_SPLINE_CURVE_WITH_KNOTS('',2,(#9666,#9667,#9668),.UNSPECIFIED.,.F.,.F.,(3,3),(0.,1.),.PIECEWISE_BEZIER_KNOTS.);
#161=B_SPLINE_CURVE_WITH_KNOTS('',2,(#9670,#9671,#9672),.UNSPECIFIED.,.F.,.F.,(3,3),(0.,1.),.PIECEWISE_BEZIER_KNOTS.);
#162=B_SPLINE_CURVE_WITH_KNOTS('',2,(#9674,#9675,#9676),.UNSPECIFIED.,.F.,.F.,(3,3),(0.,1.),.PIECEWISE_BEZIER_KNOTS.);
#163=B_SPLINE_CURVE_WITH_KNOTS('',2,(#9678,#9679,#9680),.UNSPECIFIED.,.F.,.F.,(3,3),(0.,1.),.PIECEWISE_BEZIER_KNOTS.);
#164=B_SPLINE_CURVE_WITH_KNOTS('',2,(#9682,#9683,#9684),.UNSPECIFIED.,.F.,.F.,(3,3),(0.,1.),.PIECEWISE_BEZIER_KNOTS.);
#165=B_SPLINE_CURVE_WITH_KNOTS('',2,(#9686,#9687,#9688),.UNSPECIFIED.,.F.,.F.,(3,3),(0.,1.),.PIECEWISE_BEZIER_KNOTS.);
#166=B_SPLINE_CURVE_WITH_KNOTS('',2,(#9690,#9691,#9692),.UNSPECIFIED.,.F.,.F.,(3,3),(0.,1.),.PIECEWISE_BEZIER_KNOTS.);
#167=B_SPLINE_CURVE_WITH_KNOTS('',2,(#9709,#9710,#9711),.UNSPECIFIED.,.F.,.F.,(3,3),(0.,1.),.PIECEWISE_BEZIER_KNOTS.);
#168=B_SPLINE_CURVE_WITH_KNOTS('',2,(#9714,#9715,#9716),.UNSPECIFIED.,.F.,.F.,(3,3),(0.,1.),.PIECEWISE_BEZIER_KNOTS.);
#169=B_SPLINE_CURVE_WITH_KNOTS('',2,(#9718,#9719,#9720),.UNSPECIFIED.,.F.,.F.,(3,3),(0.,1.),.PIECEWISE_BEZIER_KNOTS.);
#170=B_SPLINE_CURVE_WITH_KNOTS('',2,(#9732,#9733,#9734),.UNSPECIFIED.,.F.,.F.,(3,3),(0.,1.),.PIECEWISE_BEZIER_KNOTS.);
#171=B_SPLINE_CURVE_WITH_KNOTS('',2,(#9735,#9736,#9737),.UNSPECIFIED.,.F.,.F.,(3,3),(0.,1.),.PIECEWISE_BEZIER_KNOTS.);
#172=B_SPLINE_CURVE_WITH_KNOTS('',2,(#9742,#9743,#9744),.UNSPECIFIED.,.F.,.F.,(3,3),(0.,1.),.PIECEWISE_BEZIER_KNOTS.);
#173=B_SPLINE_CURVE_WITH_KNOTS('',2,(#9748,#9749,#9750),.UNSPECIFIED.,.F.,.F.,(3,3),(0.,1.),.PIECEWISE_BEZIER_KNOTS.);
#174=B_SPLINE_CURVE_WITH_KNOTS('',2,(#9752,#9753,#9754),.UNSPECIFIED.,.F.,.F.,(3,3),(0.,1.),.PIECEWISE_BEZIER_KNOTS.);
#175=B_SPLINE_CURVE_WITH_KNOTS('',2,(#9756,#9757,#9758),.UNSPECIFIED.,.F.,.F.,(3,3),(0.,1.),.PIECEWISE_BEZIER_KNOTS.);
#176=B_SPLINE_CURVE_WITH_KNOTS('',2,(#9760,#9761,#9762),.UNSPECIFIED.,.F.,.F.,(3,3),(0.,1.),.PIECEWISE_BEZIER_KNOTS.);
#177=B_SPLINE_CURVE_WITH_KNOTS('',2,(#9764,#9765,#9766),.UNSPECIFIED.,.F.,.F.,(3,3),(0.,1.),.PIECEWISE_BEZIER_KNOTS.);
#178=B_SPLINE_CURVE_WITH_KNOTS('',2,(#9774,#9775,#9776),.UNSPECIFIED.,.F.,.F.,(3,3),(0.,1.),.PIECEWISE_BEZIER_KNOTS.);
#179=B_SPLINE_CURVE_WITH_KNOTS('',2,(#9778,#9779,#9780),.UNSPECIFIED.,.F.,.F.,(3,3),(0.,1.),.PIECEWISE_BEZIER_KNOTS.);
#180=B_SPLINE_CURVE_WITH_KNOTS('',2,(#9782,#9783,#9784),.UNSPECIFIED.,.F.,.F.,(3,3),(0.,1.),.PIECEWISE_BEZIER_KNOTS.);
#181=B_SPLINE_CURVE_WITH_KNOTS('',2,(#9786,#9787,#9788),.UNSPECIFIED.,.F.,.F.,(3,3),(0.,1.),.PIECEWISE_BEZIER_KNOTS.);
#182=B_SPLINE_CURVE_WITH_KNOTS('',2,(#9796,#9797,#9798),.UNSPECIFIED.,.F.,.F.,(3,3),(0.,1.),.PIECEWISE_BEZIER_KNOTS.);
#183=B_SPLINE_CURVE_WITH_KNOTS('',2,(#9800,#9801,#9802),.UNSPECIFIED.,.F.,.F.,(3,3),(0.,1.),.PIECEWISE_BEZIER_KNOTS.);
#184=B_SPLINE_CURVE_WITH_KNOTS('',2,(#9804,#9805,#9806),.UNSPECIFIED.,.F.,.F.,(3,3),(0.,1.),.PIECEWISE_BEZIER_KNOTS.);
#185=B_SPLINE_CURVE_WITH_KNOTS('',2,(#9814,#9815,#9816),.UNSPECIFIED.,.F.,.F.,(3,3),(0.,1.),.PIECEWISE_BEZIER_KNOTS.);
#186=B_SPLINE_CURVE_WITH_KNOTS('',2,(#9818,#9819,#9820),.UNSPECIFIED.,.F.,.F.,(3,3),(0.,1.),.PIECEWISE_BEZIER_KNOTS.);
#187=B_SPLINE_CURVE_WITH_KNOTS('',2,(#9851,#9852,#9853),.UNSPECIFIED.,.F.,.F.,(3,3),(0.,1.),.PIECEWISE_BEZIER_KNOTS.);
#188=B_SPLINE_CURVE_WITH_KNOTS('',2,(#9856,#9857,#9858),.UNSPECIFIED.,.F.,.F.,(3,3),(0.,1.),.PIECEWISE_BEZIER_KNOTS.);
#189=B_SPLINE_CURVE_WITH_KNOTS('',2,(#9860,#9861,#9862),.UNSPECIFIED.,.F.,.F.,(3,3),(0.,1.),.PIECEWISE_BEZIER_KNOTS.);
#190=B_SPLINE_CURVE_WITH_KNOTS('',2,(#9874,#9875,#9876),.UNSPECIFIED.,.F.,.F.,(3,3),(0.,1.),.PIECEWISE_BEZIER_KNOTS.);
#191=B_SPLINE_CURVE_WITH_KNOTS('',2,(#9877,#9878,#9879),.UNSPECIFIED.,.F.,.F.,(3,3),(0.,1.),.PIECEWISE_BEZIER_KNOTS.);
#192=B_SPLINE_CURVE_WITH_KNOTS('',2,(#9882,#9883,#9884),.UNSPECIFIED.,.F.,.F.,(3,3),(0.,1.),.PIECEWISE_BEZIER_KNOTS.);
#193=B_SPLINE_CURVE_WITH_KNOTS('',2,(#9886,#9887,#9888),.UNSPECIFIED.,.F.,.F.,(3,3),(0.,1.),.PIECEWISE_BEZIER_KNOTS.);
#194=B_SPLINE_CURVE_WITH_KNOTS('',2,(#9890,#9891,#9892),.UNSPECIFIED.,.F.,.F.,(3,3),(0.,1.),.PIECEWISE_BEZIER_KNOTS.);
#195=B_SPLINE_CURVE_WITH_KNOTS('',2,(#9898,#9899,#9900),.UNSPECIFIED.,.F.,.F.,(3,3),(0.,1.),.PIECEWISE_BEZIER_KNOTS.);
#196=B_SPLINE_CURVE_WITH_KNOTS('',2,(#9904,#9905,#9906),.UNSPECIFIED.,.F.,.F.,(3,3),(0.,1.),.PIECEWISE_BEZIER_KNOTS.);
#197=B_SPLINE_CURVE_WITH_KNOTS('',2,(#9910,#9911,#9912),.UNSPECIFIED.,.F.,.F.,(3,3),(0.,1.),.PIECEWISE_BEZIER_KNOTS.);
#198=B_SPLINE_CURVE_WITH_KNOTS('',2,(#9914,#9915,#9916),.UNSPECIFIED.,.F.,.F.,(3,3),(0.,1.),.PIECEWISE_BEZIER_KNOTS.);
#199=B_SPLINE_CURVE_WITH_KNOTS('',2,(#9918,#9919,#9920),.UNSPECIFIED.,.F.,.F.,(3,3),(0.,1.),.PIECEWISE_BEZIER_KNOTS.);
#200=B_SPLINE_CURVE_WITH_KNOTS('',2,(#9922,#9923,#9924),.UNSPECIFIED.,.F.,.F.,(3,3),(0.,1.),.PIECEWISE_BEZIER_KNOTS.);
#201=B_SPLINE_CURVE_WITH_KNOTS('',2,(#9926,#9927,#9928),.UNSPECIFIED.,.F.,.F.,(3,3),(0.,1.),.PIECEWISE_BEZIER_KNOTS.);
#202=B_SPLINE_CURVE_WITH_KNOTS('',2,(#9930,#9931,#9932),.UNSPECIFIED.,.F.,.F.,(3,3),(0.,1.),.PIECEWISE_BEZIER_KNOTS.);
#203=B_SPLINE_CURVE_WITH_KNOTS('',2,(#9934,#9935,#9936),.UNSPECIFIED.,.F.,.F.,(3,3),(0.,1.),.PIECEWISE_BEZIER_KNOTS.);
#204=B_SPLINE_CURVE_WITH_KNOTS('',2,(#9950,#9951,#9952),.UNSPECIFIED.,.F.,.F.,(3,3),(0.,1.),.PIECEWISE_BEZIER_KNOTS.);
#205=B_SPLINE_CURVE_WITH_KNOTS('',2,(#9954,#9955,#9956),.UNSPECIFIED.,.F.,.F.,(3,3),(0.,1.),.PIECEWISE_BEZIER_KNOTS.);
#206=B_SPLINE_CURVE_WITH_KNOTS('',2,(#9972,#9973,#9974),.UNSPECIFIED.,.F.,.F.,(3,3),(0.,1.),.PIECEWISE_BEZIER_KNOTS.);
#207=B_SPLINE_CURVE_WITH_KNOTS('',2,(#9976,#9977,#9978),.UNSPECIFIED.,.F.,.F.,(3,3),(0.,1.),.PIECEWISE_BEZIER_KNOTS.);
#208=B_SPLINE_CURVE_WITH_KNOTS('',2,(#9980,#9981,#9982),.UNSPECIFIED.,.F.,.F.,(3,3),(0.,1.),.PIECEWISE_BEZIER_KNOTS.);
#209=B_SPLINE_CURVE_WITH_KNOTS('',2,(#9988,#9989,#9990),.UNSPECIFIED.,.F.,.F.,(3,3),(0.,1.),.PIECEWISE_BEZIER_KNOTS.);
#210=B_SPLINE_CURVE_WITH_KNOTS('',2,(#9992,#9993,#9994),.UNSPECIFIED.,.F.,.F.,(3,3),(0.,1.),.PIECEWISE_BEZIER_KNOTS.);
#211=B_SPLINE_CURVE_WITH_KNOTS('',2,(#9996,#9997,#9998),.UNSPECIFIED.,.F.,.F.,(3,3),(0.,1.),.PIECEWISE_BEZIER_KNOTS.);
#212=B_SPLINE_CURVE_WITH_KNOTS('',2,(#10000,#10001,#10002),.UNSPECIFIED.,.F.,.F.,(3,3),(0.,1.),.PIECEWISE_BEZIER_KNOTS.);
#213=B_SPLINE_CURVE_WITH_KNOTS('',2,(#10070,#10071,#10072),.UNSPECIFIED.,.F.,.F.,(3,3),(0.,1.),.PIECEWISE_BEZIER_KNOTS.);
#214=B_SPLINE_CURVE_WITH_KNOTS('',2,(#10595,#10596,#10597),.UNSPECIFIED.,.F.,.F.,(3,3),(0.,1.),.PIECEWISE_BEZIER_KNOTS.);
#215=B_SPLINE_CURVE_WITH_KNOTS('',2,(#10612,#10613,#10614),.UNSPECIFIED.,.F.,.F.,(3,3),(0.,1.),.PIECEWISE_BEZIER_KNOTS.);
#216=B_SPLINE_CURVE_WITH_KNOTS('',2,(#10629,#10630,#10631),.UNSPECIFIED.,.F.,.F.,(3,3),(0.,1.),.PIECEWISE_BEZIER_KNOTS.);
#217=B_SPLINE_CURVE_WITH_KNOTS('',2,(#10642,#10643,#10644),.UNSPECIFIED.,.F.,.F.,(3,3),(0.,1.),.PIECEWISE_BEZIER_KNOTS.);
#218=B_SPLINE_CURVE_WITH_KNOTS('',2,(#10655,#10656,#10657),.UNSPECIFIED.,.F.,.F.,(3,3),(0.,1.),.PIECEWISE_BEZIER_KNOTS.);
#219=B_SPLINE_CURVE_WITH_KNOTS('',2,(#10668,#10669,#10670),.UNSPECIFIED.,.F.,.F.,(3,3),(0.,1.),.PIECEWISE_BEZIER_KNOTS.);
#220=B_SPLINE_CURVE_WITH_KNOTS('',2,(#10681,#10682,#10683),.UNSPECIFIED.,.F.,.F.,(3,3),(0.,1.),.PIECEWISE_BEZIER_KNOTS.);
#221=B_SPLINE_CURVE_WITH_KNOTS('',2,(#10706,#10707,#10708),.UNSPECIFIED.,.F.,.F.,(3,3),(0.,1.),.PIECEWISE_BEZIER_KNOTS.);
#222=B_SPLINE_CURVE_WITH_KNOTS('',2,(#10719,#10720,#10721),.UNSPECIFIED.,.F.,.F.,(3,3),(0.,1.),.PIECEWISE_BEZIER_KNOTS.);
#223=B_SPLINE_CURVE_WITH_KNOTS('',2,(#10732,#10733,#10734),.UNSPECIFIED.,.F.,.F.,(3,3),(0.,1.),.PIECEWISE_BEZIER_KNOTS.);
#224=B_SPLINE_CURVE_WITH_KNOTS('',2,(#10745,#10746,#10747),.UNSPECIFIED.,.F.,.F.,(3,3),(0.,1.),.PIECEWISE_BEZIER_KNOTS.);
#225=B_SPLINE_CURVE_WITH_KNOTS('',2,(#10770,#10771,#10772),.UNSPECIFIED.,.F.,.F.,(3,3),(0.,1.),.PIECEWISE_BEZIER_KNOTS.);
#226=B_SPLINE_CURVE_WITH_KNOTS('',2,(#10783,#10784,#10785),.UNSPECIFIED.,.F.,.F.,(3,3),(0.,1.),.PIECEWISE_BEZIER_KNOTS.);
#227=B_SPLINE_CURVE_WITH_KNOTS('',2,(#10796,#10797,#10798),.UNSPECIFIED.,.F.,.F.,(3,3),(0.,1.),.PIECEWISE_BEZIER_KNOTS.);
#228=B_SPLINE_CURVE_WITH_KNOTS('',2,(#10821,#10822,#10823),.UNSPECIFIED.,.F.,.F.,(3,3),(0.,1.),.PIECEWISE_BEZIER_KNOTS.);
#229=B_SPLINE_CURVE_WITH_KNOTS('',2,(#10834,#10835,#10836),.UNSPECIFIED.,.F.,.F.,(3,3),(0.,1.),.PIECEWISE_BEZIER_KNOTS.);
#230=B_SPLINE_CURVE_WITH_KNOTS('',2,(#10861,#10862,#10863),.UNSPECIFIED.,.F.,.F.,(3,3),(0.,1.),.PIECEWISE_BEZIER_KNOTS.);
#231=B_SPLINE_CURVE_WITH_KNOTS('',2,(#10865,#10866,#10867),.UNSPECIFIED.,.F.,.F.,(3,3),(0.,1.),.PIECEWISE_BEZIER_KNOTS.);
#232=B_SPLINE_CURVE_WITH_KNOTS('',2,(#10878,#10879,#10880),.UNSPECIFIED.,.F.,.F.,(3,3),(0.,1.),.PIECEWISE_BEZIER_KNOTS.);
#233=B_SPLINE_CURVE_WITH_KNOTS('',2,(#10882,#10883,#10884),.UNSPECIFIED.,.F.,.F.,(3,3),(0.,1.),.PIECEWISE_BEZIER_KNOTS.);
#234=B_SPLINE_CURVE_WITH_KNOTS('',2,(#10895,#10896,#10897),.UNSPECIFIED.,.F.,.F.,(3,3),(0.,1.),.PIECEWISE_BEZIER_KNOTS.);
#235=B_SPLINE_CURVE_WITH_KNOTS('',2,(#10899,#10900,#10901),.UNSPECIFIED.,.F.,.F.,(3,3),(0.,1.),.PIECEWISE_BEZIER_KNOTS.);
#236=B_SPLINE_CURVE_WITH_KNOTS('',2,(#10912,#10913,#10914),.UNSPECIFIED.,.F.,.F.,(3,3),(0.,1.),.PIECEWISE_BEZIER_KNOTS.);
#237=B_SPLINE_CURVE_WITH_KNOTS('',2,(#10916,#10917,#10918),.UNSPECIFIED.,.F.,.F.,(3,3),(0.,1.),.PIECEWISE_BEZIER_KNOTS.);
#238=B_SPLINE_CURVE_WITH_KNOTS('',2,(#10931,#10932,#10933),.UNSPECIFIED.,.F.,.F.,(3,3),(0.,1.),.PIECEWISE_BEZIER_KNOTS.);
#239=B_SPLINE_CURVE_WITH_KNOTS('',2,(#10944,#10945,#10946),.UNSPECIFIED.,.F.,.F.,(3,3),(0.,1.),.PIECEWISE_BEZIER_KNOTS.);
#240=B_SPLINE_CURVE_WITH_KNOTS('',2,(#10957,#10958,#10959),.UNSPECIFIED.,.F.,.F.,(3,3),(0.,1.),.PIECEWISE_BEZIER_KNOTS.);
#241=B_SPLINE_CURVE_WITH_KNOTS('',2,(#10990,#10991,#10992),.UNSPECIFIED.,.F.,.F.,(3,3),(0.,1.),.PIECEWISE_BEZIER_KNOTS.);
#242=B_SPLINE_CURVE_WITH_KNOTS('',2,(#11020,#11021,#11022),.UNSPECIFIED.,.F.,.F.,(3,3),(0.,1.),.PIECEWISE_BEZIER_KNOTS.);
#243=B_SPLINE_CURVE_WITH_KNOTS('',2,(#11024,#11025,#11026),.UNSPECIFIED.,.F.,.F.,(3,3),(0.,1.),.PIECEWISE_BEZIER_KNOTS.);
#244=B_SPLINE_CURVE_WITH_KNOTS('',2,(#11037,#11038,#11039),.UNSPECIFIED.,.F.,.F.,(3,3),(0.,1.),.PIECEWISE_BEZIER_KNOTS.);
#245=B_SPLINE_CURVE_WITH_KNOTS('',2,(#11041,#11042,#11043),.UNSPECIFIED.,.F.,.F.,(3,3),(0.,1.),.PIECEWISE_BEZIER_KNOTS.);
#246=B_SPLINE_CURVE_WITH_KNOTS('',2,(#11054,#11055,#11056),.UNSPECIFIED.,.F.,.F.,(3,3),(0.,1.),.PIECEWISE_BEZIER_KNOTS.);
#247=B_SPLINE_CURVE_WITH_KNOTS('',2,(#11058,#11059,#11060),.UNSPECIFIED.,.F.,.F.,(3,3),(0.,1.),.PIECEWISE_BEZIER_KNOTS.);
#248=B_SPLINE_CURVE_WITH_KNOTS('',2,(#11071,#11072,#11073),.UNSPECIFIED.,.F.,.F.,(3,3),(0.,1.),.PIECEWISE_BEZIER_KNOTS.);
#249=B_SPLINE_CURVE_WITH_KNOTS('',2,(#11075,#11076,#11077),.UNSPECIFIED.,.F.,.F.,(3,3),(0.,1.),.PIECEWISE_BEZIER_KNOTS.);
#250=B_SPLINE_CURVE_WITH_KNOTS('',2,(#11090,#11091,#11092),.UNSPECIFIED.,.F.,.F.,(3,3),(0.,1.),.PIECEWISE_BEZIER_KNOTS.);
#251=B_SPLINE_CURVE_WITH_KNOTS('',2,(#11103,#11104,#11105),.UNSPECIFIED.,.F.,.F.,(3,3),(0.,1.),.PIECEWISE_BEZIER_KNOTS.);
#252=B_SPLINE_CURVE_WITH_KNOTS('',2,(#11116,#11117,#11118),.UNSPECIFIED.,.F.,.F.,(3,3),(0.,1.),.PIECEWISE_BEZIER_KNOTS.);
#253=B_SPLINE_CURVE_WITH_KNOTS('',2,(#11149,#11150,#11151),.UNSPECIFIED.,.F.,.F.,(3,3),(0.,1.),.PIECEWISE_BEZIER_KNOTS.);
#254=B_SPLINE_CURVE_WITH_KNOTS('',2,(#11166,#11167,#11168),.UNSPECIFIED.,.F.,.F.,(3,3),(0.,1.),.PIECEWISE_BEZIER_KNOTS.);
#255=B_SPLINE_CURVE_WITH_KNOTS('',2,(#11179,#11180,#11181),.UNSPECIFIED.,.F.,.F.,(3,3),(0.,1.),.PIECEWISE_BEZIER_KNOTS.);
#256=B_SPLINE_CURVE_WITH_KNOTS('',2,(#11192,#11193,#11194),.UNSPECIFIED.,.F.,.F.,(3,3),(0.,1.),.PIECEWISE_BEZIER_KNOTS.);
#257=B_SPLINE_CURVE_WITH_KNOTS('',2,(#11205,#11206,#11207),.UNSPECIFIED.,.F.,.F.,(3,3),(0.,1.),.PIECEWISE_BEZIER_KNOTS.);
#258=B_SPLINE_CURVE_WITH_KNOTS('',2,(#11226,#11227,#11228),.UNSPECIFIED.,.F.,.F.,(3,3),(0.,1.),.PIECEWISE_BEZIER_KNOTS.);
#259=B_SPLINE_CURVE_WITH_KNOTS('',2,(#11243,#11244,#11245),.UNSPECIFIED.,.F.,.F.,(3,3),(0.,1.),.PIECEWISE_BEZIER_KNOTS.);
#260=B_SPLINE_CURVE_WITH_KNOTS('',2,(#11260,#11261,#11262),.UNSPECIFIED.,.F.,.F.,(3,3),(0.,1.),.PIECEWISE_BEZIER_KNOTS.);
#261=B_SPLINE_CURVE_WITH_KNOTS('',2,(#11273,#11274,#11275),.UNSPECIFIED.,.F.,.F.,(3,3),(0.,1.),.PIECEWISE_BEZIER_KNOTS.);
#262=B_SPLINE_CURVE_WITH_KNOTS('',2,(#11286,#11287,#11288),.UNSPECIFIED.,.F.,.F.,(3,3),(0.,1.),.PIECEWISE_BEZIER_KNOTS.);
#263=B_SPLINE_CURVE_WITH_KNOTS('',2,(#11299,#11300,#11301),.UNSPECIFIED.,.F.,.F.,(3,3),(0.,1.),.PIECEWISE_BEZIER_KNOTS.);
#264=B_SPLINE_CURVE_WITH_KNOTS('',2,(#11312,#11313,#11314),.UNSPECIFIED.,.F.,.F.,(3,3),(0.,1.),.PIECEWISE_BEZIER_KNOTS.);
#265=B_SPLINE_CURVE_WITH_KNOTS('',2,(#11325,#11326,#11327),.UNSPECIFIED.,.F.,.F.,(3,3),(0.,1.),.PIECEWISE_BEZIER_KNOTS.);
#266=B_SPLINE_CURVE_WITH_KNOTS('',2,(#11338,#11339,#11340),.UNSPECIFIED.,.F.,.F.,(3,3),(0.,1.),.PIECEWISE_BEZIER_KNOTS.);
#267=B_SPLINE_CURVE_WITH_KNOTS('',2,(#11360,#11361,#11362),.UNSPECIFIED.,.F.,.F.,(3,3),(0.,1.),.PIECEWISE_BEZIER_KNOTS.);
#268=B_SPLINE_CURVE_WITH_KNOTS('',2,(#11364,#11365,#11366),.UNSPECIFIED.,.F.,.F.,(3,3),(0.,1.),.PIECEWISE_BEZIER_KNOTS.);
#269=B_SPLINE_CURVE_WITH_KNOTS('',2,(#11377,#11378,#11379),.UNSPECIFIED.,.F.,.F.,(3,3),(0.,1.),.PIECEWISE_BEZIER_KNOTS.);
#270=B_SPLINE_CURVE_WITH_KNOTS('',2,(#11381,#11382,#11383),.UNSPECIFIED.,.F.,.F.,(3,3),(0.,1.),.PIECEWISE_BEZIER_KNOTS.);
#271=B_SPLINE_CURVE_WITH_KNOTS('',2,(#11394,#11395,#11396),.UNSPECIFIED.,.F.,.F.,(3,3),(0.,1.),.PIECEWISE_BEZIER_KNOTS.);
#272=B_SPLINE_CURVE_WITH_KNOTS('',2,(#11398,#11399,#11400),.UNSPECIFIED.,.F.,.F.,(3,3),(0.,1.),.PIECEWISE_BEZIER_KNOTS.);
#273=B_SPLINE_CURVE_WITH_KNOTS('',2,(#11411,#11412,#11413),.UNSPECIFIED.,.F.,.F.,(3,3),(0.,1.),.PIECEWISE_BEZIER_KNOTS.);
#274=B_SPLINE_CURVE_WITH_KNOTS('',2,(#11415,#11416,#11417),.UNSPECIFIED.,.F.,.F.,(3,3),(0.,1.),.PIECEWISE_BEZIER_KNOTS.);
#275=B_SPLINE_CURVE_WITH_KNOTS('',2,(#11434,#11435,#11436),.UNSPECIFIED.,.F.,.F.,(3,3),(0.,1.),.PIECEWISE_BEZIER_KNOTS.);
#276=B_SPLINE_CURVE_WITH_KNOTS('',2,(#11438,#11439,#11440),.UNSPECIFIED.,.F.,.F.,(3,3),(0.,1.),.PIECEWISE_BEZIER_KNOTS.);
#277=B_SPLINE_CURVE_WITH_KNOTS('',2,(#11451,#11452,#11453),.UNSPECIFIED.,.F.,.F.,(3,3),(0.,1.),.PIECEWISE_BEZIER_KNOTS.);
#278=B_SPLINE_CURVE_WITH_KNOTS('',2,(#11454,#11455,#11456),.UNSPECIFIED.,.F.,.F.,(3,3),(0.,1.),.PIECEWISE_BEZIER_KNOTS.);
#279=B_SPLINE_CURVE_WITH_KNOTS('',2,(#11520,#11521,#11522),.UNSPECIFIED.,.F.,.F.,(3,3),(0.,1.),.PIECEWISE_BEZIER_KNOTS.);
#280=B_SPLINE_CURVE_WITH_KNOTS('',2,(#11523,#11524,#11525),.UNSPECIFIED.,.F.,.F.,(3,3),(0.,1.),.PIECEWISE_BEZIER_KNOTS.);
#281=B_SPLINE_CURVE_WITH_KNOTS('',2,(#11553,#11554,#11555),.UNSPECIFIED.,.F.,.F.,(3,3),(0.,1.),.PIECEWISE_BEZIER_KNOTS.);
#282=B_SPLINE_CURVE_WITH_KNOTS('',2,(#11557,#11558,#11559),.UNSPECIFIED.,.F.,.F.,(3,3),(0.,1.),.PIECEWISE_BEZIER_KNOTS.);
#283=B_SPLINE_CURVE_WITH_KNOTS('',2,(#11570,#11571,#11572),.UNSPECIFIED.,.F.,.F.,(3,3),(0.,1.),.PIECEWISE_BEZIER_KNOTS.);
#284=B_SPLINE_CURVE_WITH_KNOTS('',2,(#11574,#11575,#11576),.UNSPECIFIED.,.F.,.F.,(3,3),(0.,1.),.PIECEWISE_BEZIER_KNOTS.);
#285=B_SPLINE_CURVE_WITH_KNOTS('',2,(#11587,#11588,#11589),.UNSPECIFIED.,.F.,.F.,(3,3),(0.,1.),.PIECEWISE_BEZIER_KNOTS.);
#286=B_SPLINE_CURVE_WITH_KNOTS('',2,(#11591,#11592,#11593),.UNSPECIFIED.,.F.,.F.,(3,3),(0.,1.),.PIECEWISE_BEZIER_KNOTS.);
#287=B_SPLINE_CURVE_WITH_KNOTS('',2,(#11604,#11605,#11606),.UNSPECIFIED.,.F.,.F.,(3,3),(0.,1.),.PIECEWISE_BEZIER_KNOTS.);
#288=B_SPLINE_CURVE_WITH_KNOTS('',2,(#11608,#11609,#11610),.UNSPECIFIED.,.F.,.F.,(3,3),(0.,1.),.PIECEWISE_BEZIER_KNOTS.);
#289=B_SPLINE_CURVE_WITH_KNOTS('',2,(#11643,#11644,#11645),.UNSPECIFIED.,.F.,.F.,(3,3),(0.,1.),.PIECEWISE_BEZIER_KNOTS.);
#290=B_SPLINE_CURVE_WITH_KNOTS('',2,(#11656,#11657,#11658),.UNSPECIFIED.,.F.,.F.,(3,3),(0.,1.),.PIECEWISE_BEZIER_KNOTS.);
#291=B_SPLINE_CURVE_WITH_KNOTS('',2,(#11693,#11694,#11695),.UNSPECIFIED.,.F.,.F.,(3,3),(0.,1.),.PIECEWISE_BEZIER_KNOTS.);
#292=B_SPLINE_CURVE_WITH_KNOTS('',2,(#11706,#11707,#11708),.UNSPECIFIED.,.F.,.F.,(3,3),(0.,1.),.PIECEWISE_BEZIER_KNOTS.);
#293=B_SPLINE_CURVE_WITH_KNOTS('',2,(#11719,#11720,#11721),.UNSPECIFIED.,.F.,.F.,(3,3),(0.,1.),.PIECEWISE_BEZIER_KNOTS.);
#294=B_SPLINE_CURVE_WITH_KNOTS('',2,(#11732,#11733,#11734),.UNSPECIFIED.,.F.,.F.,(3,3),(0.,1.),.PIECEWISE_BEZIER_KNOTS.);
#295=B_SPLINE_CURVE_WITH_KNOTS('',2,(#11745,#11746,#11747),.UNSPECIFIED.,.F.,.F.,(3,3),(0.,1.),.PIECEWISE_BEZIER_KNOTS.);
#296=B_SPLINE_CURVE_WITH_KNOTS('',2,(#11758,#11759,#11760),.UNSPECIFIED.,.F.,.F.,(3,3),(0.,1.),.PIECEWISE_BEZIER_KNOTS.);
#297=B_SPLINE_CURVE_WITH_KNOTS('',2,(#11771,#11772,#11773),.UNSPECIFIED.,.F.,.F.,(3,3),(0.,1.),.PIECEWISE_BEZIER_KNOTS.);
#298=B_SPLINE_CURVE_WITH_KNOTS('',2,(#11784,#11785,#11786),.UNSPECIFIED.,.F.,.F.,(3,3),(0.,1.),.PIECEWISE_BEZIER_KNOTS.);
#299=B_SPLINE_CURVE_WITH_KNOTS('',2,(#11791,#11792,#11793),.UNSPECIFIED.,.F.,.F.,(3,3),(0.,1.),.PIECEWISE_BEZIER_KNOTS.);
#300=B_SPLINE_CURVE_WITH_KNOTS('',2,(#11804,#11805,#11806),.UNSPECIFIED.,.F.,.F.,(3,3),(0.,1.),.PIECEWISE_BEZIER_KNOTS.);
#301=B_SPLINE_CURVE_WITH_KNOTS('',2,(#11808,#11809,#11810),.UNSPECIFIED.,.F.,.F.,(3,3),(0.,1.),.PIECEWISE_BEZIER_KNOTS.);
#302=B_SPLINE_CURVE_WITH_KNOTS('',2,(#11821,#11822,#11823),.UNSPECIFIED.,.F.,.F.,(3,3),(0.,1.),.PIECEWISE_BEZIER_KNOTS.);
#303=B_SPLINE_CURVE_WITH_KNOTS('',2,(#11825,#11826,#11827),.UNSPECIFIED.,.F.,.F.,(3,3),(0.,1.),.PIECEWISE_BEZIER_KNOTS.);
#304=B_SPLINE_CURVE_WITH_KNOTS('',2,(#11838,#11839,#11840),.UNSPECIFIED.,.F.,.F.,(3,3),(0.,1.),.PIECEWISE_BEZIER_KNOTS.);
#305=B_SPLINE_CURVE_WITH_KNOTS('',2,(#11842,#11843,#11844),.UNSPECIFIED.,.F.,.F.,(3,3),(0.,1.),.PIECEWISE_BEZIER_KNOTS.);
#306=B_SPLINE_CURVE_WITH_KNOTS('',2,(#11855,#11856,#11857),.UNSPECIFIED.,.F.,.F.,(3,3),(0.,1.),.PIECEWISE_BEZIER_KNOTS.);
#307=B_SPLINE_CURVE_WITH_KNOTS('',2,(#11859,#11860,#11861),.UNSPECIFIED.,.F.,.F.,(3,3),(0.,1.),.PIECEWISE_BEZIER_KNOTS.);
#308=B_SPLINE_CURVE_WITH_KNOTS('',2,(#11872,#11873,#11874),.UNSPECIFIED.,.F.,.F.,(3,3),(0.,1.),.PIECEWISE_BEZIER_KNOTS.);
#309=B_SPLINE_CURVE_WITH_KNOTS('',2,(#11875,#11876,#11877),.UNSPECIFIED.,.F.,.F.,(3,3),(0.,1.),.PIECEWISE_BEZIER_KNOTS.);
#310=B_SPLINE_CURVE_WITH_KNOTS('',2,(#11886,#11887,#11888),.UNSPECIFIED.,.F.,.F.,(3,3),(0.,1.),.PIECEWISE_BEZIER_KNOTS.);
#311=B_SPLINE_CURVE_WITH_KNOTS('',2,(#11909,#11910,#11911),.UNSPECIFIED.,.F.,.F.,(3,3),(0.,1.),.PIECEWISE_BEZIER_KNOTS.);
#312=B_SPLINE_CURVE_WITH_KNOTS('',2,(#11922,#11923,#11924),.UNSPECIFIED.,.F.,.F.,(3,3),(0.,1.),.PIECEWISE_BEZIER_KNOTS.);
#313=B_SPLINE_CURVE_WITH_KNOTS('',2,(#11935,#11936,#11937),.UNSPECIFIED.,.F.,.F.,(3,3),(0.,1.),.PIECEWISE_BEZIER_KNOTS.);
#314=B_SPLINE_CURVE_WITH_KNOTS('',2,(#11956,#11957,#11958),.UNSPECIFIED.,.F.,.F.,(3,3),(0.,1.),.PIECEWISE_BEZIER_KNOTS.);
#315=B_SPLINE_CURVE_WITH_KNOTS('',2,(#11969,#11970,#11971),.UNSPECIFIED.,.F.,.F.,(3,3),(0.,1.),.PIECEWISE_BEZIER_KNOTS.);
#316=B_SPLINE_CURVE_WITH_KNOTS('',2,(#11982,#11983,#11984),.UNSPECIFIED.,.F.,.F.,(3,3),(0.,1.),.PIECEWISE_BEZIER_KNOTS.);
#317=B_SPLINE_CURVE_WITH_KNOTS('',2,(#11995,#11996,#11997),.UNSPECIFIED.,.F.,.F.,(3,3),(0.,1.),.PIECEWISE_BEZIER_KNOTS.);
#318=B_SPLINE_CURVE_WITH_KNOTS('',2,(#12029,#12030,#12031),.UNSPECIFIED.,.F.,.F.,(3,3),(0.,1.),.PIECEWISE_BEZIER_KNOTS.);
#319=B_SPLINE_CURVE_WITH_KNOTS('',2,(#12033,#12034,#12035),.UNSPECIFIED.,.F.,.F.,(3,3),(0.,1.),.PIECEWISE_BEZIER_KNOTS.);
#320=B_SPLINE_CURVE_WITH_KNOTS('',2,(#12046,#12047,#12048),.UNSPECIFIED.,.F.,.F.,(3,3),(0.,1.),.PIECEWISE_BEZIER_KNOTS.);
#321=B_SPLINE_CURVE_WITH_KNOTS('',2,(#12050,#12051,#12052),.UNSPECIFIED.,.F.,.F.,(3,3),(0.,1.),.PIECEWISE_BEZIER_KNOTS.);
#322=B_SPLINE_CURVE_WITH_KNOTS('',2,(#12078,#12079,#12080),.UNSPECIFIED.,.F.,.F.,(3,3),(0.,1.),.PIECEWISE_BEZIER_KNOTS.);
#323=B_SPLINE_CURVE_WITH_KNOTS('',2,(#12082,#12083,#12084),.UNSPECIFIED.,.F.,.F.,(3,3),(0.,1.),.PIECEWISE_BEZIER_KNOTS.);
#324=B_SPLINE_CURVE_WITH_KNOTS('',2,(#12095,#12096,#12097),.UNSPECIFIED.,.F.,.F.,(3,3),(0.,1.),.PIECEWISE_BEZIER_KNOTS.);
#325=B_SPLINE_CURVE_WITH_KNOTS('',2,(#12099,#12100,#12101),.UNSPECIFIED.,.F.,.F.,(3,3),(0.,1.),.PIECEWISE_BEZIER_KNOTS.);
#326=B_SPLINE_CURVE_WITH_KNOTS('',2,(#12112,#12113,#12114),.UNSPECIFIED.,.F.,.F.,(3,3),(0.,1.),.PIECEWISE_BEZIER_KNOTS.);
#327=B_SPLINE_CURVE_WITH_KNOTS('',2,(#12116,#12117,#12118),.UNSPECIFIED.,.F.,.F.,(3,3),(0.,1.),.PIECEWISE_BEZIER_KNOTS.);
#328=B_SPLINE_CURVE_WITH_KNOTS('',2,(#12129,#12130,#12131),.UNSPECIFIED.,.F.,.F.,(3,3),(0.,1.),.PIECEWISE_BEZIER_KNOTS.);
#329=B_SPLINE_CURVE_WITH_KNOTS('',2,(#12133,#12134,#12135),.UNSPECIFIED.,.F.,.F.,(3,3),(0.,1.),.PIECEWISE_BEZIER_KNOTS.);
#330=B_SPLINE_CURVE_WITH_KNOTS('',2,(#12146,#12147,#12148),.UNSPECIFIED.,.F.,.F.,(3,3),(0.,1.),.PIECEWISE_BEZIER_KNOTS.);
#331=B_SPLINE_CURVE_WITH_KNOTS('',2,(#12149,#12150,#12151),.UNSPECIFIED.,.F.,.F.,(3,3),(0.,1.),.PIECEWISE_BEZIER_KNOTS.);
#332=B_SPLINE_CURVE_WITH_KNOTS('',2,(#12477,#12478,#12479),.UNSPECIFIED.,.F.,.F.,(3,3),(0.,1.),.PIECEWISE_BEZIER_KNOTS.);
#333=CIRCLE('',#7474,0.0154304969709514);
#334=CIRCLE('',#7475,0.0187701747967675);
#335=CIRCLE('',#7476,0.00067430240432649);
#336=CIRCLE('',#7477,0.00187699332187625);
#337=CIRCLE('',#7478,0.00154389226694449);
#338=CIRCLE('',#7479,0.000936281727491752);
#339=CIRCLE('',#7480,0.00142040268053899);
#340=CIRCLE('',#7481,0.002);
#341=CIRCLE('',#7482,0.002);
#342=CIRCLE('',#7483,0.002);
#343=CIRCLE('',#7484,0.002);
#344=CIRCLE('',#7485,0.0035);
#345=CIRCLE('',#7486,0.00143574503568786);
#346=CIRCLE('',#7487,0.000631285944727053);
#347=CIRCLE('',#7488,0.000957609444797644);
#348=CIRCLE('',#7489,0.000761343760542309);
#349=CIRCLE('',#7490,0.000921209937756028);
#350=CIRCLE('',#7491,0.140663837606413);
#351=CIRCLE('',#7492,0.000480541359726754);
#352=CIRCLE('',#7493,0.00739585119611283);
#353=CIRCLE('',#7494,0.00397800108436567);
#354=CIRCLE('',#7496,0.00425);
#355=CIRCLE('',#7497,0.0035);
#356=CIRCLE('',#7498,0.004);
#357=CIRCLE('',#7499,0.004);
#358=CIRCLE('',#7502,0.00137500007511163);
#359=CIRCLE('',#7503,0.00137500007511163);
#360=CIRCLE('',#7510,0.001825);
#361=CIRCLE('',#7511,0.001825);
#362=CIRCLE('',#7512,0.001825);
#363=CIRCLE('',#7513,0.001825);
#364=CIRCLE('',#7514,0.004);
#365=CIRCLE('',#7515,0.004);
#366=CIRCLE('',#7516,0.004);
#367=CIRCLE('',#7517,0.004);
#368=CIRCLE('',#7518,0.004);
#369=CIRCLE('',#7519,0.004);
#370=CIRCLE('',#7520,0.004);
#371=CIRCLE('',#7521,0.004);
#372=CIRCLE('',#7532,0.004);
#373=CIRCLE('',#7534,0.004);
#374=CIRCLE('',#7536,0.004);
#375=CIRCLE('',#7538,0.004);
#376=CIRCLE('',#7540,0.004);
#377=CIRCLE('',#7542,0.001825);
#378=CIRCLE('',#7544,0.004);
#379=CIRCLE('',#7546,0.001825);
#380=CIRCLE('',#7548,0.00425);
#381=CIRCLE('',#7550,0.001825);
#382=CIRCLE('',#7563,0.00137500007511163);
#383=CIRCLE('',#7564,0.00137500007511163);
#384=CIRCLE('',#7582,0.002);
#385=CIRCLE('',#7583,0.002);
#386=CIRCLE('',#7585,0.002);
#387=CIRCLE('',#7587,0.002);
#388=CIRCLE('',#7589,0.002);
#389=CIRCLE('',#7591,0.002);
#390=CIRCLE('',#7593,0.002);
#391=CIRCLE('',#7595,0.002);
#392=CIRCLE('',#7601,0.001825);
#393=CIRCLE('',#7604,0.001825);
#394=CIRCLE('',#7607,0.001825);
#395=CIRCLE('',#7610,0.00067430240432649);
#396=CIRCLE('',#7614,0.00187699332187625);
#397=CIRCLE('',#7616,0.00154389226694449);
#398=CIRCLE('',#7621,0.000936281727491752);
#399=CIRCLE('',#7623,0.00142040268053899);
#400=CIRCLE('',#7646,0.00143574503568786);
#401=CIRCLE('',#7648,0.000631285944727053);
#402=CIRCLE('',#7651,0.00037653184104051);
#403=CIRCLE('',#7652,0.00037653184104051);
#404=CIRCLE('',#7654,0.000450220025818105);
#405=CIRCLE('',#7655,0.000450220025818105);
#406=CIRCLE('',#7657,0.000957609444797644);
#407=CIRCLE('',#7670,0.00308629222821171);
#408=CIRCLE('',#7671,0.00308629222821171);
#409=CIRCLE('',#7683,0.000761343760542309);
#410=CIRCLE('',#7685,0.000921209937756028);
#411=CIRCLE('',#7687,0.140663837606413);
#412=CIRCLE('',#7697,0.000480541359726754);
#413=CIRCLE('',#7731,0.0154304969709514);
#414=CIRCLE('',#7739,0.0187701747967675);
#415=CIRCLE('',#7792,0.00739585119611283);
#416=CIRCLE('',#7794,0.00397800108436567);
#417=CIRCLE('',#7802,0.004);
#418=CIRCLE('',#7804,0.001825);
#419=CIRCLE('',#7806,0.004);
#420=CIRCLE('',#7808,0.001825);
#421=CIRCLE('',#7810,0.004);
#422=CIRCLE('',#7812,0.001825);
#423=CIRCLE('',#7814,0.004);
#424=CIRCLE('',#7816,0.001825);
#425=CIRCLE('',#7818,0.001825);
#426=CIRCLE('',#7821,0.001825);
#427=CIRCLE('',#7824,0.001825);
#428=CIRCLE('',#7827,0.001825);
#429=CIRCLE('',#7833,0.0022);
#430=CIRCLE('',#7834,0.001);
#431=CIRCLE('',#7837,0.001);
#432=CIRCLE('',#7838,0.0022);
#433=CIRCLE('',#7841,0.001);
#434=CIRCLE('',#7844,0.001);
#435=CIRCLE('',#7847,0.0022);
#436=CIRCLE('',#7850,0.0022);
#437=CIRCLE('',#7854,0.0022);
#438=CIRCLE('',#7855,0.001);
#439=CIRCLE('',#7858,0.001);
#440=CIRCLE('',#7859,0.0022);
#441=CIRCLE('',#7862,0.0022);
#442=CIRCLE('',#7863,0.001);
#443=CIRCLE('',#7866,0.001);
#444=CIRCLE('',#7867,0.0022);
#445=CIRCLE('',#7870,0.0022);
#446=CIRCLE('',#7871,0.001);
#447=CIRCLE('',#7874,0.001);
#448=CIRCLE('',#7875,0.0022);
#449=CIRCLE('',#7878,0.0022);
#450=CIRCLE('',#7879,0.001);
#451=CIRCLE('',#7882,0.001);
#452=CIRCLE('',#7883,0.0022);
#453=ORIENTED_EDGE('',*,*,#2585,.F.);
#454=ORIENTED_EDGE('',*,*,#2586,.T.);
#455=ORIENTED_EDGE('',*,*,#2587,.T.);
#456=ORIENTED_EDGE('',*,*,#2588,.F.);
#457=ORIENTED_EDGE('',*,*,#2589,.F.);
#458=ORIENTED_EDGE('',*,*,#2590,.F.);
#459=ORIENTED_EDGE('',*,*,#2591,.F.);
#460=ORIENTED_EDGE('',*,*,#2592,.T.);
#461=ORIENTED_EDGE('',*,*,#2593,.T.);
#462=ORIENTED_EDGE('',*,*,#2594,.T.);
#463=ORIENTED_EDGE('',*,*,#2595,.T.);
#464=ORIENTED_EDGE('',*,*,#2596,.F.);
#465=ORIENTED_EDGE('',*,*,#2597,.T.);
#466=ORIENTED_EDGE('',*,*,#2598,.T.);
#467=ORIENTED_EDGE('',*,*,#2599,.T.);
#468=ORIENTED_EDGE('',*,*,#2600,.F.);
#469=ORIENTED_EDGE('',*,*,#2601,.T.);
#470=ORIENTED_EDGE('',*,*,#2602,.T.);
#471=ORIENTED_EDGE('',*,*,#2603,.F.);
#472=ORIENTED_EDGE('',*,*,#2604,.F.);
#473=ORIENTED_EDGE('',*,*,#2605,.T.);
#474=ORIENTED_EDGE('',*,*,#2606,.T.);
#475=ORIENTED_EDGE('',*,*,#2607,.T.);
#476=ORIENTED_EDGE('',*,*,#2608,.F.);
#477=ORIENTED_EDGE('',*,*,#2609,.T.);
#478=ORIENTED_EDGE('',*,*,#2610,.T.);
#479=ORIENTED_EDGE('',*,*,#2611,.T.);
#480=ORIENTED_EDGE('',*,*,#2612,.T.);
#481=ORIENTED_EDGE('',*,*,#2613,.T.);
#482=ORIENTED_EDGE('',*,*,#2614,.T.);
#483=ORIENTED_EDGE('',*,*,#2615,.T.);
#484=ORIENTED_EDGE('',*,*,#2616,.T.);
#485=ORIENTED_EDGE('',*,*,#2617,.T.);
#486=ORIENTED_EDGE('',*,*,#2618,.T.);
#487=ORIENTED_EDGE('',*,*,#2619,.T.);
#488=ORIENTED_EDGE('',*,*,#2620,.T.);
#489=ORIENTED_EDGE('',*,*,#2621,.T.);
#490=ORIENTED_EDGE('',*,*,#2622,.T.);
#491=ORIENTED_EDGE('',*,*,#2623,.T.);
#492=ORIENTED_EDGE('',*,*,#2624,.T.);
#493=ORIENTED_EDGE('',*,*,#2625,.T.);
#494=ORIENTED_EDGE('',*,*,#2626,.T.);
#495=ORIENTED_EDGE('',*,*,#2627,.T.);
#496=ORIENTED_EDGE('',*,*,#2628,.T.);
#497=ORIENTED_EDGE('',*,*,#2629,.T.);
#498=ORIENTED_EDGE('',*,*,#2630,.T.);
#499=ORIENTED_EDGE('',*,*,#2631,.T.);
#500=ORIENTED_EDGE('',*,*,#2632,.T.);
#501=ORIENTED_EDGE('',*,*,#2633,.T.);
#502=ORIENTED_EDGE('',*,*,#2634,.T.);
#503=ORIENTED_EDGE('',*,*,#2635,.T.);
#504=ORIENTED_EDGE('',*,*,#2636,.T.);
#505=ORIENTED_EDGE('',*,*,#2637,.T.);
#506=ORIENTED_EDGE('',*,*,#2638,.T.);
#507=ORIENTED_EDGE('',*,*,#2639,.T.);
#508=ORIENTED_EDGE('',*,*,#2640,.T.);
#509=ORIENTED_EDGE('',*,*,#2641,.T.);
#510=ORIENTED_EDGE('',*,*,#2642,.T.);
#511=ORIENTED_EDGE('',*,*,#2643,.T.);
#512=ORIENTED_EDGE('',*,*,#2644,.T.);
#513=ORIENTED_EDGE('',*,*,#2645,.T.);
#514=ORIENTED_EDGE('',*,*,#2646,.T.);
#515=ORIENTED_EDGE('',*,*,#2647,.T.);
#516=ORIENTED_EDGE('',*,*,#2648,.T.);
#517=ORIENTED_EDGE('',*,*,#2649,.T.);
#518=ORIENTED_EDGE('',*,*,#2650,.T.);
#519=ORIENTED_EDGE('',*,*,#2651,.T.);
#520=ORIENTED_EDGE('',*,*,#2652,.T.);
#521=ORIENTED_EDGE('',*,*,#2653,.T.);
#522=ORIENTED_EDGE('',*,*,#2654,.T.);
#523=ORIENTED_EDGE('',*,*,#2655,.T.);
#524=ORIENTED_EDGE('',*,*,#2656,.T.);
#525=ORIENTED_EDGE('',*,*,#2657,.T.);
#526=ORIENTED_EDGE('',*,*,#2658,.T.);
#527=ORIENTED_EDGE('',*,*,#2659,.T.);
#528=ORIENTED_EDGE('',*,*,#2660,.T.);
#529=ORIENTED_EDGE('',*,*,#2661,.T.);
#530=ORIENTED_EDGE('',*,*,#2662,.T.);
#531=ORIENTED_EDGE('',*,*,#2663,.T.);
#532=ORIENTED_EDGE('',*,*,#2664,.T.);
#533=ORIENTED_EDGE('',*,*,#2665,.T.);
#534=ORIENTED_EDGE('',*,*,#2666,.T.);
#535=ORIENTED_EDGE('',*,*,#2667,.T.);
#536=ORIENTED_EDGE('',*,*,#2668,.T.);
#537=ORIENTED_EDGE('',*,*,#2669,.T.);
#538=ORIENTED_EDGE('',*,*,#2670,.T.);
#539=ORIENTED_EDGE('',*,*,#2671,.T.);
#540=ORIENTED_EDGE('',*,*,#2672,.T.);
#541=ORIENTED_EDGE('',*,*,#2673,.T.);
#542=ORIENTED_EDGE('',*,*,#2674,.T.);
#543=ORIENTED_EDGE('',*,*,#2675,.T.);
#544=ORIENTED_EDGE('',*,*,#2676,.T.);
#545=ORIENTED_EDGE('',*,*,#2677,.T.);
#546=ORIENTED_EDGE('',*,*,#2678,.T.);
#547=ORIENTED_EDGE('',*,*,#2679,.T.);
#548=ORIENTED_EDGE('',*,*,#2680,.T.);
#549=ORIENTED_EDGE('',*,*,#2681,.T.);
#550=ORIENTED_EDGE('',*,*,#2682,.T.);
#551=ORIENTED_EDGE('',*,*,#2683,.T.);
#552=ORIENTED_EDGE('',*,*,#2684,.T.);
#553=ORIENTED_EDGE('',*,*,#2685,.T.);
#554=ORIENTED_EDGE('',*,*,#2686,.T.);
#555=ORIENTED_EDGE('',*,*,#2687,.T.);
#556=ORIENTED_EDGE('',*,*,#2688,.T.);
#557=ORIENTED_EDGE('',*,*,#2689,.T.);
#558=ORIENTED_EDGE('',*,*,#2690,.T.);
#559=ORIENTED_EDGE('',*,*,#2691,.T.);
#560=ORIENTED_EDGE('',*,*,#2692,.T.);
#561=ORIENTED_EDGE('',*,*,#2693,.T.);
#562=ORIENTED_EDGE('',*,*,#2694,.T.);
#563=ORIENTED_EDGE('',*,*,#2695,.T.);
#564=ORIENTED_EDGE('',*,*,#2696,.T.);
#565=ORIENTED_EDGE('',*,*,#2697,.T.);
#566=ORIENTED_EDGE('',*,*,#2698,.T.);
#567=ORIENTED_EDGE('',*,*,#2699,.T.);
#568=ORIENTED_EDGE('',*,*,#2700,.T.);
#569=ORIENTED_EDGE('',*,*,#2701,.T.);
#570=ORIENTED_EDGE('',*,*,#2702,.T.);
#571=ORIENTED_EDGE('',*,*,#2703,.T.);
#572=ORIENTED_EDGE('',*,*,#2704,.T.);
#573=ORIENTED_EDGE('',*,*,#2705,.T.);
#574=ORIENTED_EDGE('',*,*,#2706,.T.);
#575=ORIENTED_EDGE('',*,*,#2707,.T.);
#576=ORIENTED_EDGE('',*,*,#2708,.T.);
#577=ORIENTED_EDGE('',*,*,#2709,.T.);
#578=ORIENTED_EDGE('',*,*,#2710,.T.);
#579=ORIENTED_EDGE('',*,*,#2711,.T.);
#580=ORIENTED_EDGE('',*,*,#2712,.F.);
#581=ORIENTED_EDGE('',*,*,#2713,.T.);
#582=ORIENTED_EDGE('',*,*,#2714,.T.);
#583=ORIENTED_EDGE('',*,*,#2715,.F.);
#584=ORIENTED_EDGE('',*,*,#2716,.F.);
#585=ORIENTED_EDGE('',*,*,#2717,.F.);
#586=ORIENTED_EDGE('',*,*,#2718,.F.);
#587=ORIENTED_EDGE('',*,*,#2719,.T.);
#588=ORIENTED_EDGE('',*,*,#2720,.T.);
#589=ORIENTED_EDGE('',*,*,#2721,.T.);
#590=ORIENTED_EDGE('',*,*,#2722,.T.);
#591=ORIENTED_EDGE('',*,*,#2723,.T.);
#592=ORIENTED_EDGE('',*,*,#2724,.T.);
#593=ORIENTED_EDGE('',*,*,#2725,.T.);
#594=ORIENTED_EDGE('',*,*,#2726,.T.);
#595=ORIENTED_EDGE('',*,*,#2727,.T.);
#596=ORIENTED_EDGE('',*,*,#2728,.T.);
#597=ORIENTED_EDGE('',*,*,#2729,.T.);
#598=ORIENTED_EDGE('',*,*,#2730,.T.);
#599=ORIENTED_EDGE('',*,*,#2731,.T.);
#600=ORIENTED_EDGE('',*,*,#2732,.T.);
#601=ORIENTED_EDGE('',*,*,#2733,.T.);
#602=ORIENTED_EDGE('',*,*,#2734,.T.);
#603=ORIENTED_EDGE('',*,*,#2735,.T.);
#604=ORIENTED_EDGE('',*,*,#2736,.T.);
#605=ORIENTED_EDGE('',*,*,#2737,.T.);
#606=ORIENTED_EDGE('',*,*,#2738,.T.);
#607=ORIENTED_EDGE('',*,*,#2739,.T.);
#608=ORIENTED_EDGE('',*,*,#2740,.T.);
#609=ORIENTED_EDGE('',*,*,#2741,.T.);
#610=ORIENTED_EDGE('',*,*,#2742,.T.);
#611=ORIENTED_EDGE('',*,*,#2743,.T.);
#612=ORIENTED_EDGE('',*,*,#2744,.T.);
#613=ORIENTED_EDGE('',*,*,#2745,.T.);
#614=ORIENTED_EDGE('',*,*,#2746,.T.);
#615=ORIENTED_EDGE('',*,*,#2747,.T.);
#616=ORIENTED_EDGE('',*,*,#2748,.T.);
#617=ORIENTED_EDGE('',*,*,#2749,.T.);
#618=ORIENTED_EDGE('',*,*,#2750,.T.);
#619=ORIENTED_EDGE('',*,*,#2751,.T.);
#620=ORIENTED_EDGE('',*,*,#2752,.T.);
#621=ORIENTED_EDGE('',*,*,#2753,.T.);
#622=ORIENTED_EDGE('',*,*,#2754,.T.);
#623=ORIENTED_EDGE('',*,*,#2755,.T.);
#624=ORIENTED_EDGE('',*,*,#2756,.T.);
#625=ORIENTED_EDGE('',*,*,#2757,.T.);
#626=ORIENTED_EDGE('',*,*,#2758,.T.);
#627=ORIENTED_EDGE('',*,*,#2759,.T.);
#628=ORIENTED_EDGE('',*,*,#2760,.T.);
#629=ORIENTED_EDGE('',*,*,#2761,.T.);
#630=ORIENTED_EDGE('',*,*,#2762,.T.);
#631=ORIENTED_EDGE('',*,*,#2763,.T.);
#632=ORIENTED_EDGE('',*,*,#2764,.T.);
#633=ORIENTED_EDGE('',*,*,#2765,.T.);
#634=ORIENTED_EDGE('',*,*,#2766,.T.);
#635=ORIENTED_EDGE('',*,*,#2767,.T.);
#636=ORIENTED_EDGE('',*,*,#2768,.T.);
#637=ORIENTED_EDGE('',*,*,#2769,.T.);
#638=ORIENTED_EDGE('',*,*,#2770,.T.);
#639=ORIENTED_EDGE('',*,*,#2771,.T.);
#640=ORIENTED_EDGE('',*,*,#2772,.T.);
#641=ORIENTED_EDGE('',*,*,#2773,.T.);
#642=ORIENTED_EDGE('',*,*,#2774,.T.);
#643=ORIENTED_EDGE('',*,*,#2775,.T.);
#644=ORIENTED_EDGE('',*,*,#2776,.T.);
#645=ORIENTED_EDGE('',*,*,#2777,.T.);
#646=ORIENTED_EDGE('',*,*,#2778,.T.);
#647=ORIENTED_EDGE('',*,*,#2779,.T.);
#648=ORIENTED_EDGE('',*,*,#2780,.T.);
#649=ORIENTED_EDGE('',*,*,#2781,.T.);
#650=ORIENTED_EDGE('',*,*,#2782,.T.);
#651=ORIENTED_EDGE('',*,*,#2783,.T.);
#652=ORIENTED_EDGE('',*,*,#2784,.T.);
#653=ORIENTED_EDGE('',*,*,#2785,.T.);
#654=ORIENTED_EDGE('',*,*,#2786,.T.);
#655=ORIENTED_EDGE('',*,*,#2787,.T.);
#656=ORIENTED_EDGE('',*,*,#2788,.T.);
#657=ORIENTED_EDGE('',*,*,#2789,.T.);
#658=ORIENTED_EDGE('',*,*,#2790,.T.);
#659=ORIENTED_EDGE('',*,*,#2791,.T.);
#660=ORIENTED_EDGE('',*,*,#2792,.T.);
#661=ORIENTED_EDGE('',*,*,#2793,.T.);
#662=ORIENTED_EDGE('',*,*,#2794,.T.);
#663=ORIENTED_EDGE('',*,*,#2795,.T.);
#664=ORIENTED_EDGE('',*,*,#2796,.T.);
#665=ORIENTED_EDGE('',*,*,#2797,.T.);
#666=ORIENTED_EDGE('',*,*,#2798,.T.);
#667=ORIENTED_EDGE('',*,*,#2799,.T.);
#668=ORIENTED_EDGE('',*,*,#2800,.T.);
#669=ORIENTED_EDGE('',*,*,#2801,.T.);
#670=ORIENTED_EDGE('',*,*,#2802,.T.);
#671=ORIENTED_EDGE('',*,*,#2803,.F.);
#672=ORIENTED_EDGE('',*,*,#2804,.T.);
#673=ORIENTED_EDGE('',*,*,#2805,.T.);
#674=ORIENTED_EDGE('',*,*,#2806,.T.);
#675=ORIENTED_EDGE('',*,*,#2807,.T.);
#676=ORIENTED_EDGE('',*,*,#2808,.T.);
#677=ORIENTED_EDGE('',*,*,#2809,.T.);
#678=ORIENTED_EDGE('',*,*,#2810,.F.);
#679=ORIENTED_EDGE('',*,*,#2811,.T.);
#680=ORIENTED_EDGE('',*,*,#2812,.T.);
#681=ORIENTED_EDGE('',*,*,#2813,.T.);
#682=ORIENTED_EDGE('',*,*,#2814,.F.);
#683=ORIENTED_EDGE('',*,*,#2815,.T.);
#684=ORIENTED_EDGE('',*,*,#2816,.T.);
#685=ORIENTED_EDGE('',*,*,#2817,.F.);
#686=ORIENTED_EDGE('',*,*,#2818,.F.);
#687=ORIENTED_EDGE('',*,*,#2819,.F.);
#688=ORIENTED_EDGE('',*,*,#2820,.F.);
#689=ORIENTED_EDGE('',*,*,#2821,.T.);
#690=ORIENTED_EDGE('',*,*,#2822,.T.);
#691=ORIENTED_EDGE('',*,*,#2823,.T.);
#692=ORIENTED_EDGE('',*,*,#2824,.T.);
#693=ORIENTED_EDGE('',*,*,#2825,.T.);
#694=ORIENTED_EDGE('',*,*,#2826,.F.);
#695=ORIENTED_EDGE('',*,*,#2827,.F.);
#696=ORIENTED_EDGE('',*,*,#2828,.T.);
#697=ORIENTED_EDGE('',*,*,#2829,.T.);
#698=ORIENTED_EDGE('',*,*,#2830,.F.);
#699=ORIENTED_EDGE('',*,*,#2831,.F.);
#700=ORIENTED_EDGE('',*,*,#2832,.T.);
#701=ORIENTED_EDGE('',*,*,#2833,.F.);
#702=ORIENTED_EDGE('',*,*,#2834,.T.);
#703=ORIENTED_EDGE('',*,*,#2835,.F.);
#704=ORIENTED_EDGE('',*,*,#2836,.T.);
#705=ORIENTED_EDGE('',*,*,#2837,.T.);
#706=ORIENTED_EDGE('',*,*,#2838,.F.);
#707=ORIENTED_EDGE('',*,*,#2839,.T.);
#708=ORIENTED_EDGE('',*,*,#2840,.F.);
#709=ORIENTED_EDGE('',*,*,#2841,.F.);
#710=ORIENTED_EDGE('',*,*,#2842,.T.);
#711=ORIENTED_EDGE('',*,*,#2843,.F.);
#712=ORIENTED_EDGE('',*,*,#2844,.F.);
#713=ORIENTED_EDGE('',*,*,#2845,.T.);
#714=ORIENTED_EDGE('',*,*,#2846,.T.);
#715=ORIENTED_EDGE('',*,*,#2847,.F.);
#716=ORIENTED_EDGE('',*,*,#2848,.F.);
#717=ORIENTED_EDGE('',*,*,#2849,.T.);
#718=ORIENTED_EDGE('',*,*,#2850,.T.);
#719=ORIENTED_EDGE('',*,*,#2851,.F.);
#720=ORIENTED_EDGE('',*,*,#2852,.F.);
#721=ORIENTED_EDGE('',*,*,#2853,.T.);
#722=ORIENTED_EDGE('',*,*,#2854,.F.);
#723=ORIENTED_EDGE('',*,*,#2855,.F.);
#724=ORIENTED_EDGE('',*,*,#2856,.F.);
#725=ORIENTED_EDGE('',*,*,#2857,.T.);
#726=ORIENTED_EDGE('',*,*,#2858,.T.);
#727=ORIENTED_EDGE('',*,*,#2859,.F.);
#728=ORIENTED_EDGE('',*,*,#2860,.F.);
#729=ORIENTED_EDGE('',*,*,#2861,.T.);
#730=ORIENTED_EDGE('',*,*,#2862,.T.);
#731=ORIENTED_EDGE('',*,*,#2863,.F.);
#732=ORIENTED_EDGE('',*,*,#2864,.F.);
#733=ORIENTED_EDGE('',*,*,#2865,.T.);
#734=ORIENTED_EDGE('',*,*,#2866,.T.);
#735=ORIENTED_EDGE('',*,*,#2867,.F.);
#736=ORIENTED_EDGE('',*,*,#2868,.T.);
#737=ORIENTED_EDGE('',*,*,#2869,.F.);
#738=ORIENTED_EDGE('',*,*,#2870,.F.);
#739=ORIENTED_EDGE('',*,*,#2871,.F.);
#740=ORIENTED_EDGE('',*,*,#2872,.F.);
#741=ORIENTED_EDGE('',*,*,#2873,.T.);
#742=ORIENTED_EDGE('',*,*,#2831,.T.);
#743=ORIENTED_EDGE('',*,*,#2874,.F.);
#744=ORIENTED_EDGE('',*,*,#2591,.T.);
#745=ORIENTED_EDGE('',*,*,#2875,.T.);
#746=ORIENTED_EDGE('',*,*,#2876,.T.);
#747=ORIENTED_EDGE('',*,*,#2877,.T.);
#748=ORIENTED_EDGE('',*,*,#2827,.T.);
#749=ORIENTED_EDGE('',*,*,#2878,.F.);
#750=ORIENTED_EDGE('',*,*,#2879,.F.);
#751=ORIENTED_EDGE('',*,*,#2880,.F.);
#752=ORIENTED_EDGE('',*,*,#2881,.T.);
#753=ORIENTED_EDGE('',*,*,#2882,.T.);
#754=ORIENTED_EDGE('',*,*,#2883,.T.);
#755=ORIENTED_EDGE('',*,*,#2836,.F.);
#756=ORIENTED_EDGE('',*,*,#2884,.F.);
#757=ORIENTED_EDGE('',*,*,#2885,.F.);
#758=ORIENTED_EDGE('',*,*,#2886,.T.);
#759=ORIENTED_EDGE('',*,*,#2834,.F.);
#760=ORIENTED_EDGE('',*,*,#2887,.F.);
#761=ORIENTED_EDGE('',*,*,#2888,.F.);
#762=ORIENTED_EDGE('',*,*,#2889,.T.);
#763=ORIENTED_EDGE('',*,*,#2832,.F.);
#764=ORIENTED_EDGE('',*,*,#2873,.F.);
#765=ORIENTED_EDGE('',*,*,#2890,.T.);
#766=ORIENTED_EDGE('',*,*,#2891,.T.);
#767=ORIENTED_EDGE('',*,*,#2892,.T.);
#768=ORIENTED_EDGE('',*,*,#2893,.T.);
#769=ORIENTED_EDGE('',*,*,#2894,.F.);
#770=ORIENTED_EDGE('',*,*,#2895,.F.);
#771=ORIENTED_EDGE('',*,*,#2896,.F.);
#772=ORIENTED_EDGE('',*,*,#2897,.T.);
#773=ORIENTED_EDGE('',*,*,#2898,.T.);
#774=ORIENTED_EDGE('',*,*,#2899,.T.);
#775=ORIENTED_EDGE('',*,*,#2900,.F.);
#776=ORIENTED_EDGE('',*,*,#2901,.F.);
#777=ORIENTED_EDGE('',*,*,#2883,.F.);
#778=ORIENTED_EDGE('',*,*,#2902,.T.);
#779=ORIENTED_EDGE('',*,*,#2903,.T.);
#780=ORIENTED_EDGE('',*,*,#2904,.T.);
#781=ORIENTED_EDGE('',*,*,#2905,.T.);
#782=ORIENTED_EDGE('',*,*,#2906,.F.);
#783=ORIENTED_EDGE('',*,*,#2907,.T.);
#784=ORIENTED_EDGE('',*,*,#2908,.T.);
#785=ORIENTED_EDGE('',*,*,#2909,.T.);
#786=ORIENTED_EDGE('',*,*,#2837,.F.);
#787=ORIENTED_EDGE('',*,*,#2910,.F.);
#788=ORIENTED_EDGE('',*,*,#2911,.F.);
#789=ORIENTED_EDGE('',*,*,#2912,.F.);
#790=ORIENTED_EDGE('',*,*,#2878,.T.);
#791=ORIENTED_EDGE('',*,*,#2838,.T.);
#792=ORIENTED_EDGE('',*,*,#2909,.F.);
#793=ORIENTED_EDGE('',*,*,#2913,.F.);
#794=ORIENTED_EDGE('',*,*,#2914,.F.);
#795=ORIENTED_EDGE('',*,*,#2915,.T.);
#796=ORIENTED_EDGE('',*,*,#2916,.F.);
#797=ORIENTED_EDGE('',*,*,#2917,.T.);
#798=ORIENTED_EDGE('',*,*,#2918,.T.);
#799=ORIENTED_EDGE('',*,*,#2919,.F.);
#800=ORIENTED_EDGE('',*,*,#2920,.F.);
#801=ORIENTED_EDGE('',*,*,#2921,.F.);
#802=ORIENTED_EDGE('',*,*,#2922,.T.);
#803=ORIENTED_EDGE('',*,*,#2588,.T.);
#804=ORIENTED_EDGE('',*,*,#2923,.F.);
#805=ORIENTED_EDGE('',*,*,#2924,.T.);
#806=ORIENTED_EDGE('',*,*,#2925,.T.);
#807=ORIENTED_EDGE('',*,*,#2926,.T.);
#808=ORIENTED_EDGE('',*,*,#2927,.T.);
#809=ORIENTED_EDGE('',*,*,#2928,.T.);
#810=ORIENTED_EDGE('',*,*,#2929,.T.);
#811=ORIENTED_EDGE('',*,*,#2930,.F.);
#812=ORIENTED_EDGE('',*,*,#2931,.F.);
#813=ORIENTED_EDGE('',*,*,#2932,.T.);
#814=ORIENTED_EDGE('',*,*,#2933,.T.);
#815=ORIENTED_EDGE('',*,*,#2934,.F.);
#816=ORIENTED_EDGE('',*,*,#2935,.F.);
#817=ORIENTED_EDGE('',*,*,#2936,.F.);
#818=ORIENTED_EDGE('',*,*,#2937,.T.);
#819=ORIENTED_EDGE('',*,*,#2938,.T.);
#820=ORIENTED_EDGE('',*,*,#2939,.F.);
#821=ORIENTED_EDGE('',*,*,#2940,.T.);
#822=ORIENTED_EDGE('',*,*,#2941,.T.);
#823=ORIENTED_EDGE('',*,*,#2942,.T.);
#824=ORIENTED_EDGE('',*,*,#2943,.F.);
#825=ORIENTED_EDGE('',*,*,#2944,.T.);
#826=ORIENTED_EDGE('',*,*,#2945,.T.);
#827=ORIENTED_EDGE('',*,*,#2946,.T.);
#828=ORIENTED_EDGE('',*,*,#2947,.F.);
#829=ORIENTED_EDGE('',*,*,#2948,.T.);
#830=ORIENTED_EDGE('',*,*,#2949,.T.);
#831=ORIENTED_EDGE('',*,*,#2950,.T.);
#832=ORIENTED_EDGE('',*,*,#2951,.T.);
#833=ORIENTED_EDGE('',*,*,#2952,.T.);
#834=ORIENTED_EDGE('',*,*,#2953,.T.);
#835=ORIENTED_EDGE('',*,*,#2954,.F.);
#836=ORIENTED_EDGE('',*,*,#2955,.T.);
#837=ORIENTED_EDGE('',*,*,#2927,.F.);
#838=ORIENTED_EDGE('',*,*,#2956,.T.);
#839=ORIENTED_EDGE('',*,*,#2943,.T.);
#840=ORIENTED_EDGE('',*,*,#2957,.T.);
#841=ORIENTED_EDGE('',*,*,#2958,.T.);
#842=ORIENTED_EDGE('',*,*,#2959,.T.);
#843=ORIENTED_EDGE('',*,*,#2960,.F.);
#844=ORIENTED_EDGE('',*,*,#2961,.T.);
#845=ORIENTED_EDGE('',*,*,#2962,.F.);
#846=ORIENTED_EDGE('',*,*,#2916,.T.);
#847=ORIENTED_EDGE('',*,*,#2963,.T.);
#848=ORIENTED_EDGE('',*,*,#2905,.F.);
#849=ORIENTED_EDGE('',*,*,#2964,.F.);
#850=ORIENTED_EDGE('',*,*,#2893,.F.);
#851=ORIENTED_EDGE('',*,*,#2965,.T.);
#852=ORIENTED_EDGE('',*,*,#2869,.T.);
#853=ORIENTED_EDGE('',*,*,#2966,.T.);
#854=ORIENTED_EDGE('',*,*,#2920,.T.);
#855=ORIENTED_EDGE('',*,*,#2967,.T.);
#856=ORIENTED_EDGE('',*,*,#2968,.T.);
#857=ORIENTED_EDGE('',*,*,#2969,.T.);
#858=ORIENTED_EDGE('',*,*,#2958,.F.);
#859=ORIENTED_EDGE('',*,*,#2954,.T.);
#860=ORIENTED_EDGE('',*,*,#2970,.T.);
#861=ORIENTED_EDGE('',*,*,#2971,.T.);
#862=ORIENTED_EDGE('',*,*,#2972,.T.);
#863=ORIENTED_EDGE('',*,*,#2960,.T.);
#864=ORIENTED_EDGE('',*,*,#2973,.T.);
#865=ORIENTED_EDGE('',*,*,#2974,.T.);
#866=ORIENTED_EDGE('',*,*,#2975,.T.);
#867=ORIENTED_EDGE('',*,*,#2712,.T.);
#868=ORIENTED_EDGE('',*,*,#2976,.F.);
#869=ORIENTED_EDGE('',*,*,#2821,.F.);
#870=ORIENTED_EDGE('',*,*,#2977,.T.);
#871=ORIENTED_EDGE('',*,*,#2977,.F.);
#872=ORIENTED_EDGE('',*,*,#2820,.T.);
#873=ORIENTED_EDGE('',*,*,#2978,.T.);
#874=ORIENTED_EDGE('',*,*,#2713,.F.);
#875=ORIENTED_EDGE('',*,*,#2978,.F.);
#876=ORIENTED_EDGE('',*,*,#2826,.T.);
#877=ORIENTED_EDGE('',*,*,#2979,.T.);
#878=ORIENTED_EDGE('',*,*,#2714,.F.);
#879=ORIENTED_EDGE('',*,*,#2715,.T.);
#880=ORIENTED_EDGE('',*,*,#2979,.F.);
#881=ORIENTED_EDGE('',*,*,#2825,.F.);
#882=ORIENTED_EDGE('',*,*,#2980,.T.);
#883=ORIENTED_EDGE('',*,*,#2716,.T.);
#884=ORIENTED_EDGE('',*,*,#2980,.F.);
#885=ORIENTED_EDGE('',*,*,#2824,.F.);
#886=ORIENTED_EDGE('',*,*,#2981,.T.);
#887=ORIENTED_EDGE('',*,*,#2717,.T.);
#888=ORIENTED_EDGE('',*,*,#2981,.F.);
#889=ORIENTED_EDGE('',*,*,#2823,.F.);
#890=ORIENTED_EDGE('',*,*,#2982,.T.);
#891=ORIENTED_EDGE('',*,*,#2718,.T.);
#892=ORIENTED_EDGE('',*,*,#2982,.F.);
#893=ORIENTED_EDGE('',*,*,#2822,.F.);
#894=ORIENTED_EDGE('',*,*,#2976,.T.);
#895=ORIENTED_EDGE('',*,*,#2942,.F.);
#896=ORIENTED_EDGE('',*,*,#2983,.T.);
#897=ORIENTED_EDGE('',*,*,#2967,.F.);
#898=ORIENTED_EDGE('',*,*,#2957,.F.);
#899=ORIENTED_EDGE('',*,*,#2969,.F.);
#900=ORIENTED_EDGE('',*,*,#2984,.T.);
#901=ORIENTED_EDGE('',*,*,#2973,.F.);
#902=ORIENTED_EDGE('',*,*,#2959,.F.);
#903=ORIENTED_EDGE('',*,*,#2926,.F.);
#904=ORIENTED_EDGE('',*,*,#2985,.T.);
#905=ORIENTED_EDGE('',*,*,#2940,.F.);
#906=ORIENTED_EDGE('',*,*,#2956,.F.);
#907=ORIENTED_EDGE('',*,*,#2975,.F.);
#908=ORIENTED_EDGE('',*,*,#2986,.T.);
#909=ORIENTED_EDGE('',*,*,#2924,.F.);
#910=ORIENTED_EDGE('',*,*,#2955,.F.);
#911=ORIENTED_EDGE('',*,*,#2835,.T.);
#912=ORIENTED_EDGE('',*,*,#2886,.F.);
#913=ORIENTED_EDGE('',*,*,#2987,.F.);
#914=ORIENTED_EDGE('',*,*,#2884,.T.);
#915=ORIENTED_EDGE('',*,*,#2988,.T.);
#916=ORIENTED_EDGE('',*,*,#2885,.T.);
#917=ORIENTED_EDGE('',*,*,#2987,.T.);
#918=ORIENTED_EDGE('',*,*,#2833,.T.);
#919=ORIENTED_EDGE('',*,*,#2889,.F.);
#920=ORIENTED_EDGE('',*,*,#2989,.F.);
#921=ORIENTED_EDGE('',*,*,#2887,.T.);
#922=ORIENTED_EDGE('',*,*,#2990,.T.);
#923=ORIENTED_EDGE('',*,*,#2888,.T.);
#924=ORIENTED_EDGE('',*,*,#2989,.T.);
#925=ORIENTED_EDGE('',*,*,#2991,.F.);
#926=ORIENTED_EDGE('',*,*,#2819,.T.);
#927=ORIENTED_EDGE('',*,*,#2992,.T.);
#928=ORIENTED_EDGE('',*,*,#2991,.T.);
#929=ORIENTED_EDGE('',*,*,#2936,.T.);
#930=ORIENTED_EDGE('',*,*,#2993,.T.);
#931=ORIENTED_EDGE('',*,*,#2994,.F.);
#932=ORIENTED_EDGE('',*,*,#2995,.F.);
#933=ORIENTED_EDGE('',*,*,#2995,.T.);
#934=ORIENTED_EDGE('',*,*,#2996,.T.);
#935=ORIENTED_EDGE('',*,*,#2997,.F.);
#936=ORIENTED_EDGE('',*,*,#2937,.F.);
#937=ORIENTED_EDGE('',*,*,#2997,.T.);
#938=ORIENTED_EDGE('',*,*,#2998,.T.);
#939=ORIENTED_EDGE('',*,*,#2999,.F.);
#940=ORIENTED_EDGE('',*,*,#2938,.F.);
#941=ORIENTED_EDGE('',*,*,#2939,.T.);
#942=ORIENTED_EDGE('',*,*,#2999,.T.);
#943=ORIENTED_EDGE('',*,*,#3000,.F.);
#944=ORIENTED_EDGE('',*,*,#2993,.F.);
#945=ORIENTED_EDGE('',*,*,#2994,.T.);
#946=ORIENTED_EDGE('',*,*,#3000,.T.);
#947=ORIENTED_EDGE('',*,*,#2998,.F.);
#948=ORIENTED_EDGE('',*,*,#2996,.F.);
#949=ORIENTED_EDGE('',*,*,#3001,.T.);
#950=ORIENTED_EDGE('',*,*,#3002,.T.);
#951=ORIENTED_EDGE('',*,*,#3003,.F.);
#952=ORIENTED_EDGE('',*,*,#3004,.F.);
#953=ORIENTED_EDGE('',*,*,#3005,.T.);
#954=ORIENTED_EDGE('',*,*,#3001,.F.);
#955=ORIENTED_EDGE('',*,*,#3006,.F.);
#956=ORIENTED_EDGE('',*,*,#2899,.F.);
#957=ORIENTED_EDGE('',*,*,#2900,.T.);
#958=ORIENTED_EDGE('',*,*,#3006,.T.);
#959=ORIENTED_EDGE('',*,*,#3004,.T.);
#960=ORIENTED_EDGE('',*,*,#3007,.F.);
#961=ORIENTED_EDGE('',*,*,#2901,.T.);
#962=ORIENTED_EDGE('',*,*,#3007,.T.);
#963=ORIENTED_EDGE('',*,*,#3003,.T.);
#964=ORIENTED_EDGE('',*,*,#3008,.F.);
#965=ORIENTED_EDGE('',*,*,#3008,.T.);
#966=ORIENTED_EDGE('',*,*,#3002,.F.);
#967=ORIENTED_EDGE('',*,*,#3005,.F.);
#968=ORIENTED_EDGE('',*,*,#2898,.F.);
#969=ORIENTED_EDGE('',*,*,#2945,.F.);
#970=ORIENTED_EDGE('',*,*,#3009,.T.);
#971=ORIENTED_EDGE('',*,*,#3010,.F.);
#972=ORIENTED_EDGE('',*,*,#3011,.T.);
#973=ORIENTED_EDGE('',*,*,#2947,.T.);
#974=ORIENTED_EDGE('',*,*,#3012,.T.);
#975=ORIENTED_EDGE('',*,*,#3013,.T.);
#976=ORIENTED_EDGE('',*,*,#3014,.T.);
#977=ORIENTED_EDGE('',*,*,#3010,.T.);
#978=ORIENTED_EDGE('',*,*,#3015,.T.);
#979=ORIENTED_EDGE('',*,*,#3013,.F.);
#980=ORIENTED_EDGE('',*,*,#3016,.T.);
#981=ORIENTED_EDGE('',*,*,#3017,.T.);
#982=ORIENTED_EDGE('',*,*,#3018,.T.);
#983=ORIENTED_EDGE('',*,*,#3019,.F.);
#984=ORIENTED_EDGE('',*,*,#3020,.T.);
#985=ORIENTED_EDGE('',*,*,#2894,.T.);
#986=ORIENTED_EDGE('',*,*,#3021,.T.);
#987=ORIENTED_EDGE('',*,*,#3018,.F.);
#988=ORIENTED_EDGE('',*,*,#3022,.F.);
#989=ORIENTED_EDGE('',*,*,#2895,.T.);
#990=ORIENTED_EDGE('',*,*,#3022,.T.);
#991=ORIENTED_EDGE('',*,*,#3017,.F.);
#992=ORIENTED_EDGE('',*,*,#3023,.F.);
#993=ORIENTED_EDGE('',*,*,#2896,.T.);
#994=ORIENTED_EDGE('',*,*,#3023,.T.);
#995=ORIENTED_EDGE('',*,*,#3020,.F.);
#996=ORIENTED_EDGE('',*,*,#3024,.F.);
#997=ORIENTED_EDGE('',*,*,#3024,.T.);
#998=ORIENTED_EDGE('',*,*,#3019,.T.);
#999=ORIENTED_EDGE('',*,*,#3021,.F.);
#1000=ORIENTED_EDGE('',*,*,#2897,.F.);
#1001=ORIENTED_EDGE('',*,*,#2921,.T.);
#1002=ORIENTED_EDGE('',*,*,#3025,.F.);
#1003=ORIENTED_EDGE('',*,*,#2928,.F.);
#1004=ORIENTED_EDGE('',*,*,#3026,.T.);
#1005=ORIENTED_EDGE('',*,*,#3027,.F.);
#1006=ORIENTED_EDGE('',*,*,#2929,.F.);
#1007=ORIENTED_EDGE('',*,*,#3025,.T.);
#1008=ORIENTED_EDGE('',*,*,#2923,.T.);
#1009=ORIENTED_EDGE('',*,*,#2587,.F.);
#1010=ORIENTED_EDGE('',*,*,#3028,.F.);
#1011=ORIENTED_EDGE('',*,*,#3029,.F.);
#1012=ORIENTED_EDGE('',*,*,#3030,.F.);
#1013=ORIENTED_EDGE('',*,*,#2930,.T.);
#1014=ORIENTED_EDGE('',*,*,#3027,.T.);
#1015=ORIENTED_EDGE('',*,*,#2875,.F.);
#1016=ORIENTED_EDGE('',*,*,#3031,.F.);
#1017=ORIENTED_EDGE('',*,*,#2590,.T.);
#1018=ORIENTED_EDGE('',*,*,#3032,.T.);
#1019=ORIENTED_EDGE('',*,*,#3033,.T.);
#1020=ORIENTED_EDGE('',*,*,#2585,.T.);
#1021=ORIENTED_EDGE('',*,*,#2922,.F.);
#1022=ORIENTED_EDGE('',*,*,#3026,.F.);
#1023=ORIENTED_EDGE('',*,*,#2931,.T.);
#1024=ORIENTED_EDGE('',*,*,#3031,.T.);
#1025=ORIENTED_EDGE('',*,*,#3034,.T.);
#1026=ORIENTED_EDGE('',*,*,#2863,.T.);
#1027=ORIENTED_EDGE('',*,*,#3035,.F.);
#1028=ORIENTED_EDGE('',*,*,#2933,.F.);
#1029=ORIENTED_EDGE('',*,*,#2934,.T.);
#1030=ORIENTED_EDGE('',*,*,#3035,.T.);
#1031=ORIENTED_EDGE('',*,*,#2866,.F.);
#1032=ORIENTED_EDGE('',*,*,#3036,.F.);
#1033=ORIENTED_EDGE('',*,*,#2935,.T.);
#1034=ORIENTED_EDGE('',*,*,#3036,.T.);
#1035=ORIENTED_EDGE('',*,*,#2865,.F.);
#1036=ORIENTED_EDGE('',*,*,#3037,.F.);
#1037=ORIENTED_EDGE('',*,*,#3037,.T.);
#1038=ORIENTED_EDGE('',*,*,#2864,.T.);
#1039=ORIENTED_EDGE('',*,*,#3034,.F.);
#1040=ORIENTED_EDGE('',*,*,#2932,.F.);
#1041=ORIENTED_EDGE('',*,*,#2830,.T.);
#1042=ORIENTED_EDGE('',*,*,#3038,.F.);
#1043=ORIENTED_EDGE('',*,*,#2592,.F.);
#1044=ORIENTED_EDGE('',*,*,#2874,.T.);
#1045=ORIENTED_EDGE('',*,*,#3032,.F.);
#1046=ORIENTED_EDGE('',*,*,#2589,.T.);
#1047=ORIENTED_EDGE('',*,*,#3038,.T.);
#1048=ORIENTED_EDGE('',*,*,#2829,.F.);
#1049=ORIENTED_EDGE('',*,*,#3039,.F.);
#1050=ORIENTED_EDGE('',*,*,#3040,.T.);
#1051=ORIENTED_EDGE('',*,*,#3029,.T.);
#1052=ORIENTED_EDGE('',*,*,#3041,.T.);
#1053=ORIENTED_EDGE('',*,*,#2828,.F.);
#1054=ORIENTED_EDGE('',*,*,#2877,.F.);
#1055=ORIENTED_EDGE('',*,*,#3042,.T.);
#1056=ORIENTED_EDGE('',*,*,#3039,.T.);
#1057=ORIENTED_EDGE('',*,*,#3030,.T.);
#1058=ORIENTED_EDGE('',*,*,#3040,.F.);
#1059=ORIENTED_EDGE('',*,*,#3042,.F.);
#1060=ORIENTED_EDGE('',*,*,#2876,.F.);
#1061=ORIENTED_EDGE('',*,*,#3043,.F.);
#1062=ORIENTED_EDGE('',*,*,#2986,.F.);
#1063=ORIENTED_EDGE('',*,*,#3044,.F.);
#1064=ORIENTED_EDGE('',*,*,#2709,.F.);
#1065=ORIENTED_EDGE('',*,*,#3044,.T.);
#1066=ORIENTED_EDGE('',*,*,#2974,.F.);
#1067=ORIENTED_EDGE('',*,*,#3045,.F.);
#1068=ORIENTED_EDGE('',*,*,#2710,.F.);
#1069=ORIENTED_EDGE('',*,*,#3043,.T.);
#1070=ORIENTED_EDGE('',*,*,#2708,.F.);
#1071=ORIENTED_EDGE('',*,*,#3046,.F.);
#1072=ORIENTED_EDGE('',*,*,#2925,.F.);
#1073=ORIENTED_EDGE('',*,*,#3045,.T.);
#1074=ORIENTED_EDGE('',*,*,#2984,.F.);
#1075=ORIENTED_EDGE('',*,*,#3047,.F.);
#1076=ORIENTED_EDGE('',*,*,#2711,.F.);
#1077=ORIENTED_EDGE('',*,*,#3046,.T.);
#1078=ORIENTED_EDGE('',*,*,#2707,.F.);
#1079=ORIENTED_EDGE('',*,*,#3048,.F.);
#1080=ORIENTED_EDGE('',*,*,#2985,.F.);
#1081=ORIENTED_EDGE('',*,*,#3047,.T.);
#1082=ORIENTED_EDGE('',*,*,#2968,.F.);
#1083=ORIENTED_EDGE('',*,*,#3049,.F.);
#1084=ORIENTED_EDGE('',*,*,#2704,.F.);
#1085=ORIENTED_EDGE('',*,*,#3048,.T.);
#1086=ORIENTED_EDGE('',*,*,#2706,.F.);
#1087=ORIENTED_EDGE('',*,*,#3050,.F.);
#1088=ORIENTED_EDGE('',*,*,#2941,.F.);
#1089=ORIENTED_EDGE('',*,*,#3049,.T.);
#1090=ORIENTED_EDGE('',*,*,#2983,.F.);
#1091=ORIENTED_EDGE('',*,*,#3050,.T.);
#1092=ORIENTED_EDGE('',*,*,#2705,.F.);
#1093=ORIENTED_EDGE('',*,*,#3051,.T.);
#1094=ORIENTED_EDGE('',*,*,#3052,.T.);
#1095=ORIENTED_EDGE('',*,*,#3053,.F.);
#1096=ORIENTED_EDGE('',*,*,#2918,.F.);
#1097=ORIENTED_EDGE('',*,*,#2962,.T.);
#1098=ORIENTED_EDGE('',*,*,#3054,.T.);
#1099=ORIENTED_EDGE('',*,*,#3051,.F.);
#1100=ORIENTED_EDGE('',*,*,#2917,.F.);
#1101=ORIENTED_EDGE('',*,*,#3053,.T.);
#1102=ORIENTED_EDGE('',*,*,#3055,.T.);
#1103=ORIENTED_EDGE('',*,*,#2952,.F.);
#1104=ORIENTED_EDGE('',*,*,#2919,.T.);
#1105=ORIENTED_EDGE('',*,*,#2992,.F.);
#1106=ORIENTED_EDGE('',*,*,#3056,.F.);
#1107=ORIENTED_EDGE('',*,*,#3056,.T.);
#1108=ORIENTED_EDGE('',*,*,#2990,.F.);
#1109=ORIENTED_EDGE('',*,*,#3057,.F.);
#1110=ORIENTED_EDGE('',*,*,#3057,.T.);
#1111=ORIENTED_EDGE('',*,*,#2988,.F.);
#1112=ORIENTED_EDGE('',*,*,#3058,.F.);
#1113=ORIENTED_EDGE('',*,*,#3058,.T.);
#1114=ORIENTED_EDGE('',*,*,#2677,.F.);
#1115=ORIENTED_EDGE('',*,*,#3059,.F.);
#1116=ORIENTED_EDGE('',*,*,#3060,.T.);
#1117=ORIENTED_EDGE('',*,*,#3061,.T.);
#1118=ORIENTED_EDGE('',*,*,#2678,.F.);
#1119=ORIENTED_EDGE('',*,*,#3061,.F.);
#1120=ORIENTED_EDGE('',*,*,#3062,.T.);
#1121=ORIENTED_EDGE('',*,*,#3063,.T.);
#1122=ORIENTED_EDGE('',*,*,#2679,.F.);
#1123=ORIENTED_EDGE('',*,*,#3063,.F.);
#1124=ORIENTED_EDGE('',*,*,#3064,.T.);
#1125=ORIENTED_EDGE('',*,*,#3065,.T.);
#1126=ORIENTED_EDGE('',*,*,#2680,.F.);
#1127=ORIENTED_EDGE('',*,*,#3065,.F.);
#1128=ORIENTED_EDGE('',*,*,#3066,.T.);
#1129=ORIENTED_EDGE('',*,*,#3067,.T.);
#1130=ORIENTED_EDGE('',*,*,#2681,.F.);
#1131=ORIENTED_EDGE('',*,*,#3067,.F.);
#1132=ORIENTED_EDGE('',*,*,#3068,.T.);
#1133=ORIENTED_EDGE('',*,*,#3069,.T.);
#1134=ORIENTED_EDGE('',*,*,#2682,.F.);
#1135=ORIENTED_EDGE('',*,*,#3069,.F.);
#1136=ORIENTED_EDGE('',*,*,#3070,.T.);
#1137=ORIENTED_EDGE('',*,*,#3071,.T.);
#1138=ORIENTED_EDGE('',*,*,#2683,.F.);
#1139=ORIENTED_EDGE('',*,*,#3071,.F.);
#1140=ORIENTED_EDGE('',*,*,#3072,.T.);
#1141=ORIENTED_EDGE('',*,*,#3073,.T.);
#1142=ORIENTED_EDGE('',*,*,#2684,.F.);
#1143=ORIENTED_EDGE('',*,*,#3073,.F.);
#1144=ORIENTED_EDGE('',*,*,#3074,.T.);
#1145=ORIENTED_EDGE('',*,*,#3075,.T.);
#1146=ORIENTED_EDGE('',*,*,#2685,.F.);
#1147=ORIENTED_EDGE('',*,*,#3075,.F.);
#1148=ORIENTED_EDGE('',*,*,#3076,.T.);
#1149=ORIENTED_EDGE('',*,*,#3077,.T.);
#1150=ORIENTED_EDGE('',*,*,#2686,.F.);
#1151=ORIENTED_EDGE('',*,*,#3077,.F.);
#1152=ORIENTED_EDGE('',*,*,#3078,.T.);
#1153=ORIENTED_EDGE('',*,*,#3079,.T.);
#1154=ORIENTED_EDGE('',*,*,#2687,.F.);
#1155=ORIENTED_EDGE('',*,*,#3079,.F.);
#1156=ORIENTED_EDGE('',*,*,#3080,.T.);
#1157=ORIENTED_EDGE('',*,*,#3081,.T.);
#1158=ORIENTED_EDGE('',*,*,#2688,.F.);
#1159=ORIENTED_EDGE('',*,*,#3081,.F.);
#1160=ORIENTED_EDGE('',*,*,#3082,.T.);
#1161=ORIENTED_EDGE('',*,*,#3083,.T.);
#1162=ORIENTED_EDGE('',*,*,#2689,.F.);
#1163=ORIENTED_EDGE('',*,*,#3083,.F.);
#1164=ORIENTED_EDGE('',*,*,#3084,.T.);
#1165=ORIENTED_EDGE('',*,*,#3085,.T.);
#1166=ORIENTED_EDGE('',*,*,#2690,.F.);
#1167=ORIENTED_EDGE('',*,*,#3085,.F.);
#1168=ORIENTED_EDGE('',*,*,#3086,.T.);
#1169=ORIENTED_EDGE('',*,*,#3087,.T.);
#1170=ORIENTED_EDGE('',*,*,#2691,.F.);
#1171=ORIENTED_EDGE('',*,*,#3087,.F.);
#1172=ORIENTED_EDGE('',*,*,#3088,.T.);
#1173=ORIENTED_EDGE('',*,*,#3089,.T.);
#1174=ORIENTED_EDGE('',*,*,#2692,.F.);
#1175=ORIENTED_EDGE('',*,*,#3089,.F.);
#1176=ORIENTED_EDGE('',*,*,#3090,.T.);
#1177=ORIENTED_EDGE('',*,*,#3091,.T.);
#1178=ORIENTED_EDGE('',*,*,#2693,.F.);
#1179=ORIENTED_EDGE('',*,*,#3091,.F.);
#1180=ORIENTED_EDGE('',*,*,#3092,.T.);
#1181=ORIENTED_EDGE('',*,*,#3093,.T.);
#1182=ORIENTED_EDGE('',*,*,#2694,.F.);
#1183=ORIENTED_EDGE('',*,*,#3093,.F.);
#1184=ORIENTED_EDGE('',*,*,#3094,.T.);
#1185=ORIENTED_EDGE('',*,*,#3095,.T.);
#1186=ORIENTED_EDGE('',*,*,#2695,.F.);
#1187=ORIENTED_EDGE('',*,*,#3095,.F.);
#1188=ORIENTED_EDGE('',*,*,#3096,.T.);
#1189=ORIENTED_EDGE('',*,*,#3097,.T.);
#1190=ORIENTED_EDGE('',*,*,#2696,.F.);
#1191=ORIENTED_EDGE('',*,*,#3097,.F.);
#1192=ORIENTED_EDGE('',*,*,#3098,.T.);
#1193=ORIENTED_EDGE('',*,*,#3099,.T.);
#1194=ORIENTED_EDGE('',*,*,#2697,.F.);
#1195=ORIENTED_EDGE('',*,*,#3099,.F.);
#1196=ORIENTED_EDGE('',*,*,#3100,.T.);
#1197=ORIENTED_EDGE('',*,*,#3101,.T.);
#1198=ORIENTED_EDGE('',*,*,#2698,.F.);
#1199=ORIENTED_EDGE('',*,*,#3101,.F.);
#1200=ORIENTED_EDGE('',*,*,#3102,.T.);
#1201=ORIENTED_EDGE('',*,*,#3103,.T.);
#1202=ORIENTED_EDGE('',*,*,#2699,.F.);
#1203=ORIENTED_EDGE('',*,*,#3103,.F.);
#1204=ORIENTED_EDGE('',*,*,#3104,.T.);
#1205=ORIENTED_EDGE('',*,*,#3105,.T.);
#1206=ORIENTED_EDGE('',*,*,#2700,.F.);
#1207=ORIENTED_EDGE('',*,*,#3105,.F.);
#1208=ORIENTED_EDGE('',*,*,#3106,.T.);
#1209=ORIENTED_EDGE('',*,*,#3107,.T.);
#1210=ORIENTED_EDGE('',*,*,#2701,.F.);
#1211=ORIENTED_EDGE('',*,*,#3107,.F.);
#1212=ORIENTED_EDGE('',*,*,#3108,.T.);
#1213=ORIENTED_EDGE('',*,*,#3109,.T.);
#1214=ORIENTED_EDGE('',*,*,#2702,.F.);
#1215=ORIENTED_EDGE('',*,*,#3109,.F.);
#1216=ORIENTED_EDGE('',*,*,#3110,.T.);
#1217=ORIENTED_EDGE('',*,*,#3111,.T.);
#1218=ORIENTED_EDGE('',*,*,#2703,.F.);
#1219=ORIENTED_EDGE('',*,*,#3111,.F.);
#1220=ORIENTED_EDGE('',*,*,#3112,.T.);
#1221=ORIENTED_EDGE('',*,*,#3059,.T.);
#1222=ORIENTED_EDGE('',*,*,#3060,.F.);
#1223=ORIENTED_EDGE('',*,*,#3112,.F.);
#1224=ORIENTED_EDGE('',*,*,#3110,.F.);
#1225=ORIENTED_EDGE('',*,*,#3108,.F.);
#1226=ORIENTED_EDGE('',*,*,#3106,.F.);
#1227=ORIENTED_EDGE('',*,*,#3104,.F.);
#1228=ORIENTED_EDGE('',*,*,#3102,.F.);
#1229=ORIENTED_EDGE('',*,*,#3100,.F.);
#1230=ORIENTED_EDGE('',*,*,#3098,.F.);
#1231=ORIENTED_EDGE('',*,*,#3096,.F.);
#1232=ORIENTED_EDGE('',*,*,#3094,.F.);
#1233=ORIENTED_EDGE('',*,*,#3092,.F.);
#1234=ORIENTED_EDGE('',*,*,#3090,.F.);
#1235=ORIENTED_EDGE('',*,*,#3088,.F.);
#1236=ORIENTED_EDGE('',*,*,#3086,.F.);
#1237=ORIENTED_EDGE('',*,*,#3084,.F.);
#1238=ORIENTED_EDGE('',*,*,#3082,.F.);
#1239=ORIENTED_EDGE('',*,*,#3080,.F.);
#1240=ORIENTED_EDGE('',*,*,#3078,.F.);
#1241=ORIENTED_EDGE('',*,*,#3076,.F.);
#1242=ORIENTED_EDGE('',*,*,#3074,.F.);
#1243=ORIENTED_EDGE('',*,*,#3072,.F.);
#1244=ORIENTED_EDGE('',*,*,#3070,.F.);
#1245=ORIENTED_EDGE('',*,*,#3068,.F.);
#1246=ORIENTED_EDGE('',*,*,#3066,.F.);
#1247=ORIENTED_EDGE('',*,*,#3064,.F.);
#1248=ORIENTED_EDGE('',*,*,#3062,.F.);
#1249=ORIENTED_EDGE('',*,*,#3113,.F.);
#1250=ORIENTED_EDGE('',*,*,#3114,.F.);
#1251=ORIENTED_EDGE('',*,*,#3115,.T.);
#1252=ORIENTED_EDGE('',*,*,#3116,.T.);
#1253=ORIENTED_EDGE('',*,*,#3117,.F.);
#1254=ORIENTED_EDGE('',*,*,#3116,.F.);
#1255=ORIENTED_EDGE('',*,*,#3118,.T.);
#1256=ORIENTED_EDGE('',*,*,#3119,.T.);
#1257=ORIENTED_EDGE('',*,*,#3120,.F.);
#1258=ORIENTED_EDGE('',*,*,#3119,.F.);
#1259=ORIENTED_EDGE('',*,*,#3121,.T.);
#1260=ORIENTED_EDGE('',*,*,#3122,.T.);
#1261=ORIENTED_EDGE('',*,*,#3123,.F.);
#1262=ORIENTED_EDGE('',*,*,#3122,.F.);
#1263=ORIENTED_EDGE('',*,*,#3124,.T.);
#1264=ORIENTED_EDGE('',*,*,#3125,.T.);
#1265=ORIENTED_EDGE('',*,*,#3126,.F.);
#1266=ORIENTED_EDGE('',*,*,#3125,.F.);
#1267=ORIENTED_EDGE('',*,*,#3127,.T.);
#1268=ORIENTED_EDGE('',*,*,#3128,.T.);
#1269=ORIENTED_EDGE('',*,*,#3129,.F.);
#1270=ORIENTED_EDGE('',*,*,#3128,.F.);
#1271=ORIENTED_EDGE('',*,*,#3130,.T.);
#1272=ORIENTED_EDGE('',*,*,#3131,.T.);
#1273=ORIENTED_EDGE('',*,*,#2719,.F.);
#1274=ORIENTED_EDGE('',*,*,#3132,.F.);
#1275=ORIENTED_EDGE('',*,*,#3133,.T.);
#1276=ORIENTED_EDGE('',*,*,#3134,.T.);
#1277=ORIENTED_EDGE('',*,*,#2720,.F.);
#1278=ORIENTED_EDGE('',*,*,#3134,.F.);
#1279=ORIENTED_EDGE('',*,*,#3135,.T.);
#1280=ORIENTED_EDGE('',*,*,#3136,.T.);
#1281=ORIENTED_EDGE('',*,*,#2721,.F.);
#1282=ORIENTED_EDGE('',*,*,#3136,.F.);
#1283=ORIENTED_EDGE('',*,*,#3137,.T.);
#1284=ORIENTED_EDGE('',*,*,#3138,.T.);
#1285=ORIENTED_EDGE('',*,*,#2722,.F.);
#1286=ORIENTED_EDGE('',*,*,#3138,.F.);
#1287=ORIENTED_EDGE('',*,*,#3139,.T.);
#1288=ORIENTED_EDGE('',*,*,#3140,.T.);
#1289=ORIENTED_EDGE('',*,*,#2723,.F.);
#1290=ORIENTED_EDGE('',*,*,#3140,.F.);
#1291=ORIENTED_EDGE('',*,*,#3141,.T.);
#1292=ORIENTED_EDGE('',*,*,#3142,.T.);
#1293=ORIENTED_EDGE('',*,*,#2724,.F.);
#1294=ORIENTED_EDGE('',*,*,#3142,.F.);
#1295=ORIENTED_EDGE('',*,*,#3143,.T.);
#1296=ORIENTED_EDGE('',*,*,#3144,.T.);
#1297=ORIENTED_EDGE('',*,*,#2725,.F.);
#1298=ORIENTED_EDGE('',*,*,#3144,.F.);
#1299=ORIENTED_EDGE('',*,*,#3145,.T.);
#1300=ORIENTED_EDGE('',*,*,#3146,.T.);
#1301=ORIENTED_EDGE('',*,*,#2726,.F.);
#1302=ORIENTED_EDGE('',*,*,#3146,.F.);
#1303=ORIENTED_EDGE('',*,*,#3147,.T.);
#1304=ORIENTED_EDGE('',*,*,#3148,.T.);
#1305=ORIENTED_EDGE('',*,*,#2727,.F.);
#1306=ORIENTED_EDGE('',*,*,#3148,.F.);
#1307=ORIENTED_EDGE('',*,*,#3149,.T.);
#1308=ORIENTED_EDGE('',*,*,#3132,.T.);
#1309=ORIENTED_EDGE('',*,*,#3150,.F.);
#1310=ORIENTED_EDGE('',*,*,#3131,.F.);
#1311=ORIENTED_EDGE('',*,*,#3151,.T.);
#1312=ORIENTED_EDGE('',*,*,#3114,.T.);
#1313=ORIENTED_EDGE('',*,*,#3133,.F.);
#1314=ORIENTED_EDGE('',*,*,#3149,.F.);
#1315=ORIENTED_EDGE('',*,*,#3147,.F.);
#1316=ORIENTED_EDGE('',*,*,#3145,.F.);
#1317=ORIENTED_EDGE('',*,*,#3143,.F.);
#1318=ORIENTED_EDGE('',*,*,#3141,.F.);
#1319=ORIENTED_EDGE('',*,*,#3139,.F.);
#1320=ORIENTED_EDGE('',*,*,#3137,.F.);
#1321=ORIENTED_EDGE('',*,*,#3135,.F.);
#1322=ORIENTED_EDGE('',*,*,#3115,.F.);
#1323=ORIENTED_EDGE('',*,*,#3151,.F.);
#1324=ORIENTED_EDGE('',*,*,#3130,.F.);
#1325=ORIENTED_EDGE('',*,*,#3127,.F.);
#1326=ORIENTED_EDGE('',*,*,#3124,.F.);
#1327=ORIENTED_EDGE('',*,*,#3121,.F.);
#1328=ORIENTED_EDGE('',*,*,#3118,.F.);
#1329=ORIENTED_EDGE('',*,*,#3152,.F.);
#1330=ORIENTED_EDGE('',*,*,#3153,.F.);
#1331=ORIENTED_EDGE('',*,*,#3154,.T.);
#1332=ORIENTED_EDGE('',*,*,#3155,.T.);
#1333=ORIENTED_EDGE('',*,*,#3156,.F.);
#1334=ORIENTED_EDGE('',*,*,#3155,.F.);
#1335=ORIENTED_EDGE('',*,*,#3157,.T.);
#1336=ORIENTED_EDGE('',*,*,#3158,.T.);
#1337=ORIENTED_EDGE('',*,*,#3159,.F.);
#1338=ORIENTED_EDGE('',*,*,#3158,.F.);
#1339=ORIENTED_EDGE('',*,*,#3160,.T.);
#1340=ORIENTED_EDGE('',*,*,#3161,.T.);
#1341=ORIENTED_EDGE('',*,*,#3162,.F.);
#1342=ORIENTED_EDGE('',*,*,#3161,.F.);
#1343=ORIENTED_EDGE('',*,*,#3163,.T.);
#1344=ORIENTED_EDGE('',*,*,#3164,.T.);
#1345=ORIENTED_EDGE('',*,*,#3165,.F.);
#1346=ORIENTED_EDGE('',*,*,#3164,.F.);
#1347=ORIENTED_EDGE('',*,*,#3166,.T.);
#1348=ORIENTED_EDGE('',*,*,#3167,.T.);
#1349=ORIENTED_EDGE('',*,*,#3168,.F.);
#1350=ORIENTED_EDGE('',*,*,#3167,.F.);
#1351=ORIENTED_EDGE('',*,*,#3169,.T.);
#1352=ORIENTED_EDGE('',*,*,#3170,.T.);
#1353=ORIENTED_EDGE('',*,*,#2668,.F.);
#1354=ORIENTED_EDGE('',*,*,#3171,.F.);
#1355=ORIENTED_EDGE('',*,*,#3172,.T.);
#1356=ORIENTED_EDGE('',*,*,#3173,.T.);
#1357=ORIENTED_EDGE('',*,*,#2669,.F.);
#1358=ORIENTED_EDGE('',*,*,#3173,.F.);
#1359=ORIENTED_EDGE('',*,*,#3174,.T.);
#1360=ORIENTED_EDGE('',*,*,#3175,.T.);
#1361=ORIENTED_EDGE('',*,*,#2670,.F.);
#1362=ORIENTED_EDGE('',*,*,#3175,.F.);
#1363=ORIENTED_EDGE('',*,*,#3176,.T.);
#1364=ORIENTED_EDGE('',*,*,#3177,.T.);
#1365=ORIENTED_EDGE('',*,*,#2671,.F.);
#1366=ORIENTED_EDGE('',*,*,#3177,.F.);
#1367=ORIENTED_EDGE('',*,*,#3178,.T.);
#1368=ORIENTED_EDGE('',*,*,#3179,.T.);
#1369=ORIENTED_EDGE('',*,*,#2672,.F.);
#1370=ORIENTED_EDGE('',*,*,#3179,.F.);
#1371=ORIENTED_EDGE('',*,*,#3180,.T.);
#1372=ORIENTED_EDGE('',*,*,#3181,.T.);
#1373=ORIENTED_EDGE('',*,*,#2673,.F.);
#1374=ORIENTED_EDGE('',*,*,#3181,.F.);
#1375=ORIENTED_EDGE('',*,*,#3182,.T.);
#1376=ORIENTED_EDGE('',*,*,#3183,.T.);
#1377=ORIENTED_EDGE('',*,*,#2674,.F.);
#1378=ORIENTED_EDGE('',*,*,#3183,.F.);
#1379=ORIENTED_EDGE('',*,*,#3184,.T.);
#1380=ORIENTED_EDGE('',*,*,#3185,.T.);
#1381=ORIENTED_EDGE('',*,*,#2675,.F.);
#1382=ORIENTED_EDGE('',*,*,#3185,.F.);
#1383=ORIENTED_EDGE('',*,*,#3186,.T.);
#1384=ORIENTED_EDGE('',*,*,#3187,.T.);
#1385=ORIENTED_EDGE('',*,*,#2676,.F.);
#1386=ORIENTED_EDGE('',*,*,#3187,.F.);
#1387=ORIENTED_EDGE('',*,*,#3188,.T.);
#1388=ORIENTED_EDGE('',*,*,#3171,.T.);
#1389=ORIENTED_EDGE('',*,*,#3189,.F.);
#1390=ORIENTED_EDGE('',*,*,#3170,.F.);
#1391=ORIENTED_EDGE('',*,*,#3190,.T.);
#1392=ORIENTED_EDGE('',*,*,#3153,.T.);
#1393=ORIENTED_EDGE('',*,*,#3172,.F.);
#1394=ORIENTED_EDGE('',*,*,#3188,.F.);
#1395=ORIENTED_EDGE('',*,*,#3186,.F.);
#1396=ORIENTED_EDGE('',*,*,#3184,.F.);
#1397=ORIENTED_EDGE('',*,*,#3182,.F.);
#1398=ORIENTED_EDGE('',*,*,#3180,.F.);
#1399=ORIENTED_EDGE('',*,*,#3178,.F.);
#1400=ORIENTED_EDGE('',*,*,#3176,.F.);
#1401=ORIENTED_EDGE('',*,*,#3174,.F.);
#1402=ORIENTED_EDGE('',*,*,#3154,.F.);
#1403=ORIENTED_EDGE('',*,*,#3190,.F.);
#1404=ORIENTED_EDGE('',*,*,#3169,.F.);
#1405=ORIENTED_EDGE('',*,*,#3166,.F.);
#1406=ORIENTED_EDGE('',*,*,#3163,.F.);
#1407=ORIENTED_EDGE('',*,*,#3160,.F.);
#1408=ORIENTED_EDGE('',*,*,#3157,.F.);
#1409=ORIENTED_EDGE('',*,*,#2728,.F.);
#1410=ORIENTED_EDGE('',*,*,#3191,.F.);
#1411=ORIENTED_EDGE('',*,*,#3192,.T.);
#1412=ORIENTED_EDGE('',*,*,#3193,.T.);
#1413=ORIENTED_EDGE('',*,*,#2729,.F.);
#1414=ORIENTED_EDGE('',*,*,#3193,.F.);
#1415=ORIENTED_EDGE('',*,*,#3194,.T.);
#1416=ORIENTED_EDGE('',*,*,#3195,.T.);
#1417=ORIENTED_EDGE('',*,*,#2730,.F.);
#1418=ORIENTED_EDGE('',*,*,#3195,.F.);
#1419=ORIENTED_EDGE('',*,*,#3196,.T.);
#1420=ORIENTED_EDGE('',*,*,#3197,.T.);
#1421=ORIENTED_EDGE('',*,*,#2731,.F.);
#1422=ORIENTED_EDGE('',*,*,#3197,.F.);
#1423=ORIENTED_EDGE('',*,*,#3198,.T.);
#1424=ORIENTED_EDGE('',*,*,#3199,.T.);
#1425=ORIENTED_EDGE('',*,*,#2732,.F.);
#1426=ORIENTED_EDGE('',*,*,#3199,.F.);
#1427=ORIENTED_EDGE('',*,*,#3200,.T.);
#1428=ORIENTED_EDGE('',*,*,#3201,.T.);
#1429=ORIENTED_EDGE('',*,*,#2733,.F.);
#1430=ORIENTED_EDGE('',*,*,#3201,.F.);
#1431=ORIENTED_EDGE('',*,*,#3202,.T.);
#1432=ORIENTED_EDGE('',*,*,#3203,.T.);
#1433=ORIENTED_EDGE('',*,*,#2734,.F.);
#1434=ORIENTED_EDGE('',*,*,#3203,.F.);
#1435=ORIENTED_EDGE('',*,*,#3204,.T.);
#1436=ORIENTED_EDGE('',*,*,#3205,.T.);
#1437=ORIENTED_EDGE('',*,*,#2735,.F.);
#1438=ORIENTED_EDGE('',*,*,#3205,.F.);
#1439=ORIENTED_EDGE('',*,*,#3206,.T.);
#1440=ORIENTED_EDGE('',*,*,#3207,.T.);
#1441=ORIENTED_EDGE('',*,*,#2736,.F.);
#1442=ORIENTED_EDGE('',*,*,#3207,.F.);
#1443=ORIENTED_EDGE('',*,*,#3208,.T.);
#1444=ORIENTED_EDGE('',*,*,#3209,.T.);
#1445=ORIENTED_EDGE('',*,*,#2737,.F.);
#1446=ORIENTED_EDGE('',*,*,#3209,.F.);
#1447=ORIENTED_EDGE('',*,*,#3210,.T.);
#1448=ORIENTED_EDGE('',*,*,#3211,.T.);
#1449=ORIENTED_EDGE('',*,*,#2738,.F.);
#1450=ORIENTED_EDGE('',*,*,#3211,.F.);
#1451=ORIENTED_EDGE('',*,*,#3212,.T.);
#1452=ORIENTED_EDGE('',*,*,#3213,.T.);
#1453=ORIENTED_EDGE('',*,*,#2739,.F.);
#1454=ORIENTED_EDGE('',*,*,#3213,.F.);
#1455=ORIENTED_EDGE('',*,*,#3214,.T.);
#1456=ORIENTED_EDGE('',*,*,#3215,.T.);
#1457=ORIENTED_EDGE('',*,*,#2740,.F.);
#1458=ORIENTED_EDGE('',*,*,#3215,.F.);
#1459=ORIENTED_EDGE('',*,*,#3216,.T.);
#1460=ORIENTED_EDGE('',*,*,#3217,.T.);
#1461=ORIENTED_EDGE('',*,*,#2741,.F.);
#1462=ORIENTED_EDGE('',*,*,#3217,.F.);
#1463=ORIENTED_EDGE('',*,*,#3218,.T.);
#1464=ORIENTED_EDGE('',*,*,#3219,.T.);
#1465=ORIENTED_EDGE('',*,*,#2742,.F.);
#1466=ORIENTED_EDGE('',*,*,#3219,.F.);
#1467=ORIENTED_EDGE('',*,*,#3220,.T.);
#1468=ORIENTED_EDGE('',*,*,#3221,.T.);
#1469=ORIENTED_EDGE('',*,*,#2743,.F.);
#1470=ORIENTED_EDGE('',*,*,#3221,.F.);
#1471=ORIENTED_EDGE('',*,*,#3222,.T.);
#1472=ORIENTED_EDGE('',*,*,#3223,.T.);
#1473=ORIENTED_EDGE('',*,*,#2744,.F.);
#1474=ORIENTED_EDGE('',*,*,#3223,.F.);
#1475=ORIENTED_EDGE('',*,*,#3224,.T.);
#1476=ORIENTED_EDGE('',*,*,#3225,.T.);
#1477=ORIENTED_EDGE('',*,*,#3226,.F.);
#1478=ORIENTED_EDGE('',*,*,#3227,.F.);
#1479=ORIENTED_EDGE('',*,*,#3228,.T.);
#1480=ORIENTED_EDGE('',*,*,#3229,.T.);
#1481=ORIENTED_EDGE('',*,*,#3230,.F.);
#1482=ORIENTED_EDGE('',*,*,#3229,.F.);
#1483=ORIENTED_EDGE('',*,*,#3231,.T.);
#1484=ORIENTED_EDGE('',*,*,#3232,.T.);
#1485=ORIENTED_EDGE('',*,*,#3233,.F.);
#1486=ORIENTED_EDGE('',*,*,#3232,.F.);
#1487=ORIENTED_EDGE('',*,*,#3234,.T.);
#1488=ORIENTED_EDGE('',*,*,#3235,.T.);
#1489=ORIENTED_EDGE('',*,*,#3236,.F.);
#1490=ORIENTED_EDGE('',*,*,#3235,.F.);
#1491=ORIENTED_EDGE('',*,*,#3237,.T.);
#1492=ORIENTED_EDGE('',*,*,#3238,.T.);
#1493=ORIENTED_EDGE('',*,*,#3239,.F.);
#1494=ORIENTED_EDGE('',*,*,#3238,.F.);
#1495=ORIENTED_EDGE('',*,*,#3240,.T.);
#1496=ORIENTED_EDGE('',*,*,#3241,.T.);
#1497=ORIENTED_EDGE('',*,*,#3242,.F.);
#1498=ORIENTED_EDGE('',*,*,#3241,.F.);
#1499=ORIENTED_EDGE('',*,*,#3243,.T.);
#1500=ORIENTED_EDGE('',*,*,#3244,.T.);
#1501=ORIENTED_EDGE('',*,*,#3245,.F.);
#1502=ORIENTED_EDGE('',*,*,#3244,.F.);
#1503=ORIENTED_EDGE('',*,*,#3246,.T.);
#1504=ORIENTED_EDGE('',*,*,#3247,.T.);
#1505=ORIENTED_EDGE('',*,*,#3248,.F.);
#1506=ORIENTED_EDGE('',*,*,#3247,.F.);
#1507=ORIENTED_EDGE('',*,*,#3249,.T.);
#1508=ORIENTED_EDGE('',*,*,#3227,.T.);
#1509=ORIENTED_EDGE('',*,*,#2745,.F.);
#1510=ORIENTED_EDGE('',*,*,#3225,.F.);
#1511=ORIENTED_EDGE('',*,*,#3250,.T.);
#1512=ORIENTED_EDGE('',*,*,#3191,.T.);
#1513=ORIENTED_EDGE('',*,*,#3228,.F.);
#1514=ORIENTED_EDGE('',*,*,#3249,.F.);
#1515=ORIENTED_EDGE('',*,*,#3246,.F.);
#1516=ORIENTED_EDGE('',*,*,#3243,.F.);
#1517=ORIENTED_EDGE('',*,*,#3240,.F.);
#1518=ORIENTED_EDGE('',*,*,#3237,.F.);
#1519=ORIENTED_EDGE('',*,*,#3234,.F.);
#1520=ORIENTED_EDGE('',*,*,#3231,.F.);
#1521=ORIENTED_EDGE('',*,*,#3192,.F.);
#1522=ORIENTED_EDGE('',*,*,#3250,.F.);
#1523=ORIENTED_EDGE('',*,*,#3224,.F.);
#1524=ORIENTED_EDGE('',*,*,#3222,.F.);
#1525=ORIENTED_EDGE('',*,*,#3220,.F.);
#1526=ORIENTED_EDGE('',*,*,#3218,.F.);
#1527=ORIENTED_EDGE('',*,*,#3216,.F.);
#1528=ORIENTED_EDGE('',*,*,#3214,.F.);
#1529=ORIENTED_EDGE('',*,*,#3212,.F.);
#1530=ORIENTED_EDGE('',*,*,#3210,.F.);
#1531=ORIENTED_EDGE('',*,*,#3208,.F.);
#1532=ORIENTED_EDGE('',*,*,#3206,.F.);
#1533=ORIENTED_EDGE('',*,*,#3204,.F.);
#1534=ORIENTED_EDGE('',*,*,#3202,.F.);
#1535=ORIENTED_EDGE('',*,*,#3200,.F.);
#1536=ORIENTED_EDGE('',*,*,#3198,.F.);
#1537=ORIENTED_EDGE('',*,*,#3196,.F.);
#1538=ORIENTED_EDGE('',*,*,#3194,.F.);
#1539=ORIENTED_EDGE('',*,*,#3226,.T.);
#1540=ORIENTED_EDGE('',*,*,#3230,.T.);
#1541=ORIENTED_EDGE('',*,*,#3233,.T.);
#1542=ORIENTED_EDGE('',*,*,#3236,.T.);
#1543=ORIENTED_EDGE('',*,*,#3239,.T.);
#1544=ORIENTED_EDGE('',*,*,#3242,.T.);
#1545=ORIENTED_EDGE('',*,*,#3245,.T.);
#1546=ORIENTED_EDGE('',*,*,#3248,.T.);
#1547=ORIENTED_EDGE('',*,*,#2660,.F.);
#1548=ORIENTED_EDGE('',*,*,#3251,.F.);
#1549=ORIENTED_EDGE('',*,*,#3252,.T.);
#1550=ORIENTED_EDGE('',*,*,#3253,.T.);
#1551=ORIENTED_EDGE('',*,*,#2661,.F.);
#1552=ORIENTED_EDGE('',*,*,#3253,.F.);
#1553=ORIENTED_EDGE('',*,*,#3254,.T.);
#1554=ORIENTED_EDGE('',*,*,#3255,.T.);
#1555=ORIENTED_EDGE('',*,*,#2662,.F.);
#1556=ORIENTED_EDGE('',*,*,#3255,.F.);
#1557=ORIENTED_EDGE('',*,*,#3256,.T.);
#1558=ORIENTED_EDGE('',*,*,#3257,.T.);
#1559=ORIENTED_EDGE('',*,*,#2663,.F.);
#1560=ORIENTED_EDGE('',*,*,#3257,.F.);
#1561=ORIENTED_EDGE('',*,*,#3258,.T.);
#1562=ORIENTED_EDGE('',*,*,#3259,.T.);
#1563=ORIENTED_EDGE('',*,*,#2664,.F.);
#1564=ORIENTED_EDGE('',*,*,#3259,.F.);
#1565=ORIENTED_EDGE('',*,*,#3260,.T.);
#1566=ORIENTED_EDGE('',*,*,#3261,.T.);
#1567=ORIENTED_EDGE('',*,*,#2665,.F.);
#1568=ORIENTED_EDGE('',*,*,#3261,.F.);
#1569=ORIENTED_EDGE('',*,*,#3262,.T.);
#1570=ORIENTED_EDGE('',*,*,#3263,.T.);
#1571=ORIENTED_EDGE('',*,*,#2666,.F.);
#1572=ORIENTED_EDGE('',*,*,#3263,.F.);
#1573=ORIENTED_EDGE('',*,*,#3264,.T.);
#1574=ORIENTED_EDGE('',*,*,#3265,.T.);
#1575=ORIENTED_EDGE('',*,*,#3266,.F.);
#1576=ORIENTED_EDGE('',*,*,#3267,.F.);
#1577=ORIENTED_EDGE('',*,*,#3268,.T.);
#1578=ORIENTED_EDGE('',*,*,#3269,.T.);
#1579=ORIENTED_EDGE('',*,*,#3270,.F.);
#1580=ORIENTED_EDGE('',*,*,#3269,.F.);
#1581=ORIENTED_EDGE('',*,*,#3271,.T.);
#1582=ORIENTED_EDGE('',*,*,#3272,.T.);
#1583=ORIENTED_EDGE('',*,*,#3273,.F.);
#1584=ORIENTED_EDGE('',*,*,#3272,.F.);
#1585=ORIENTED_EDGE('',*,*,#3274,.T.);
#1586=ORIENTED_EDGE('',*,*,#3275,.T.);
#1587=ORIENTED_EDGE('',*,*,#3276,.F.);
#1588=ORIENTED_EDGE('',*,*,#3275,.F.);
#1589=ORIENTED_EDGE('',*,*,#3277,.T.);
#1590=ORIENTED_EDGE('',*,*,#3267,.T.);
#1591=ORIENTED_EDGE('',*,*,#2667,.F.);
#1592=ORIENTED_EDGE('',*,*,#3265,.F.);
#1593=ORIENTED_EDGE('',*,*,#3278,.T.);
#1594=ORIENTED_EDGE('',*,*,#3251,.T.);
#1595=ORIENTED_EDGE('',*,*,#3268,.F.);
#1596=ORIENTED_EDGE('',*,*,#3277,.F.);
#1597=ORIENTED_EDGE('',*,*,#3274,.F.);
#1598=ORIENTED_EDGE('',*,*,#3271,.F.);
#1599=ORIENTED_EDGE('',*,*,#3252,.F.);
#1600=ORIENTED_EDGE('',*,*,#3278,.F.);
#1601=ORIENTED_EDGE('',*,*,#3264,.F.);
#1602=ORIENTED_EDGE('',*,*,#3262,.F.);
#1603=ORIENTED_EDGE('',*,*,#3260,.F.);
#1604=ORIENTED_EDGE('',*,*,#3258,.F.);
#1605=ORIENTED_EDGE('',*,*,#3256,.F.);
#1606=ORIENTED_EDGE('',*,*,#3254,.F.);
#1607=ORIENTED_EDGE('',*,*,#3266,.T.);
#1608=ORIENTED_EDGE('',*,*,#3270,.T.);
#1609=ORIENTED_EDGE('',*,*,#3273,.T.);
#1610=ORIENTED_EDGE('',*,*,#3276,.T.);
#1611=ORIENTED_EDGE('',*,*,#3279,.F.);
#1612=ORIENTED_EDGE('',*,*,#3280,.F.);
#1613=ORIENTED_EDGE('',*,*,#3281,.T.);
#1614=ORIENTED_EDGE('',*,*,#3282,.T.);
#1615=ORIENTED_EDGE('',*,*,#3283,.F.);
#1616=ORIENTED_EDGE('',*,*,#3282,.F.);
#1617=ORIENTED_EDGE('',*,*,#3284,.T.);
#1618=ORIENTED_EDGE('',*,*,#3285,.T.);
#1619=ORIENTED_EDGE('',*,*,#3286,.F.);
#1620=ORIENTED_EDGE('',*,*,#3285,.F.);
#1621=ORIENTED_EDGE('',*,*,#3287,.T.);
#1622=ORIENTED_EDGE('',*,*,#3288,.T.);
#1623=ORIENTED_EDGE('',*,*,#3289,.F.);
#1624=ORIENTED_EDGE('',*,*,#3288,.F.);
#1625=ORIENTED_EDGE('',*,*,#3290,.T.);
#1626=ORIENTED_EDGE('',*,*,#3291,.T.);
#1627=ORIENTED_EDGE('',*,*,#3292,.F.);
#1628=ORIENTED_EDGE('',*,*,#3291,.F.);
#1629=ORIENTED_EDGE('',*,*,#3293,.T.);
#1630=ORIENTED_EDGE('',*,*,#3294,.T.);
#1631=ORIENTED_EDGE('',*,*,#3295,.F.);
#1632=ORIENTED_EDGE('',*,*,#3294,.F.);
#1633=ORIENTED_EDGE('',*,*,#3296,.T.);
#1634=ORIENTED_EDGE('',*,*,#3297,.T.);
#1635=ORIENTED_EDGE('',*,*,#2746,.F.);
#1636=ORIENTED_EDGE('',*,*,#3298,.F.);
#1637=ORIENTED_EDGE('',*,*,#3299,.T.);
#1638=ORIENTED_EDGE('',*,*,#3300,.T.);
#1639=ORIENTED_EDGE('',*,*,#2747,.F.);
#1640=ORIENTED_EDGE('',*,*,#3300,.F.);
#1641=ORIENTED_EDGE('',*,*,#3301,.T.);
#1642=ORIENTED_EDGE('',*,*,#3302,.T.);
#1643=ORIENTED_EDGE('',*,*,#2748,.F.);
#1644=ORIENTED_EDGE('',*,*,#3302,.F.);
#1645=ORIENTED_EDGE('',*,*,#3303,.T.);
#1646=ORIENTED_EDGE('',*,*,#3304,.T.);
#1647=ORIENTED_EDGE('',*,*,#2749,.F.);
#1648=ORIENTED_EDGE('',*,*,#3304,.F.);
#1649=ORIENTED_EDGE('',*,*,#3305,.T.);
#1650=ORIENTED_EDGE('',*,*,#3306,.T.);
#1651=ORIENTED_EDGE('',*,*,#2750,.F.);
#1652=ORIENTED_EDGE('',*,*,#3306,.F.);
#1653=ORIENTED_EDGE('',*,*,#3307,.T.);
#1654=ORIENTED_EDGE('',*,*,#3308,.T.);
#1655=ORIENTED_EDGE('',*,*,#2751,.F.);
#1656=ORIENTED_EDGE('',*,*,#3308,.F.);
#1657=ORIENTED_EDGE('',*,*,#3309,.T.);
#1658=ORIENTED_EDGE('',*,*,#3310,.T.);
#1659=ORIENTED_EDGE('',*,*,#2752,.F.);
#1660=ORIENTED_EDGE('',*,*,#3310,.F.);
#1661=ORIENTED_EDGE('',*,*,#3311,.T.);
#1662=ORIENTED_EDGE('',*,*,#3312,.T.);
#1663=ORIENTED_EDGE('',*,*,#2753,.F.);
#1664=ORIENTED_EDGE('',*,*,#3312,.F.);
#1665=ORIENTED_EDGE('',*,*,#3313,.T.);
#1666=ORIENTED_EDGE('',*,*,#3314,.T.);
#1667=ORIENTED_EDGE('',*,*,#2754,.F.);
#1668=ORIENTED_EDGE('',*,*,#3314,.F.);
#1669=ORIENTED_EDGE('',*,*,#3315,.T.);
#1670=ORIENTED_EDGE('',*,*,#3316,.T.);
#1671=ORIENTED_EDGE('',*,*,#2755,.F.);
#1672=ORIENTED_EDGE('',*,*,#3316,.F.);
#1673=ORIENTED_EDGE('',*,*,#3317,.T.);
#1674=ORIENTED_EDGE('',*,*,#3318,.T.);
#1675=ORIENTED_EDGE('',*,*,#2756,.F.);
#1676=ORIENTED_EDGE('',*,*,#3318,.F.);
#1677=ORIENTED_EDGE('',*,*,#3319,.T.);
#1678=ORIENTED_EDGE('',*,*,#3320,.T.);
#1679=ORIENTED_EDGE('',*,*,#2757,.F.);
#1680=ORIENTED_EDGE('',*,*,#3320,.F.);
#1681=ORIENTED_EDGE('',*,*,#3321,.T.);
#1682=ORIENTED_EDGE('',*,*,#3298,.T.);
#1683=ORIENTED_EDGE('',*,*,#3322,.F.);
#1684=ORIENTED_EDGE('',*,*,#3297,.F.);
#1685=ORIENTED_EDGE('',*,*,#3323,.T.);
#1686=ORIENTED_EDGE('',*,*,#3280,.T.);
#1687=ORIENTED_EDGE('',*,*,#3299,.F.);
#1688=ORIENTED_EDGE('',*,*,#3321,.F.);
#1689=ORIENTED_EDGE('',*,*,#3319,.F.);
#1690=ORIENTED_EDGE('',*,*,#3317,.F.);
#1691=ORIENTED_EDGE('',*,*,#3315,.F.);
#1692=ORIENTED_EDGE('',*,*,#3313,.F.);
#1693=ORIENTED_EDGE('',*,*,#3311,.F.);
#1694=ORIENTED_EDGE('',*,*,#3309,.F.);
#1695=ORIENTED_EDGE('',*,*,#3307,.F.);
#1696=ORIENTED_EDGE('',*,*,#3305,.F.);
#1697=ORIENTED_EDGE('',*,*,#3303,.F.);
#1698=ORIENTED_EDGE('',*,*,#3301,.F.);
#1699=ORIENTED_EDGE('',*,*,#3281,.F.);
#1700=ORIENTED_EDGE('',*,*,#3323,.F.);
#1701=ORIENTED_EDGE('',*,*,#3296,.F.);
#1702=ORIENTED_EDGE('',*,*,#3293,.F.);
#1703=ORIENTED_EDGE('',*,*,#3290,.F.);
#1704=ORIENTED_EDGE('',*,*,#3287,.F.);
#1705=ORIENTED_EDGE('',*,*,#3284,.F.);
#1706=ORIENTED_EDGE('',*,*,#2652,.F.);
#1707=ORIENTED_EDGE('',*,*,#3324,.F.);
#1708=ORIENTED_EDGE('',*,*,#3325,.T.);
#1709=ORIENTED_EDGE('',*,*,#3326,.T.);
#1710=ORIENTED_EDGE('',*,*,#2653,.F.);
#1711=ORIENTED_EDGE('',*,*,#3326,.F.);
#1712=ORIENTED_EDGE('',*,*,#3327,.T.);
#1713=ORIENTED_EDGE('',*,*,#3328,.T.);
#1714=ORIENTED_EDGE('',*,*,#2654,.F.);
#1715=ORIENTED_EDGE('',*,*,#3328,.F.);
#1716=ORIENTED_EDGE('',*,*,#3329,.T.);
#1717=ORIENTED_EDGE('',*,*,#3330,.T.);
#1718=ORIENTED_EDGE('',*,*,#2655,.F.);
#1719=ORIENTED_EDGE('',*,*,#3330,.F.);
#1720=ORIENTED_EDGE('',*,*,#3331,.T.);
#1721=ORIENTED_EDGE('',*,*,#3332,.T.);
#1722=ORIENTED_EDGE('',*,*,#2656,.F.);
#1723=ORIENTED_EDGE('',*,*,#3332,.F.);
#1724=ORIENTED_EDGE('',*,*,#3333,.T.);
#1725=ORIENTED_EDGE('',*,*,#3334,.T.);
#1726=ORIENTED_EDGE('',*,*,#2657,.F.);
#1727=ORIENTED_EDGE('',*,*,#3334,.F.);
#1728=ORIENTED_EDGE('',*,*,#3335,.T.);
#1729=ORIENTED_EDGE('',*,*,#3336,.T.);
#1730=ORIENTED_EDGE('',*,*,#2658,.F.);
#1731=ORIENTED_EDGE('',*,*,#3336,.F.);
#1732=ORIENTED_EDGE('',*,*,#3337,.T.);
#1733=ORIENTED_EDGE('',*,*,#3338,.T.);
#1734=ORIENTED_EDGE('',*,*,#3339,.F.);
#1735=ORIENTED_EDGE('',*,*,#3340,.F.);
#1736=ORIENTED_EDGE('',*,*,#3341,.T.);
#1737=ORIENTED_EDGE('',*,*,#3342,.T.);
#1738=ORIENTED_EDGE('',*,*,#3343,.F.);
#1739=ORIENTED_EDGE('',*,*,#3342,.F.);
#1740=ORIENTED_EDGE('',*,*,#3344,.T.);
#1741=ORIENTED_EDGE('',*,*,#3345,.T.);
#1742=ORIENTED_EDGE('',*,*,#3346,.F.);
#1743=ORIENTED_EDGE('',*,*,#3345,.F.);
#1744=ORIENTED_EDGE('',*,*,#3347,.T.);
#1745=ORIENTED_EDGE('',*,*,#3348,.T.);
#1746=ORIENTED_EDGE('',*,*,#3349,.F.);
#1747=ORIENTED_EDGE('',*,*,#3348,.F.);
#1748=ORIENTED_EDGE('',*,*,#3350,.T.);
#1749=ORIENTED_EDGE('',*,*,#3351,.T.);
#1750=ORIENTED_EDGE('',*,*,#3352,.F.);
#1751=ORIENTED_EDGE('',*,*,#3351,.F.);
#1752=ORIENTED_EDGE('',*,*,#3353,.T.);
#1753=ORIENTED_EDGE('',*,*,#3354,.T.);
#1754=ORIENTED_EDGE('',*,*,#3355,.F.);
#1755=ORIENTED_EDGE('',*,*,#3354,.F.);
#1756=ORIENTED_EDGE('',*,*,#3356,.T.);
#1757=ORIENTED_EDGE('',*,*,#3340,.T.);
#1758=ORIENTED_EDGE('',*,*,#2659,.F.);
#1759=ORIENTED_EDGE('',*,*,#3338,.F.);
#1760=ORIENTED_EDGE('',*,*,#3357,.T.);
#1761=ORIENTED_EDGE('',*,*,#3324,.T.);
#1762=ORIENTED_EDGE('',*,*,#3341,.F.);
#1763=ORIENTED_EDGE('',*,*,#3356,.F.);
#1764=ORIENTED_EDGE('',*,*,#3353,.F.);
#1765=ORIENTED_EDGE('',*,*,#3350,.F.);
#1766=ORIENTED_EDGE('',*,*,#3347,.F.);
#1767=ORIENTED_EDGE('',*,*,#3344,.F.);
#1768=ORIENTED_EDGE('',*,*,#3325,.F.);
#1769=ORIENTED_EDGE('',*,*,#3357,.F.);
#1770=ORIENTED_EDGE('',*,*,#3337,.F.);
#1771=ORIENTED_EDGE('',*,*,#3335,.F.);
#1772=ORIENTED_EDGE('',*,*,#3333,.F.);
#1773=ORIENTED_EDGE('',*,*,#3331,.F.);
#1774=ORIENTED_EDGE('',*,*,#3329,.F.);
#1775=ORIENTED_EDGE('',*,*,#3327,.F.);
#1776=ORIENTED_EDGE('',*,*,#3339,.T.);
#1777=ORIENTED_EDGE('',*,*,#3343,.T.);
#1778=ORIENTED_EDGE('',*,*,#3346,.T.);
#1779=ORIENTED_EDGE('',*,*,#3349,.T.);
#1780=ORIENTED_EDGE('',*,*,#3352,.T.);
#1781=ORIENTED_EDGE('',*,*,#3355,.T.);
#1782=ORIENTED_EDGE('',*,*,#2758,.F.);
#1783=ORIENTED_EDGE('',*,*,#3358,.F.);
#1784=ORIENTED_EDGE('',*,*,#3359,.T.);
#1785=ORIENTED_EDGE('',*,*,#3360,.T.);
#1786=ORIENTED_EDGE('',*,*,#2759,.F.);
#1787=ORIENTED_EDGE('',*,*,#3360,.F.);
#1788=ORIENTED_EDGE('',*,*,#3361,.T.);
#1789=ORIENTED_EDGE('',*,*,#3362,.T.);
#1790=ORIENTED_EDGE('',*,*,#2760,.F.);
#1791=ORIENTED_EDGE('',*,*,#3362,.F.);
#1792=ORIENTED_EDGE('',*,*,#3363,.T.);
#1793=ORIENTED_EDGE('',*,*,#3364,.T.);
#1794=ORIENTED_EDGE('',*,*,#2761,.F.);
#1795=ORIENTED_EDGE('',*,*,#3364,.F.);
#1796=ORIENTED_EDGE('',*,*,#3365,.T.);
#1797=ORIENTED_EDGE('',*,*,#3366,.T.);
#1798=ORIENTED_EDGE('',*,*,#2762,.F.);
#1799=ORIENTED_EDGE('',*,*,#3366,.F.);
#1800=ORIENTED_EDGE('',*,*,#3367,.T.);
#1801=ORIENTED_EDGE('',*,*,#3368,.T.);
#1802=ORIENTED_EDGE('',*,*,#2763,.F.);
#1803=ORIENTED_EDGE('',*,*,#3368,.F.);
#1804=ORIENTED_EDGE('',*,*,#3369,.T.);
#1805=ORIENTED_EDGE('',*,*,#3370,.T.);
#1806=ORIENTED_EDGE('',*,*,#2764,.F.);
#1807=ORIENTED_EDGE('',*,*,#3370,.F.);
#1808=ORIENTED_EDGE('',*,*,#3371,.T.);
#1809=ORIENTED_EDGE('',*,*,#3372,.T.);
#1810=ORIENTED_EDGE('',*,*,#2765,.F.);
#1811=ORIENTED_EDGE('',*,*,#3372,.F.);
#1812=ORIENTED_EDGE('',*,*,#3373,.T.);
#1813=ORIENTED_EDGE('',*,*,#3374,.T.);
#1814=ORIENTED_EDGE('',*,*,#2766,.F.);
#1815=ORIENTED_EDGE('',*,*,#3374,.F.);
#1816=ORIENTED_EDGE('',*,*,#3375,.T.);
#1817=ORIENTED_EDGE('',*,*,#3376,.T.);
#1818=ORIENTED_EDGE('',*,*,#2767,.F.);
#1819=ORIENTED_EDGE('',*,*,#3376,.F.);
#1820=ORIENTED_EDGE('',*,*,#3377,.T.);
#1821=ORIENTED_EDGE('',*,*,#3378,.T.);
#1822=ORIENTED_EDGE('',*,*,#2768,.F.);
#1823=ORIENTED_EDGE('',*,*,#3378,.F.);
#1824=ORIENTED_EDGE('',*,*,#3379,.T.);
#1825=ORIENTED_EDGE('',*,*,#3380,.T.);
#1826=ORIENTED_EDGE('',*,*,#3381,.F.);
#1827=ORIENTED_EDGE('',*,*,#3382,.F.);
#1828=ORIENTED_EDGE('',*,*,#3383,.T.);
#1829=ORIENTED_EDGE('',*,*,#3384,.T.);
#1830=ORIENTED_EDGE('',*,*,#3385,.F.);
#1831=ORIENTED_EDGE('',*,*,#3384,.F.);
#1832=ORIENTED_EDGE('',*,*,#3386,.T.);
#1833=ORIENTED_EDGE('',*,*,#3387,.T.);
#1834=ORIENTED_EDGE('',*,*,#3388,.F.);
#1835=ORIENTED_EDGE('',*,*,#3387,.F.);
#1836=ORIENTED_EDGE('',*,*,#3389,.T.);
#1837=ORIENTED_EDGE('',*,*,#3390,.T.);
#1838=ORIENTED_EDGE('',*,*,#3391,.F.);
#1839=ORIENTED_EDGE('',*,*,#3390,.F.);
#1840=ORIENTED_EDGE('',*,*,#3392,.T.);
#1841=ORIENTED_EDGE('',*,*,#3393,.T.);
#1842=ORIENTED_EDGE('',*,*,#3394,.F.);
#1843=ORIENTED_EDGE('',*,*,#3393,.F.);
#1844=ORIENTED_EDGE('',*,*,#3395,.T.);
#1845=ORIENTED_EDGE('',*,*,#3396,.T.);
#1846=ORIENTED_EDGE('',*,*,#3397,.F.);
#1847=ORIENTED_EDGE('',*,*,#3398,.F.);
#1848=ORIENTED_EDGE('',*,*,#3399,.T.);
#1849=ORIENTED_EDGE('',*,*,#3400,.T.);
#1850=ORIENTED_EDGE('',*,*,#3401,.F.);
#1851=ORIENTED_EDGE('',*,*,#3400,.F.);
#1852=ORIENTED_EDGE('',*,*,#3402,.T.);
#1853=ORIENTED_EDGE('',*,*,#3403,.T.);
#1854=ORIENTED_EDGE('',*,*,#3404,.F.);
#1855=ORIENTED_EDGE('',*,*,#3403,.F.);
#1856=ORIENTED_EDGE('',*,*,#3405,.T.);
#1857=ORIENTED_EDGE('',*,*,#3406,.T.);
#1858=ORIENTED_EDGE('',*,*,#3407,.F.);
#1859=ORIENTED_EDGE('',*,*,#3406,.F.);
#1860=ORIENTED_EDGE('',*,*,#3408,.T.);
#1861=ORIENTED_EDGE('',*,*,#3409,.T.);
#1862=ORIENTED_EDGE('',*,*,#3410,.F.);
#1863=ORIENTED_EDGE('',*,*,#3409,.F.);
#1864=ORIENTED_EDGE('',*,*,#3411,.T.);
#1865=ORIENTED_EDGE('',*,*,#3412,.T.);
#1866=ORIENTED_EDGE('',*,*,#3413,.F.);
#1867=ORIENTED_EDGE('',*,*,#3412,.F.);
#1868=ORIENTED_EDGE('',*,*,#3414,.T.);
#1869=ORIENTED_EDGE('',*,*,#3415,.T.);
#1870=ORIENTED_EDGE('',*,*,#3416,.F.);
#1871=ORIENTED_EDGE('',*,*,#3396,.F.);
#1872=ORIENTED_EDGE('',*,*,#3417,.T.);
#1873=ORIENTED_EDGE('',*,*,#3382,.T.);
#1874=ORIENTED_EDGE('',*,*,#3418,.F.);
#1875=ORIENTED_EDGE('',*,*,#3415,.F.);
#1876=ORIENTED_EDGE('',*,*,#3419,.T.);
#1877=ORIENTED_EDGE('',*,*,#3398,.T.);
#1878=ORIENTED_EDGE('',*,*,#2769,.F.);
#1879=ORIENTED_EDGE('',*,*,#3380,.F.);
#1880=ORIENTED_EDGE('',*,*,#3420,.T.);
#1881=ORIENTED_EDGE('',*,*,#3358,.T.);
#1882=ORIENTED_EDGE('',*,*,#3399,.F.);
#1883=ORIENTED_EDGE('',*,*,#3419,.F.);
#1884=ORIENTED_EDGE('',*,*,#3414,.F.);
#1885=ORIENTED_EDGE('',*,*,#3411,.F.);
#1886=ORIENTED_EDGE('',*,*,#3408,.F.);
#1887=ORIENTED_EDGE('',*,*,#3405,.F.);
#1888=ORIENTED_EDGE('',*,*,#3402,.F.);
#1889=ORIENTED_EDGE('',*,*,#3383,.F.);
#1890=ORIENTED_EDGE('',*,*,#3417,.F.);
#1891=ORIENTED_EDGE('',*,*,#3395,.F.);
#1892=ORIENTED_EDGE('',*,*,#3392,.F.);
#1893=ORIENTED_EDGE('',*,*,#3389,.F.);
#1894=ORIENTED_EDGE('',*,*,#3386,.F.);
#1895=ORIENTED_EDGE('',*,*,#3359,.F.);
#1896=ORIENTED_EDGE('',*,*,#3420,.F.);
#1897=ORIENTED_EDGE('',*,*,#3379,.F.);
#1898=ORIENTED_EDGE('',*,*,#3377,.F.);
#1899=ORIENTED_EDGE('',*,*,#3375,.F.);
#1900=ORIENTED_EDGE('',*,*,#3373,.F.);
#1901=ORIENTED_EDGE('',*,*,#3371,.F.);
#1902=ORIENTED_EDGE('',*,*,#3369,.F.);
#1903=ORIENTED_EDGE('',*,*,#3367,.F.);
#1904=ORIENTED_EDGE('',*,*,#3365,.F.);
#1905=ORIENTED_EDGE('',*,*,#3363,.F.);
#1906=ORIENTED_EDGE('',*,*,#3361,.F.);
#1907=ORIENTED_EDGE('',*,*,#3397,.T.);
#1908=ORIENTED_EDGE('',*,*,#3401,.T.);
#1909=ORIENTED_EDGE('',*,*,#3404,.T.);
#1910=ORIENTED_EDGE('',*,*,#3407,.T.);
#1911=ORIENTED_EDGE('',*,*,#3410,.T.);
#1912=ORIENTED_EDGE('',*,*,#3413,.T.);
#1913=ORIENTED_EDGE('',*,*,#3418,.T.);
#1914=ORIENTED_EDGE('',*,*,#3381,.T.);
#1915=ORIENTED_EDGE('',*,*,#3385,.T.);
#1916=ORIENTED_EDGE('',*,*,#3388,.T.);
#1917=ORIENTED_EDGE('',*,*,#3391,.T.);
#1918=ORIENTED_EDGE('',*,*,#3394,.T.);
#1919=ORIENTED_EDGE('',*,*,#3416,.T.);
#1920=ORIENTED_EDGE('',*,*,#2643,.F.);
#1921=ORIENTED_EDGE('',*,*,#3421,.F.);
#1922=ORIENTED_EDGE('',*,*,#3422,.T.);
#1923=ORIENTED_EDGE('',*,*,#3423,.T.);
#1924=ORIENTED_EDGE('',*,*,#2644,.F.);
#1925=ORIENTED_EDGE('',*,*,#3423,.F.);
#1926=ORIENTED_EDGE('',*,*,#3424,.T.);
#1927=ORIENTED_EDGE('',*,*,#3425,.T.);
#1928=ORIENTED_EDGE('',*,*,#2645,.F.);
#1929=ORIENTED_EDGE('',*,*,#3425,.F.);
#1930=ORIENTED_EDGE('',*,*,#3426,.T.);
#1931=ORIENTED_EDGE('',*,*,#3427,.T.);
#1932=ORIENTED_EDGE('',*,*,#2646,.F.);
#1933=ORIENTED_EDGE('',*,*,#3427,.F.);
#1934=ORIENTED_EDGE('',*,*,#3428,.T.);
#1935=ORIENTED_EDGE('',*,*,#3429,.T.);
#1936=ORIENTED_EDGE('',*,*,#2647,.F.);
#1937=ORIENTED_EDGE('',*,*,#3429,.F.);
#1938=ORIENTED_EDGE('',*,*,#3430,.T.);
#1939=ORIENTED_EDGE('',*,*,#3431,.T.);
#1940=ORIENTED_EDGE('',*,*,#2648,.F.);
#1941=ORIENTED_EDGE('',*,*,#3431,.F.);
#1942=ORIENTED_EDGE('',*,*,#3432,.T.);
#1943=ORIENTED_EDGE('',*,*,#3433,.T.);
#1944=ORIENTED_EDGE('',*,*,#2649,.F.);
#1945=ORIENTED_EDGE('',*,*,#3433,.F.);
#1946=ORIENTED_EDGE('',*,*,#3434,.T.);
#1947=ORIENTED_EDGE('',*,*,#3435,.T.);
#1948=ORIENTED_EDGE('',*,*,#2650,.F.);
#1949=ORIENTED_EDGE('',*,*,#3435,.F.);
#1950=ORIENTED_EDGE('',*,*,#3436,.T.);
#1951=ORIENTED_EDGE('',*,*,#3437,.T.);
#1952=ORIENTED_EDGE('',*,*,#2651,.F.);
#1953=ORIENTED_EDGE('',*,*,#3437,.F.);
#1954=ORIENTED_EDGE('',*,*,#3438,.T.);
#1955=ORIENTED_EDGE('',*,*,#3421,.T.);
#1956=ORIENTED_EDGE('',*,*,#3422,.F.);
#1957=ORIENTED_EDGE('',*,*,#3438,.F.);
#1958=ORIENTED_EDGE('',*,*,#3436,.F.);
#1959=ORIENTED_EDGE('',*,*,#3434,.F.);
#1960=ORIENTED_EDGE('',*,*,#3432,.F.);
#1961=ORIENTED_EDGE('',*,*,#3430,.F.);
#1962=ORIENTED_EDGE('',*,*,#3428,.F.);
#1963=ORIENTED_EDGE('',*,*,#3426,.F.);
#1964=ORIENTED_EDGE('',*,*,#3424,.F.);
#1965=ORIENTED_EDGE('',*,*,#2770,.F.);
#1966=ORIENTED_EDGE('',*,*,#3439,.F.);
#1967=ORIENTED_EDGE('',*,*,#3440,.T.);
#1968=ORIENTED_EDGE('',*,*,#3441,.T.);
#1969=ORIENTED_EDGE('',*,*,#2771,.F.);
#1970=ORIENTED_EDGE('',*,*,#3441,.F.);
#1971=ORIENTED_EDGE('',*,*,#3442,.T.);
#1972=ORIENTED_EDGE('',*,*,#3443,.T.);
#1973=ORIENTED_EDGE('',*,*,#2772,.F.);
#1974=ORIENTED_EDGE('',*,*,#3443,.F.);
#1975=ORIENTED_EDGE('',*,*,#3444,.T.);
#1976=ORIENTED_EDGE('',*,*,#3445,.T.);
#1977=ORIENTED_EDGE('',*,*,#2773,.F.);
#1978=ORIENTED_EDGE('',*,*,#3445,.F.);
#1979=ORIENTED_EDGE('',*,*,#3446,.T.);
#1980=ORIENTED_EDGE('',*,*,#3447,.T.);
#1981=ORIENTED_EDGE('',*,*,#2774,.F.);
#1982=ORIENTED_EDGE('',*,*,#3447,.F.);
#1983=ORIENTED_EDGE('',*,*,#3448,.T.);
#1984=ORIENTED_EDGE('',*,*,#3449,.T.);
#1985=ORIENTED_EDGE('',*,*,#2775,.F.);
#1986=ORIENTED_EDGE('',*,*,#3449,.F.);
#1987=ORIENTED_EDGE('',*,*,#3450,.T.);
#1988=ORIENTED_EDGE('',*,*,#3439,.T.);
#1989=ORIENTED_EDGE('',*,*,#3440,.F.);
#1990=ORIENTED_EDGE('',*,*,#3450,.F.);
#1991=ORIENTED_EDGE('',*,*,#3448,.F.);
#1992=ORIENTED_EDGE('',*,*,#3446,.F.);
#1993=ORIENTED_EDGE('',*,*,#3444,.F.);
#1994=ORIENTED_EDGE('',*,*,#3442,.F.);
#1995=ORIENTED_EDGE('',*,*,#2629,.F.);
#1996=ORIENTED_EDGE('',*,*,#3451,.F.);
#1997=ORIENTED_EDGE('',*,*,#3452,.T.);
#1998=ORIENTED_EDGE('',*,*,#3453,.T.);
#1999=ORIENTED_EDGE('',*,*,#2630,.F.);
#2000=ORIENTED_EDGE('',*,*,#3453,.F.);
#2001=ORIENTED_EDGE('',*,*,#3454,.T.);
#2002=ORIENTED_EDGE('',*,*,#3455,.T.);
#2003=ORIENTED_EDGE('',*,*,#2631,.F.);
#2004=ORIENTED_EDGE('',*,*,#3455,.F.);
#2005=ORIENTED_EDGE('',*,*,#3456,.T.);
#2006=ORIENTED_EDGE('',*,*,#3457,.T.);
#2007=ORIENTED_EDGE('',*,*,#2632,.F.);
#2008=ORIENTED_EDGE('',*,*,#3457,.F.);
#2009=ORIENTED_EDGE('',*,*,#3458,.T.);
#2010=ORIENTED_EDGE('',*,*,#3459,.T.);
#2011=ORIENTED_EDGE('',*,*,#2633,.F.);
#2012=ORIENTED_EDGE('',*,*,#3459,.F.);
#2013=ORIENTED_EDGE('',*,*,#3460,.T.);
#2014=ORIENTED_EDGE('',*,*,#3461,.T.);
#2015=ORIENTED_EDGE('',*,*,#2634,.F.);
#2016=ORIENTED_EDGE('',*,*,#3461,.F.);
#2017=ORIENTED_EDGE('',*,*,#3462,.T.);
#2018=ORIENTED_EDGE('',*,*,#3463,.T.);
#2019=ORIENTED_EDGE('',*,*,#2635,.F.);
#2020=ORIENTED_EDGE('',*,*,#3463,.F.);
#2021=ORIENTED_EDGE('',*,*,#3464,.T.);
#2022=ORIENTED_EDGE('',*,*,#3465,.T.);
#2023=ORIENTED_EDGE('',*,*,#2636,.F.);
#2024=ORIENTED_EDGE('',*,*,#3465,.F.);
#2025=ORIENTED_EDGE('',*,*,#3466,.T.);
#2026=ORIENTED_EDGE('',*,*,#3467,.T.);
#2027=ORIENTED_EDGE('',*,*,#2637,.F.);
#2028=ORIENTED_EDGE('',*,*,#3467,.F.);
#2029=ORIENTED_EDGE('',*,*,#3468,.T.);
#2030=ORIENTED_EDGE('',*,*,#3469,.T.);
#2031=ORIENTED_EDGE('',*,*,#2638,.F.);
#2032=ORIENTED_EDGE('',*,*,#3469,.F.);
#2033=ORIENTED_EDGE('',*,*,#3470,.T.);
#2034=ORIENTED_EDGE('',*,*,#3471,.T.);
#2035=ORIENTED_EDGE('',*,*,#2639,.F.);
#2036=ORIENTED_EDGE('',*,*,#3471,.F.);
#2037=ORIENTED_EDGE('',*,*,#3472,.T.);
#2038=ORIENTED_EDGE('',*,*,#3473,.T.);
#2039=ORIENTED_EDGE('',*,*,#2640,.F.);
#2040=ORIENTED_EDGE('',*,*,#3473,.F.);
#2041=ORIENTED_EDGE('',*,*,#3474,.T.);
#2042=ORIENTED_EDGE('',*,*,#3475,.T.);
#2043=ORIENTED_EDGE('',*,*,#2641,.F.);
#2044=ORIENTED_EDGE('',*,*,#3475,.F.);
#2045=ORIENTED_EDGE('',*,*,#3476,.T.);
#2046=ORIENTED_EDGE('',*,*,#3477,.T.);
#2047=ORIENTED_EDGE('',*,*,#2642,.F.);
#2048=ORIENTED_EDGE('',*,*,#3477,.F.);
#2049=ORIENTED_EDGE('',*,*,#3478,.T.);
#2050=ORIENTED_EDGE('',*,*,#3451,.T.);
#2051=ORIENTED_EDGE('',*,*,#3452,.F.);
#2052=ORIENTED_EDGE('',*,*,#3478,.F.);
#2053=ORIENTED_EDGE('',*,*,#3476,.F.);
#2054=ORIENTED_EDGE('',*,*,#3474,.F.);
#2055=ORIENTED_EDGE('',*,*,#3472,.F.);
#2056=ORIENTED_EDGE('',*,*,#3470,.F.);
#2057=ORIENTED_EDGE('',*,*,#3468,.F.);
#2058=ORIENTED_EDGE('',*,*,#3466,.F.);
#2059=ORIENTED_EDGE('',*,*,#3464,.F.);
#2060=ORIENTED_EDGE('',*,*,#3462,.F.);
#2061=ORIENTED_EDGE('',*,*,#3460,.F.);
#2062=ORIENTED_EDGE('',*,*,#3458,.F.);
#2063=ORIENTED_EDGE('',*,*,#3456,.F.);
#2064=ORIENTED_EDGE('',*,*,#3454,.F.);
#2065=ORIENTED_EDGE('',*,*,#2776,.F.);
#2066=ORIENTED_EDGE('',*,*,#3479,.F.);
#2067=ORIENTED_EDGE('',*,*,#3480,.T.);
#2068=ORIENTED_EDGE('',*,*,#3481,.T.);
#2069=ORIENTED_EDGE('',*,*,#2777,.F.);
#2070=ORIENTED_EDGE('',*,*,#3481,.F.);
#2071=ORIENTED_EDGE('',*,*,#3482,.T.);
#2072=ORIENTED_EDGE('',*,*,#3483,.T.);
#2073=ORIENTED_EDGE('',*,*,#2778,.F.);
#2074=ORIENTED_EDGE('',*,*,#3483,.F.);
#2075=ORIENTED_EDGE('',*,*,#3484,.T.);
#2076=ORIENTED_EDGE('',*,*,#3485,.T.);
#2077=ORIENTED_EDGE('',*,*,#2779,.F.);
#2078=ORIENTED_EDGE('',*,*,#3485,.F.);
#2079=ORIENTED_EDGE('',*,*,#3486,.T.);
#2080=ORIENTED_EDGE('',*,*,#3487,.T.);
#2081=ORIENTED_EDGE('',*,*,#2780,.F.);
#2082=ORIENTED_EDGE('',*,*,#3487,.F.);
#2083=ORIENTED_EDGE('',*,*,#3488,.T.);
#2084=ORIENTED_EDGE('',*,*,#3489,.T.);
#2085=ORIENTED_EDGE('',*,*,#2781,.F.);
#2086=ORIENTED_EDGE('',*,*,#3489,.F.);
#2087=ORIENTED_EDGE('',*,*,#3490,.T.);
#2088=ORIENTED_EDGE('',*,*,#3491,.T.);
#2089=ORIENTED_EDGE('',*,*,#2782,.F.);
#2090=ORIENTED_EDGE('',*,*,#3491,.F.);
#2091=ORIENTED_EDGE('',*,*,#3492,.T.);
#2092=ORIENTED_EDGE('',*,*,#3493,.T.);
#2093=ORIENTED_EDGE('',*,*,#2783,.F.);
#2094=ORIENTED_EDGE('',*,*,#3493,.F.);
#2095=ORIENTED_EDGE('',*,*,#3494,.T.);
#2096=ORIENTED_EDGE('',*,*,#3495,.T.);
#2097=ORIENTED_EDGE('',*,*,#2784,.F.);
#2098=ORIENTED_EDGE('',*,*,#3495,.F.);
#2099=ORIENTED_EDGE('',*,*,#3496,.T.);
#2100=ORIENTED_EDGE('',*,*,#3479,.T.);
#2101=ORIENTED_EDGE('',*,*,#3480,.F.);
#2102=ORIENTED_EDGE('',*,*,#3496,.F.);
#2103=ORIENTED_EDGE('',*,*,#3494,.F.);
#2104=ORIENTED_EDGE('',*,*,#3492,.F.);
#2105=ORIENTED_EDGE('',*,*,#3490,.F.);
#2106=ORIENTED_EDGE('',*,*,#3488,.F.);
#2107=ORIENTED_EDGE('',*,*,#3486,.F.);
#2108=ORIENTED_EDGE('',*,*,#3484,.F.);
#2109=ORIENTED_EDGE('',*,*,#3482,.F.);
#2110=ORIENTED_EDGE('',*,*,#2617,.F.);
#2111=ORIENTED_EDGE('',*,*,#3497,.F.);
#2112=ORIENTED_EDGE('',*,*,#3498,.T.);
#2113=ORIENTED_EDGE('',*,*,#3499,.T.);
#2114=ORIENTED_EDGE('',*,*,#2618,.F.);
#2115=ORIENTED_EDGE('',*,*,#3499,.F.);
#2116=ORIENTED_EDGE('',*,*,#3500,.T.);
#2117=ORIENTED_EDGE('',*,*,#3501,.T.);
#2118=ORIENTED_EDGE('',*,*,#2619,.F.);
#2119=ORIENTED_EDGE('',*,*,#3501,.F.);
#2120=ORIENTED_EDGE('',*,*,#3502,.T.);
#2121=ORIENTED_EDGE('',*,*,#3503,.T.);
#2122=ORIENTED_EDGE('',*,*,#2620,.F.);
#2123=ORIENTED_EDGE('',*,*,#3503,.F.);
#2124=ORIENTED_EDGE('',*,*,#3504,.T.);
#2125=ORIENTED_EDGE('',*,*,#3505,.T.);
#2126=ORIENTED_EDGE('',*,*,#2621,.F.);
#2127=ORIENTED_EDGE('',*,*,#3505,.F.);
#2128=ORIENTED_EDGE('',*,*,#3506,.T.);
#2129=ORIENTED_EDGE('',*,*,#3507,.T.);
#2130=ORIENTED_EDGE('',*,*,#2622,.F.);
#2131=ORIENTED_EDGE('',*,*,#3507,.F.);
#2132=ORIENTED_EDGE('',*,*,#3508,.T.);
#2133=ORIENTED_EDGE('',*,*,#3509,.T.);
#2134=ORIENTED_EDGE('',*,*,#2623,.F.);
#2135=ORIENTED_EDGE('',*,*,#3509,.F.);
#2136=ORIENTED_EDGE('',*,*,#3510,.T.);
#2137=ORIENTED_EDGE('',*,*,#3511,.T.);
#2138=ORIENTED_EDGE('',*,*,#2624,.F.);
#2139=ORIENTED_EDGE('',*,*,#3511,.F.);
#2140=ORIENTED_EDGE('',*,*,#3512,.T.);
#2141=ORIENTED_EDGE('',*,*,#3513,.T.);
#2142=ORIENTED_EDGE('',*,*,#2625,.F.);
#2143=ORIENTED_EDGE('',*,*,#3513,.F.);
#2144=ORIENTED_EDGE('',*,*,#3514,.T.);
#2145=ORIENTED_EDGE('',*,*,#3515,.T.);
#2146=ORIENTED_EDGE('',*,*,#2626,.F.);
#2147=ORIENTED_EDGE('',*,*,#3515,.F.);
#2148=ORIENTED_EDGE('',*,*,#3516,.T.);
#2149=ORIENTED_EDGE('',*,*,#3517,.T.);
#2150=ORIENTED_EDGE('',*,*,#2627,.F.);
#2151=ORIENTED_EDGE('',*,*,#3517,.F.);
#2152=ORIENTED_EDGE('',*,*,#3518,.T.);
#2153=ORIENTED_EDGE('',*,*,#3519,.T.);
#2154=ORIENTED_EDGE('',*,*,#2628,.F.);
#2155=ORIENTED_EDGE('',*,*,#3519,.F.);
#2156=ORIENTED_EDGE('',*,*,#3520,.T.);
#2157=ORIENTED_EDGE('',*,*,#3497,.T.);
#2158=ORIENTED_EDGE('',*,*,#3498,.F.);
#2159=ORIENTED_EDGE('',*,*,#3520,.F.);
#2160=ORIENTED_EDGE('',*,*,#3518,.F.);
#2161=ORIENTED_EDGE('',*,*,#3516,.F.);
#2162=ORIENTED_EDGE('',*,*,#3514,.F.);
#2163=ORIENTED_EDGE('',*,*,#3512,.F.);
#2164=ORIENTED_EDGE('',*,*,#3510,.F.);
#2165=ORIENTED_EDGE('',*,*,#3508,.F.);
#2166=ORIENTED_EDGE('',*,*,#3506,.F.);
#2167=ORIENTED_EDGE('',*,*,#3504,.F.);
#2168=ORIENTED_EDGE('',*,*,#3502,.F.);
#2169=ORIENTED_EDGE('',*,*,#3500,.F.);
#2170=ORIENTED_EDGE('',*,*,#2785,.F.);
#2171=ORIENTED_EDGE('',*,*,#3521,.F.);
#2172=ORIENTED_EDGE('',*,*,#3522,.T.);
#2173=ORIENTED_EDGE('',*,*,#3523,.T.);
#2174=ORIENTED_EDGE('',*,*,#2786,.F.);
#2175=ORIENTED_EDGE('',*,*,#3523,.F.);
#2176=ORIENTED_EDGE('',*,*,#3524,.T.);
#2177=ORIENTED_EDGE('',*,*,#3525,.T.);
#2178=ORIENTED_EDGE('',*,*,#2787,.F.);
#2179=ORIENTED_EDGE('',*,*,#3525,.F.);
#2180=ORIENTED_EDGE('',*,*,#3526,.T.);
#2181=ORIENTED_EDGE('',*,*,#3527,.T.);
#2182=ORIENTED_EDGE('',*,*,#2788,.F.);
#2183=ORIENTED_EDGE('',*,*,#3527,.F.);
#2184=ORIENTED_EDGE('',*,*,#3528,.T.);
#2185=ORIENTED_EDGE('',*,*,#3529,.T.);
#2186=ORIENTED_EDGE('',*,*,#2789,.F.);
#2187=ORIENTED_EDGE('',*,*,#3529,.F.);
#2188=ORIENTED_EDGE('',*,*,#3530,.T.);
#2189=ORIENTED_EDGE('',*,*,#3531,.T.);
#2190=ORIENTED_EDGE('',*,*,#2790,.F.);
#2191=ORIENTED_EDGE('',*,*,#3531,.F.);
#2192=ORIENTED_EDGE('',*,*,#3532,.T.);
#2193=ORIENTED_EDGE('',*,*,#3533,.T.);
#2194=ORIENTED_EDGE('',*,*,#2791,.F.);
#2195=ORIENTED_EDGE('',*,*,#3533,.F.);
#2196=ORIENTED_EDGE('',*,*,#3534,.T.);
#2197=ORIENTED_EDGE('',*,*,#3535,.T.);
#2198=ORIENTED_EDGE('',*,*,#2792,.F.);
#2199=ORIENTED_EDGE('',*,*,#3535,.F.);
#2200=ORIENTED_EDGE('',*,*,#3536,.T.);
#2201=ORIENTED_EDGE('',*,*,#3521,.T.);
#2202=ORIENTED_EDGE('',*,*,#3522,.F.);
#2203=ORIENTED_EDGE('',*,*,#3536,.F.);
#2204=ORIENTED_EDGE('',*,*,#3534,.F.);
#2205=ORIENTED_EDGE('',*,*,#3532,.F.);
#2206=ORIENTED_EDGE('',*,*,#3530,.F.);
#2207=ORIENTED_EDGE('',*,*,#3528,.F.);
#2208=ORIENTED_EDGE('',*,*,#3526,.F.);
#2209=ORIENTED_EDGE('',*,*,#3524,.F.);
#2210=ORIENTED_EDGE('',*,*,#2609,.F.);
#2211=ORIENTED_EDGE('',*,*,#3537,.F.);
#2212=ORIENTED_EDGE('',*,*,#3538,.T.);
#2213=ORIENTED_EDGE('',*,*,#3539,.T.);
#2214=ORIENTED_EDGE('',*,*,#2610,.F.);
#2215=ORIENTED_EDGE('',*,*,#3539,.F.);
#2216=ORIENTED_EDGE('',*,*,#3540,.T.);
#2217=ORIENTED_EDGE('',*,*,#3541,.T.);
#2218=ORIENTED_EDGE('',*,*,#2611,.F.);
#2219=ORIENTED_EDGE('',*,*,#3541,.F.);
#2220=ORIENTED_EDGE('',*,*,#3542,.T.);
#2221=ORIENTED_EDGE('',*,*,#3543,.T.);
#2222=ORIENTED_EDGE('',*,*,#2612,.F.);
#2223=ORIENTED_EDGE('',*,*,#3543,.F.);
#2224=ORIENTED_EDGE('',*,*,#3544,.T.);
#2225=ORIENTED_EDGE('',*,*,#3545,.T.);
#2226=ORIENTED_EDGE('',*,*,#2613,.F.);
#2227=ORIENTED_EDGE('',*,*,#3545,.F.);
#2228=ORIENTED_EDGE('',*,*,#3546,.T.);
#2229=ORIENTED_EDGE('',*,*,#3547,.T.);
#2230=ORIENTED_EDGE('',*,*,#2614,.F.);
#2231=ORIENTED_EDGE('',*,*,#3547,.F.);
#2232=ORIENTED_EDGE('',*,*,#3548,.T.);
#2233=ORIENTED_EDGE('',*,*,#3549,.T.);
#2234=ORIENTED_EDGE('',*,*,#2615,.F.);
#2235=ORIENTED_EDGE('',*,*,#3549,.F.);
#2236=ORIENTED_EDGE('',*,*,#3550,.T.);
#2237=ORIENTED_EDGE('',*,*,#3551,.T.);
#2238=ORIENTED_EDGE('',*,*,#2616,.F.);
#2239=ORIENTED_EDGE('',*,*,#3551,.F.);
#2240=ORIENTED_EDGE('',*,*,#3552,.T.);
#2241=ORIENTED_EDGE('',*,*,#3537,.T.);
#2242=ORIENTED_EDGE('',*,*,#3538,.F.);
#2243=ORIENTED_EDGE('',*,*,#3552,.F.);
#2244=ORIENTED_EDGE('',*,*,#3550,.F.);
#2245=ORIENTED_EDGE('',*,*,#3548,.F.);
#2246=ORIENTED_EDGE('',*,*,#3546,.F.);
#2247=ORIENTED_EDGE('',*,*,#3544,.F.);
#2248=ORIENTED_EDGE('',*,*,#3542,.F.);
#2249=ORIENTED_EDGE('',*,*,#3540,.F.);
#2250=ORIENTED_EDGE('',*,*,#2793,.F.);
#2251=ORIENTED_EDGE('',*,*,#3553,.F.);
#2252=ORIENTED_EDGE('',*,*,#3554,.T.);
#2253=ORIENTED_EDGE('',*,*,#3555,.T.);
#2254=ORIENTED_EDGE('',*,*,#2794,.F.);
#2255=ORIENTED_EDGE('',*,*,#3555,.F.);
#2256=ORIENTED_EDGE('',*,*,#3556,.T.);
#2257=ORIENTED_EDGE('',*,*,#3557,.T.);
#2258=ORIENTED_EDGE('',*,*,#2795,.F.);
#2259=ORIENTED_EDGE('',*,*,#3557,.F.);
#2260=ORIENTED_EDGE('',*,*,#3558,.T.);
#2261=ORIENTED_EDGE('',*,*,#3559,.T.);
#2262=ORIENTED_EDGE('',*,*,#2796,.F.);
#2263=ORIENTED_EDGE('',*,*,#3559,.F.);
#2264=ORIENTED_EDGE('',*,*,#3560,.T.);
#2265=ORIENTED_EDGE('',*,*,#3561,.T.);
#2266=ORIENTED_EDGE('',*,*,#2797,.F.);
#2267=ORIENTED_EDGE('',*,*,#3561,.F.);
#2268=ORIENTED_EDGE('',*,*,#3562,.T.);
#2269=ORIENTED_EDGE('',*,*,#3563,.T.);
#2270=ORIENTED_EDGE('',*,*,#2798,.F.);
#2271=ORIENTED_EDGE('',*,*,#3563,.F.);
#2272=ORIENTED_EDGE('',*,*,#3564,.T.);
#2273=ORIENTED_EDGE('',*,*,#3565,.T.);
#2274=ORIENTED_EDGE('',*,*,#2799,.F.);
#2275=ORIENTED_EDGE('',*,*,#3565,.F.);
#2276=ORIENTED_EDGE('',*,*,#3566,.T.);
#2277=ORIENTED_EDGE('',*,*,#3567,.T.);
#2278=ORIENTED_EDGE('',*,*,#2800,.F.);
#2279=ORIENTED_EDGE('',*,*,#3567,.F.);
#2280=ORIENTED_EDGE('',*,*,#3568,.T.);
#2281=ORIENTED_EDGE('',*,*,#3569,.T.);
#2282=ORIENTED_EDGE('',*,*,#2801,.F.);
#2283=ORIENTED_EDGE('',*,*,#3569,.F.);
#2284=ORIENTED_EDGE('',*,*,#3570,.T.);
#2285=ORIENTED_EDGE('',*,*,#3571,.T.);
#2286=ORIENTED_EDGE('',*,*,#2802,.F.);
#2287=ORIENTED_EDGE('',*,*,#3571,.F.);
#2288=ORIENTED_EDGE('',*,*,#3572,.T.);
#2289=ORIENTED_EDGE('',*,*,#3553,.T.);
#2290=ORIENTED_EDGE('',*,*,#3554,.F.);
#2291=ORIENTED_EDGE('',*,*,#3572,.F.);
#2292=ORIENTED_EDGE('',*,*,#3570,.F.);
#2293=ORIENTED_EDGE('',*,*,#3568,.F.);
#2294=ORIENTED_EDGE('',*,*,#3566,.F.);
#2295=ORIENTED_EDGE('',*,*,#3564,.F.);
#2296=ORIENTED_EDGE('',*,*,#3562,.F.);
#2297=ORIENTED_EDGE('',*,*,#3560,.F.);
#2298=ORIENTED_EDGE('',*,*,#3558,.F.);
#2299=ORIENTED_EDGE('',*,*,#3556,.F.);
#2300=ORIENTED_EDGE('',*,*,#3113,.T.);
#2301=ORIENTED_EDGE('',*,*,#3117,.T.);
#2302=ORIENTED_EDGE('',*,*,#3120,.T.);
#2303=ORIENTED_EDGE('',*,*,#3123,.T.);
#2304=ORIENTED_EDGE('',*,*,#3126,.T.);
#2305=ORIENTED_EDGE('',*,*,#3129,.T.);
#2306=ORIENTED_EDGE('',*,*,#3150,.T.);
#2307=ORIENTED_EDGE('',*,*,#3152,.T.);
#2308=ORIENTED_EDGE('',*,*,#3156,.T.);
#2309=ORIENTED_EDGE('',*,*,#3159,.T.);
#2310=ORIENTED_EDGE('',*,*,#3162,.T.);
#2311=ORIENTED_EDGE('',*,*,#3165,.T.);
#2312=ORIENTED_EDGE('',*,*,#3168,.T.);
#2313=ORIENTED_EDGE('',*,*,#3189,.T.);
#2314=ORIENTED_EDGE('',*,*,#3279,.T.);
#2315=ORIENTED_EDGE('',*,*,#3283,.T.);
#2316=ORIENTED_EDGE('',*,*,#3286,.T.);
#2317=ORIENTED_EDGE('',*,*,#3289,.T.);
#2318=ORIENTED_EDGE('',*,*,#3292,.T.);
#2319=ORIENTED_EDGE('',*,*,#3295,.T.);
#2320=ORIENTED_EDGE('',*,*,#3322,.T.);
#2321=ORIENTED_EDGE('',*,*,#3014,.F.);
#2322=ORIENTED_EDGE('',*,*,#3015,.F.);
#2323=ORIENTED_EDGE('',*,*,#3009,.F.);
#2324=ORIENTED_EDGE('',*,*,#2944,.F.);
#2325=ORIENTED_EDGE('',*,*,#3012,.F.);
#2326=ORIENTED_EDGE('',*,*,#2946,.F.);
#2327=ORIENTED_EDGE('',*,*,#3011,.F.);
#2328=ORIENTED_EDGE('',*,*,#3016,.F.);
#2329=ORIENTED_EDGE('',*,*,#2963,.F.);
#2330=ORIENTED_EDGE('',*,*,#2915,.F.);
#2331=ORIENTED_EDGE('',*,*,#3573,.T.);
#2332=ORIENTED_EDGE('',*,*,#2906,.T.);
#2333=ORIENTED_EDGE('',*,*,#3574,.F.);
#2334=ORIENTED_EDGE('',*,*,#2907,.F.);
#2335=ORIENTED_EDGE('',*,*,#3573,.F.);
#2336=ORIENTED_EDGE('',*,*,#2914,.T.);
#2337=ORIENTED_EDGE('',*,*,#2966,.F.);
#2338=ORIENTED_EDGE('',*,*,#2868,.F.);
#2339=ORIENTED_EDGE('',*,*,#3575,.T.);
#2340=ORIENTED_EDGE('',*,*,#2910,.T.);
#2341=ORIENTED_EDGE('',*,*,#3576,.F.);
#2342=ORIENTED_EDGE('',*,*,#2911,.T.);
#2343=ORIENTED_EDGE('',*,*,#3575,.F.);
#2344=ORIENTED_EDGE('',*,*,#2867,.T.);
#2345=ORIENTED_EDGE('',*,*,#2964,.T.);
#2346=ORIENTED_EDGE('',*,*,#2904,.F.);
#2347=ORIENTED_EDGE('',*,*,#3577,.F.);
#2348=ORIENTED_EDGE('',*,*,#2880,.T.);
#2349=ORIENTED_EDGE('',*,*,#3578,.F.);
#2350=ORIENTED_EDGE('',*,*,#2881,.F.);
#2351=ORIENTED_EDGE('',*,*,#3577,.T.);
#2352=ORIENTED_EDGE('',*,*,#2903,.F.);
#2353=ORIENTED_EDGE('',*,*,#2965,.F.);
#2354=ORIENTED_EDGE('',*,*,#2892,.F.);
#2355=ORIENTED_EDGE('',*,*,#3579,.T.);
#2356=ORIENTED_EDGE('',*,*,#2870,.T.);
#2357=ORIENTED_EDGE('',*,*,#3580,.F.);
#2358=ORIENTED_EDGE('',*,*,#2871,.T.);
#2359=ORIENTED_EDGE('',*,*,#3579,.F.);
#2360=ORIENTED_EDGE('',*,*,#2891,.F.);
#2361=ORIENTED_EDGE('',*,*,#2872,.T.);
#2362=ORIENTED_EDGE('',*,*,#3581,.F.);
#2363=ORIENTED_EDGE('',*,*,#2890,.F.);
#2364=ORIENTED_EDGE('',*,*,#3580,.T.);
#2365=ORIENTED_EDGE('',*,*,#3581,.T.);
#2366=ORIENTED_EDGE('',*,*,#2951,.F.);
#2367=ORIENTED_EDGE('',*,*,#3582,.F.);
#2368=ORIENTED_EDGE('',*,*,#2902,.F.);
#2369=ORIENTED_EDGE('',*,*,#2882,.F.);
#2370=ORIENTED_EDGE('',*,*,#3578,.T.);
#2371=ORIENTED_EDGE('',*,*,#3582,.T.);
#2372=ORIENTED_EDGE('',*,*,#2950,.F.);
#2373=ORIENTED_EDGE('',*,*,#3583,.F.);
#2374=ORIENTED_EDGE('',*,*,#2913,.T.);
#2375=ORIENTED_EDGE('',*,*,#2908,.F.);
#2376=ORIENTED_EDGE('',*,*,#3574,.T.);
#2377=ORIENTED_EDGE('',*,*,#3583,.T.);
#2378=ORIENTED_EDGE('',*,*,#2949,.F.);
#2379=ORIENTED_EDGE('',*,*,#2879,.T.);
#2380=ORIENTED_EDGE('',*,*,#2912,.T.);
#2381=ORIENTED_EDGE('',*,*,#3584,.F.);
#2382=ORIENTED_EDGE('',*,*,#3584,.T.);
#2383=ORIENTED_EDGE('',*,*,#3576,.T.);
#2384=ORIENTED_EDGE('',*,*,#2948,.F.);
#2385=ORIENTED_EDGE('',*,*,#2961,.F.);
#2386=ORIENTED_EDGE('',*,*,#2972,.F.);
#2387=ORIENTED_EDGE('',*,*,#3585,.F.);
#2388=ORIENTED_EDGE('',*,*,#3054,.F.);
#2389=ORIENTED_EDGE('',*,*,#3585,.T.);
#2390=ORIENTED_EDGE('',*,*,#2971,.F.);
#2391=ORIENTED_EDGE('',*,*,#3586,.F.);
#2392=ORIENTED_EDGE('',*,*,#3052,.F.);
#2393=ORIENTED_EDGE('',*,*,#2953,.F.);
#2394=ORIENTED_EDGE('',*,*,#3055,.F.);
#2395=ORIENTED_EDGE('',*,*,#3586,.T.);
#2396=ORIENTED_EDGE('',*,*,#2970,.F.);
#2397=ORIENTED_EDGE('',*,*,#2608,.T.);
#2398=ORIENTED_EDGE('',*,*,#3587,.T.);
#2399=ORIENTED_EDGE('',*,*,#3588,.F.);
#2400=ORIENTED_EDGE('',*,*,#2815,.F.);
#2401=ORIENTED_EDGE('',*,*,#3589,.T.);
#2402=ORIENTED_EDGE('',*,*,#3590,.T.);
#2403=ORIENTED_EDGE('',*,*,#3588,.T.);
#2404=ORIENTED_EDGE('',*,*,#3591,.T.);
#2405=ORIENTED_EDGE('',*,*,#3592,.F.);
#2406=ORIENTED_EDGE('',*,*,#2816,.F.);
#2407=ORIENTED_EDGE('',*,*,#2606,.F.);
#2408=ORIENTED_EDGE('',*,*,#3593,.T.);
#2409=ORIENTED_EDGE('',*,*,#3594,.F.);
#2410=ORIENTED_EDGE('',*,*,#2817,.T.);
#2411=ORIENTED_EDGE('',*,*,#3592,.T.);
#2412=ORIENTED_EDGE('',*,*,#3595,.T.);
#2413=ORIENTED_EDGE('',*,*,#3594,.T.);
#2414=ORIENTED_EDGE('',*,*,#3596,.T.);
#2415=ORIENTED_EDGE('',*,*,#3589,.F.);
#2416=ORIENTED_EDGE('',*,*,#2818,.T.);
#2417=ORIENTED_EDGE('',*,*,#2602,.F.);
#2418=ORIENTED_EDGE('',*,*,#3597,.T.);
#2419=ORIENTED_EDGE('',*,*,#3598,.F.);
#2420=ORIENTED_EDGE('',*,*,#2840,.T.);
#2421=ORIENTED_EDGE('',*,*,#3599,.T.);
#2422=ORIENTED_EDGE('',*,*,#3598,.T.);
#2423=ORIENTED_EDGE('',*,*,#3600,.T.);
#2424=ORIENTED_EDGE('',*,*,#3601,.F.);
#2425=ORIENTED_EDGE('',*,*,#2841,.T.);
#2426=ORIENTED_EDGE('',*,*,#2604,.T.);
#2427=ORIENTED_EDGE('',*,*,#3602,.F.);
#2428=ORIENTED_EDGE('',*,*,#2842,.F.);
#2429=ORIENTED_EDGE('',*,*,#3601,.T.);
#2430=ORIENTED_EDGE('',*,*,#3603,.T.);
#2431=ORIENTED_EDGE('',*,*,#2603,.T.);
#2432=ORIENTED_EDGE('',*,*,#3599,.F.);
#2433=ORIENTED_EDGE('',*,*,#2839,.F.);
#2434=ORIENTED_EDGE('',*,*,#3602,.T.);
#2435=ORIENTED_EDGE('',*,*,#2805,.F.);
#2436=ORIENTED_EDGE('',*,*,#3604,.T.);
#2437=ORIENTED_EDGE('',*,*,#3605,.F.);
#2438=ORIENTED_EDGE('',*,*,#2844,.T.);
#2439=ORIENTED_EDGE('',*,*,#3606,.T.);
#2440=ORIENTED_EDGE('',*,*,#3605,.T.);
#2441=ORIENTED_EDGE('',*,*,#3607,.T.);
#2442=ORIENTED_EDGE('',*,*,#3608,.F.);
#2443=ORIENTED_EDGE('',*,*,#2845,.F.);
#2444=ORIENTED_EDGE('',*,*,#2803,.T.);
#2445=ORIENTED_EDGE('',*,*,#3609,.F.);
#2446=ORIENTED_EDGE('',*,*,#2846,.F.);
#2447=ORIENTED_EDGE('',*,*,#3608,.T.);
#2448=ORIENTED_EDGE('',*,*,#3610,.T.);
#2449=ORIENTED_EDGE('',*,*,#2806,.F.);
#2450=ORIENTED_EDGE('',*,*,#3606,.F.);
#2451=ORIENTED_EDGE('',*,*,#2843,.T.);
#2452=ORIENTED_EDGE('',*,*,#3609,.T.);
#2453=ORIENTED_EDGE('',*,*,#3611,.T.);
#2454=ORIENTED_EDGE('',*,*,#3612,.T.);
#2455=ORIENTED_EDGE('',*,*,#3613,.F.);
#2456=ORIENTED_EDGE('',*,*,#2848,.T.);
#2457=ORIENTED_EDGE('',*,*,#2600,.T.);
#2458=ORIENTED_EDGE('',*,*,#3614,.T.);
#2459=ORIENTED_EDGE('',*,*,#3615,.F.);
#2460=ORIENTED_EDGE('',*,*,#2849,.F.);
#2461=ORIENTED_EDGE('',*,*,#3613,.T.);
#2462=ORIENTED_EDGE('',*,*,#3616,.T.);
#2463=ORIENTED_EDGE('',*,*,#3615,.T.);
#2464=ORIENTED_EDGE('',*,*,#3617,.T.);
#2465=ORIENTED_EDGE('',*,*,#3618,.F.);
#2466=ORIENTED_EDGE('',*,*,#2850,.F.);
#2467=ORIENTED_EDGE('',*,*,#2598,.F.);
#2468=ORIENTED_EDGE('',*,*,#3619,.T.);
#2469=ORIENTED_EDGE('',*,*,#3611,.F.);
#2470=ORIENTED_EDGE('',*,*,#2847,.T.);
#2471=ORIENTED_EDGE('',*,*,#3618,.T.);
#2472=ORIENTED_EDGE('',*,*,#3620,.T.);
#2473=ORIENTED_EDGE('',*,*,#3621,.T.);
#2474=ORIENTED_EDGE('',*,*,#3622,.T.);
#2475=ORIENTED_EDGE('',*,*,#3623,.F.);
#2476=ORIENTED_EDGE('',*,*,#2852,.T.);
#2477=ORIENTED_EDGE('',*,*,#2810,.T.);
#2478=ORIENTED_EDGE('',*,*,#3624,.T.);
#2479=ORIENTED_EDGE('',*,*,#3625,.F.);
#2480=ORIENTED_EDGE('',*,*,#2853,.F.);
#2481=ORIENTED_EDGE('',*,*,#3623,.T.);
#2482=ORIENTED_EDGE('',*,*,#3626,.T.);
#2483=ORIENTED_EDGE('',*,*,#3625,.T.);
#2484=ORIENTED_EDGE('',*,*,#3627,.T.);
#2485=ORIENTED_EDGE('',*,*,#3628,.F.);
#2486=ORIENTED_EDGE('',*,*,#2854,.T.);
#2487=ORIENTED_EDGE('',*,*,#2808,.F.);
#2488=ORIENTED_EDGE('',*,*,#3629,.T.);
#2489=ORIENTED_EDGE('',*,*,#3621,.F.);
#2490=ORIENTED_EDGE('',*,*,#2851,.T.);
#2491=ORIENTED_EDGE('',*,*,#3628,.T.);
#2492=ORIENTED_EDGE('',*,*,#3630,.T.);
#2493=ORIENTED_EDGE('',*,*,#3631,.T.);
#2494=ORIENTED_EDGE('',*,*,#3632,.T.);
#2495=ORIENTED_EDGE('',*,*,#3633,.F.);
#2496=ORIENTED_EDGE('',*,*,#2856,.T.);
#2497=ORIENTED_EDGE('',*,*,#2596,.T.);
#2498=ORIENTED_EDGE('',*,*,#3634,.T.);
#2499=ORIENTED_EDGE('',*,*,#3635,.F.);
#2500=ORIENTED_EDGE('',*,*,#2857,.F.);
#2501=ORIENTED_EDGE('',*,*,#3633,.T.);
#2502=ORIENTED_EDGE('',*,*,#3636,.T.);
#2503=ORIENTED_EDGE('',*,*,#3635,.T.);
#2504=ORIENTED_EDGE('',*,*,#3637,.T.);
#2505=ORIENTED_EDGE('',*,*,#3638,.F.);
#2506=ORIENTED_EDGE('',*,*,#2858,.F.);
#2507=ORIENTED_EDGE('',*,*,#2594,.F.);
#2508=ORIENTED_EDGE('',*,*,#3639,.T.);
#2509=ORIENTED_EDGE('',*,*,#3631,.F.);
#2510=ORIENTED_EDGE('',*,*,#2855,.T.);
#2511=ORIENTED_EDGE('',*,*,#3638,.T.);
#2512=ORIENTED_EDGE('',*,*,#3640,.T.);
#2513=ORIENTED_EDGE('',*,*,#3641,.T.);
#2514=ORIENTED_EDGE('',*,*,#3642,.T.);
#2515=ORIENTED_EDGE('',*,*,#3643,.F.);
#2516=ORIENTED_EDGE('',*,*,#2860,.T.);
#2517=ORIENTED_EDGE('',*,*,#2814,.T.);
#2518=ORIENTED_EDGE('',*,*,#3644,.T.);
#2519=ORIENTED_EDGE('',*,*,#3645,.F.);
#2520=ORIENTED_EDGE('',*,*,#2861,.F.);
#2521=ORIENTED_EDGE('',*,*,#3643,.T.);
#2522=ORIENTED_EDGE('',*,*,#3646,.T.);
#2523=ORIENTED_EDGE('',*,*,#3645,.T.);
#2524=ORIENTED_EDGE('',*,*,#3647,.T.);
#2525=ORIENTED_EDGE('',*,*,#3648,.F.);
#2526=ORIENTED_EDGE('',*,*,#2862,.F.);
#2527=ORIENTED_EDGE('',*,*,#2812,.F.);
#2528=ORIENTED_EDGE('',*,*,#3649,.T.);
#2529=ORIENTED_EDGE('',*,*,#3641,.F.);
#2530=ORIENTED_EDGE('',*,*,#2859,.T.);
#2531=ORIENTED_EDGE('',*,*,#3648,.T.);
#2532=ORIENTED_EDGE('',*,*,#3650,.T.);
#2533=ORIENTED_EDGE('',*,*,#3603,.F.);
#2534=ORIENTED_EDGE('',*,*,#3600,.F.);
#2535=ORIENTED_EDGE('',*,*,#3597,.F.);
#2536=ORIENTED_EDGE('',*,*,#2601,.F.);
#2537=ORIENTED_EDGE('',*,*,#3587,.F.);
#2538=ORIENTED_EDGE('',*,*,#2607,.F.);
#2539=ORIENTED_EDGE('',*,*,#3595,.F.);
#2540=ORIENTED_EDGE('',*,*,#3591,.F.);
#2541=ORIENTED_EDGE('',*,*,#3644,.F.);
#2542=ORIENTED_EDGE('',*,*,#2813,.F.);
#2543=ORIENTED_EDGE('',*,*,#3650,.F.);
#2544=ORIENTED_EDGE('',*,*,#3647,.F.);
#2545=ORIENTED_EDGE('',*,*,#3634,.F.);
#2546=ORIENTED_EDGE('',*,*,#2595,.F.);
#2547=ORIENTED_EDGE('',*,*,#3640,.F.);
#2548=ORIENTED_EDGE('',*,*,#3637,.F.);
#2549=ORIENTED_EDGE('',*,*,#3614,.F.);
#2550=ORIENTED_EDGE('',*,*,#2599,.F.);
#2551=ORIENTED_EDGE('',*,*,#3620,.F.);
#2552=ORIENTED_EDGE('',*,*,#3617,.F.);
#2553=ORIENTED_EDGE('',*,*,#3604,.F.);
#2554=ORIENTED_EDGE('',*,*,#2804,.F.);
#2555=ORIENTED_EDGE('',*,*,#3610,.F.);
#2556=ORIENTED_EDGE('',*,*,#3607,.F.);
#2557=ORIENTED_EDGE('',*,*,#3630,.F.);
#2558=ORIENTED_EDGE('',*,*,#3627,.F.);
#2559=ORIENTED_EDGE('',*,*,#3624,.F.);
#2560=ORIENTED_EDGE('',*,*,#2809,.F.);
#2561=ORIENTED_EDGE('',*,*,#3616,.F.);
#2562=ORIENTED_EDGE('',*,*,#3612,.F.);
#2563=ORIENTED_EDGE('',*,*,#3619,.F.);
#2564=ORIENTED_EDGE('',*,*,#2597,.F.);
#2565=ORIENTED_EDGE('',*,*,#3590,.F.);
#2566=ORIENTED_EDGE('',*,*,#3596,.F.);
#2567=ORIENTED_EDGE('',*,*,#3593,.F.);
#2568=ORIENTED_EDGE('',*,*,#2605,.F.);
#2569=ORIENTED_EDGE('',*,*,#3646,.F.);
#2570=ORIENTED_EDGE('',*,*,#3642,.F.);
#2571=ORIENTED_EDGE('',*,*,#3649,.F.);
#2572=ORIENTED_EDGE('',*,*,#2811,.F.);
#2573=ORIENTED_EDGE('',*,*,#3636,.F.);
#2574=ORIENTED_EDGE('',*,*,#3632,.F.);
#2575=ORIENTED_EDGE('',*,*,#3639,.F.);
#2576=ORIENTED_EDGE('',*,*,#2593,.F.);
#2577=ORIENTED_EDGE('',*,*,#3626,.F.);
#2578=ORIENTED_EDGE('',*,*,#3622,.F.);
#2579=ORIENTED_EDGE('',*,*,#3629,.F.);
#2580=ORIENTED_EDGE('',*,*,#2807,.F.);
#2581=ORIENTED_EDGE('',*,*,#3033,.F.);
#2582=ORIENTED_EDGE('',*,*,#3041,.F.);
#2583=ORIENTED_EDGE('',*,*,#3028,.T.);
#2584=ORIENTED_EDGE('',*,*,#2586,.F.);
#2585=EDGE_CURVE('',#3651,#3652,#4359,.T.);
#2586=EDGE_CURVE('',#3651,#3653,#4360,.T.);
#2587=EDGE_CURVE('',#3653,#3654,#4361,.T.);
#2588=EDGE_CURVE('',#3652,#3654,#4362,.T.);
#2589=EDGE_CURVE('',#3655,#3656,#4363,.T.);
#2590=EDGE_CURVE('',#3657,#3655,#4364,.T.);
#2591=EDGE_CURVE('',#3658,#3657,#4365,.T.);
#2592=EDGE_CURVE('',#3658,#3656,#4366,.T.);
#2593=EDGE_CURVE('',#3659,#3660,#4367,.T.);
#2594=EDGE_CURVE('',#3660,#3661,#4368,.T.);
#2595=EDGE_CURVE('',#3661,#3662,#4369,.F.);
#2596=EDGE_CURVE('',#3659,#3662,#4370,.T.);
#2597=EDGE_CURVE('',#3663,#3664,#4371,.T.);
#2598=EDGE_CURVE('',#3664,#3665,#4372,.T.);
#2599=EDGE_CURVE('',#3665,#3666,#4373,.F.);
#2600=EDGE_CURVE('',#3663,#3666,#4374,.T.);
#2601=EDGE_CURVE('',#3667,#3668,#4375,.T.);
#2602=EDGE_CURVE('',#3668,#3669,#4376,.T.);
#2603=EDGE_CURVE('',#3670,#3669,#4377,.T.);
#2604=EDGE_CURVE('',#3667,#3670,#4378,.T.);
#2605=EDGE_CURVE('',#3671,#3672,#4379,.T.);
#2606=EDGE_CURVE('',#3672,#3673,#4380,.T.);
#2607=EDGE_CURVE('',#3673,#3674,#4381,.F.);
#2608=EDGE_CURVE('',#3671,#3674,#4382,.T.);
#2609=EDGE_CURVE('',#3675,#3676,#4383,.T.);
#2610=EDGE_CURVE('',#3676,#3677,#4384,.T.);
#2611=EDGE_CURVE('',#3677,#3678,#4385,.T.);
#2612=EDGE_CURVE('',#3678,#3679,#4386,.T.);
#2613=EDGE_CURVE('',#3679,#3680,#4387,.T.);
#2614=EDGE_CURVE('',#3680,#3681,#4388,.T.);
#2615=EDGE_CURVE('',#3681,#3682,#4389,.T.);
#2616=EDGE_CURVE('',#3682,#3675,#4390,.T.);
#2617=EDGE_CURVE('',#3683,#3684,#4391,.T.);
#2618=EDGE_CURVE('',#3684,#3685,#4392,.T.);
#2619=EDGE_CURVE('',#3685,#3686,#4393,.T.);
#2620=EDGE_CURVE('',#3686,#3687,#4394,.T.);
#2621=EDGE_CURVE('',#3687,#3688,#4395,.T.);
#2622=EDGE_CURVE('',#3688,#3689,#4396,.T.);
#2623=EDGE_CURVE('',#3689,#3690,#4397,.T.);
#2624=EDGE_CURVE('',#3690,#3691,#4398,.T.);
#2625=EDGE_CURVE('',#3691,#3692,#4399,.T.);
#2626=EDGE_CURVE('',#3692,#3693,#4400,.T.);
#2627=EDGE_CURVE('',#3693,#3694,#4401,.T.);
#2628=EDGE_CURVE('',#3694,#3683,#4402,.T.);
#2629=EDGE_CURVE('',#3695,#3696,#4403,.T.);
#2630=EDGE_CURVE('',#3696,#3697,#4404,.T.);
#2631=EDGE_CURVE('',#3697,#3698,#4405,.T.);
#2632=EDGE_CURVE('',#3698,#3699,#4406,.T.);
#2633=EDGE_CURVE('',#3699,#3700,#333,.F.);
#2634=EDGE_CURVE('',#3700,#3701,#4407,.T.);
#2635=EDGE_CURVE('',#3701,#3702,#4408,.T.);
#2636=EDGE_CURVE('',#3702,#3703,#4409,.T.);
#2637=EDGE_CURVE('',#3703,#3704,#4410,.T.);
#2638=EDGE_CURVE('',#3704,#3705,#4411,.T.);
#2639=EDGE_CURVE('',#3705,#3706,#4412,.T.);
#2640=EDGE_CURVE('',#3706,#3707,#334,.F.);
#2641=EDGE_CURVE('',#3707,#3708,#4413,.T.);
#2642=EDGE_CURVE('',#3708,#3695,#4414,.T.);
#2643=EDGE_CURVE('',#3709,#3710,#4415,.T.);
#2644=EDGE_CURVE('',#3710,#3711,#4416,.T.);
#2645=EDGE_CURVE('',#3711,#3712,#4417,.T.);
#2646=EDGE_CURVE('',#3712,#3713,#4418,.T.);
#2647=EDGE_CURVE('',#3713,#3714,#4419,.T.);
#2648=EDGE_CURVE('',#3714,#3715,#4420,.T.);
#2649=EDGE_CURVE('',#3715,#3716,#4421,.T.);
#2650=EDGE_CURVE('',#3716,#3717,#4422,.T.);
#2651=EDGE_CURVE('',#3717,#3709,#4423,.T.);
#2652=EDGE_CURVE('',#3718,#3719,#159,.T.);
#2653=EDGE_CURVE('',#3719,#3720,#160,.T.);
#2654=EDGE_CURVE('',#3720,#3721,#161,.T.);
#2655=EDGE_CURVE('',#3721,#3722,#162,.T.);
#2656=EDGE_CURVE('',#3722,#3723,#163,.T.);
#2657=EDGE_CURVE('',#3723,#3724,#164,.T.);
#2658=EDGE_CURVE('',#3724,#3725,#165,.T.);
#2659=EDGE_CURVE('',#3725,#3718,#166,.T.);
#2660=EDGE_CURVE('',#3726,#3727,#4424,.T.);
#2661=EDGE_CURVE('',#3727,#3728,#4425,.T.);
#2662=EDGE_CURVE('',#3728,#3729,#4426,.T.);
#2663=EDGE_CURVE('',#3729,#3730,#4427,.T.);
#2664=EDGE_CURVE('',#3730,#3731,#4428,.T.);
#2665=EDGE_CURVE('',#3731,#3732,#4429,.T.);
#2666=EDGE_CURVE('',#3732,#3733,#4430,.T.);
#2667=EDGE_CURVE('',#3733,#3726,#4431,.T.);
#2668=EDGE_CURVE('',#3734,#3735,#167,.T.);
#2669=EDGE_CURVE('',#3735,#3736,#168,.T.);
#2670=EDGE_CURVE('',#3736,#3737,#169,.T.);
#2671=EDGE_CURVE('',#3737,#3738,#4432,.T.);
#2672=EDGE_CURVE('',#3738,#3739,#4433,.T.);
#2673=EDGE_CURVE('',#3739,#3740,#4434,.T.);
#2674=EDGE_CURVE('',#3740,#3741,#4435,.T.);
#2675=EDGE_CURVE('',#3741,#3742,#4436,.T.);
#2676=EDGE_CURVE('',#3742,#3734,#170,.T.);
#2677=EDGE_CURVE('',#3743,#3744,#171,.T.);
#2678=EDGE_CURVE('',#3744,#3745,#335,.F.);
#2679=EDGE_CURVE('',#3745,#3746,#172,.T.);
#2680=EDGE_CURVE('',#3746,#3747,#4437,.T.);
#2681=EDGE_CURVE('',#3747,#3748,#173,.T.);
#2682=EDGE_CURVE('',#3748,#3749,#174,.T.);
#2683=EDGE_CURVE('',#3749,#3750,#175,.T.);
#2684=EDGE_CURVE('',#3750,#3751,#176,.T.);
#2685=EDGE_CURVE('',#3751,#3752,#177,.T.);
#2686=EDGE_CURVE('',#3752,#3753,#4438,.T.);
#2687=EDGE_CURVE('',#3753,#3754,#336,.T.);
#2688=EDGE_CURVE('',#3754,#3755,#337,.T.);
#2689=EDGE_CURVE('',#3755,#3756,#178,.T.);
#2690=EDGE_CURVE('',#3756,#3757,#179,.T.);
#2691=EDGE_CURVE('',#3757,#3758,#180,.T.);
#2692=EDGE_CURVE('',#3758,#3759,#181,.T.);
#2693=EDGE_CURVE('',#3759,#3760,#4439,.T.);
#2694=EDGE_CURVE('',#3760,#3761,#4440,.T.);
#2695=EDGE_CURVE('',#3761,#3762,#4441,.T.);
#2696=EDGE_CURVE('',#3762,#3763,#182,.T.);
#2697=EDGE_CURVE('',#3763,#3764,#183,.T.);
#2698=EDGE_CURVE('',#3764,#3765,#184,.T.);
#2699=EDGE_CURVE('',#3765,#3766,#338,.T.);
#2700=EDGE_CURVE('',#3766,#3767,#339,.T.);
#2701=EDGE_CURVE('',#3767,#3768,#4442,.T.);
#2702=EDGE_CURVE('',#3768,#3769,#185,.T.);
#2703=EDGE_CURVE('',#3769,#3743,#186,.T.);
#2704=EDGE_CURVE('',#3770,#3771,#4443,.F.);
#2705=EDGE_CURVE('',#3771,#3772,#340,.F.);
#2706=EDGE_CURVE('',#3772,#3773,#4444,.F.);
#2707=EDGE_CURVE('',#3773,#3774,#341,.F.);
#2708=EDGE_CURVE('',#3774,#3775,#4445,.T.);
#2709=EDGE_CURVE('',#3775,#3776,#342,.F.);
#2710=EDGE_CURVE('',#3776,#3777,#4446,.T.);
#2711=EDGE_CURVE('',#3777,#3770,#343,.F.);
#2712=EDGE_CURVE('',#3778,#3779,#4447,.T.);
#2713=EDGE_CURVE('',#3778,#3780,#4448,.T.);
#2714=EDGE_CURVE('',#3780,#3781,#4449,.T.);
#2715=EDGE_CURVE('',#3782,#3781,#4450,.T.);
#2716=EDGE_CURVE('',#3783,#3782,#344,.F.);
#2717=EDGE_CURVE('',#3784,#3783,#4451,.T.);
#2718=EDGE_CURVE('',#3779,#3784,#4452,.T.);
#2719=EDGE_CURVE('',#3785,#3786,#187,.T.);
#2720=EDGE_CURVE('',#3786,#3787,#188,.T.);
#2721=EDGE_CURVE('',#3787,#3788,#189,.T.);
#2722=EDGE_CURVE('',#3788,#3789,#4453,.T.);
#2723=EDGE_CURVE('',#3789,#3790,#4454,.T.);
#2724=EDGE_CURVE('',#3790,#3791,#4455,.T.);
#2725=EDGE_CURVE('',#3791,#3792,#4456,.T.);
#2726=EDGE_CURVE('',#3792,#3793,#4457,.T.);
#2727=EDGE_CURVE('',#3793,#3785,#190,.T.);
#2728=EDGE_CURVE('',#3794,#3795,#191,.T.);
#2729=EDGE_CURVE('',#3795,#3796,#192,.T.);
#2730=EDGE_CURVE('',#3796,#3797,#193,.T.);
#2731=EDGE_CURVE('',#3797,#3798,#194,.T.);
#2732=EDGE_CURVE('',#3798,#3799,#4458,.T.);
#2733=EDGE_CURVE('',#3799,#3800,#345,.T.);
#2734=EDGE_CURVE('',#3800,#3801,#195,.T.);
#2735=EDGE_CURVE('',#3801,#3802,#346,.T.);
#2736=EDGE_CURVE('',#3802,#3803,#196,.T.);
#2737=EDGE_CURVE('',#3803,#3804,#4459,.T.);
#2738=EDGE_CURVE('',#3804,#3805,#197,.T.);
#2739=EDGE_CURVE('',#3805,#3806,#198,.T.);
#2740=EDGE_CURVE('',#3806,#3807,#199,.T.);
#2741=EDGE_CURVE('',#3807,#3808,#200,.T.);
#2742=EDGE_CURVE('',#3808,#3809,#201,.T.);
#2743=EDGE_CURVE('',#3809,#3810,#202,.T.);
#2744=EDGE_CURVE('',#3810,#3811,#203,.T.);
#2745=EDGE_CURVE('',#3811,#3794,#347,.F.);
#2746=EDGE_CURVE('',#3812,#3813,#4460,.T.);
#2747=EDGE_CURVE('',#3813,#3814,#4461,.T.);
#2748=EDGE_CURVE('',#3814,#3815,#4462,.T.);
#2749=EDGE_CURVE('',#3815,#3816,#4463,.T.);
#2750=EDGE_CURVE('',#3816,#3817,#4464,.T.);
#2751=EDGE_CURVE('',#3817,#3818,#204,.T.);
#2752=EDGE_CURVE('',#3818,#3819,#205,.T.);
#2753=EDGE_CURVE('',#3819,#3820,#348,.F.);
#2754=EDGE_CURVE('',#3820,#3821,#349,.F.);
#2755=EDGE_CURVE('',#3821,#3822,#350,.T.);
#2756=EDGE_CURVE('',#3822,#3823,#4465,.T.);
#2757=EDGE_CURVE('',#3823,#3812,#4466,.T.);
#2758=EDGE_CURVE('',#3824,#3825,#4467,.T.);
#2759=EDGE_CURVE('',#3825,#3826,#4468,.T.);
#2760=EDGE_CURVE('',#3826,#3827,#206,.T.);
#2761=EDGE_CURVE('',#3827,#3828,#207,.T.);
#2762=EDGE_CURVE('',#3828,#3829,#208,.T.);
#2763=EDGE_CURVE('',#3829,#3830,#351,.F.);
#2764=EDGE_CURVE('',#3830,#3831,#4469,.T.);
#2765=EDGE_CURVE('',#3831,#3832,#209,.T.);
#2766=EDGE_CURVE('',#3832,#3833,#210,.T.);
#2767=EDGE_CURVE('',#3833,#3834,#211,.T.);
#2768=EDGE_CURVE('',#3834,#3835,#212,.T.);
#2769=EDGE_CURVE('',#3835,#3824,#4470,.T.);
#2770=EDGE_CURVE('',#3836,#3837,#4471,.T.);
#2771=EDGE_CURVE('',#3837,#3838,#4472,.T.);
#2772=EDGE_CURVE('',#3838,#3839,#4473,.T.);
#2773=EDGE_CURVE('',#3839,#3840,#4474,.T.);
#2774=EDGE_CURVE('',#3840,#3841,#4475,.T.);
#2775=EDGE_CURVE('',#3841,#3836,#4476,.T.);
#2776=EDGE_CURVE('',#3842,#3843,#4477,.T.);
#2777=EDGE_CURVE('',#3843,#3844,#4478,.T.);
#2778=EDGE_CURVE('',#3844,#3845,#4479,.T.);
#2779=EDGE_CURVE('',#3845,#3846,#4480,.T.);
#2780=EDGE_CURVE('',#3846,#3847,#4481,.T.);
#2781=EDGE_CURVE('',#3847,#3848,#4482,.T.);
#2782=EDGE_CURVE('',#3848,#3849,#4483,.T.);
#2783=EDGE_CURVE('',#3849,#3850,#4484,.T.);
#2784=EDGE_CURVE('',#3850,#3842,#4485,.T.);
#2785=EDGE_CURVE('',#3851,#3852,#4486,.T.);
#2786=EDGE_CURVE('',#3852,#3853,#4487,.T.);
#2787=EDGE_CURVE('',#3853,#3854,#4488,.T.);
#2788=EDGE_CURVE('',#3854,#3855,#4489,.T.);
#2789=EDGE_CURVE('',#3855,#3856,#4490,.T.);
#2790=EDGE_CURVE('',#3856,#3857,#4491,.T.);
#2791=EDGE_CURVE('',#3857,#3858,#4492,.T.);
#2792=EDGE_CURVE('',#3858,#3851,#4493,.T.);
#2793=EDGE_CURVE('',#3859,#3860,#4494,.T.);
#2794=EDGE_CURVE('',#3860,#3861,#4495,.T.);
#2795=EDGE_CURVE('',#3861,#3862,#4496,.T.);
#2796=EDGE_CURVE('',#3862,#3863,#4497,.T.);
#2797=EDGE_CURVE('',#3863,#3864,#4498,.T.);
#2798=EDGE_CURVE('',#3864,#3865,#4499,.T.);
#2799=EDGE_CURVE('',#3865,#3866,#4500,.T.);
#2800=EDGE_CURVE('',#3866,#3867,#352,.F.);
#2801=EDGE_CURVE('',#3867,#3868,#353,.F.);
#2802=EDGE_CURVE('',#3868,#3859,#213,.T.);
#2803=EDGE_CURVE('',#3869,#3870,#4501,.T.);
#2804=EDGE_CURVE('',#3869,#3871,#4502,.F.);
#2805=EDGE_CURVE('',#3871,#3872,#4503,.T.);
#2806=EDGE_CURVE('',#3872,#3870,#4504,.T.);
#2807=EDGE_CURVE('',#3873,#3874,#4505,.T.);
#2808=EDGE_CURVE('',#3874,#3875,#4506,.T.);
#2809=EDGE_CURVE('',#3875,#3876,#4507,.T.);
#2810=EDGE_CURVE('',#3873,#3876,#4508,.T.);
#2811=EDGE_CURVE('',#3877,#3878,#4509,.T.);
#2812=EDGE_CURVE('',#3878,#3879,#4510,.T.);
#2813=EDGE_CURVE('',#3879,#3880,#4511,.F.);
#2814=EDGE_CURVE('',#3877,#3880,#4512,.T.);
#2815=EDGE_CURVE('',#3881,#3882,#4513,.T.);
#2816=EDGE_CURVE('',#3882,#3883,#4514,.T.);
#2817=EDGE_CURVE('',#3884,#3883,#4515,.T.);
#2818=EDGE_CURVE('',#3881,#3884,#4516,.T.);
#2819=EDGE_CURVE('',#3885,#3885,#354,.T.);
#2820=EDGE_CURVE('',#3886,#3887,#4517,.T.);
#2821=EDGE_CURVE('',#3886,#3888,#4518,.T.);
#2822=EDGE_CURVE('',#3888,#3889,#4519,.T.);
#2823=EDGE_CURVE('',#3889,#3890,#4520,.T.);
#2824=EDGE_CURVE('',#3890,#3891,#355,.F.);
#2825=EDGE_CURVE('',#3891,#3892,#4521,.T.);
#2826=EDGE_CURVE('',#3887,#3892,#4522,.T.);
#2827=EDGE_CURVE('',#3893,#3894,#4523,.T.);
#2828=EDGE_CURVE('',#3893,#3895,#4524,.T.);
#2829=EDGE_CURVE('',#3895,#3896,#4525,.T.);
#2830=EDGE_CURVE('',#3897,#3896,#4526,.T.);
#2831=EDGE_CURVE('',#3898,#3897,#4527,.T.);
#2832=EDGE_CURVE('',#3898,#3899,#4528,.T.);
#2833=EDGE_CURVE('',#3900,#3899,#356,.T.);
#2834=EDGE_CURVE('',#3900,#3901,#4529,.T.);
#2835=EDGE_CURVE('',#3902,#3901,#357,.T.);
#2836=EDGE_CURVE('',#3902,#3903,#4530,.T.);
#2837=EDGE_CURVE('',#3903,#3904,#4531,.T.);
#2838=EDGE_CURVE('',#3894,#3904,#4532,.T.);
#2839=EDGE_CURVE('',#3905,#3906,#4533,.T.);
#2840=EDGE_CURVE('',#3907,#3906,#4534,.T.);
#2841=EDGE_CURVE('',#3908,#3907,#4535,.T.);
#2842=EDGE_CURVE('',#3908,#3905,#4536,.T.);
#2843=EDGE_CURVE('',#3909,#3910,#4537,.T.);
#2844=EDGE_CURVE('',#3911,#3909,#4538,.T.);
#2845=EDGE_CURVE('',#3911,#3912,#4539,.T.);
#2846=EDGE_CURVE('',#3912,#3910,#4540,.T.);
#2847=EDGE_CURVE('',#3913,#3914,#4541,.T.);
#2848=EDGE_CURVE('',#3915,#3913,#4542,.T.);
#2849=EDGE_CURVE('',#3915,#3916,#4543,.T.);
#2850=EDGE_CURVE('',#3916,#3914,#4544,.T.);
#2851=EDGE_CURVE('',#3917,#3918,#4545,.T.);
#2852=EDGE_CURVE('',#3919,#3917,#4546,.T.);
#2853=EDGE_CURVE('',#3919,#3920,#4547,.T.);
#2854=EDGE_CURVE('',#3918,#3920,#4548,.T.);
#2855=EDGE_CURVE('',#3921,#3922,#4549,.T.);
#2856=EDGE_CURVE('',#3923,#3921,#4550,.T.);
#2857=EDGE_CURVE('',#3923,#3924,#4551,.T.);
#2858=EDGE_CURVE('',#3924,#3922,#4552,.T.);
#2859=EDGE_CURVE('',#3925,#3926,#4553,.T.);
#2860=EDGE_CURVE('',#3927,#3925,#4554,.T.);
#2861=EDGE_CURVE('',#3927,#3928,#4555,.T.);
#2862=EDGE_CURVE('',#3928,#3926,#4556,.T.);
#2863=EDGE_CURVE('',#3929,#3930,#4557,.T.);
#2864=EDGE_CURVE('',#3931,#3929,#4558,.T.);
#2865=EDGE_CURVE('',#3931,#3932,#4559,.T.);
#2866=EDGE_CURVE('',#3932,#3930,#4560,.T.);
#2867=EDGE_CURVE('',#3933,#3934,#4561,.T.);
#2868=EDGE_CURVE('',#3933,#3935,#4562,.T.);
#2869=EDGE_CURVE('',#3936,#3935,#4563,.T.);
#2870=EDGE_CURVE('',#3937,#3936,#4564,.T.);
#2871=EDGE_CURVE('',#3938,#3937,#4565,.T.);
#2872=EDGE_CURVE('',#3939,#3938,#4566,.T.);
#2873=EDGE_CURVE('',#3939,#3898,#4567,.T.);
#2874=EDGE_CURVE('',#3658,#3897,#4568,.T.);
#2875=EDGE_CURVE('',#3657,#3940,#4569,.T.);
#2876=EDGE_CURVE('',#3940,#3941,#4570,.T.);
#2877=EDGE_CURVE('',#3941,#3893,#4571,.T.);
#2878=EDGE_CURVE('',#3942,#3894,#4572,.T.);
#2879=EDGE_CURVE('',#3934,#3942,#4573,.T.);
#2880=EDGE_CURVE('',#3943,#3944,#4574,.T.);
#2881=EDGE_CURVE('',#3943,#3945,#4575,.T.);
#2882=EDGE_CURVE('',#3945,#3946,#4576,.T.);
#2883=EDGE_CURVE('',#3946,#3903,#4577,.T.);
#2884=EDGE_CURVE('',#3947,#3902,#4578,.T.);
#2885=EDGE_CURVE('',#3948,#3947,#4579,.T.);
#2886=EDGE_CURVE('',#3948,#3901,#4580,.T.);
#2887=EDGE_CURVE('',#3949,#3900,#4581,.T.);
#2888=EDGE_CURVE('',#3950,#3949,#4582,.T.);
#2889=EDGE_CURVE('',#3950,#3899,#4583,.T.);
#2890=EDGE_CURVE('',#3939,#3951,#4584,.T.);
#2891=EDGE_CURVE('',#3951,#3952,#4585,.T.);
#2892=EDGE_CURVE('',#3952,#3953,#4586,.T.);
#2893=EDGE_CURVE('',#3953,#3944,#4587,.T.);
#2894=EDGE_CURVE('',#3954,#3955,#358,.T.);
#2895=EDGE_CURVE('',#3956,#3954,#4588,.T.);
#2896=EDGE_CURVE('',#3957,#3956,#359,.T.);
#2897=EDGE_CURVE('',#3957,#3955,#4589,.T.);
#2898=EDGE_CURVE('',#3958,#3959,#4590,.T.);
#2899=EDGE_CURVE('',#3959,#3960,#4591,.T.);
#2900=EDGE_CURVE('',#3961,#3960,#4592,.T.);
#2901=EDGE_CURVE('',#3958,#3961,#4593,.T.);
#2902=EDGE_CURVE('',#3946,#3962,#4594,.T.);
#2903=EDGE_CURVE('',#3962,#3963,#4595,.T.);
#2904=EDGE_CURVE('',#3963,#3964,#4596,.T.);
#2905=EDGE_CURVE('',#3964,#3965,#4597,.T.);
#2906=EDGE_CURVE('',#3966,#3965,#4598,.T.);
#2907=EDGE_CURVE('',#3966,#3967,#4599,.T.);
#2908=EDGE_CURVE('',#3967,#3968,#4600,.T.);
#2909=EDGE_CURVE('',#3968,#3904,#4601,.T.);
#2910=EDGE_CURVE('',#3969,#3970,#4602,.T.);
#2911=EDGE_CURVE('',#3971,#3969,#4603,.T.);
#2912=EDGE_CURVE('',#3942,#3971,#4604,.T.);
#2913=EDGE_CURVE('',#3972,#3968,#4605,.T.);
#2914=EDGE_CURVE('',#3973,#3972,#4606,.T.);
#2915=EDGE_CURVE('',#3973,#3974,#4607,.T.);
#2916=EDGE_CURVE('',#3975,#3974,#4608,.T.);
#2917=EDGE_CURVE('',#3975,#3976,#4609,.T.);
#2918=EDGE_CURVE('',#3976,#3977,#4610,.T.);
#2919=EDGE_CURVE('',#3978,#3977,#4611,.T.);
#2920=EDGE_CURVE('',#3970,#3978,#4612,.T.);
#2921=EDGE_CURVE('',#3979,#3980,#4613,.T.);
#2922=EDGE_CURVE('',#3979,#3652,#4614,.T.);
#2923=EDGE_CURVE('',#3980,#3654,#4615,.T.);
#2924=EDGE_CURVE('',#3981,#3982,#4616,.T.);
#2925=EDGE_CURVE('',#3982,#3983,#4617,.F.);
#2926=EDGE_CURVE('',#3983,#3984,#4618,.F.);
#2927=EDGE_CURVE('',#3984,#3981,#4619,.T.);
#2928=EDGE_CURVE('',#3985,#3986,#4620,.T.);
#2929=EDGE_CURVE('',#3986,#3987,#4621,.T.);
#2930=EDGE_CURVE('',#3988,#3987,#4622,.T.);
#2931=EDGE_CURVE('',#3985,#3988,#4623,.T.);
#2932=EDGE_CURVE('',#3989,#3990,#4624,.T.);
#2933=EDGE_CURVE('',#3990,#3991,#4625,.T.);
#2934=EDGE_CURVE('',#3992,#3991,#4626,.T.);
#2935=EDGE_CURVE('',#3989,#3992,#4627,.T.);
#2936=EDGE_CURVE('',#3993,#3994,#4628,.T.);
#2937=EDGE_CURVE('',#3993,#3995,#4629,.T.);
#2938=EDGE_CURVE('',#3995,#3996,#4630,.T.);
#2939=EDGE_CURVE('',#3994,#3996,#4631,.T.);
#2940=EDGE_CURVE('',#3997,#3998,#4632,.T.);
#2941=EDGE_CURVE('',#3998,#3999,#4633,.T.);
#2942=EDGE_CURVE('',#3999,#4000,#4634,.F.);
#2943=EDGE_CURVE('',#3997,#4000,#4635,.T.);
#2944=EDGE_CURVE('',#4001,#4002,#4636,.T.);
#2945=EDGE_CURVE('',#4002,#4003,#4637,.T.);
#2946=EDGE_CURVE('',#4003,#4004,#4638,.T.);
#2947=EDGE_CURVE('',#4001,#4004,#4639,.T.);
#2948=EDGE_CURVE('',#4005,#4005,#360,.T.);
#2949=EDGE_CURVE('',#4006,#4006,#361,.T.);
#2950=EDGE_CURVE('',#4007,#4007,#362,.T.);
#2951=EDGE_CURVE('',#4008,#4008,#363,.T.);
#2952=EDGE_CURVE('',#3978,#4009,#4640,.T.);
#2953=EDGE_CURVE('',#4009,#4010,#4641,.F.);
#2954=EDGE_CURVE('',#4011,#4010,#4642,.T.);
#2955=EDGE_CURVE('',#4011,#3981,#364,.T.);
#2956=EDGE_CURVE('',#3984,#3997,#365,.T.);
#2957=EDGE_CURVE('',#4000,#4012,#366,.T.);
#2958=EDGE_CURVE('',#4012,#4013,#4643,.T.);
#2959=EDGE_CURVE('',#4013,#4014,#367,.T.);
#2960=EDGE_CURVE('',#4015,#4014,#4644,.T.);
#2961=EDGE_CURVE('',#4015,#4016,#4645,.T.);
#2962=EDGE_CURVE('',#3975,#4016,#4646,.T.);
#2963=EDGE_CURVE('',#3974,#3965,#368,.T.);
#2964=EDGE_CURVE('',#3944,#3964,#369,.T.);
#2965=EDGE_CURVE('',#3953,#3936,#370,.T.);
#2966=EDGE_CURVE('',#3935,#3970,#371,.T.);
#2967=EDGE_CURVE('',#4012,#4017,#4647,.T.);
#2968=EDGE_CURVE('',#4017,#4018,#4648,.T.);
#2969=EDGE_CURVE('',#4018,#4013,#4649,.F.);
#2970=EDGE_CURVE('',#4010,#4019,#4650,.T.);
#2971=EDGE_CURVE('',#4019,#4020,#4651,.T.);
#2972=EDGE_CURVE('',#4020,#4015,#4652,.T.);
#2973=EDGE_CURVE('',#4014,#4021,#4653,.T.);
#2974=EDGE_CURVE('',#4021,#4022,#4654,.F.);
#2975=EDGE_CURVE('',#4022,#4011,#4655,.F.);
#2976=EDGE_CURVE('',#3888,#3779,#4656,.T.);
#2977=EDGE_CURVE('',#3886,#3778,#4657,.T.);
#2978=EDGE_CURVE('',#3887,#3780,#4658,.T.);
#2979=EDGE_CURVE('',#3892,#3781,#4659,.T.);
#2980=EDGE_CURVE('',#3891,#3782,#4660,.T.);
#2981=EDGE_CURVE('',#3890,#3783,#4661,.T.);
#2982=EDGE_CURVE('',#3889,#3784,#4662,.T.);
#2983=EDGE_CURVE('',#3999,#4017,#372,.T.);
#2984=EDGE_CURVE('',#4018,#4021,#373,.T.);
#2985=EDGE_CURVE('',#3983,#3998,#374,.T.);
#2986=EDGE_CURVE('',#4022,#3982,#375,.T.);
#2987=EDGE_CURVE('',#3947,#3948,#376,.T.);
#2988=EDGE_CURVE('',#4023,#4023,#377,.F.);
#2989=EDGE_CURVE('',#3949,#3950,#378,.T.);
#2990=EDGE_CURVE('',#4024,#4024,#379,.F.);
#2991=EDGE_CURVE('',#4025,#4025,#380,.T.);
#2992=EDGE_CURVE('',#4026,#4026,#381,.F.);
#2993=EDGE_CURVE('',#3994,#4027,#4663,.T.);
#2994=EDGE_CURVE('',#4028,#4027,#4664,.T.);
#2995=EDGE_CURVE('',#3993,#4028,#4665,.T.);
#2996=EDGE_CURVE('',#4028,#4029,#4666,.T.);
#2997=EDGE_CURVE('',#3995,#4029,#4667,.T.);
#2998=EDGE_CURVE('',#4029,#4030,#4668,.T.);
#2999=EDGE_CURVE('',#3996,#4030,#4669,.T.);
#3000=EDGE_CURVE('',#4027,#4030,#4670,.T.);
#3001=EDGE_CURVE('',#4031,#4032,#4671,.T.);
#3002=EDGE_CURVE('',#4032,#4033,#4672,.T.);
#3003=EDGE_CURVE('',#4034,#4033,#4673,.T.);
#3004=EDGE_CURVE('',#4031,#4034,#4674,.T.);
#3005=EDGE_CURVE('',#3959,#4032,#4675,.T.);
#3006=EDGE_CURVE('',#3960,#4031,#4676,.T.);
#3007=EDGE_CURVE('',#3961,#4034,#4677,.T.);
#3008=EDGE_CURVE('',#3958,#4033,#4678,.T.);
#3009=EDGE_CURVE('',#4002,#4035,#4679,.F.);
#3010=EDGE_CURVE('',#4036,#4035,#4680,.T.);
#3011=EDGE_CURVE('',#4036,#4003,#4681,.T.);
#3012=EDGE_CURVE('',#4004,#4037,#4682,.T.);
#3013=EDGE_CURVE('',#4037,#4038,#4683,.T.);
#3014=EDGE_CURVE('',#4038,#4001,#4684,.F.);
#3015=EDGE_CURVE('',#4035,#4038,#4685,.F.);
#3016=EDGE_CURVE('',#4037,#4036,#4686,.T.);
#3017=EDGE_CURVE('',#4039,#4040,#4687,.T.);
#3018=EDGE_CURVE('',#4040,#4041,#382,.T.);
#3019=EDGE_CURVE('',#4042,#4041,#4688,.T.);
#3020=EDGE_CURVE('',#4042,#4039,#383,.T.);
#3021=EDGE_CURVE('',#3955,#4041,#4689,.T.);
#3022=EDGE_CURVE('',#3954,#4040,#4690,.T.);
#3023=EDGE_CURVE('',#3956,#4039,#4691,.T.);
#3024=EDGE_CURVE('',#3957,#4042,#4692,.T.);
#3025=EDGE_CURVE('',#3986,#3980,#4693,.T.);
#3026=EDGE_CURVE('',#3985,#3979,#4694,.T.);
#3027=EDGE_CURVE('',#3987,#3940,#4695,.T.);
#3028=EDGE_CURVE('',#4043,#3653,#4696,.T.);
#3029=EDGE_CURVE('',#4044,#4043,#4697,.T.);
#3030=EDGE_CURVE('',#3940,#4044,#4698,.T.);
#3031=EDGE_CURVE('',#3988,#3657,#4699,.T.);
#3032=EDGE_CURVE('',#3655,#4045,#4700,.T.);
#3033=EDGE_CURVE('',#4045,#3651,#4701,.T.);
#3034=EDGE_CURVE('',#3990,#3929,#4702,.T.);
#3035=EDGE_CURVE('',#3991,#3930,#4703,.T.);
#3036=EDGE_CURVE('',#3992,#3932,#4704,.T.);
#3037=EDGE_CURVE('',#3989,#3931,#4705,.T.);
#3038=EDGE_CURVE('',#3656,#3896,#4706,.T.);
#3039=EDGE_CURVE('',#4046,#3895,#4707,.T.);
#3040=EDGE_CURVE('',#4046,#4044,#4708,.T.);
#3041=EDGE_CURVE('',#4043,#4045,#4709,.T.);
#3042=EDGE_CURVE('',#3941,#4046,#4710,.T.);
#3043=EDGE_CURVE('',#3982,#3775,#384,.T.);
#3044=EDGE_CURVE('',#3776,#4022,#385,.T.);
#3045=EDGE_CURVE('',#3777,#4021,#386,.T.);
#3046=EDGE_CURVE('',#3983,#3774,#387,.T.);
#3047=EDGE_CURVE('',#3770,#4018,#388,.T.);
#3048=EDGE_CURVE('',#3998,#3773,#389,.T.);
#3049=EDGE_CURVE('',#3771,#4017,#390,.T.);
#3050=EDGE_CURVE('',#3999,#3772,#391,.T.);
#3051=EDGE_CURVE('',#3976,#4047,#4711,.T.);
#3052=EDGE_CURVE('',#4047,#4048,#4712,.T.);
#3053=EDGE_CURVE('',#3977,#4048,#4713,.T.);
#3054=EDGE_CURVE('',#4016,#4047,#4714,.T.);
#3055=EDGE_CURVE('',#4048,#4009,#4715,.T.);
#3056=EDGE_CURVE('',#4049,#4049,#392,.T.);
#3057=EDGE_CURVE('',#4050,#4050,#393,.T.);
#3058=EDGE_CURVE('',#4051,#4051,#394,.T.);
#3059=EDGE_CURVE('',#4052,#3743,#4716,.T.);
#3060=EDGE_CURVE('',#4052,#4053,#214,.T.);
#3061=EDGE_CURVE('',#4053,#3744,#4717,.T.);
#3062=EDGE_CURVE('',#4053,#4054,#395,.F.);
#3063=EDGE_CURVE('',#4054,#3745,#4718,.T.);
#3064=EDGE_CURVE('',#4054,#4055,#215,.T.);
#3065=EDGE_CURVE('',#4055,#3746,#4719,.T.);
#3066=EDGE_CURVE('',#4055,#4056,#4720,.T.);
#3067=EDGE_CURVE('',#4056,#3747,#4721,.T.);
#3068=EDGE_CURVE('',#4056,#4057,#216,.T.);
#3069=EDGE_CURVE('',#4057,#3748,#4722,.T.);
#3070=EDGE_CURVE('',#4057,#4058,#217,.T.);
#3071=EDGE_CURVE('',#4058,#3749,#4723,.T.);
#3072=EDGE_CURVE('',#4058,#4059,#218,.T.);
#3073=EDGE_CURVE('',#4059,#3750,#4724,.T.);
#3074=EDGE_CURVE('',#4059,#4060,#219,.T.);
#3075=EDGE_CURVE('',#4060,#3751,#4725,.T.);
#3076=EDGE_CURVE('',#4060,#4061,#220,.T.);
#3077=EDGE_CURVE('',#4061,#3752,#4726,.T.);
#3078=EDGE_CURVE('',#4061,#4062,#4727,.T.);
#3079=EDGE_CURVE('',#4062,#3753,#4728,.T.);
#3080=EDGE_CURVE('',#4062,#4063,#396,.T.);
#3081=EDGE_CURVE('',#4063,#3754,#4729,.T.);
#3082=EDGE_CURVE('',#4063,#4064,#397,.T.);
#3083=EDGE_CURVE('',#4064,#3755,#4730,.T.);
#3084=EDGE_CURVE('',#4064,#4065,#221,.T.);
#3085=EDGE_CURVE('',#4065,#3756,#4731,.T.);
#3086=EDGE_CURVE('',#4065,#4066,#222,.T.);
#3087=EDGE_CURVE('',#4066,#3757,#4732,.T.);
#3088=EDGE_CURVE('',#4066,#4067,#223,.T.);
#3089=EDGE_CURVE('',#4067,#3758,#4733,.T.);
#3090=EDGE_CURVE('',#4067,#4068,#224,.T.);
#3091=EDGE_CURVE('',#4068,#3759,#4734,.T.);
#3092=EDGE_CURVE('',#4068,#4069,#4735,.T.);
#3093=EDGE_CURVE('',#4069,#3760,#4736,.T.);
#3094=EDGE_CURVE('',#4069,#4070,#4737,.T.);
#3095=EDGE_CURVE('',#4070,#3761,#4738,.T.);
#3096=EDGE_CURVE('',#4070,#4071,#4739,.T.);
#3097=EDGE_CURVE('',#4071,#3762,#4740,.T.);
#3098=EDGE_CURVE('',#4071,#4072,#225,.T.);
#3099=EDGE_CURVE('',#4072,#3763,#4741,.T.);
#3100=EDGE_CURVE('',#4072,#4073,#226,.T.);
#3101=EDGE_CURVE('',#4073,#3764,#4742,.T.);
#3102=EDGE_CURVE('',#4073,#4074,#227,.T.);
#3103=EDGE_CURVE('',#4074,#3765,#4743,.T.);
#3104=EDGE_CURVE('',#4074,#4075,#398,.T.);
#3105=EDGE_CURVE('',#4075,#3766,#4744,.T.);
#3106=EDGE_CURVE('',#4075,#4076,#399,.T.);
#3107=EDGE_CURVE('',#4076,#3767,#4745,.T.);
#3108=EDGE_CURVE('',#4076,#4077,#4746,.T.);
#3109=EDGE_CURVE('',#4077,#3768,#4747,.T.);
#3110=EDGE_CURVE('',#4077,#4078,#228,.T.);
#3111=EDGE_CURVE('',#4078,#3769,#4748,.T.);
#3112=EDGE_CURVE('',#4078,#4052,#229,.T.);
#3113=EDGE_CURVE('',#4079,#4080,#4749,.T.);
#3114=EDGE_CURVE('',#4081,#4079,#4750,.T.);
#3115=EDGE_CURVE('',#4081,#4082,#4751,.T.);
#3116=EDGE_CURVE('',#4082,#4080,#4752,.T.);
#3117=EDGE_CURVE('',#4080,#4083,#4753,.T.);
#3118=EDGE_CURVE('',#4082,#4084,#4754,.T.);
#3119=EDGE_CURVE('',#4084,#4083,#4755,.T.);
#3120=EDGE_CURVE('',#4083,#4085,#230,.T.);
#3121=EDGE_CURVE('',#4084,#4086,#231,.T.);
#3122=EDGE_CURVE('',#4086,#4085,#4756,.T.);
#3123=EDGE_CURVE('',#4085,#4087,#232,.T.);
#3124=EDGE_CURVE('',#4086,#4088,#233,.T.);
#3125=EDGE_CURVE('',#4088,#4087,#4757,.T.);
#3126=EDGE_CURVE('',#4087,#4089,#234,.T.);
#3127=EDGE_CURVE('',#4088,#4090,#235,.T.);
#3128=EDGE_CURVE('',#4090,#4089,#4758,.T.);
#3129=EDGE_CURVE('',#4089,#4091,#236,.T.);
#3130=EDGE_CURVE('',#4090,#4092,#237,.T.);
#3131=EDGE_CURVE('',#4092,#4091,#4759,.T.);
#3132=EDGE_CURVE('',#4093,#3785,#4760,.T.);
#3133=EDGE_CURVE('',#4093,#4094,#238,.T.);
#3134=EDGE_CURVE('',#4094,#3786,#4761,.T.);
#3135=EDGE_CURVE('',#4094,#4095,#239,.T.);
#3136=EDGE_CURVE('',#4095,#3787,#4762,.T.);
#3137=EDGE_CURVE('',#4095,#4096,#240,.T.);
#3138=EDGE_CURVE('',#4096,#3788,#4763,.T.);
#3139=EDGE_CURVE('',#4096,#4097,#4764,.T.);
#3140=EDGE_CURVE('',#4097,#3789,#4765,.T.);
#3141=EDGE_CURVE('',#4097,#4098,#4766,.T.);
#3142=EDGE_CURVE('',#4098,#3790,#4767,.T.);
#3143=EDGE_CURVE('',#4098,#4099,#4768,.T.);
#3144=EDGE_CURVE('',#4099,#3791,#4769,.T.);
#3145=EDGE_CURVE('',#4099,#4100,#4770,.T.);
#3146=EDGE_CURVE('',#4100,#3792,#4771,.T.);
#3147=EDGE_CURVE('',#4100,#4101,#4772,.T.);
#3148=EDGE_CURVE('',#4101,#3793,#4773,.T.);
#3149=EDGE_CURVE('',#4101,#4093,#241,.T.);
#3150=EDGE_CURVE('',#4091,#4079,#4774,.T.);
#3151=EDGE_CURVE('',#4092,#4081,#4775,.T.);
#3152=EDGE_CURVE('',#4102,#4103,#4776,.T.);
#3153=EDGE_CURVE('',#4104,#4102,#4777,.T.);
#3154=EDGE_CURVE('',#4104,#4105,#4778,.T.);
#3155=EDGE_CURVE('',#4105,#4103,#4779,.T.);
#3156=EDGE_CURVE('',#4103,#4106,#4780,.T.);
#3157=EDGE_CURVE('',#4105,#4107,#4781,.T.);
#3158=EDGE_CURVE('',#4107,#4106,#4782,.T.);
#3159=EDGE_CURVE('',#4106,#4108,#242,.T.);
#3160=EDGE_CURVE('',#4107,#4109,#243,.T.);
#3161=EDGE_CURVE('',#4109,#4108,#4783,.T.);
#3162=EDGE_CURVE('',#4108,#4110,#244,.T.);
#3163=EDGE_CURVE('',#4109,#4111,#245,.T.);
#3164=EDGE_CURVE('',#4111,#4110,#4784,.T.);
#3165=EDGE_CURVE('',#4110,#4112,#246,.T.);
#3166=EDGE_CURVE('',#4111,#4113,#247,.T.);
#3167=EDGE_CURVE('',#4113,#4112,#4785,.T.);
#3168=EDGE_CURVE('',#4112,#4114,#248,.T.);
#3169=EDGE_CURVE('',#4113,#4115,#249,.T.);
#3170=EDGE_CURVE('',#4115,#4114,#4786,.T.);
#3171=EDGE_CURVE('',#4116,#3734,#4787,.T.);
#3172=EDGE_CURVE('',#4116,#4117,#250,.T.);
#3173=EDGE_CURVE('',#4117,#3735,#4788,.T.);
#3174=EDGE_CURVE('',#4117,#4118,#251,.T.);
#3175=EDGE_CURVE('',#4118,#3736,#4789,.T.);
#3176=EDGE_CURVE('',#4118,#4119,#252,.T.);
#3177=EDGE_CURVE('',#4119,#3737,#4790,.T.);
#3178=EDGE_CURVE('',#4119,#4120,#4791,.T.);
#3179=EDGE_CURVE('',#4120,#3738,#4792,.T.);
#3180=EDGE_CURVE('',#4120,#4121,#4793,.T.);
#3181=EDGE_CURVE('',#4121,#3739,#4794,.T.);
#3182=EDGE_CURVE('',#4121,#4122,#4795,.T.);
#3183=EDGE_CURVE('',#4122,#3740,#4796,.T.);
#3184=EDGE_CURVE('',#4122,#4123,#4797,.T.);
#3185=EDGE_CURVE('',#4123,#3741,#4798,.T.);
#3186=EDGE_CURVE('',#4123,#4124,#4799,.T.);
#3187=EDGE_CURVE('',#4124,#3742,#4800,.T.);
#3188=EDGE_CURVE('',#4124,#4116,#253,.T.);
#3189=EDGE_CURVE('',#4114,#4102,#4801,.T.);
#3190=EDGE_CURVE('',#4115,#4104,#4802,.T.);
#3191=EDGE_CURVE('',#4125,#3794,#4803,.T.);
#3192=EDGE_CURVE('',#4125,#4126,#254,.T.);
#3193=EDGE_CURVE('',#4126,#3795,#4804,.T.);
#3194=EDGE_CURVE('',#4126,#4127,#255,.T.);
#3195=EDGE_CURVE('',#4127,#3796,#4805,.T.);
#3196=EDGE_CURVE('',#4127,#4128,#256,.T.);
#3197=EDGE_CURVE('',#4128,#3797,#4806,.T.);
#3198=EDGE_CURVE('',#4128,#4129,#257,.T.);
#3199=EDGE_CURVE('',#4129,#3798,#4807,.T.);
#3200=EDGE_CURVE('',#4129,#4130,#4808,.T.);
#3201=EDGE_CURVE('',#4130,#3799,#4809,.T.);
#3202=EDGE_CURVE('',#4130,#4131,#400,.T.);
#3203=EDGE_CURVE('',#4131,#3800,#4810,.T.);
#3204=EDGE_CURVE('',#4131,#4132,#258,.T.);
#3205=EDGE_CURVE('',#4132,#3801,#4811,.T.);
#3206=EDGE_CURVE('',#4132,#4133,#401,.T.);
#3207=EDGE_CURVE('',#4133,#3802,#4812,.T.);
#3208=EDGE_CURVE('',#4133,#4134,#259,.T.);
#3209=EDGE_CURVE('',#4134,#3803,#4813,.T.);
#3210=EDGE_CURVE('',#4134,#4135,#4814,.T.);
#3211=EDGE_CURVE('',#4135,#3804,#4815,.T.);
#3212=EDGE_CURVE('',#4135,#4136,#260,.T.);
#3213=EDGE_CURVE('',#4136,#3805,#4816,.T.);
#3214=EDGE_CURVE('',#4136,#4137,#261,.T.);
#3215=EDGE_CURVE('',#4137,#3806,#4817,.T.);
#3216=EDGE_CURVE('',#4137,#4138,#262,.T.);
#3217=EDGE_CURVE('',#4138,#3807,#4818,.T.);
#3218=EDGE_CURVE('',#4138,#4139,#263,.T.);
#3219=EDGE_CURVE('',#4139,#3808,#4819,.T.);
#3220=EDGE_CURVE('',#4139,#4140,#264,.T.);
#3221=EDGE_CURVE('',#4140,#3809,#4820,.T.);
#3222=EDGE_CURVE('',#4140,#4141,#265,.T.);
#3223=EDGE_CURVE('',#4141,#3810,#4821,.T.);
#3224=EDGE_CURVE('',#4141,#4142,#266,.T.);
#3225=EDGE_CURVE('',#4142,#3811,#4822,.T.);
#3226=EDGE_CURVE('',#4143,#4144,#402,.T.);
#3227=EDGE_CURVE('',#4145,#4143,#4823,.T.);
#3228=EDGE_CURVE('',#4145,#4146,#403,.T.);
#3229=EDGE_CURVE('',#4146,#4144,#4824,.T.);
#3230=EDGE_CURVE('',#4144,#4147,#267,.T.);
#3231=EDGE_CURVE('',#4146,#4148,#268,.T.);
#3232=EDGE_CURVE('',#4148,#4147,#4825,.T.);
#3233=EDGE_CURVE('',#4147,#4149,#269,.T.);
#3234=EDGE_CURVE('',#4148,#4150,#270,.T.);
#3235=EDGE_CURVE('',#4150,#4149,#4826,.T.);
#3236=EDGE_CURVE('',#4149,#4151,#271,.T.);
#3237=EDGE_CURVE('',#4150,#4152,#272,.T.);
#3238=EDGE_CURVE('',#4152,#4151,#4827,.T.);
#3239=EDGE_CURVE('',#4151,#4153,#273,.T.);
#3240=EDGE_CURVE('',#4152,#4154,#274,.T.);
#3241=EDGE_CURVE('',#4154,#4153,#4828,.T.);
#3242=EDGE_CURVE('',#4153,#4155,#404,.T.);
#3243=EDGE_CURVE('',#4154,#4156,#405,.T.);
#3244=EDGE_CURVE('',#4156,#4155,#4829,.T.);
#3245=EDGE_CURVE('',#4155,#4157,#275,.T.);
#3246=EDGE_CURVE('',#4156,#4158,#276,.T.);
#3247=EDGE_CURVE('',#4158,#4157,#4830,.T.);
#3248=EDGE_CURVE('',#4157,#4143,#277,.T.);
#3249=EDGE_CURVE('',#4158,#4145,#278,.T.);
#3250=EDGE_CURVE('',#4142,#4125,#406,.F.);
#3251=EDGE_CURVE('',#4159,#3726,#4831,.T.);
#3252=EDGE_CURVE('',#4159,#4160,#4832,.T.);
#3253=EDGE_CURVE('',#4160,#3727,#4833,.T.);
#3254=EDGE_CURVE('',#4160,#4161,#4834,.T.);
#3255=EDGE_CURVE('',#4161,#3728,#4835,.T.);
#3256=EDGE_CURVE('',#4161,#4162,#4836,.T.);
#3257=EDGE_CURVE('',#4162,#3729,#4837,.T.);
#3258=EDGE_CURVE('',#4162,#4163,#4838,.T.);
#3259=EDGE_CURVE('',#4163,#3730,#4839,.T.);
#3260=EDGE_CURVE('',#4163,#4164,#4840,.T.);
#3261=EDGE_CURVE('',#4164,#3731,#4841,.T.);
#3262=EDGE_CURVE('',#4164,#4165,#4842,.T.);
#3263=EDGE_CURVE('',#4165,#3732,#4843,.T.);
#3264=EDGE_CURVE('',#4165,#4166,#4844,.T.);
#3265=EDGE_CURVE('',#4166,#3733,#4845,.T.);
#3266=EDGE_CURVE('',#4167,#4168,#4846,.T.);
#3267=EDGE_CURVE('',#4169,#4167,#4847,.T.);
#3268=EDGE_CURVE('',#4169,#4170,#4848,.T.);
#3269=EDGE_CURVE('',#4170,#4168,#4849,.T.);
#3270=EDGE_CURVE('',#4168,#4171,#4850,.T.);
#3271=EDGE_CURVE('',#4170,#4172,#4851,.F.);
#3272=EDGE_CURVE('',#4172,#4171,#4852,.T.);
#3273=EDGE_CURVE('',#4171,#4173,#407,.F.);
#3274=EDGE_CURVE('',#4172,#4174,#408,.F.);
#3275=EDGE_CURVE('',#4174,#4173,#4853,.T.);
#3276=EDGE_CURVE('',#4173,#4167,#279,.T.);
#3277=EDGE_CURVE('',#4174,#4169,#280,.T.);
#3278=EDGE_CURVE('',#4166,#4159,#4854,.T.);
#3279=EDGE_CURVE('',#4175,#4176,#4855,.T.);
#3280=EDGE_CURVE('',#4177,#4175,#4856,.T.);
#3281=EDGE_CURVE('',#4177,#4178,#4857,.T.);
#3282=EDGE_CURVE('',#4178,#4176,#4858,.T.);
#3283=EDGE_CURVE('',#4176,#4179,#4859,.T.);
#3284=EDGE_CURVE('',#4178,#4180,#4860,.T.);
#3285=EDGE_CURVE('',#4180,#4179,#4861,.T.);
#3286=EDGE_CURVE('',#4179,#4181,#281,.T.);
#3287=EDGE_CURVE('',#4180,#4182,#282,.T.);
#3288=EDGE_CURVE('',#4182,#4181,#4862,.T.);
#3289=EDGE_CURVE('',#4181,#4183,#283,.T.);
#3290=EDGE_CURVE('',#4182,#4184,#284,.T.);
#3291=EDGE_CURVE('',#4184,#4183,#4863,.T.);
#3292=EDGE_CURVE('',#4183,#4185,#285,.T.);
#3293=EDGE_CURVE('',#4184,#4186,#286,.T.);
#3294=EDGE_CURVE('',#4186,#4185,#4864,.T.);
#3295=EDGE_CURVE('',#4185,#4187,#287,.T.);
#3296=EDGE_CURVE('',#4186,#4188,#288,.T.);
#3297=EDGE_CURVE('',#4188,#4187,#4865,.T.);
#3298=EDGE_CURVE('',#4189,#3812,#4866,.T.);
#3299=EDGE_CURVE('',#4189,#4190,#4867,.T.);
#3300=EDGE_CURVE('',#4190,#3813,#4868,.T.);
#3301=EDGE_CURVE('',#4190,#4191,#4869,.T.);
#3302=EDGE_CURVE('',#4191,#3814,#4870,.T.);
#3303=EDGE_CURVE('',#4191,#4192,#4871,.T.);
#3304=EDGE_CURVE('',#4192,#3815,#4872,.T.);
#3305=EDGE_CURVE('',#4192,#4193,#4873,.T.);
#3306=EDGE_CURVE('',#4193,#3816,#4874,.T.);
#3307=EDGE_CURVE('',#4193,#4194,#4875,.T.);
#3308=EDGE_CURVE('',#4194,#3817,#4876,.T.);
#3309=EDGE_CURVE('',#4194,#4195,#289,.T.);
#3310=EDGE_CURVE('',#4195,#3818,#4877,.T.);
#3311=EDGE_CURVE('',#4195,#4196,#290,.T.);
#3312=EDGE_CURVE('',#4196,#3819,#4878,.T.);
#3313=EDGE_CURVE('',#4196,#4197,#409,.F.);
#3314=EDGE_CURVE('',#4197,#3820,#4879,.T.);
#3315=EDGE_CURVE('',#4197,#4198,#410,.F.);
#3316=EDGE_CURVE('',#4198,#3821,#4880,.T.);
#3317=EDGE_CURVE('',#4198,#4199,#411,.T.);
#3318=EDGE_CURVE('',#4199,#3822,#4881,.T.);
#3319=EDGE_CURVE('',#4199,#4200,#4882,.T.);
#3320=EDGE_CURVE('',#4200,#3823,#4883,.T.);
#3321=EDGE_CURVE('',#4200,#4189,#4884,.T.);
#3322=EDGE_CURVE('',#4187,#4175,#4885,.T.);
#3323=EDGE_CURVE('',#4188,#4177,#4886,.T.);
#3324=EDGE_CURVE('',#4201,#3718,#4887,.T.);
#3325=EDGE_CURVE('',#4201,#4202,#291,.T.);
#3326=EDGE_CURVE('',#4202,#3719,#4888,.T.);
#3327=EDGE_CURVE('',#4202,#4203,#292,.T.);
#3328=EDGE_CURVE('',#4203,#3720,#4889,.T.);
#3329=EDGE_CURVE('',#4203,#4204,#293,.T.);
#3330=EDGE_CURVE('',#4204,#3721,#4890,.T.);
#3331=EDGE_CURVE('',#4204,#4205,#294,.T.);
#3332=EDGE_CURVE('',#4205,#3722,#4891,.T.);
#3333=EDGE_CURVE('',#4205,#4206,#295,.T.);
#3334=EDGE_CURVE('',#4206,#3723,#4892,.T.);
#3335=EDGE_CURVE('',#4206,#4207,#296,.T.);
#3336=EDGE_CURVE('',#4207,#3724,#4893,.T.);
#3337=EDGE_CURVE('',#4207,#4208,#297,.T.);
#3338=EDGE_CURVE('',#4208,#3725,#4894,.T.);
#3339=EDGE_CURVE('',#4209,#4210,#298,.T.);
#3340=EDGE_CURVE('',#4211,#4209,#4895,.T.);
#3341=EDGE_CURVE('',#4211,#4212,#299,.T.);
#3342=EDGE_CURVE('',#4212,#4210,#4896,.T.);
#3343=EDGE_CURVE('',#4210,#4213,#300,.T.);
#3344=EDGE_CURVE('',#4212,#4214,#301,.T.);
#3345=EDGE_CURVE('',#4214,#4213,#4897,.T.);
#3346=EDGE_CURVE('',#4213,#4215,#302,.T.);
#3347=EDGE_CURVE('',#4214,#4216,#303,.T.);
#3348=EDGE_CURVE('',#4216,#4215,#4898,.T.);
#3349=EDGE_CURVE('',#4215,#4217,#304,.T.);
#3350=EDGE_CURVE('',#4216,#4218,#305,.T.);
#3351=EDGE_CURVE('',#4218,#4217,#4899,.T.);
#3352=EDGE_CURVE('',#4217,#4219,#306,.T.);
#3353=EDGE_CURVE('',#4218,#4220,#307,.T.);
#3354=EDGE_CURVE('',#4220,#4219,#4900,.T.);
#3355=EDGE_CURVE('',#4219,#4209,#308,.T.);
#3356=EDGE_CURVE('',#4220,#4211,#309,.T.);
#3357=EDGE_CURVE('',#4208,#4201,#310,.T.);
#3358=EDGE_CURVE('',#4221,#3824,#4901,.T.);
#3359=EDGE_CURVE('',#4221,#4222,#4902,.T.);
#3360=EDGE_CURVE('',#4222,#3825,#4903,.T.);
#3361=EDGE_CURVE('',#4222,#4223,#4904,.T.);
#3362=EDGE_CURVE('',#4223,#3826,#4905,.T.);
#3363=EDGE_CURVE('',#4223,#4224,#311,.T.);
#3364=EDGE_CURVE('',#4224,#3827,#4906,.T.);
#3365=EDGE_CURVE('',#4224,#4225,#312,.T.);
#3366=EDGE_CURVE('',#4225,#3828,#4907,.T.);
#3367=EDGE_CURVE('',#4225,#4226,#313,.T.);
#3368=EDGE_CURVE('',#4226,#3829,#4908,.T.);
#3369=EDGE_CURVE('',#4226,#4227,#412,.F.);
#3370=EDGE_CURVE('',#4227,#3830,#4909,.T.);
#3371=EDGE_CURVE('',#4227,#4228,#4910,.T.);
#3372=EDGE_CURVE('',#4228,#3831,#4911,.T.);
#3373=EDGE_CURVE('',#4228,#4229,#314,.T.);
#3374=EDGE_CURVE('',#4229,#3832,#4912,.T.);
#3375=EDGE_CURVE('',#4229,#4230,#315,.T.);
#3376=EDGE_CURVE('',#4230,#3833,#4913,.T.);
#3377=EDGE_CURVE('',#4230,#4231,#316,.T.);
#3378=EDGE_CURVE('',#4231,#3834,#4914,.T.);
#3379=EDGE_CURVE('',#4231,#4232,#317,.T.);
#3380=EDGE_CURVE('',#4232,#3835,#4915,.T.);
#3381=EDGE_CURVE('',#4233,#4234,#4916,.T.);
#3382=EDGE_CURVE('',#4235,#4233,#4917,.T.);
#3383=EDGE_CURVE('',#4235,#4236,#4918,.T.);
#3384=EDGE_CURVE('',#4236,#4234,#4919,.T.);
#3385=EDGE_CURVE('',#4234,#4237,#4920,.T.);
#3386=EDGE_CURVE('',#4236,#4238,#4921,.T.);
#3387=EDGE_CURVE('',#4238,#4237,#4922,.T.);
#3388=EDGE_CURVE('',#4237,#4239,#4923,.T.);
#3389=EDGE_CURVE('',#4238,#4240,#4924,.T.);
#3390=EDGE_CURVE('',#4240,#4239,#4925,.T.);
#3391=EDGE_CURVE('',#4239,#4241,#318,.T.);
#3392=EDGE_CURVE('',#4240,#4242,#319,.T.);
#3393=EDGE_CURVE('',#4242,#4241,#4926,.T.);
#3394=EDGE_CURVE('',#4241,#4243,#320,.T.);
#3395=EDGE_CURVE('',#4242,#4244,#321,.T.);
#3396=EDGE_CURVE('',#4244,#4243,#4927,.T.);
#3397=EDGE_CURVE('',#4245,#4246,#4928,.T.);
#3398=EDGE_CURVE('',#4247,#4245,#4929,.T.);
#3399=EDGE_CURVE('',#4247,#4248,#4930,.T.);
#3400=EDGE_CURVE('',#4248,#4246,#4931,.T.);
#3401=EDGE_CURVE('',#4246,#4249,#4932,.T.);
#3402=EDGE_CURVE('',#4248,#4250,#4933,.T.);
#3403=EDGE_CURVE('',#4250,#4249,#4934,.T.);
#3404=EDGE_CURVE('',#4249,#4251,#322,.T.);
#3405=EDGE_CURVE('',#4250,#4252,#323,.T.);
#3406=EDGE_CURVE('',#4252,#4251,#4935,.T.);
#3407=EDGE_CURVE('',#4251,#4253,#324,.T.);
#3408=EDGE_CURVE('',#4252,#4254,#325,.T.);
#3409=EDGE_CURVE('',#4254,#4253,#4936,.T.);
#3410=EDGE_CURVE('',#4253,#4255,#326,.T.);
#3411=EDGE_CURVE('',#4254,#4256,#327,.T.);
#3412=EDGE_CURVE('',#4256,#4255,#4937,.T.);
#3413=EDGE_CURVE('',#4255,#4257,#328,.T.);
#3414=EDGE_CURVE('',#4256,#4258,#329,.T.);
#3415=EDGE_CURVE('',#4258,#4257,#4938,.T.);
#3416=EDGE_CURVE('',#4243,#4233,#330,.T.);
#3417=EDGE_CURVE('',#4244,#4235,#331,.T.);
#3418=EDGE_CURVE('',#4257,#4245,#4939,.T.);
#3419=EDGE_CURVE('',#4258,#4247,#4940,.T.);
#3420=EDGE_CURVE('',#4232,#4221,#4941,.T.);
#3421=EDGE_CURVE('',#4259,#3709,#4942,.T.);
#3422=EDGE_CURVE('',#4259,#4260,#4943,.T.);
#3423=EDGE_CURVE('',#4260,#3710,#4944,.T.);
#3424=EDGE_CURVE('',#4260,#4261,#4945,.T.);
#3425=EDGE_CURVE('',#4261,#3711,#4946,.T.);
#3426=EDGE_CURVE('',#4261,#4262,#4947,.T.);
#3427=EDGE_CURVE('',#4262,#3712,#4948,.T.);
#3428=EDGE_CURVE('',#4262,#4263,#4949,.T.);
#3429=EDGE_CURVE('',#4263,#3713,#4950,.T.);
#3430=EDGE_CURVE('',#4263,#4264,#4951,.T.);
#3431=EDGE_CURVE('',#4264,#3714,#4952,.T.);
#3432=EDGE_CURVE('',#4264,#4265,#4953,.T.);
#3433=EDGE_CURVE('',#4265,#3715,#4954,.T.);
#3434=EDGE_CURVE('',#4265,#4266,#4955,.T.);
#3435=EDGE_CURVE('',#4266,#3716,#4956,.T.);
#3436=EDGE_CURVE('',#4266,#4267,#4957,.T.);
#3437=EDGE_CURVE('',#4267,#3717,#4958,.T.);
#3438=EDGE_CURVE('',#4267,#4259,#4959,.T.);
#3439=EDGE_CURVE('',#4268,#3836,#4960,.T.);
#3440=EDGE_CURVE('',#4268,#4269,#4961,.T.);
#3441=EDGE_CURVE('',#4269,#3837,#4962,.T.);
#3442=EDGE_CURVE('',#4269,#4270,#4963,.T.);
#3443=EDGE_CURVE('',#4270,#3838,#4964,.T.);
#3444=EDGE_CURVE('',#4270,#4271,#4965,.T.);
#3445=EDGE_CURVE('',#4271,#3839,#4966,.T.);
#3446=EDGE_CURVE('',#4271,#4272,#4967,.T.);
#3447=EDGE_CURVE('',#4272,#3840,#4968,.T.);
#3448=EDGE_CURVE('',#4272,#4273,#4969,.T.);
#3449=EDGE_CURVE('',#4273,#3841,#4970,.T.);
#3450=EDGE_CURVE('',#4273,#4268,#4971,.T.);
#3451=EDGE_CURVE('',#4274,#3695,#4972,.T.);
#3452=EDGE_CURVE('',#4274,#4275,#4973,.T.);
#3453=EDGE_CURVE('',#4275,#3696,#4974,.T.);
#3454=EDGE_CURVE('',#4275,#4276,#4975,.T.);
#3455=EDGE_CURVE('',#4276,#3697,#4976,.T.);
#3456=EDGE_CURVE('',#4276,#4277,#4977,.T.);
#3457=EDGE_CURVE('',#4277,#3698,#4978,.T.);
#3458=EDGE_CURVE('',#4277,#4278,#4979,.T.);
#3459=EDGE_CURVE('',#4278,#3699,#4980,.T.);
#3460=EDGE_CURVE('',#4278,#4279,#413,.F.);
#3461=EDGE_CURVE('',#4279,#3700,#4981,.T.);
#3462=EDGE_CURVE('',#4279,#4280,#4982,.T.);
#3463=EDGE_CURVE('',#4280,#3701,#4983,.T.);
#3464=EDGE_CURVE('',#4280,#4281,#4984,.T.);
#3465=EDGE_CURVE('',#4281,#3702,#4985,.T.);
#3466=EDGE_CURVE('',#4281,#4282,#4986,.T.);
#3467=EDGE_CURVE('',#4282,#3703,#4987,.T.);
#3468=EDGE_CURVE('',#4282,#4283,#4988,.T.);
#3469=EDGE_CURVE('',#4283,#3704,#4989,.T.);
#3470=EDGE_CURVE('',#4283,#4284,#4990,.T.);
#3471=EDGE_CURVE('',#4284,#3705,#4991,.T.);
#3472=EDGE_CURVE('',#4284,#4285,#4992,.T.);
#3473=EDGE_CURVE('',#4285,#3706,#4993,.T.);
#3474=EDGE_CURVE('',#4285,#4286,#414,.F.);
#3475=EDGE_CURVE('',#4286,#3707,#4994,.T.);
#3476=EDGE_CURVE('',#4286,#4287,#4995,.T.);
#3477=EDGE_CURVE('',#4287,#3708,#4996,.T.);
#3478=EDGE_CURVE('',#4287,#4274,#4997,.T.);
#3479=EDGE_CURVE('',#4288,#3842,#4998,.T.);
#3480=EDGE_CURVE('',#4288,#4289,#4999,.T.);
#3481=EDGE_CURVE('',#4289,#3843,#5000,.T.);
#3482=EDGE_CURVE('',#4289,#4290,#5001,.T.);
#3483=EDGE_CURVE('',#4290,#3844,#5002,.T.);
#3484=EDGE_CURVE('',#4290,#4291,#5003,.T.);
#3485=EDGE_CURVE('',#4291,#3845,#5004,.T.);
#3486=EDGE_CURVE('',#4291,#4292,#5005,.T.);
#3487=EDGE_CURVE('',#4292,#3846,#5006,.T.);
#3488=EDGE_CURVE('',#4292,#4293,#5007,.T.);
#3489=EDGE_CURVE('',#4293,#3847,#5008,.T.);
#3490=EDGE_CURVE('',#4293,#4294,#5009,.T.);
#3491=EDGE_CURVE('',#4294,#3848,#5010,.T.);
#3492=EDGE_CURVE('',#4294,#4295,#5011,.T.);
#3493=EDGE_CURVE('',#4295,#3849,#5012,.T.);
#3494=EDGE_CURVE('',#4295,#4296,#5013,.T.);
#3495=EDGE_CURVE('',#4296,#3850,#5014,.T.);
#3496=EDGE_CURVE('',#4296,#4288,#5015,.T.);
#3497=EDGE_CURVE('',#4297,#3683,#5016,.T.);
#3498=EDGE_CURVE('',#4297,#4298,#5017,.T.);
#3499=EDGE_CURVE('',#4298,#3684,#5018,.T.);
#3500=EDGE_CURVE('',#4298,#4299,#5019,.T.);
#3501=EDGE_CURVE('',#4299,#3685,#5020,.T.);
#3502=EDGE_CURVE('',#4299,#4300,#5021,.T.);
#3503=EDGE_CURVE('',#4300,#3686,#5022,.T.);
#3504=EDGE_CURVE('',#4300,#4301,#5023,.T.);
#3505=EDGE_CURVE('',#4301,#3687,#5024,.T.);
#3506=EDGE_CURVE('',#4301,#4302,#5025,.T.);
#3507=EDGE_CURVE('',#4302,#3688,#5026,.T.);
#3508=EDGE_CURVE('',#4302,#4303,#5027,.T.);
#3509=EDGE_CURVE('',#4303,#3689,#5028,.T.);
#3510=EDGE_CURVE('',#4303,#4304,#5029,.T.);
#3511=EDGE_CURVE('',#4304,#3690,#5030,.T.);
#3512=EDGE_CURVE('',#4304,#4305,#5031,.T.);
#3513=EDGE_CURVE('',#4305,#3691,#5032,.T.);
#3514=EDGE_CURVE('',#4305,#4306,#5033,.T.);
#3515=EDGE_CURVE('',#4306,#3692,#5034,.T.);
#3516=EDGE_CURVE('',#4306,#4307,#5035,.T.);
#3517=EDGE_CURVE('',#4307,#3693,#5036,.T.);
#3518=EDGE_CURVE('',#4307,#4308,#5037,.T.);
#3519=EDGE_CURVE('',#4308,#3694,#5038,.T.);
#3520=EDGE_CURVE('',#4308,#4297,#5039,.T.);
#3521=EDGE_CURVE('',#4309,#3851,#5040,.T.);
#3522=EDGE_CURVE('',#4309,#4310,#5041,.T.);
#3523=EDGE_CURVE('',#4310,#3852,#5042,.T.);
#3524=EDGE_CURVE('',#4310,#4311,#5043,.T.);
#3525=EDGE_CURVE('',#4311,#3853,#5044,.T.);
#3526=EDGE_CURVE('',#4311,#4312,#5045,.T.);
#3527=EDGE_CURVE('',#4312,#3854,#5046,.T.);
#3528=EDGE_CURVE('',#4312,#4313,#5047,.T.);
#3529=EDGE_CURVE('',#4313,#3855,#5048,.T.);
#3530=EDGE_CURVE('',#4313,#4314,#5049,.T.);
#3531=EDGE_CURVE('',#4314,#3856,#5050,.T.);
#3532=EDGE_CURVE('',#4314,#4315,#5051,.T.);
#3533=EDGE_CURVE('',#4315,#3857,#5052,.T.);
#3534=EDGE_CURVE('',#4315,#4316,#5053,.T.);
#3535=EDGE_CURVE('',#4316,#3858,#5054,.T.);
#3536=EDGE_CURVE('',#4316,#4309,#5055,.T.);
#3537=EDGE_CURVE('',#4317,#3675,#5056,.T.);
#3538=EDGE_CURVE('',#4317,#4318,#5057,.T.);
#3539=EDGE_CURVE('',#4318,#3676,#5058,.T.);
#3540=EDGE_CURVE('',#4318,#4319,#5059,.T.);
#3541=EDGE_CURVE('',#4319,#3677,#5060,.T.);
#3542=EDGE_CURVE('',#4319,#4320,#5061,.T.);
#3543=EDGE_CURVE('',#4320,#3678,#5062,.T.);
#3544=EDGE_CURVE('',#4320,#4321,#5063,.T.);
#3545=EDGE_CURVE('',#4321,#3679,#5064,.T.);
#3546=EDGE_CURVE('',#4321,#4322,#5065,.T.);
#3547=EDGE_CURVE('',#4322,#3680,#5066,.T.);
#3548=EDGE_CURVE('',#4322,#4323,#5067,.T.);
#3549=EDGE_CURVE('',#4323,#3681,#5068,.T.);
#3550=EDGE_CURVE('',#4323,#4324,#5069,.T.);
#3551=EDGE_CURVE('',#4324,#3682,#5070,.T.);
#3552=EDGE_CURVE('',#4324,#4317,#5071,.T.);
#3553=EDGE_CURVE('',#4325,#3859,#5072,.T.);
#3554=EDGE_CURVE('',#4325,#4326,#5073,.T.);
#3555=EDGE_CURVE('',#4326,#3860,#5074,.T.);
#3556=EDGE_CURVE('',#4326,#4327,#5075,.T.);
#3557=EDGE_CURVE('',#4327,#3861,#5076,.T.);
#3558=EDGE_CURVE('',#4327,#4328,#5077,.T.);
#3559=EDGE_CURVE('',#4328,#3862,#5078,.T.);
#3560=EDGE_CURVE('',#4328,#4329,#5079,.T.);
#3561=EDGE_CURVE('',#4329,#3863,#5080,.T.);
#3562=EDGE_CURVE('',#4329,#4330,#5081,.T.);
#3563=EDGE_CURVE('',#4330,#3864,#5082,.T.);
#3564=EDGE_CURVE('',#4330,#4331,#5083,.T.);
#3565=EDGE_CURVE('',#4331,#3865,#5084,.T.);
#3566=EDGE_CURVE('',#4331,#4332,#5085,.T.);
#3567=EDGE_CURVE('',#4332,#3866,#5086,.T.);
#3568=EDGE_CURVE('',#4332,#4333,#415,.F.);
#3569=EDGE_CURVE('',#4333,#3867,#5087,.T.);
#3570=EDGE_CURVE('',#4333,#4334,#416,.F.);
#3571=EDGE_CURVE('',#4334,#3868,#5088,.T.);
#3572=EDGE_CURVE('',#4334,#4325,#332,.T.);
#3573=EDGE_CURVE('',#3973,#3966,#417,.T.);
#3574=EDGE_CURVE('',#3967,#3972,#418,.T.);
#3575=EDGE_CURVE('',#3933,#3969,#419,.T.);
#3576=EDGE_CURVE('',#3971,#3934,#420,.T.);
#3577=EDGE_CURVE('',#3943,#3963,#421,.T.);
#3578=EDGE_CURVE('',#3945,#3962,#422,.T.);
#3579=EDGE_CURVE('',#3952,#3937,#423,.T.);
#3580=EDGE_CURVE('',#3938,#3951,#424,.T.);
#3581=EDGE_CURVE('',#3951,#3938,#425,.T.);
#3582=EDGE_CURVE('',#3962,#3945,#426,.T.);
#3583=EDGE_CURVE('',#3972,#3967,#427,.T.);
#3584=EDGE_CURVE('',#3934,#3971,#428,.T.);
#3585=EDGE_CURVE('',#4047,#4020,#5089,.F.);
#3586=EDGE_CURVE('',#4048,#4019,#5090,.T.);
#3587=EDGE_CURVE('',#3674,#4335,#429,.T.);
#3588=EDGE_CURVE('',#3882,#4335,#5091,.T.);
#3589=EDGE_CURVE('',#3881,#4336,#5092,.T.);
#3590=EDGE_CURVE('',#4336,#3671,#430,.T.);
#3591=EDGE_CURVE('',#4335,#4337,#5093,.T.);
#3592=EDGE_CURVE('',#3883,#4337,#5094,.T.);
#3593=EDGE_CURVE('',#3672,#4338,#431,.F.);
#3594=EDGE_CURVE('',#3884,#4338,#5095,.T.);
#3595=EDGE_CURVE('',#4337,#3673,#432,.F.);
#3596=EDGE_CURVE('',#4338,#4336,#5096,.F.);
#3597=EDGE_CURVE('',#3668,#4339,#433,.F.);
#3598=EDGE_CURVE('',#3907,#4339,#5097,.T.);
#3599=EDGE_CURVE('',#3906,#3669,#5098,.T.);
#3600=EDGE_CURVE('',#4339,#4340,#5099,.F.);
#3601=EDGE_CURVE('',#3908,#4340,#5100,.T.);
#3602=EDGE_CURVE('',#3905,#3670,#5101,.T.);
#3603=EDGE_CURVE('',#4340,#3667,#434,.T.);
#3604=EDGE_CURVE('',#3871,#4341,#435,.F.);
#3605=EDGE_CURVE('',#3911,#4341,#5102,.T.);
#3606=EDGE_CURVE('',#3909,#3872,#5103,.T.);
#3607=EDGE_CURVE('',#4341,#4342,#5104,.T.);
#3608=EDGE_CURVE('',#3912,#4342,#5105,.T.);
#3609=EDGE_CURVE('',#3910,#3870,#5106,.T.);
#3610=EDGE_CURVE('',#4342,#3869,#436,.T.);
#3611=EDGE_CURVE('',#3913,#4343,#5107,.T.);
#3612=EDGE_CURVE('',#4343,#4344,#5108,.F.);
#3613=EDGE_CURVE('',#3915,#4344,#5109,.T.);
#3614=EDGE_CURVE('',#3666,#4345,#437,.T.);
#3615=EDGE_CURVE('',#3916,#4345,#5110,.T.);
#3616=EDGE_CURVE('',#4344,#3663,#438,.T.);
#3617=EDGE_CURVE('',#4345,#4346,#5111,.T.);
#3618=EDGE_CURVE('',#3914,#4346,#5112,.T.);
#3619=EDGE_CURVE('',#3664,#4343,#439,.F.);
#3620=EDGE_CURVE('',#4346,#3665,#440,.F.);
#3621=EDGE_CURVE('',#3917,#4347,#5113,.T.);
#3622=EDGE_CURVE('',#4347,#4348,#5114,.F.);
#3623=EDGE_CURVE('',#3919,#4348,#5115,.T.);
#3624=EDGE_CURVE('',#3876,#4349,#441,.T.);
#3625=EDGE_CURVE('',#3920,#4349,#5116,.T.);
#3626=EDGE_CURVE('',#4348,#3873,#442,.T.);
#3627=EDGE_CURVE('',#4349,#4350,#5117,.F.);
#3628=EDGE_CURVE('',#3918,#4350,#5118,.T.);
#3629=EDGE_CURVE('',#3874,#4347,#443,.F.);
#3630=EDGE_CURVE('',#4350,#3875,#444,.F.);
#3631=EDGE_CURVE('',#3921,#4351,#5119,.T.);
#3632=EDGE_CURVE('',#4351,#4352,#5120,.F.);
#3633=EDGE_CURVE('',#3923,#4352,#5121,.T.);
#3634=EDGE_CURVE('',#3662,#4353,#445,.T.);
#3635=EDGE_CURVE('',#3924,#4353,#5122,.T.);
#3636=EDGE_CURVE('',#4352,#3659,#446,.T.);
#3637=EDGE_CURVE('',#4353,#4354,#5123,.T.);
#3638=EDGE_CURVE('',#3922,#4354,#5124,.T.);
#3639=EDGE_CURVE('',#3660,#4351,#447,.F.);
#3640=EDGE_CURVE('',#4354,#3661,#448,.F.);
#3641=EDGE_CURVE('',#3925,#4355,#5125,.T.);
#3642=EDGE_CURVE('',#4355,#4356,#5126,.F.);
#3643=EDGE_CURVE('',#3927,#4356,#5127,.T.);
#3644=EDGE_CURVE('',#3880,#4357,#449,.T.);
#3645=EDGE_CURVE('',#3928,#4357,#5128,.T.);
#3646=EDGE_CURVE('',#4356,#3877,#450,.T.);
#3647=EDGE_CURVE('',#4357,#4358,#5129,.T.);
#3648=EDGE_CURVE('',#3926,#4358,#5130,.T.);
#3649=EDGE_CURVE('',#3878,#4355,#451,.F.);
#3650=EDGE_CURVE('',#4358,#3879,#452,.F.);
#3651=VERTEX_POINT('',#9526);
#3652=VERTEX_POINT('',#9527);
#3653=VERTEX_POINT('',#9529);
#3654=VERTEX_POINT('',#9531);
#3655=VERTEX_POINT('',#9535);
#3656=VERTEX_POINT('',#9536);
#3657=VERTEX_POINT('',#9538);
#3658=VERTEX_POINT('',#9540);
#3659=VERTEX_POINT('',#9544);
#3660=VERTEX_POINT('',#9545);
#3661=VERTEX_POINT('',#9547);
#3662=VERTEX_POINT('',#9549);
#3663=VERTEX_POINT('',#9552);
#3664=VERTEX_POINT('',#9553);
#3665=VERTEX_POINT('',#9555);
#3666=VERTEX_POINT('',#9557);
#3667=VERTEX_POINT('',#9560);
#3668=VERTEX_POINT('',#9561);
#3669=VERTEX_POINT('',#9563);
#3670=VERTEX_POINT('',#9565);
#3671=VERTEX_POINT('',#9568);
#3672=VERTEX_POINT('',#9569);
#3673=VERTEX_POINT('',#9571);
#3674=VERTEX_POINT('',#9573);
#3675=VERTEX_POINT('',#9576);
#3676=VERTEX_POINT('',#9577);
#3677=VERTEX_POINT('',#9579);
#3678=VERTEX_POINT('',#9581);
#3679=VERTEX_POINT('',#9583);
#3680=VERTEX_POINT('',#9585);
#3681=VERTEX_POINT('',#9587);
#3682=VERTEX_POINT('',#9589);
#3683=VERTEX_POINT('',#9592);
#3684=VERTEX_POINT('',#9593);
#3685=VERTEX_POINT('',#9595);
#3686=VERTEX_POINT('',#9597);
#3687=VERTEX_POINT('',#9599);
#3688=VERTEX_POINT('',#9601);
#3689=VERTEX_POINT('',#9603);
#3690=VERTEX_POINT('',#9605);
#3691=VERTEX_POINT('',#9607);
#3692=VERTEX_POINT('',#9609);
#3693=VERTEX_POINT('',#9611);
#3694=VERTEX_POINT('',#9613);
#3695=VERTEX_POINT('',#9616);
#3696=VERTEX_POINT('',#9617);
#3697=VERTEX_POINT('',#9619);
#3698=VERTEX_POINT('',#9621);
#3699=VERTEX_POINT('',#9623);
#3700=VERTEX_POINT('',#9625);
#3701=VERTEX_POINT('',#9627);
#3702=VERTEX_POINT('',#9629);
#3703=VERTEX_POINT('',#9631);
#3704=VERTEX_POINT('',#9633);
#3705=VERTEX_POINT('',#9635);
#3706=VERTEX_POINT('',#9637);
#3707=VERTEX_POINT('',#9639);
#3708=VERTEX_POINT('',#9641);
#3709=VERTEX_POINT('',#9644);
#3710=VERTEX_POINT('',#9645);
#3711=VERTEX_POINT('',#9647);
#3712=VERTEX_POINT('',#9649);
#3713=VERTEX_POINT('',#9651);
#3714=VERTEX_POINT('',#9653);
#3715=VERTEX_POINT('',#9655);
#3716=VERTEX_POINT('',#9657);
#3717=VERTEX_POINT('',#9659);
#3718=VERTEX_POINT('',#9664);
#3719=VERTEX_POINT('',#9665);
#3720=VERTEX_POINT('',#9669);
#3721=VERTEX_POINT('',#9673);
#3722=VERTEX_POINT('',#9677);
#3723=VERTEX_POINT('',#9681);
#3724=VERTEX_POINT('',#9685);
#3725=VERTEX_POINT('',#9689);
#3726=VERTEX_POINT('',#9694);
#3727=VERTEX_POINT('',#9695);
#3728=VERTEX_POINT('',#9697);
#3729=VERTEX_POINT('',#9699);
#3730=VERTEX_POINT('',#9701);
#3731=VERTEX_POINT('',#9703);
#3732=VERTEX_POINT('',#9705);
#3733=VERTEX_POINT('',#9707);
#3734=VERTEX_POINT('',#9712);
#3735=VERTEX_POINT('',#9713);
#3736=VERTEX_POINT('',#9717);
#3737=VERTEX_POINT('',#9721);
#3738=VERTEX_POINT('',#9723);
#3739=VERTEX_POINT('',#9725);
#3740=VERTEX_POINT('',#9727);
#3741=VERTEX_POINT('',#9729);
#3742=VERTEX_POINT('',#9731);
#3743=VERTEX_POINT('',#9738);
#3744=VERTEX_POINT('',#9739);
#3745=VERTEX_POINT('',#9741);
#3746=VERTEX_POINT('',#9745);
#3747=VERTEX_POINT('',#9747);
#3748=VERTEX_POINT('',#9751);
#3749=VERTEX_POINT('',#9755);
#3750=VERTEX_POINT('',#9759);
#3751=VERTEX_POINT('',#9763);
#3752=VERTEX_POINT('',#9767);
#3753=VERTEX_POINT('',#9769);
#3754=VERTEX_POINT('',#9771);
#3755=VERTEX_POINT('',#9773);
#3756=VERTEX_POINT('',#9777);
#3757=VERTEX_POINT('',#9781);
#3758=VERTEX_POINT('',#9785);
#3759=VERTEX_POINT('',#9789);
#3760=VERTEX_POINT('',#9791);
#3761=VERTEX_POINT('',#9793);
#3762=VERTEX_POINT('',#9795);
#3763=VERTEX_POINT('',#9799);
#3764=VERTEX_POINT('',#9803);
#3765=VERTEX_POINT('',#9807);
#3766=VERTEX_POINT('',#9809);
#3767=VERTEX_POINT('',#9811);
#3768=VERTEX_POINT('',#9813);
#3769=VERTEX_POINT('',#9817);
#3770=VERTEX_POINT('',#9822);
#3771=VERTEX_POINT('',#9823);
#3772=VERTEX_POINT('',#9825);
#3773=VERTEX_POINT('',#9827);
#3774=VERTEX_POINT('',#9829);
#3775=VERTEX_POINT('',#9831);
#3776=VERTEX_POINT('',#9833);
#3777=VERTEX_POINT('',#9835);
#3778=VERTEX_POINT('',#9838);
#3779=VERTEX_POINT('',#9839);
#3780=VERTEX_POINT('',#9841);
#3781=VERTEX_POINT('',#9843);
#3782=VERTEX_POINT('',#9845);
#3783=VERTEX_POINT('',#9847);
#3784=VERTEX_POINT('',#9849);
#3785=VERTEX_POINT('',#9854);
#3786=VERTEX_POINT('',#9855);
#3787=VERTEX_POINT('',#9859);
#3788=VERTEX_POINT('',#9863);
#3789=VERTEX_POINT('',#9865);
#3790=VERTEX_POINT('',#9867);
#3791=VERTEX_POINT('',#9869);
#3792=VERTEX_POINT('',#9871);
#3793=VERTEX_POINT('',#9873);
#3794=VERTEX_POINT('',#9880);
#3795=VERTEX_POINT('',#9881);
#3796=VERTEX_POINT('',#9885);
#3797=VERTEX_POINT('',#9889);
#3798=VERTEX_POINT('',#9893);
#3799=VERTEX_POINT('',#9895);
#3800=VERTEX_POINT('',#9897);
#3801=VERTEX_POINT('',#9901);
#3802=VERTEX_POINT('',#9903);
#3803=VERTEX_POINT('',#9907);
#3804=VERTEX_POINT('',#9909);
#3805=VERTEX_POINT('',#9913);
#3806=VERTEX_POINT('',#9917);
#3807=VERTEX_POINT('',#9921);
#3808=VERTEX_POINT('',#9925);
#3809=VERTEX_POINT('',#9929);
#3810=VERTEX_POINT('',#9933);
#3811=VERTEX_POINT('',#9937);
#3812=VERTEX_POINT('',#9940);
#3813=VERTEX_POINT('',#9941);
#3814=VERTEX_POINT('',#9943);
#3815=VERTEX_POINT('',#9945);
#3816=VERTEX_POINT('',#9947);
#3817=VERTEX_POINT('',#9949);
#3818=VERTEX_POINT('',#9953);
#3819=VERTEX_POINT('',#9957);
#3820=VERTEX_POINT('',#9959);
#3821=VERTEX_POINT('',#9961);
#3822=VERTEX_POINT('',#9963);
#3823=VERTEX_POINT('',#9965);
#3824=VERTEX_POINT('',#9968);
#3825=VERTEX_POINT('',#9969);
#3826=VERTEX_POINT('',#9971);
#3827=VERTEX_POINT('',#9975);
#3828=VERTEX_POINT('',#9979);
#3829=VERTEX_POINT('',#9983);
#3830=VERTEX_POINT('',#9985);
#3831=VERTEX_POINT('',#9987);
#3832=VERTEX_POINT('',#9991);
#3833=VERTEX_POINT('',#9995);
#3834=VERTEX_POINT('',#9999);
#3835=VERTEX_POINT('',#10003);
#3836=VERTEX_POINT('',#10006);
#3837=VERTEX_POINT('',#10007);
#3838=VERTEX_POINT('',#10009);
#3839=VERTEX_POINT('',#10011);
#3840=VERTEX_POINT('',#10013);
#3841=VERTEX_POINT('',#10015);
#3842=VERTEX_POINT('',#10018);
#3843=VERTEX_POINT('',#10019);
#3844=VERTEX_POINT('',#10021);
#3845=VERTEX_POINT('',#10023);
#3846=VERTEX_POINT('',#10025);
#3847=VERTEX_POINT('',#10027);
#3848=VERTEX_POINT('',#10029);
#3849=VERTEX_POINT('',#10031);
#3850=VERTEX_POINT('',#10033);
#3851=VERTEX_POINT('',#10036);
#3852=VERTEX_POINT('',#10037);
#3853=VERTEX_POINT('',#10039);
#3854=VERTEX_POINT('',#10041);
#3855=VERTEX_POINT('',#10043);
#3856=VERTEX_POINT('',#10045);
#3857=VERTEX_POINT('',#10047);
#3858=VERTEX_POINT('',#10049);
#3859=VERTEX_POINT('',#10052);
#3860=VERTEX_POINT('',#10053);
#3861=VERTEX_POINT('',#10055);
#3862=VERTEX_POINT('',#10057);
#3863=VERTEX_POINT('',#10059);
#3864=VERTEX_POINT('',#10061);
#3865=VERTEX_POINT('',#10063);
#3866=VERTEX_POINT('',#10065);
#3867=VERTEX_POINT('',#10067);
#3868=VERTEX_POINT('',#10069);
#3869=VERTEX_POINT('',#10074);
#3870=VERTEX_POINT('',#10075);
#3871=VERTEX_POINT('',#10077);
#3872=VERTEX_POINT('',#10079);
#3873=VERTEX_POINT('',#10082);
#3874=VERTEX_POINT('',#10083);
#3875=VERTEX_POINT('',#10085);
#3876=VERTEX_POINT('',#10087);
#3877=VERTEX_POINT('',#10090);
#3878=VERTEX_POINT('',#10091);
#3879=VERTEX_POINT('',#10093);
#3880=VERTEX_POINT('',#10095);
#3881=VERTEX_POINT('',#10099);
#3882=VERTEX_POINT('',#10100);
#3883=VERTEX_POINT('',#10102);
#3884=VERTEX_POINT('',#10104);
#3885=VERTEX_POINT('',#10107);
#3886=VERTEX_POINT('',#10109);
#3887=VERTEX_POINT('',#10110);
#3888=VERTEX_POINT('',#10112);
#3889=VERTEX_POINT('',#10114);
#3890=VERTEX_POINT('',#10116);
#3891=VERTEX_POINT('',#10118);
#3892=VERTEX_POINT('',#10120);
#3893=VERTEX_POINT('',#10123);
#3894=VERTEX_POINT('',#10124);
#3895=VERTEX_POINT('',#10126);
#3896=VERTEX_POINT('',#10128);
#3897=VERTEX_POINT('',#10130);
#3898=VERTEX_POINT('',#10132);
#3899=VERTEX_POINT('',#10134);
#3900=VERTEX_POINT('',#10136);
#3901=VERTEX_POINT('',#10138);
#3902=VERTEX_POINT('',#10140);
#3903=VERTEX_POINT('',#10142);
#3904=VERTEX_POINT('',#10144);
#3905=VERTEX_POINT('',#10147);
#3906=VERTEX_POINT('',#10148);
#3907=VERTEX_POINT('',#10150);
#3908=VERTEX_POINT('',#10152);
#3909=VERTEX_POINT('',#10155);
#3910=VERTEX_POINT('',#10156);
#3911=VERTEX_POINT('',#10158);
#3912=VERTEX_POINT('',#10160);
#3913=VERTEX_POINT('',#10163);
#3914=VERTEX_POINT('',#10164);
#3915=VERTEX_POINT('',#10166);
#3916=VERTEX_POINT('',#10168);
#3917=VERTEX_POINT('',#10171);
#3918=VERTEX_POINT('',#10172);
#3919=VERTEX_POINT('',#10174);
#3920=VERTEX_POINT('',#10176);
#3921=VERTEX_POINT('',#10179);
#3922=VERTEX_POINT('',#10180);
#3923=VERTEX_POINT('',#10182);
#3924=VERTEX_POINT('',#10184);
#3925=VERTEX_POINT('',#10187);
#3926=VERTEX_POINT('',#10188);
#3927=VERTEX_POINT('',#10190);
#3928=VERTEX_POINT('',#10192);
#3929=VERTEX_POINT('',#10196);
#3930=VERTEX_POINT('',#10197);
#3931=VERTEX_POINT('',#10199);
#3932=VERTEX_POINT('',#10201);
#3933=VERTEX_POINT('',#10204);
#3934=VERTEX_POINT('',#10205);
#3935=VERTEX_POINT('',#10207);
#3936=VERTEX_POINT('',#10209);
#3937=VERTEX_POINT('',#10211);
#3938=VERTEX_POINT('',#10213);
#3939=VERTEX_POINT('',#10215);
#3940=VERTEX_POINT('',#10219);
#3941=VERTEX_POINT('',#10221);
#3942=VERTEX_POINT('',#10224);
#3943=VERTEX_POINT('',#10228);
#3944=VERTEX_POINT('',#10229);
#3945=VERTEX_POINT('',#10231);
#3946=VERTEX_POINT('',#10233);
#3947=VERTEX_POINT('',#10236);
#3948=VERTEX_POINT('',#10238);
#3949=VERTEX_POINT('',#10241);
#3950=VERTEX_POINT('',#10243);
#3951=VERTEX_POINT('',#10246);
#3952=VERTEX_POINT('',#10248);
#3953=VERTEX_POINT('',#10250);
#3954=VERTEX_POINT('',#10253);
#3955=VERTEX_POINT('',#10254);
#3956=VERTEX_POINT('',#10256);
#3957=VERTEX_POINT('',#10258);
#3958=VERTEX_POINT('',#10261);
#3959=VERTEX_POINT('',#10262);
#3960=VERTEX_POINT('',#10264);
#3961=VERTEX_POINT('',#10266);
#3962=VERTEX_POINT('',#10270);
#3963=VERTEX_POINT('',#10272);
#3964=VERTEX_POINT('',#10274);
#3965=VERTEX_POINT('',#10276);
#3966=VERTEX_POINT('',#10278);
#3967=VERTEX_POINT('',#10280);
#3968=VERTEX_POINT('',#10282);
#3969=VERTEX_POINT('',#10286);
#3970=VERTEX_POINT('',#10287);
#3971=VERTEX_POINT('',#10289);
#3972=VERTEX_POINT('',#10292);
#3973=VERTEX_POINT('',#10294);
#3974=VERTEX_POINT('',#10296);
#3975=VERTEX_POINT('',#10298);
#3976=VERTEX_POINT('',#10300);
#3977=VERTEX_POINT('',#10302);
#3978=VERTEX_POINT('',#10304);
#3979=VERTEX_POINT('',#10308);
#3980=VERTEX_POINT('',#10309);
#3981=VERTEX_POINT('',#10314);
#3982=VERTEX_POINT('',#10315);
#3983=VERTEX_POINT('',#10317);
#3984=VERTEX_POINT('',#10319);
#3985=VERTEX_POINT('',#10322);
#3986=VERTEX_POINT('',#10323);
#3987=VERTEX_POINT('',#10325);
#3988=VERTEX_POINT('',#10327);
#3989=VERTEX_POINT('',#10330);
#3990=VERTEX_POINT('',#10331);
#3991=VERTEX_POINT('',#10333);
#3992=VERTEX_POINT('',#10335);
#3993=VERTEX_POINT('',#10339);
#3994=VERTEX_POINT('',#10340);
#3995=VERTEX_POINT('',#10342);
#3996=VERTEX_POINT('',#10344);
#3997=VERTEX_POINT('',#10347);
#3998=VERTEX_POINT('',#10348);
#3999=VERTEX_POINT('',#10350);
#4000=VERTEX_POINT('',#10352);
#4001=VERTEX_POINT('',#10355);
#4002=VERTEX_POINT('',#10356);
#4003=VERTEX_POINT('',#10358);
#4004=VERTEX_POINT('',#10360);
#4005=VERTEX_POINT('',#10364);
#4006=VERTEX_POINT('',#10366);
#4007=VERTEX_POINT('',#10368);
#4008=VERTEX_POINT('',#10370);
#4009=VERTEX_POINT('',#10372);
#4010=VERTEX_POINT('',#10374);
#4011=VERTEX_POINT('',#10376);
#4012=VERTEX_POINT('',#10380);
#4013=VERTEX_POINT('',#10382);
#4014=VERTEX_POINT('',#10384);
#4015=VERTEX_POINT('',#10386);
#4016=VERTEX_POINT('',#10388);
#4017=VERTEX_POINT('',#10396);
#4018=VERTEX_POINT('',#10398);
#4019=VERTEX_POINT('',#10402);
#4020=VERTEX_POINT('',#10404);
#4021=VERTEX_POINT('',#10407);
#4022=VERTEX_POINT('',#10409);
#4023=VERTEX_POINT('',#10437);
#4024=VERTEX_POINT('',#10442);
#4025=VERTEX_POINT('',#10445);
#4026=VERTEX_POINT('',#10448);
#4027=VERTEX_POINT('',#10451);
#4028=VERTEX_POINT('',#10453);
#4029=VERTEX_POINT('',#10457);
#4030=VERTEX_POINT('',#10461);
#4031=VERTEX_POINT('',#10467);
#4032=VERTEX_POINT('',#10468);
#4033=VERTEX_POINT('',#10470);
#4034=VERTEX_POINT('',#10472);
#4035=VERTEX_POINT('',#10484);
#4036=VERTEX_POINT('',#10486);
#4037=VERTEX_POINT('',#10490);
#4038=VERTEX_POINT('',#10492);
#4039=VERTEX_POINT('',#10498);
#4040=VERTEX_POINT('',#10499);
#4041=VERTEX_POINT('',#10501);
#4042=VERTEX_POINT('',#10503);
#4043=VERTEX_POINT('',#10519);
#4044=VERTEX_POINT('',#10521);
#4045=VERTEX_POINT('',#10527);
#4046=VERTEX_POINT('',#10541);
#4047=VERTEX_POINT('',#10565);
#4048=VERTEX_POINT('',#10567);
#4049=VERTEX_POINT('',#10575);
#4050=VERTEX_POINT('',#10579);
#4051=VERTEX_POINT('',#10583);
#4052=VERTEX_POINT('',#10594);
#4053=VERTEX_POINT('',#10598);
#4054=VERTEX_POINT('',#10602);
#4055=VERTEX_POINT('',#10615);
#4056=VERTEX_POINT('',#10619);
#4057=VERTEX_POINT('',#10632);
#4058=VERTEX_POINT('',#10645);
#4059=VERTEX_POINT('',#10658);
#4060=VERTEX_POINT('',#10671);
#4061=VERTEX_POINT('',#10684);
#4062=VERTEX_POINT('',#10688);
#4063=VERTEX_POINT('',#10692);
#4064=VERTEX_POINT('',#10696);
#4065=VERTEX_POINT('',#10709);
#4066=VERTEX_POINT('',#10722);
#4067=VERTEX_POINT('',#10735);
#4068=VERTEX_POINT('',#10748);
#4069=VERTEX_POINT('',#10752);
#4070=VERTEX_POINT('',#10756);
#4071=VERTEX_POINT('',#10760);
#4072=VERTEX_POINT('',#10773);
#4073=VERTEX_POINT('',#10786);
#4074=VERTEX_POINT('',#10799);
#4075=VERTEX_POINT('',#10803);
#4076=VERTEX_POINT('',#10807);
#4077=VERTEX_POINT('',#10811);
#4078=VERTEX_POINT('',#10824);
#4079=VERTEX_POINT('',#10840);
#4080=VERTEX_POINT('',#10841);
#4081=VERTEX_POINT('',#10843);
#4082=VERTEX_POINT('',#10845);
#4083=VERTEX_POINT('',#10849);
#4084=VERTEX_POINT('',#10851);
#4085=VERTEX_POINT('',#10864);
#4086=VERTEX_POINT('',#10868);
#4087=VERTEX_POINT('',#10881);
#4088=VERTEX_POINT('',#10885);
#4089=VERTEX_POINT('',#10898);
#4090=VERTEX_POINT('',#10902);
#4091=VERTEX_POINT('',#10915);
#4092=VERTEX_POINT('',#10919);
#4093=VERTEX_POINT('',#10930);
#4094=VERTEX_POINT('',#10934);
#4095=VERTEX_POINT('',#10947);
#4096=VERTEX_POINT('',#10960);
#4097=VERTEX_POINT('',#10964);
#4098=VERTEX_POINT('',#10968);
#4099=VERTEX_POINT('',#10972);
#4100=VERTEX_POINT('',#10976);
#4101=VERTEX_POINT('',#10980);
#4102=VERTEX_POINT('',#10999);
#4103=VERTEX_POINT('',#11000);
#4104=VERTEX_POINT('',#11002);
#4105=VERTEX_POINT('',#11004);
#4106=VERTEX_POINT('',#11008);
#4107=VERTEX_POINT('',#11010);
#4108=VERTEX_POINT('',#11023);
#4109=VERTEX_POINT('',#11027);
#4110=VERTEX_POINT('',#11040);
#4111=VERTEX_POINT('',#11044);
#4112=VERTEX_POINT('',#11057);
#4113=VERTEX_POINT('',#11061);
#4114=VERTEX_POINT('',#11074);
#4115=VERTEX_POINT('',#11078);
#4116=VERTEX_POINT('',#11089);
#4117=VERTEX_POINT('',#11093);
#4118=VERTEX_POINT('',#11106);
#4119=VERTEX_POINT('',#11119);
#4120=VERTEX_POINT('',#11123);
#4121=VERTEX_POINT('',#11127);
#4122=VERTEX_POINT('',#11131);
#4123=VERTEX_POINT('',#11135);
#4124=VERTEX_POINT('',#11139);
#4125=VERTEX_POINT('',#11165);
#4126=VERTEX_POINT('',#11169);
#4127=VERTEX_POINT('',#11182);
#4128=VERTEX_POINT('',#11195);
#4129=VERTEX_POINT('',#11208);
#4130=VERTEX_POINT('',#11212);
#4131=VERTEX_POINT('',#11216);
#4132=VERTEX_POINT('',#11229);
#4133=VERTEX_POINT('',#11233);
#4134=VERTEX_POINT('',#11246);
#4135=VERTEX_POINT('',#11250);
#4136=VERTEX_POINT('',#11263);
#4137=VERTEX_POINT('',#11276);
#4138=VERTEX_POINT('',#11289);
#4139=VERTEX_POINT('',#11302);
#4140=VERTEX_POINT('',#11315);
#4141=VERTEX_POINT('',#11328);
#4142=VERTEX_POINT('',#11341);
#4143=VERTEX_POINT('',#11345);
#4144=VERTEX_POINT('',#11346);
#4145=VERTEX_POINT('',#11348);
#4146=VERTEX_POINT('',#11350);
#4147=VERTEX_POINT('',#11363);
#4148=VERTEX_POINT('',#11367);
#4149=VERTEX_POINT('',#11380);
#4150=VERTEX_POINT('',#11384);
#4151=VERTEX_POINT('',#11397);
#4152=VERTEX_POINT('',#11401);
#4153=VERTEX_POINT('',#11414);
#4154=VERTEX_POINT('',#11418);
#4155=VERTEX_POINT('',#11422);
#4156=VERTEX_POINT('',#11424);
#4157=VERTEX_POINT('',#11437);
#4158=VERTEX_POINT('',#11441);
#4159=VERTEX_POINT('',#11463);
#4160=VERTEX_POINT('',#11465);
#4161=VERTEX_POINT('',#11469);
#4162=VERTEX_POINT('',#11473);
#4163=VERTEX_POINT('',#11477);
#4164=VERTEX_POINT('',#11481);
#4165=VERTEX_POINT('',#11485);
#4166=VERTEX_POINT('',#11489);
#4167=VERTEX_POINT('',#11493);
#4168=VERTEX_POINT('',#11494);
#4169=VERTEX_POINT('',#11496);
#4170=VERTEX_POINT('',#11498);
#4171=VERTEX_POINT('',#11502);
#4172=VERTEX_POINT('',#11504);
#4173=VERTEX_POINT('',#11508);
#4174=VERTEX_POINT('',#11510);
#4175=VERTEX_POINT('',#11532);
#4176=VERTEX_POINT('',#11533);
#4177=VERTEX_POINT('',#11535);
#4178=VERTEX_POINT('',#11537);
#4179=VERTEX_POINT('',#11541);
#4180=VERTEX_POINT('',#11543);
#4181=VERTEX_POINT('',#11556);
#4182=VERTEX_POINT('',#11560);
#4183=VERTEX_POINT('',#11573);
#4184=VERTEX_POINT('',#11577);
#4185=VERTEX_POINT('',#11590);
#4186=VERTEX_POINT('',#11594);
#4187=VERTEX_POINT('',#11607);
#4188=VERTEX_POINT('',#11611);
#4189=VERTEX_POINT('',#11615);
#4190=VERTEX_POINT('',#11617);
#4191=VERTEX_POINT('',#11621);
#4192=VERTEX_POINT('',#11625);
#4193=VERTEX_POINT('',#11629);
#4194=VERTEX_POINT('',#11633);
#4195=VERTEX_POINT('',#11646);
#4196=VERTEX_POINT('',#11659);
#4197=VERTEX_POINT('',#11663);
#4198=VERTEX_POINT('',#11667);
#4199=VERTEX_POINT('',#11671);
#4200=VERTEX_POINT('',#11675);
#4201=VERTEX_POINT('',#11692);
#4202=VERTEX_POINT('',#11696);
#4203=VERTEX_POINT('',#11709);
#4204=VERTEX_POINT('',#11722);
#4205=VERTEX_POINT('',#11735);
#4206=VERTEX_POINT('',#11748);
#4207=VERTEX_POINT('',#11761);
#4208=VERTEX_POINT('',#11774);
#4209=VERTEX_POINT('',#11787);
#4210=VERTEX_POINT('',#11788);
#4211=VERTEX_POINT('',#11790);
#4212=VERTEX_POINT('',#11794);
#4213=VERTEX_POINT('',#11807);
#4214=VERTEX_POINT('',#11811);
#4215=VERTEX_POINT('',#11824);
#4216=VERTEX_POINT('',#11828);
#4217=VERTEX_POINT('',#11841);
#4218=VERTEX_POINT('',#11845);
#4219=VERTEX_POINT('',#11858);
#4220=VERTEX_POINT('',#11862);
#4221=VERTEX_POINT('',#11893);
#4222=VERTEX_POINT('',#11895);
#4223=VERTEX_POINT('',#11899);
#4224=VERTEX_POINT('',#11912);
#4225=VERTEX_POINT('',#11925);
#4226=VERTEX_POINT('',#11938);
#4227=VERTEX_POINT('',#11942);
#4228=VERTEX_POINT('',#11946);
#4229=VERTEX_POINT('',#11959);
#4230=VERTEX_POINT('',#11972);
#4231=VERTEX_POINT('',#11985);
#4232=VERTEX_POINT('',#11998);
#4233=VERTEX_POINT('',#12002);
#4234=VERTEX_POINT('',#12003);
#4235=VERTEX_POINT('',#12005);
#4236=VERTEX_POINT('',#12007);
#4237=VERTEX_POINT('',#12011);
#4238=VERTEX_POINT('',#12013);
#4239=VERTEX_POINT('',#12017);
#4240=VERTEX_POINT('',#12019);
#4241=VERTEX_POINT('',#12032);
#4242=VERTEX_POINT('',#12036);
#4243=VERTEX_POINT('',#12049);
#4244=VERTEX_POINT('',#12053);
#4245=VERTEX_POINT('',#12057);
#4246=VERTEX_POINT('',#12058);
#4247=VERTEX_POINT('',#12060);
#4248=VERTEX_POINT('',#12062);
#4249=VERTEX_POINT('',#12066);
#4250=VERTEX_POINT('',#12068);
#4251=VERTEX_POINT('',#12081);
#4252=VERTEX_POINT('',#12085);
#4253=VERTEX_POINT('',#12098);
#4254=VERTEX_POINT('',#12102);
#4255=VERTEX_POINT('',#12115);
#4256=VERTEX_POINT('',#12119);
#4257=VERTEX_POINT('',#12132);
#4258=VERTEX_POINT('',#12136);
#4259=VERTEX_POINT('',#12162);
#4260=VERTEX_POINT('',#12164);
#4261=VERTEX_POINT('',#12168);
#4262=VERTEX_POINT('',#12172);
#4263=VERTEX_POINT('',#12176);
#4264=VERTEX_POINT('',#12180);
#4265=VERTEX_POINT('',#12184);
#4266=VERTEX_POINT('',#12188);
#4267=VERTEX_POINT('',#12192);
#4268=VERTEX_POINT('',#12199);
#4269=VERTEX_POINT('',#12201);
#4270=VERTEX_POINT('',#12205);
#4271=VERTEX_POINT('',#12209);
#4272=VERTEX_POINT('',#12213);
#4273=VERTEX_POINT('',#12217);
#4274=VERTEX_POINT('',#12224);
#4275=VERTEX_POINT('',#12226);
#4276=VERTEX_POINT('',#12230);
#4277=VERTEX_POINT('',#12234);
#4278=VERTEX_POINT('',#12238);
#4279=VERTEX_POINT('',#12242);
#4280=VERTEX_POINT('',#12246);
#4281=VERTEX_POINT('',#12250);
#4282=VERTEX_POINT('',#12254);
#4283=VERTEX_POINT('',#12258);
#4284=VERTEX_POINT('',#12262);
#4285=VERTEX_POINT('',#12266);
#4286=VERTEX_POINT('',#12270);
#4287=VERTEX_POINT('',#12274);
#4288=VERTEX_POINT('',#12281);
#4289=VERTEX_POINT('',#12283);
#4290=VERTEX_POINT('',#12287);
#4291=VERTEX_POINT('',#12291);
#4292=VERTEX_POINT('',#12295);
#4293=VERTEX_POINT('',#12299);
#4294=VERTEX_POINT('',#12303);
#4295=VERTEX_POINT('',#12307);
#4296=VERTEX_POINT('',#12311);
#4297=VERTEX_POINT('',#12318);
#4298=VERTEX_POINT('',#12320);
#4299=VERTEX_POINT('',#12324);
#4300=VERTEX_POINT('',#12328);
#4301=VERTEX_POINT('',#12332);
#4302=VERTEX_POINT('',#12336);
#4303=VERTEX_POINT('',#12340);
#4304=VERTEX_POINT('',#12344);
#4305=VERTEX_POINT('',#12348);
#4306=VERTEX_POINT('',#12352);
#4307=VERTEX_POINT('',#12356);
#4308=VERTEX_POINT('',#12360);
#4309=VERTEX_POINT('',#12367);
#4310=VERTEX_POINT('',#12369);
#4311=VERTEX_POINT('',#12373);
#4312=VERTEX_POINT('',#12377);
#4313=VERTEX_POINT('',#12381);
#4314=VERTEX_POINT('',#12385);
#4315=VERTEX_POINT('',#12389);
#4316=VERTEX_POINT('',#12393);
#4317=VERTEX_POINT('',#12400);
#4318=VERTEX_POINT('',#12402);
#4319=VERTEX_POINT('',#12406);
#4320=VERTEX_POINT('',#12410);
#4321=VERTEX_POINT('',#12414);
#4322=VERTEX_POINT('',#12418);
#4323=VERTEX_POINT('',#12422);
#4324=VERTEX_POINT('',#12426);
#4325=VERTEX_POINT('',#12433);
#4326=VERTEX_POINT('',#12435);
#4327=VERTEX_POINT('',#12439);
#4328=VERTEX_POINT('',#12443);
#4329=VERTEX_POINT('',#12447);
#4330=VERTEX_POINT('',#12451);
#4331=VERTEX_POINT('',#12455);
#4332=VERTEX_POINT('',#12459);
#4333=VERTEX_POINT('',#12463);
#4334=VERTEX_POINT('',#12467);
#4335=VERTEX_POINT('',#12521);
#4336=VERTEX_POINT('',#12524);
#4337=VERTEX_POINT('',#12528);
#4338=VERTEX_POINT('',#12532);
#4339=VERTEX_POINT('',#12539);
#4340=VERTEX_POINT('',#12544);
#4341=VERTEX_POINT('',#12552);
#4342=VERTEX_POINT('',#12557);
#4343=VERTEX_POINT('',#12565);
#4344=VERTEX_POINT('',#12567);
#4345=VERTEX_POINT('',#12571);
#4346=VERTEX_POINT('',#12576);
#4347=VERTEX_POINT('',#12583);
#4348=VERTEX_POINT('',#12585);
#4349=VERTEX_POINT('',#12589);
#4350=VERTEX_POINT('',#12594);
#4351=VERTEX_POINT('',#12601);
#4352=VERTEX_POINT('',#12603);
#4353=VERTEX_POINT('',#12607);
#4354=VERTEX_POINT('',#12612);
#4355=VERTEX_POINT('',#12619);
#4356=VERTEX_POINT('',#12621);
#4357=VERTEX_POINT('',#12625);
#4358=VERTEX_POINT('',#12630);
#4359=LINE('',#9525,#5131);
#4360=LINE('',#9528,#5132);
#4361=LINE('',#9530,#5133);
#4362=LINE('',#9532,#5134);
#4363=LINE('',#9534,#5135);
#4364=LINE('',#9537,#5136);
#4365=LINE('',#9539,#5137);
#4366=LINE('',#9541,#5138);
#4367=LINE('',#9543,#5139);
#4368=LINE('',#9546,#5140);
#4369=LINE('',#9548,#5141);
#4370=LINE('',#9550,#5142);
#4371=LINE('',#9551,#5143);
#4372=LINE('',#9554,#5144);
#4373=LINE('',#9556,#5145);
#4374=LINE('',#9558,#5146);
#4375=LINE('',#9559,#5147);
#4376=LINE('',#9562,#5148);
#4377=LINE('',#9564,#5149);
#4378=LINE('',#9566,#5150);
#4379=LINE('',#9567,#5151);
#4380=LINE('',#9570,#5152);
#4381=LINE('',#9572,#5153);
#4382=LINE('',#9574,#5154);
#4383=LINE('',#9575,#5155);
#4384=LINE('',#9578,#5156);
#4385=LINE('',#9580,#5157);
#4386=LINE('',#9582,#5158);
#4387=LINE('',#9584,#5159);
#4388=LINE('',#9586,#5160);
#4389=LINE('',#9588,#5161);
#4390=LINE('',#9590,#5162);
#4391=LINE('',#9591,#5163);
#4392=LINE('',#9594,#5164);
#4393=LINE('',#9596,#5165);
#4394=LINE('',#9598,#5166);
#4395=LINE('',#9600,#5167);
#4396=LINE('',#9602,#5168);
#4397=LINE('',#9604,#5169);
#4398=LINE('',#9606,#5170);
#4399=LINE('',#9608,#5171);
#4400=LINE('',#9610,#5172);
#4401=LINE('',#9612,#5173);
#4402=LINE('',#9614,#5174);
#4403=LINE('',#9615,#5175);
#4404=LINE('',#9618,#5176);
#4405=LINE('',#9620,#5177);
#4406=LINE('',#9622,#5178);
#4407=LINE('',#9626,#5179);
#4408=LINE('',#9628,#5180);
#4409=LINE('',#9630,#5181);
#4410=LINE('',#9632,#5182);
#4411=LINE('',#9634,#5183);
#4412=LINE('',#9636,#5184);
#4413=LINE('',#9640,#5185);
#4414=LINE('',#9642,#5186);
#4415=LINE('',#9643,#5187);
#4416=LINE('',#9646,#5188);
#4417=LINE('',#9648,#5189);
#4418=LINE('',#9650,#5190);
#4419=LINE('',#9652,#5191);
#4420=LINE('',#9654,#5192);
#4421=LINE('',#9656,#5193);
#4422=LINE('',#9658,#5194);
#4423=LINE('',#9660,#5195);
#4424=LINE('',#9693,#5196);
#4425=LINE('',#9696,#5197);
#4426=LINE('',#9698,#5198);
#4427=LINE('',#9700,#5199);
#4428=LINE('',#9702,#5200);
#4429=LINE('',#9704,#5201);
#4430=LINE('',#9706,#5202);
#4431=LINE('',#9708,#5203);
#4432=LINE('',#9722,#5204);
#4433=LINE('',#9724,#5205);
#4434=LINE('',#9726,#5206);
#4435=LINE('',#9728,#5207);
#4436=LINE('',#9730,#5208);
#4437=LINE('',#9746,#5209);
#4438=LINE('',#9768,#5210);
#4439=LINE('',#9790,#5211);
#4440=LINE('',#9792,#5212);
#4441=LINE('',#9794,#5213);
#4442=LINE('',#9812,#5214);
#4443=LINE('',#9821,#5215);
#4444=LINE('',#9826,#5216);
#4445=LINE('',#9830,#5217);
#4446=LINE('',#9834,#5218);
#4447=LINE('',#9837,#5219);
#4448=LINE('',#9840,#5220);
#4449=LINE('',#9842,#5221);
#4450=LINE('',#9844,#5222);
#4451=LINE('',#9848,#5223);
#4452=LINE('',#9850,#5224);
#4453=LINE('',#9864,#5225);
#4454=LINE('',#9866,#5226);
#4455=LINE('',#9868,#5227);
#4456=LINE('',#9870,#5228);
#4457=LINE('',#9872,#5229);
#4458=LINE('',#9894,#5230);
#4459=LINE('',#9908,#5231);
#4460=LINE('',#9939,#5232);
#4461=LINE('',#9942,#5233);
#4462=LINE('',#9944,#5234);
#4463=LINE('',#9946,#5235);
#4464=LINE('',#9948,#5236);
#4465=LINE('',#9964,#5237);
#4466=LINE('',#9966,#5238);
#4467=LINE('',#9967,#5239);
#4468=LINE('',#9970,#5240);
#4469=LINE('',#9986,#5241);
#4470=LINE('',#10004,#5242);
#4471=LINE('',#10005,#5243);
#4472=LINE('',#10008,#5244);
#4473=LINE('',#10010,#5245);
#4474=LINE('',#10012,#5246);
#4475=LINE('',#10014,#5247);
#4476=LINE('',#10016,#5248);
#4477=LINE('',#10017,#5249);
#4478=LINE('',#10020,#5250);
#4479=LINE('',#10022,#5251);
#4480=LINE('',#10024,#5252);
#4481=LINE('',#10026,#5253);
#4482=LINE('',#10028,#5254);
#4483=LINE('',#10030,#5255);
#4484=LINE('',#10032,#5256);
#4485=LINE('',#10034,#5257);
#4486=LINE('',#10035,#5258);
#4487=LINE('',#10038,#5259);
#4488=LINE('',#10040,#5260);
#4489=LINE('',#10042,#5261);
#4490=LINE('',#10044,#5262);
#4491=LINE('',#10046,#5263);
#4492=LINE('',#10048,#5264);
#4493=LINE('',#10050,#5265);
#4494=LINE('',#10051,#5266);
#4495=LINE('',#10054,#5267);
#4496=LINE('',#10056,#5268);
#4497=LINE('',#10058,#5269);
#4498=LINE('',#10060,#5270);
#4499=LINE('',#10062,#5271);
#4500=LINE('',#10064,#5272);
#4501=LINE('',#10073,#5273);
#4502=LINE('',#10076,#5274);
#4503=LINE('',#10078,#5275);
#4504=LINE('',#10080,#5276);
#4505=LINE('',#10081,#5277);
#4506=LINE('',#10084,#5278);
#4507=LINE('',#10086,#5279);
#4508=LINE('',#10088,#5280);
#4509=LINE('',#10089,#5281);
#4510=LINE('',#10092,#5282);
#4511=LINE('',#10094,#5283);
#4512=LINE('',#10096,#5284);
#4513=LINE('',#10098,#5285);
#4514=LINE('',#10101,#5286);
#4515=LINE('',#10103,#5287);
#4516=LINE('',#10105,#5288);
#4517=LINE('',#10108,#5289);
#4518=LINE('',#10111,#5290);
#4519=LINE('',#10113,#5291);
#4520=LINE('',#10115,#5292);
#4521=LINE('',#10119,#5293);
#4522=LINE('',#10121,#5294);
#4523=LINE('',#10122,#5295);
#4524=LINE('',#10125,#5296);
#4525=LINE('',#10127,#5297);
#4526=LINE('',#10129,#5298);
#4527=LINE('',#10131,#5299);
#4528=LINE('',#10133,#5300);
#4529=LINE('',#10137,#5301);
#4530=LINE('',#10141,#5302);
#4531=LINE('',#10143,#5303);
#4532=LINE('',#10145,#5304);
#4533=LINE('',#10146,#5305);
#4534=LINE('',#10149,#5306);
#4535=LINE('',#10151,#5307);
#4536=LINE('',#10153,#5308);
#4537=LINE('',#10154,#5309);
#4538=LINE('',#10157,#5310);
#4539=LINE('',#10159,#5311);
#4540=LINE('',#10161,#5312);
#4541=LINE('',#10162,#5313);
#4542=LINE('',#10165,#5314);
#4543=LINE('',#10167,#5315);
#4544=LINE('',#10169,#5316);
#4545=LINE('',#10170,#5317);
#4546=LINE('',#10173,#5318);
#4547=LINE('',#10175,#5319);
#4548=LINE('',#10177,#5320);
#4549=LINE('',#10178,#5321);
#4550=LINE('',#10181,#5322);
#4551=LINE('',#10183,#5323);
#4552=LINE('',#10185,#5324);
#4553=LINE('',#10186,#5325);
#4554=LINE('',#10189,#5326);
#4555=LINE('',#10191,#5327);
#4556=LINE('',#10193,#5328);
#4557=LINE('',#10195,#5329);
#4558=LINE('',#10198,#5330);
#4559=LINE('',#10200,#5331);
#4560=LINE('',#10202,#5332);
#4561=LINE('',#10203,#5333);
#4562=LINE('',#10206,#5334);
#4563=LINE('',#10208,#5335);
#4564=LINE('',#10210,#5336);
#4565=LINE('',#10212,#5337);
#4566=LINE('',#10214,#5338);
#4567=LINE('',#10216,#5339);
#4568=LINE('',#10217,#5340);
#4569=LINE('',#10218,#5341);
#4570=LINE('',#10220,#5342);
#4571=LINE('',#10222,#5343);
#4572=LINE('',#10223,#5344);
#4573=LINE('',#10225,#5345);
#4574=LINE('',#10227,#5346);
#4575=LINE('',#10230,#5347);
#4576=LINE('',#10232,#5348);
#4577=LINE('',#10234,#5349);
#4578=LINE('',#10235,#5350);
#4579=LINE('',#10237,#5351);
#4580=LINE('',#10239,#5352);
#4581=LINE('',#10240,#5353);
#4582=LINE('',#10242,#5354);
#4583=LINE('',#10244,#5355);
#4584=LINE('',#10245,#5356);
#4585=LINE('',#10247,#5357);
#4586=LINE('',#10249,#5358);
#4587=LINE('',#10251,#5359);
#4588=LINE('',#10255,#5360);
#4589=LINE('',#10259,#5361);
#4590=LINE('',#10260,#5362);
#4591=LINE('',#10263,#5363);
#4592=LINE('',#10265,#5364);
#4593=LINE('',#10267,#5365);
#4594=LINE('',#10269,#5366);
#4595=LINE('',#10271,#5367);
#4596=LINE('',#10273,#5368);
#4597=LINE('',#10275,#5369);
#4598=LINE('',#10277,#5370);
#4599=LINE('',#10279,#5371);
#4600=LINE('',#10281,#5372);
#4601=LINE('',#10283,#5373);
#4602=LINE('',#10285,#5374);
#4603=LINE('',#10288,#5375);
#4604=LINE('',#10290,#5376);
#4605=LINE('',#10291,#5377);
#4606=LINE('',#10293,#5378);
#4607=LINE('',#10295,#5379);
#4608=LINE('',#10297,#5380);
#4609=LINE('',#10299,#5381);
#4610=LINE('',#10301,#5382);
#4611=LINE('',#10303,#5383);
#4612=LINE('',#10305,#5384);
#4613=LINE('',#10307,#5385);
#4614=LINE('',#10310,#5386);
#4615=LINE('',#10311,#5387);
#4616=LINE('',#10313,#5388);
#4617=LINE('',#10316,#5389);
#4618=LINE('',#10318,#5390);
#4619=LINE('',#10320,#5391);
#4620=LINE('',#10321,#5392);
#4621=LINE('',#10324,#5393);
#4622=LINE('',#10326,#5394);
#4623=LINE('',#10328,#5395);
#4624=LINE('',#10329,#5396);
#4625=LINE('',#10332,#5397);
#4626=LINE('',#10334,#5398);
#4627=LINE('',#10336,#5399);
#4628=LINE('',#10338,#5400);
#4629=LINE('',#10341,#5401);
#4630=LINE('',#10343,#5402);
#4631=LINE('',#10345,#5403);
#4632=LINE('',#10346,#5404);
#4633=LINE('',#10349,#5405);
#4634=LINE('',#10351,#5406);
#4635=LINE('',#10353,#5407);
#4636=LINE('',#10354,#5408);
#4637=LINE('',#10357,#5409);
#4638=LINE('',#10359,#5410);
#4639=LINE('',#10361,#5411);
#4640=LINE('',#10371,#5412);
#4641=LINE('',#10373,#5413);
#4642=LINE('',#10375,#5414);
#4643=LINE('',#10381,#5415);
#4644=LINE('',#10385,#5416);
#4645=LINE('',#10387,#5417);
#4646=LINE('',#10389,#5418);
#4647=LINE('',#10395,#5419);
#4648=LINE('',#10397,#5420);
#4649=LINE('',#10399,#5421);
#4650=LINE('',#10401,#5422);
#4651=LINE('',#10403,#5423);
#4652=LINE('',#10405,#5424);
#4653=LINE('',#10406,#5425);
#4654=LINE('',#10408,#5426);
#4655=LINE('',#10410,#5427);
#4656=LINE('',#10412,#5428);
#4657=LINE('',#10413,#5429);
#4658=LINE('',#10415,#5430);
#4659=LINE('',#10417,#5431);
#4660=LINE('',#10419,#5432);
#4661=LINE('',#10421,#5433);
#4662=LINE('',#10423,#5434);
#4663=LINE('',#10450,#5435);
#4664=LINE('',#10452,#5436);
#4665=LINE('',#10454,#5437);
#4666=LINE('',#10456,#5438);
#4667=LINE('',#10458,#5439);
#4668=LINE('',#10460,#5440);
#4669=LINE('',#10462,#5441);
#4670=LINE('',#10464,#5442);
#4671=LINE('',#10466,#5443);
#4672=LINE('',#10469,#5444);
#4673=LINE('',#10471,#5445);
#4674=LINE('',#10473,#5446);
#4675=LINE('',#10475,#5447);
#4676=LINE('',#10476,#5448);
#4677=LINE('',#10478,#5449);
#4678=LINE('',#10480,#5450);
#4679=LINE('',#10483,#5451);
#4680=LINE('',#10485,#5452);
#4681=LINE('',#10487,#5453);
#4682=LINE('',#10489,#5454);
#4683=LINE('',#10491,#5455);
#4684=LINE('',#10493,#5456);
#4685=LINE('',#10495,#5457);
#4686=LINE('',#10496,#5458);
#4687=LINE('',#10497,#5459);
#4688=LINE('',#10502,#5460);
#4689=LINE('',#10506,#5461);
#4690=LINE('',#10507,#5462);
#4691=LINE('',#10509,#5463);
#4692=LINE('',#10511,#5464);
#4693=LINE('',#10514,#5465);
#4694=LINE('',#10515,#5466);
#4695=LINE('',#10517,#5467);
#4696=LINE('',#10518,#5468);
#4697=LINE('',#10520,#5469);
#4698=LINE('',#10522,#5470);
#4699=LINE('',#10524,#5471);
#4700=LINE('',#10526,#5472);
#4701=LINE('',#10528,#5473);
#4702=LINE('',#10530,#5474);
#4703=LINE('',#10531,#5475);
#4704=LINE('',#10533,#5476);
#4705=LINE('',#10535,#5477);
#4706=LINE('',#10538,#5478);
#4707=LINE('',#10540,#5479);
#4708=LINE('',#10542,#5480);
#4709=LINE('',#10543,#5481);
#4710=LINE('',#10545,#5482);
#4711=LINE('',#10564,#5483);
#4712=LINE('',#10566,#5484);
#4713=LINE('',#10568,#5485);
#4714=LINE('',#10570,#5486);
#4715=LINE('',#10572,#5487);
#4716=LINE('',#10593,#5488);
#4717=LINE('',#10599,#5489);
#4718=LINE('',#10603,#5490);
#4719=LINE('',#10616,#5491);
#4720=LINE('',#10618,#5492);
#4721=LINE('',#10620,#5493);
#4722=LINE('',#10633,#5494);
#4723=LINE('',#10646,#5495);
#4724=LINE('',#10659,#5496);
#4725=LINE('',#10672,#5497);
#4726=LINE('',#10685,#5498);
#4727=LINE('',#10687,#5499);
#4728=LINE('',#10689,#5500);
#4729=LINE('',#10693,#5501);
#4730=LINE('',#10697,#5502);
#4731=LINE('',#10710,#5503);
#4732=LINE('',#10723,#5504);
#4733=LINE('',#10736,#5505);
#4734=LINE('',#10749,#5506);
#4735=LINE('',#10751,#5507);
#4736=LINE('',#10753,#5508);
#4737=LINE('',#10755,#5509);
#4738=LINE('',#10757,#5510);
#4739=LINE('',#10759,#5511);
#4740=LINE('',#10761,#5512);
#4741=LINE('',#10774,#5513);
#4742=LINE('',#10787,#5514);
#4743=LINE('',#10800,#5515);
#4744=LINE('',#10804,#5516);
#4745=LINE('',#10808,#5517);
#4746=LINE('',#10810,#5518);
#4747=LINE('',#10812,#5519);
#4748=LINE('',#10825,#5520);
#4749=LINE('',#10839,#5521);
#4750=LINE('',#10842,#5522);
#4751=LINE('',#10844,#5523);
#4752=LINE('',#10846,#5524);
#4753=LINE('',#10848,#5525);
#4754=LINE('',#10850,#5526);
#4755=LINE('',#10852,#5527);
#4756=LINE('',#10869,#5528);
#4757=LINE('',#10886,#5529);
#4758=LINE('',#10903,#5530);
#4759=LINE('',#10920,#5531);
#4760=LINE('',#10929,#5532);
#4761=LINE('',#10935,#5533);
#4762=LINE('',#10948,#5534);
#4763=LINE('',#10961,#5535);
#4764=LINE('',#10963,#5536);
#4765=LINE('',#10965,#5537);
#4766=LINE('',#10967,#5538);
#4767=LINE('',#10969,#5539);
#4768=LINE('',#10971,#5540);
#4769=LINE('',#10973,#5541);
#4770=LINE('',#10975,#5542);
#4771=LINE('',#10977,#5543);
#4772=LINE('',#10979,#5544);
#4773=LINE('',#10981,#5545);
#4774=LINE('',#10994,#5546);
#4775=LINE('',#10995,#5547);
#4776=LINE('',#10998,#5548);
#4777=LINE('',#11001,#5549);
#4778=LINE('',#11003,#5550);
#4779=LINE('',#11005,#5551);
#4780=LINE('',#11007,#5552);
#4781=LINE('',#11009,#5553);
#4782=LINE('',#11011,#5554);
#4783=LINE('',#11028,#5555);
#4784=LINE('',#11045,#5556);
#4785=LINE('',#11062,#5557);
#4786=LINE('',#11079,#5558);
#4787=LINE('',#11088,#5559);
#4788=LINE('',#11094,#5560);
#4789=LINE('',#11107,#5561);
#4790=LINE('',#11120,#5562);
#4791=LINE('',#11122,#5563);
#4792=LINE('',#11124,#5564);
#4793=LINE('',#11126,#5565);
#4794=LINE('',#11128,#5566);
#4795=LINE('',#11130,#5567);
#4796=LINE('',#11132,#5568);
#4797=LINE('',#11134,#5569);
#4798=LINE('',#11136,#5570);
#4799=LINE('',#11138,#5571);
#4800=LINE('',#11140,#5572);
#4801=LINE('',#11153,#5573);
#4802=LINE('',#11154,#5574);
#4803=LINE('',#11164,#5575);
#4804=LINE('',#11170,#5576);
#4805=LINE('',#11183,#5577);
#4806=LINE('',#11196,#5578);
#4807=LINE('',#11209,#5579);
#4808=LINE('',#11211,#5580);
#4809=LINE('',#11213,#5581);
#4810=LINE('',#11217,#5582);
#4811=LINE('',#11230,#5583);
#4812=LINE('',#11234,#5584);
#4813=LINE('',#11247,#5585);
#4814=LINE('',#11249,#5586);
#4815=LINE('',#11251,#5587);
#4816=LINE('',#11264,#5588);
#4817=LINE('',#11277,#5589);
#4818=LINE('',#11290,#5590);
#4819=LINE('',#11303,#5591);
#4820=LINE('',#11316,#5592);
#4821=LINE('',#11329,#5593);
#4822=LINE('',#11342,#5594);
#4823=LINE('',#11347,#5595);
#4824=LINE('',#11351,#5596);
#4825=LINE('',#11368,#5597);
#4826=LINE('',#11385,#5598);
#4827=LINE('',#11402,#5599);
#4828=LINE('',#11419,#5600);
#4829=LINE('',#11425,#5601);
#4830=LINE('',#11442,#5602);
#4831=LINE('',#11462,#5603);
#4832=LINE('',#11464,#5604);
#4833=LINE('',#11466,#5605);
#4834=LINE('',#11468,#5606);
#4835=LINE('',#11470,#5607);
#4836=LINE('',#11472,#5608);
#4837=LINE('',#11474,#5609);
#4838=LINE('',#11476,#5610);
#4839=LINE('',#11478,#5611);
#4840=LINE('',#11480,#5612);
#4841=LINE('',#11482,#5613);
#4842=LINE('',#11484,#5614);
#4843=LINE('',#11486,#5615);
#4844=LINE('',#11488,#5616);
#4845=LINE('',#11490,#5617);
#4846=LINE('',#11492,#5618);
#4847=LINE('',#11495,#5619);
#4848=LINE('',#11497,#5620);
#4849=LINE('',#11499,#5621);
#4850=LINE('',#11501,#5622);
#4851=LINE('',#11503,#5623);
#4852=LINE('',#11505,#5624);
#4853=LINE('',#11511,#5625);
#4854=LINE('',#11527,#5626);
#4855=LINE('',#11531,#5627);
#4856=LINE('',#11534,#5628);
#4857=LINE('',#11536,#5629);
#4858=LINE('',#11538,#5630);
#4859=LINE('',#11540,#5631);
#4860=LINE('',#11542,#5632);
#4861=LINE('',#11544,#5633);
#4862=LINE('',#11561,#5634);
#4863=LINE('',#11578,#5635);
#4864=LINE('',#11595,#5636);
#4865=LINE('',#11612,#5637);
#4866=LINE('',#11614,#5638);
#4867=LINE('',#11616,#5639);
#4868=LINE('',#11618,#5640);
#4869=LINE('',#11620,#5641);
#4870=LINE('',#11622,#5642);
#4871=LINE('',#11624,#5643);
#4872=LINE('',#11626,#5644);
#4873=LINE('',#11628,#5645);
#4874=LINE('',#11630,#5646);
#4875=LINE('',#11632,#5647);
#4876=LINE('',#11634,#5648);
#4877=LINE('',#11647,#5649);
#4878=LINE('',#11660,#5650);
#4879=LINE('',#11664,#5651);
#4880=LINE('',#11668,#5652);
#4881=LINE('',#11672,#5653);
#4882=LINE('',#11674,#5654);
#4883=LINE('',#11676,#5655);
#4884=LINE('',#11678,#5656);
#4885=LINE('',#11680,#5657);
#4886=LINE('',#11681,#5658);
#4887=LINE('',#11691,#5659);
#4888=LINE('',#11697,#5660);
#4889=LINE('',#11710,#5661);
#4890=LINE('',#11723,#5662);
#4891=LINE('',#11736,#5663);
#4892=LINE('',#11749,#5664);
#4893=LINE('',#11762,#5665);
#4894=LINE('',#11775,#5666);
#4895=LINE('',#11789,#5667);
#4896=LINE('',#11795,#5668);
#4897=LINE('',#11812,#5669);
#4898=LINE('',#11829,#5670);
#4899=LINE('',#11846,#5671);
#4900=LINE('',#11863,#5672);
#4901=LINE('',#11892,#5673);
#4902=LINE('',#11894,#5674);
#4903=LINE('',#11896,#5675);
#4904=LINE('',#11898,#5676);
#4905=LINE('',#11900,#5677);
#4906=LINE('',#11913,#5678);
#4907=LINE('',#11926,#5679);
#4908=LINE('',#11939,#5680);
#4909=LINE('',#11943,#5681);
#4910=LINE('',#11945,#5682);
#4911=LINE('',#11947,#5683);
#4912=LINE('',#11960,#5684);
#4913=LINE('',#11973,#5685);
#4914=LINE('',#11986,#5686);
#4915=LINE('',#11999,#5687);
#4916=LINE('',#12001,#5688);
#4917=LINE('',#12004,#5689);
#4918=LINE('',#12006,#5690);
#4919=LINE('',#12008,#5691);
#4920=LINE('',#12010,#5692);
#4921=LINE('',#12012,#5693);
#4922=LINE('',#12014,#5694);
#4923=LINE('',#12016,#5695);
#4924=LINE('',#12018,#5696);
#4925=LINE('',#12020,#5697);
#4926=LINE('',#12037,#5698);
#4927=LINE('',#12054,#5699);
#4928=LINE('',#12056,#5700);
#4929=LINE('',#12059,#5701);
#4930=LINE('',#12061,#5702);
#4931=LINE('',#12063,#5703);
#4932=LINE('',#12065,#5704);
#4933=LINE('',#12067,#5705);
#4934=LINE('',#12069,#5706);
#4935=LINE('',#12086,#5707);
#4936=LINE('',#12103,#5708);
#4937=LINE('',#12120,#5709);
#4938=LINE('',#12137,#5710);
#4939=LINE('',#12153,#5711);
#4940=LINE('',#12154,#5712);
#4941=LINE('',#12156,#5713);
#4942=LINE('',#12161,#5714);
#4943=LINE('',#12163,#5715);
#4944=LINE('',#12165,#5716);
#4945=LINE('',#12167,#5717);
#4946=LINE('',#12169,#5718);
#4947=LINE('',#12171,#5719);
#4948=LINE('',#12173,#5720);
#4949=LINE('',#12175,#5721);
#4950=LINE('',#12177,#5722);
#4951=LINE('',#12179,#5723);
#4952=LINE('',#12181,#5724);
#4953=LINE('',#12183,#5725);
#4954=LINE('',#12185,#5726);
#4955=LINE('',#12187,#5727);
#4956=LINE('',#12189,#5728);
#4957=LINE('',#12191,#5729);
#4958=LINE('',#12193,#5730);
#4959=LINE('',#12195,#5731);
#4960=LINE('',#12198,#5732);
#4961=LINE('',#12200,#5733);
#4962=LINE('',#12202,#5734);
#4963=LINE('',#12204,#5735);
#4964=LINE('',#12206,#5736);
#4965=LINE('',#12208,#5737);
#4966=LINE('',#12210,#5738);
#4967=LINE('',#12212,#5739);
#4968=LINE('',#12214,#5740);
#4969=LINE('',#12216,#5741);
#4970=LINE('',#12218,#5742);
#4971=LINE('',#12220,#5743);
#4972=LINE('',#12223,#5744);
#4973=LINE('',#12225,#5745);
#4974=LINE('',#12227,#5746);
#4975=LINE('',#12229,#5747);
#4976=LINE('',#12231,#5748);
#4977=LINE('',#12233,#5749);
#4978=LINE('',#12235,#5750);
#4979=LINE('',#12237,#5751);
#4980=LINE('',#12239,#5752);
#4981=LINE('',#12243,#5753);
#4982=LINE('',#12245,#5754);
#4983=LINE('',#12247,#5755);
#4984=LINE('',#12249,#5756);
#4985=LINE('',#12251,#5757);
#4986=LINE('',#12253,#5758);
#4987=LINE('',#12255,#5759);
#4988=LINE('',#12257,#5760);
#4989=LINE('',#12259,#5761);
#4990=LINE('',#12261,#5762);
#4991=LINE('',#12263,#5763);
#4992=LINE('',#12265,#5764);
#4993=LINE('',#12267,#5765);
#4994=LINE('',#12271,#5766);
#4995=LINE('',#12273,#5767);
#4996=LINE('',#12275,#5768);
#4997=LINE('',#12277,#5769);
#4998=LINE('',#12280,#5770);
#4999=LINE('',#12282,#5771);
#5000=LINE('',#12284,#5772);
#5001=LINE('',#12286,#5773);
#5002=LINE('',#12288,#5774);
#5003=LINE('',#12290,#5775);
#5004=LINE('',#12292,#5776);
#5005=LINE('',#12294,#5777);
#5006=LINE('',#12296,#5778);
#5007=LINE('',#12298,#5779);
#5008=LINE('',#12300,#5780);
#5009=LINE('',#12302,#5781);
#5010=LINE('',#12304,#5782);
#5011=LINE('',#12306,#5783);
#5012=LINE('',#12308,#5784);
#5013=LINE('',#12310,#5785);
#5014=LINE('',#12312,#5786);
#5015=LINE('',#12314,#5787);
#5016=LINE('',#12317,#5788);
#5017=LINE('',#12319,#5789);
#5018=LINE('',#12321,#5790);
#5019=LINE('',#12323,#5791);
#5020=LINE('',#12325,#5792);
#5021=LINE('',#12327,#5793);
#5022=LINE('',#12329,#5794);
#5023=LINE('',#12331,#5795);
#5024=LINE('',#12333,#5796);
#5025=LINE('',#12335,#5797);
#5026=LINE('',#12337,#5798);
#5027=LINE('',#12339,#5799);
#5028=LINE('',#12341,#5800);
#5029=LINE('',#12343,#5801);
#5030=LINE('',#12345,#5802);
#5031=LINE('',#12347,#5803);
#5032=LINE('',#12349,#5804);
#5033=LINE('',#12351,#5805);
#5034=LINE('',#12353,#5806);
#5035=LINE('',#12355,#5807);
#5036=LINE('',#12357,#5808);
#5037=LINE('',#12359,#5809);
#5038=LINE('',#12361,#5810);
#5039=LINE('',#12363,#5811);
#5040=LINE('',#12366,#5812);
#5041=LINE('',#12368,#5813);
#5042=LINE('',#12370,#5814);
#5043=LINE('',#12372,#5815);
#5044=LINE('',#12374,#5816);
#5045=LINE('',#12376,#5817);
#5046=LINE('',#12378,#5818);
#5047=LINE('',#12380,#5819);
#5048=LINE('',#12382,#5820);
#5049=LINE('',#12384,#5821);
#5050=LINE('',#12386,#5822);
#5051=LINE('',#12388,#5823);
#5052=LINE('',#12390,#5824);
#5053=LINE('',#12392,#5825);
#5054=LINE('',#12394,#5826);
#5055=LINE('',#12396,#5827);
#5056=LINE('',#12399,#5828);
#5057=LINE('',#12401,#5829);
#5058=LINE('',#12403,#5830);
#5059=LINE('',#12405,#5831);
#5060=LINE('',#12407,#5832);
#5061=LINE('',#12409,#5833);
#5062=LINE('',#12411,#5834);
#5063=LINE('',#12413,#5835);
#5064=LINE('',#12415,#5836);
#5065=LINE('',#12417,#5837);
#5066=LINE('',#12419,#5838);
#5067=LINE('',#12421,#5839);
#5068=LINE('',#12423,#5840);
#5069=LINE('',#12425,#5841);
#5070=LINE('',#12427,#5842);
#5071=LINE('',#12429,#5843);
#5072=LINE('',#12432,#5844);
#5073=LINE('',#12434,#5845);
#5074=LINE('',#12436,#5846);
#5075=LINE('',#12438,#5847);
#5076=LINE('',#12440,#5848);
#5077=LINE('',#12442,#5849);
#5078=LINE('',#12444,#5850);
#5079=LINE('',#12446,#5851);
#5080=LINE('',#12448,#5852);
#5081=LINE('',#12450,#5853);
#5082=LINE('',#12452,#5854);
#5083=LINE('',#12454,#5855);
#5084=LINE('',#12456,#5856);
#5085=LINE('',#12458,#5857);
#5086=LINE('',#12460,#5858);
#5087=LINE('',#12464,#5859);
#5088=LINE('',#12468,#5860);
#5089=LINE('',#12515,#5861);
#5090=LINE('',#12517,#5862);
#5091=LINE('',#12522,#5863);
#5092=LINE('',#12523,#5864);
#5093=LINE('',#12527,#5865);
#5094=LINE('',#12529,#5866);
#5095=LINE('',#12533,#5867);
#5096=LINE('',#12536,#5868);
#5097=LINE('',#12540,#5869);
#5098=LINE('',#12541,#5870);
#5099=LINE('',#12543,#5871);
#5100=LINE('',#12545,#5872);
#5101=LINE('',#12547,#5873);
#5102=LINE('',#12553,#5874);
#5103=LINE('',#12554,#5875);
#5104=LINE('',#12556,#5876);
#5105=LINE('',#12558,#5877);
#5106=LINE('',#12560,#5878);
#5107=LINE('',#12564,#5879);
#5108=LINE('',#12566,#5880);
#5109=LINE('',#12568,#5881);
#5110=LINE('',#12572,#5882);
#5111=LINE('',#12575,#5883);
#5112=LINE('',#12577,#5884);
#5113=LINE('',#12582,#5885);
#5114=LINE('',#12584,#5886);
#5115=LINE('',#12586,#5887);
#5116=LINE('',#12590,#5888);
#5117=LINE('',#12593,#5889);
#5118=LINE('',#12595,#5890);
#5119=LINE('',#12600,#5891);
#5120=LINE('',#12602,#5892);
#5121=LINE('',#12604,#5893);
#5122=LINE('',#12608,#5894);
#5123=LINE('',#12611,#5895);
#5124=LINE('',#12613,#5896);
#5125=LINE('',#12618,#5897);
#5126=LINE('',#12620,#5898);
#5127=LINE('',#12622,#5899);
#5128=LINE('',#12626,#5900);
#5129=LINE('',#12629,#5901);
#5130=LINE('',#12631,#5902);
#5131=VECTOR('',#7901,1.);
#5132=VECTOR('',#7902,1.);
#5133=VECTOR('',#7903,1.);
#5134=VECTOR('',#7904,1.);
#5135=VECTOR('',#7907,1.);
#5136=VECTOR('',#7908,1.);
#5137=VECTOR('',#7909,1.);
#5138=VECTOR('',#7910,1.);
#5139=VECTOR('',#7913,1.);
#5140=VECTOR('',#7914,1.);
#5141=VECTOR('',#7915,1.);
#5142=VECTOR('',#7916,1.);
#5143=VECTOR('',#7917,1.);
#5144=VECTOR('',#7918,1.);
#5145=VECTOR('',#7919,1.);
#5146=VECTOR('',#7920,1.);
#5147=VECTOR('',#7921,1.);
#5148=VECTOR('',#7922,1.);
#5149=VECTOR('',#7923,1.);
#5150=VECTOR('',#7924,1.);
#5151=VECTOR('',#7925,1.);
#5152=VECTOR('',#7926,1.);
#5153=VECTOR('',#7927,1.);
#5154=VECTOR('',#7928,1.);
#5155=VECTOR('',#7929,1.);
#5156=VECTOR('',#7930,1.);
#5157=VECTOR('',#7931,1.);
#5158=VECTOR('',#7932,1.);
#5159=VECTOR('',#7933,1.);
#5160=VECTOR('',#7934,1.);
#5161=VECTOR('',#7935,1.);
#5162=VECTOR('',#7936,1.);
#5163=VECTOR('',#7937,1.);
#5164=VECTOR('',#7938,1.);
#5165=VECTOR('',#7939,1.);
#5166=VECTOR('',#7940,1.);
#5167=VECTOR('',#7941,1.);
#5168=VECTOR('',#7942,1.);
#5169=VECTOR('',#7943,1.);
#5170=VECTOR('',#7944,1.);
#5171=VECTOR('',#7945,1.);
#5172=VECTOR('',#7946,1.);
#5173=VECTOR('',#7947,1.);
#5174=VECTOR('',#7948,1.);
#5175=VECTOR('',#7949,1.);
#5176=VECTOR('',#7950,1.);
#5177=VECTOR('',#7951,1.);
#5178=VECTOR('',#7952,1.);
#5179=VECTOR('',#7955,1.);
#5180=VECTOR('',#7956,1.);
#5181=VECTOR('',#7957,1.);
#5182=VECTOR('',#7958,1.);
#5183=VECTOR('',#7959,1.);
#5184=VECTOR('',#7960,1.);
#5185=VECTOR('',#7963,1.);
#5186=VECTOR('',#7964,1.);
#5187=VECTOR('',#7965,1.);
#5188=VECTOR('',#7966,1.);
#5189=VECTOR('',#7967,1.);
#5190=VECTOR('',#7968,1.);
#5191=VECTOR('',#7969,1.);
#5192=VECTOR('',#7970,1.);
#5193=VECTOR('',#7971,1.);
#5194=VECTOR('',#7972,1.);
#5195=VECTOR('',#7973,1.);
#5196=VECTOR('',#7974,1.);
#5197=VECTOR('',#7975,1.);
#5198=VECTOR('',#7976,1.);
#5199=VECTOR('',#7977,1.);
#5200=VECTOR('',#7978,1.);
#5201=VECTOR('',#7979,1.);
#5202=VECTOR('',#7980,1.);
#5203=VECTOR('',#7981,1.);
#5204=VECTOR('',#7982,1.);
#5205=VECTOR('',#7983,1.);
#5206=VECTOR('',#7984,1.);
#5207=VECTOR('',#7985,1.);
#5208=VECTOR('',#7986,1.);
#5209=VECTOR('',#7989,1.);
#5210=VECTOR('',#7990,1.);
#5211=VECTOR('',#7995,1.);
#5212=VECTOR('',#7996,1.);
#5213=VECTOR('',#7997,1.);
#5214=VECTOR('',#8002,1.);
#5215=VECTOR('',#8003,1.);
#5216=VECTOR('',#8006,1.);
#5217=VECTOR('',#8009,1.);
#5218=VECTOR('',#8012,1.);
#5219=VECTOR('',#8015,1.);
#5220=VECTOR('',#8016,1.);
#5221=VECTOR('',#8017,1.);
#5222=VECTOR('',#8018,1.);
#5223=VECTOR('',#8021,1.);
#5224=VECTOR('',#8022,1.);
#5225=VECTOR('',#8023,1.);
#5226=VECTOR('',#8024,1.);
#5227=VECTOR('',#8025,1.);
#5228=VECTOR('',#8026,1.);
#5229=VECTOR('',#8027,1.);
#5230=VECTOR('',#8028,1.);
#5231=VECTOR('',#8033,1.);
#5232=VECTOR('',#8036,1.);
#5233=VECTOR('',#8037,1.);
#5234=VECTOR('',#8038,1.);
#5235=VECTOR('',#8039,1.);
#5236=VECTOR('',#8040,1.);
#5237=VECTOR('',#8047,1.);
#5238=VECTOR('',#8048,1.);
#5239=VECTOR('',#8049,1.);
#5240=VECTOR('',#8050,1.);
#5241=VECTOR('',#8053,1.);
#5242=VECTOR('',#8054,1.);
#5243=VECTOR('',#8055,1.);
#5244=VECTOR('',#8056,1.);
#5245=VECTOR('',#8057,1.);
#5246=VECTOR('',#8058,1.);
#5247=VECTOR('',#8059,1.);
#5248=VECTOR('',#8060,1.);
#5249=VECTOR('',#8061,1.);
#5250=VECTOR('',#8062,1.);
#5251=VECTOR('',#8063,1.);
#5252=VECTOR('',#8064,1.);
#5253=VECTOR('',#8065,1.);
#5254=VECTOR('',#8066,1.);
#5255=VECTOR('',#8067,1.);
#5256=VECTOR('',#8068,1.);
#5257=VECTOR('',#8069,1.);
#5258=VECTOR('',#8070,1.);
#5259=VECTOR('',#8071,1.);
#5260=VECTOR('',#8072,1.);
#5261=VECTOR('',#8073,1.);
#5262=VECTOR('',#8074,1.);
#5263=VECTOR('',#8075,1.);
#5264=VECTOR('',#8076,1.);
#5265=VECTOR('',#8077,1.);
#5266=VECTOR('',#8078,1.);
#5267=VECTOR('',#8079,1.);
#5268=VECTOR('',#8080,1.);
#5269=VECTOR('',#8081,1.);
#5270=VECTOR('',#8082,1.);
#5271=VECTOR('',#8083,1.);
#5272=VECTOR('',#8084,1.);
#5273=VECTOR('',#8089,1.);
#5274=VECTOR('',#8090,1.);
#5275=VECTOR('',#8091,1.);
#5276=VECTOR('',#8092,1.);
#5277=VECTOR('',#8093,1.);
#5278=VECTOR('',#8094,1.);
#5279=VECTOR('',#8095,1.);
#5280=VECTOR('',#8096,1.);
#5281=VECTOR('',#8097,1.);
#5282=VECTOR('',#8098,1.);
#5283=VECTOR('',#8099,1.);
#5284=VECTOR('',#8100,1.);
#5285=VECTOR('',#8103,1.);
#5286=VECTOR('',#8104,1.);
#5287=VECTOR('',#8105,1.);
#5288=VECTOR('',#8106,1.);
#5289=VECTOR('',#8109,1.);
#5290=VECTOR('',#8110,1.);
#5291=VECTOR('',#8111,1.);
#5292=VECTOR('',#8112,1.);
#5293=VECTOR('',#8115,1.);
#5294=VECTOR('',#8116,1.);
#5295=VECTOR('',#8117,1.);
#5296=VECTOR('',#8118,1.);
#5297=VECTOR('',#8119,1.);
#5298=VECTOR('',#8120,1.);
#5299=VECTOR('',#8121,1.);
#5300=VECTOR('',#8122,1.);
#5301=VECTOR('',#8125,1.);
#5302=VECTOR('',#8128,1.);
#5303=VECTOR('',#8129,1.);
#5304=VECTOR('',#8130,1.);
#5305=VECTOR('',#8131,1.);
#5306=VECTOR('',#8132,1.);
#5307=VECTOR('',#8133,1.);
#5308=VECTOR('',#8134,1.);
#5309=VECTOR('',#8135,1.);
#5310=VECTOR('',#8136,1.);
#5311=VECTOR('',#8137,1.);
#5312=VECTOR('',#8138,1.);
#5313=VECTOR('',#8139,1.);
#5314=VECTOR('',#8140,1.);
#5315=VECTOR('',#8141,1.);
#5316=VECTOR('',#8142,1.);
#5317=VECTOR('',#8143,1.);
#5318=VECTOR('',#8144,1.);
#5319=VECTOR('',#8145,1.);
#5320=VECTOR('',#8146,1.);
#5321=VECTOR('',#8147,1.);
#5322=VECTOR('',#8148,1.);
#5323=VECTOR('',#8149,1.);
#5324=VECTOR('',#8150,1.);
#5325=VECTOR('',#8151,1.);
#5326=VECTOR('',#8152,1.);
#5327=VECTOR('',#8153,1.);
#5328=VECTOR('',#8154,1.);
#5329=VECTOR('',#8157,1.);
#5330=VECTOR('',#8158,1.);
#5331=VECTOR('',#8159,1.);
#5332=VECTOR('',#8160,1.);
#5333=VECTOR('',#8161,1.);
#5334=VECTOR('',#8162,1.);
#5335=VECTOR('',#8163,1.);
#5336=VECTOR('',#8164,1.);
#5337=VECTOR('',#8165,1.);
#5338=VECTOR('',#8166,1.);
#5339=VECTOR('',#8167,1.);
#5340=VECTOR('',#8168,1.);
#5341=VECTOR('',#8169,1.);
#5342=VECTOR('',#8170,1.);
#5343=VECTOR('',#8171,1.);
#5344=VECTOR('',#8172,1.);
#5345=VECTOR('',#8173,1.);
#5346=VECTOR('',#8176,1.);
#5347=VECTOR('',#8177,1.);
#5348=VECTOR('',#8178,1.);
#5349=VECTOR('',#8179,1.);
#5350=VECTOR('',#8180,1.);
#5351=VECTOR('',#8181,1.);
#5352=VECTOR('',#8182,1.);
#5353=VECTOR('',#8183,1.);
#5354=VECTOR('',#8184,1.);
#5355=VECTOR('',#8185,1.);
#5356=VECTOR('',#8186,1.);
#5357=VECTOR('',#8187,1.);
#5358=VECTOR('',#8188,1.);
#5359=VECTOR('',#8189,1.);
#5360=VECTOR('',#8192,1.);
#5361=VECTOR('',#8195,1.);
#5362=VECTOR('',#8196,1.);
#5363=VECTOR('',#8197,1.);
#5364=VECTOR('',#8198,1.);
#5365=VECTOR('',#8199,1.);
#5366=VECTOR('',#8202,1.);
#5367=VECTOR('',#8203,1.);
#5368=VECTOR('',#8204,1.);
#5369=VECTOR('',#8205,1.);
#5370=VECTOR('',#8206,1.);
#5371=VECTOR('',#8207,1.);
#5372=VECTOR('',#8208,1.);
#5373=VECTOR('',#8209,1.);
#5374=VECTOR('',#8212,1.);
#5375=VECTOR('',#8213,1.);
#5376=VECTOR('',#8214,1.);
#5377=VECTOR('',#8215,1.);
#5378=VECTOR('',#8216,1.);
#5379=VECTOR('',#8217,1.);
#5380=VECTOR('',#8218,1.);
#5381=VECTOR('',#8219,1.);
#5382=VECTOR('',#8220,1.);
#5383=VECTOR('',#8221,1.);
#5384=VECTOR('',#8222,1.);
#5385=VECTOR('',#8225,1.);
#5386=VECTOR('',#8226,1.);
#5387=VECTOR('',#8227,1.);
#5388=VECTOR('',#8230,1.);
#5389=VECTOR('',#8231,1.);
#5390=VECTOR('',#8232,1.);
#5391=VECTOR('',#8233,1.);
#5392=VECTOR('',#8234,1.);
#5393=VECTOR('',#8235,1.);
#5394=VECTOR('',#8236,1.);
#5395=VECTOR('',#8237,1.);
#5396=VECTOR('',#8238,1.);
#5397=VECTOR('',#8239,1.);
#5398=VECTOR('',#8240,1.);
#5399=VECTOR('',#8241,1.);
#5400=VECTOR('',#8244,1.);
#5401=VECTOR('',#8245,1.);
#5402=VECTOR('',#8246,1.);
#5403=VECTOR('',#8247,1.);
#5404=VECTOR('',#8248,1.);
#5405=VECTOR('',#8249,1.);
#5406=VECTOR('',#8250,1.);
#5407=VECTOR('',#8251,1.);
#5408=VECTOR('',#8252,1.);
#5409=VECTOR('',#8253,1.);
#5410=VECTOR('',#8254,1.);
#5411=VECTOR('',#8255,1.);
#5412=VECTOR('',#8266,1.);
#5413=VECTOR('',#8267,1.);
#5414=VECTOR('',#8268,1.);
#5415=VECTOR('',#8275,1.);
#5416=VECTOR('',#8278,1.);
#5417=VECTOR('',#8279,1.);
#5418=VECTOR('',#8280,1.);
#5419=VECTOR('',#8291,1.);
#5420=VECTOR('',#8292,1.);
#5421=VECTOR('',#8293,1.);
#5422=VECTOR('',#8296,1.);
#5423=VECTOR('',#8297,1.);
#5424=VECTOR('',#8298,1.);
#5425=VECTOR('',#8299,1.);
#5426=VECTOR('',#8300,1.);
#5427=VECTOR('',#8301,1.);
#5428=VECTOR('',#8304,1.);
#5429=VECTOR('',#8305,1.);
#5430=VECTOR('',#8308,1.);
#5431=VECTOR('',#8311,1.);
#5432=VECTOR('',#8314,1.);
#5433=VECTOR('',#8317,1.);
#5434=VECTOR('',#8320,1.);
#5435=VECTOR('',#8365,1.);
#5436=VECTOR('',#8366,1.);
#5437=VECTOR('',#8367,1.);
#5438=VECTOR('',#8370,1.);
#5439=VECTOR('',#8371,1.);
#5440=VECTOR('',#8374,1.);
#5441=VECTOR('',#8375,1.);
#5442=VECTOR('',#8378,1.);
#5443=VECTOR('',#8381,1.);
#5444=VECTOR('',#8382,1.);
#5445=VECTOR('',#8383,1.);
#5446=VECTOR('',#8384,1.);
#5447=VECTOR('',#8387,1.);
#5448=VECTOR('',#8388,1.);
#5449=VECTOR('',#8391,1.);
#5450=VECTOR('',#8394,1.);
#5451=VECTOR('',#8399,1.);
#5452=VECTOR('',#8400,1.);
#5453=VECTOR('',#8401,1.);
#5454=VECTOR('',#8404,1.);
#5455=VECTOR('',#8405,1.);
#5456=VECTOR('',#8406,1.);
#5457=VECTOR('',#8409,1.);
#5458=VECTOR('',#8410,1.);
#5459=VECTOR('',#8411,1.);
#5460=VECTOR('',#8414,1.);
#5461=VECTOR('',#8419,1.);
#5462=VECTOR('',#8420,1.);
#5463=VECTOR('',#8423,1.);
#5464=VECTOR('',#8426,1.);
#5465=VECTOR('',#8431,1.);
#5466=VECTOR('',#8432,1.);
#5467=VECTOR('',#8435,1.);
#5468=VECTOR('',#8436,1.);
#5469=VECTOR('',#8437,1.);
#5470=VECTOR('',#8438,1.);
#5471=VECTOR('',#8441,1.);
#5472=VECTOR('',#8444,1.);
#5473=VECTOR('',#8445,1.);
#5474=VECTOR('',#8448,1.);
#5475=VECTOR('',#8449,1.);
#5476=VECTOR('',#8452,1.);
#5477=VECTOR('',#8455,1.);
#5478=VECTOR('',#8460,1.);
#5479=VECTOR('',#8463,1.);
#5480=VECTOR('',#8464,1.);
#5481=VECTOR('',#8465,1.);
#5482=VECTOR('',#8468,1.);
#5483=VECTOR('',#8505,1.);
#5484=VECTOR('',#8506,1.);
#5485=VECTOR('',#8507,1.);
#5486=VECTOR('',#8510,1.);
#5487=VECTOR('',#8513,1.);
#5488=VECTOR('',#8532,1.);
#5489=VECTOR('',#8533,1.);
#5490=VECTOR('',#8538,1.);
#5491=VECTOR('',#8539,1.);
#5492=VECTOR('',#8542,1.);
#5493=VECTOR('',#8543,1.);
#5494=VECTOR('',#8544,1.);
#5495=VECTOR('',#8545,1.);
#5496=VECTOR('',#8546,1.);
#5497=VECTOR('',#8547,1.);
#5498=VECTOR('',#8548,1.);
#5499=VECTOR('',#8551,1.);
#5500=VECTOR('',#8552,1.);
#5501=VECTOR('',#8557,1.);
#5502=VECTOR('',#8562,1.);
#5503=VECTOR('',#8563,1.);
#5504=VECTOR('',#8564,1.);
#5505=VECTOR('',#8565,1.);
#5506=VECTOR('',#8566,1.);
#5507=VECTOR('',#8569,1.);
#5508=VECTOR('',#8570,1.);
#5509=VECTOR('',#8573,1.);
#5510=VECTOR('',#8574,1.);
#5511=VECTOR('',#8577,1.);
#5512=VECTOR('',#8578,1.);
#5513=VECTOR('',#8579,1.);
#5514=VECTOR('',#8580,1.);
#5515=VECTOR('',#8581,1.);
#5516=VECTOR('',#8586,1.);
#5517=VECTOR('',#8591,1.);
#5518=VECTOR('',#8594,1.);
#5519=VECTOR('',#8595,1.);
#5520=VECTOR('',#8596,1.);
#5521=VECTOR('',#8601,1.);
#5522=VECTOR('',#8602,1.);
#5523=VECTOR('',#8603,1.);
#5524=VECTOR('',#8604,1.);
#5525=VECTOR('',#8607,1.);
#5526=VECTOR('',#8608,1.);
#5527=VECTOR('',#8609,1.);
#5528=VECTOR('',#8610,1.);
#5529=VECTOR('',#8611,1.);
#5530=VECTOR('',#8612,1.);
#5531=VECTOR('',#8613,1.);
#5532=VECTOR('',#8614,1.);
#5533=VECTOR('',#8615,1.);
#5534=VECTOR('',#8616,1.);
#5535=VECTOR('',#8617,1.);
#5536=VECTOR('',#8620,1.);
#5537=VECTOR('',#8621,1.);
#5538=VECTOR('',#8624,1.);
#5539=VECTOR('',#8625,1.);
#5540=VECTOR('',#8628,1.);
#5541=VECTOR('',#8629,1.);
#5542=VECTOR('',#8632,1.);
#5543=VECTOR('',#8633,1.);
#5544=VECTOR('',#8636,1.);
#5545=VECTOR('',#8637,1.);
#5546=VECTOR('',#8640,1.);
#5547=VECTOR('',#8641,1.);
#5548=VECTOR('',#8646,1.);
#5549=VECTOR('',#8647,1.);
#5550=VECTOR('',#8648,1.);
#5551=VECTOR('',#8649,1.);
#5552=VECTOR('',#8652,1.);
#5553=VECTOR('',#8653,1.);
#5554=VECTOR('',#8654,1.);
#5555=VECTOR('',#8655,1.);
#5556=VECTOR('',#8656,1.);
#5557=VECTOR('',#8657,1.);
#5558=VECTOR('',#8658,1.);
#5559=VECTOR('',#8659,1.);
#5560=VECTOR('',#8660,1.);
#5561=VECTOR('',#8661,1.);
#5562=VECTOR('',#8662,1.);
#5563=VECTOR('',#8665,1.);
#5564=VECTOR('',#8666,1.);
#5565=VECTOR('',#8669,1.);
#5566=VECTOR('',#8670,1.);
#5567=VECTOR('',#8673,1.);
#5568=VECTOR('',#8674,1.);
#5569=VECTOR('',#8677,1.);
#5570=VECTOR('',#8678,1.);
#5571=VECTOR('',#8681,1.);
#5572=VECTOR('',#8682,1.);
#5573=VECTOR('',#8685,1.);
#5574=VECTOR('',#8686,1.);
#5575=VECTOR('',#8689,1.);
#5576=VECTOR('',#8690,1.);
#5577=VECTOR('',#8691,1.);
#5578=VECTOR('',#8692,1.);
#5579=VECTOR('',#8693,1.);
#5580=VECTOR('',#8696,1.);
#5581=VECTOR('',#8697,1.);
#5582=VECTOR('',#8702,1.);
#5583=VECTOR('',#8703,1.);
#5584=VECTOR('',#8708,1.);
#5585=VECTOR('',#8709,1.);
#5586=VECTOR('',#8712,1.);
#5587=VECTOR('',#8713,1.);
#5588=VECTOR('',#8714,1.);
#5589=VECTOR('',#8715,1.);
#5590=VECTOR('',#8716,1.);
#5591=VECTOR('',#8717,1.);
#5592=VECTOR('',#8718,1.);
#5593=VECTOR('',#8719,1.);
#5594=VECTOR('',#8720,1.);
#5595=VECTOR('',#8725,1.);
#5596=VECTOR('',#8728,1.);
#5597=VECTOR('',#8729,1.);
#5598=VECTOR('',#8730,1.);
#5599=VECTOR('',#8731,1.);
#5600=VECTOR('',#8732,1.);
#5601=VECTOR('',#8739,1.);
#5602=VECTOR('',#8740,1.);
#5603=VECTOR('',#8751,1.);
#5604=VECTOR('',#8752,1.);
#5605=VECTOR('',#8753,1.);
#5606=VECTOR('',#8756,1.);
#5607=VECTOR('',#8757,1.);
#5608=VECTOR('',#8760,1.);
#5609=VECTOR('',#8761,1.);
#5610=VECTOR('',#8764,1.);
#5611=VECTOR('',#8765,1.);
#5612=VECTOR('',#8768,1.);
#5613=VECTOR('',#8769,1.);
#5614=VECTOR('',#8772,1.);
#5615=VECTOR('',#8773,1.);
#5616=VECTOR('',#8776,1.);
#5617=VECTOR('',#8777,1.);
#5618=VECTOR('',#8780,1.);
#5619=VECTOR('',#8781,1.);
#5620=VECTOR('',#8782,1.);
#5621=VECTOR('',#8783,1.);
#5622=VECTOR('',#8786,1.);
#5623=VECTOR('',#8787,1.);
#5624=VECTOR('',#8788,1.);
#5625=VECTOR('',#8795,1.);
#5626=VECTOR('',#8798,1.);
#5627=VECTOR('',#8805,1.);
#5628=VECTOR('',#8806,1.);
#5629=VECTOR('',#8807,1.);
#5630=VECTOR('',#8808,1.);
#5631=VECTOR('',#8811,1.);
#5632=VECTOR('',#8812,1.);
#5633=VECTOR('',#8813,1.);
#5634=VECTOR('',#8814,1.);
#5635=VECTOR('',#8815,1.);
#5636=VECTOR('',#8816,1.);
#5637=VECTOR('',#8817,1.);
#5638=VECTOR('',#8820,1.);
#5639=VECTOR('',#8821,1.);
#5640=VECTOR('',#8822,1.);
#5641=VECTOR('',#8825,1.);
#5642=VECTOR('',#8826,1.);
#5643=VECTOR('',#8829,1.);
#5644=VECTOR('',#8830,1.);
#5645=VECTOR('',#8833,1.);
#5646=VECTOR('',#8834,1.);
#5647=VECTOR('',#8837,1.);
#5648=VECTOR('',#8838,1.);
#5649=VECTOR('',#8839,1.);
#5650=VECTOR('',#8840,1.);
#5651=VECTOR('',#8845,1.);
#5652=VECTOR('',#8850,1.);
#5653=VECTOR('',#8855,1.);
#5654=VECTOR('',#8858,1.);
#5655=VECTOR('',#8859,1.);
#5656=VECTOR('',#8862,1.);
#5657=VECTOR('',#8865,1.);
#5658=VECTOR('',#8866,1.);
#5659=VECTOR('',#8869,1.);
#5660=VECTOR('',#8870,1.);
#5661=VECTOR('',#8871,1.);
#5662=VECTOR('',#8872,1.);
#5663=VECTOR('',#8873,1.);
#5664=VECTOR('',#8874,1.);
#5665=VECTOR('',#8875,1.);
#5666=VECTOR('',#8876,1.);
#5667=VECTOR('',#8877,1.);
#5668=VECTOR('',#8878,1.);
#5669=VECTOR('',#8879,1.);
#5670=VECTOR('',#8880,1.);
#5671=VECTOR('',#8881,1.);
#5672=VECTOR('',#8882,1.);
#5673=VECTOR('',#8889,1.);
#5674=VECTOR('',#8890,1.);
#5675=VECTOR('',#8891,1.);
#5676=VECTOR('',#8894,1.);
#5677=VECTOR('',#8895,1.);
#5678=VECTOR('',#8896,1.);
#5679=VECTOR('',#8897,1.);
#5680=VECTOR('',#8898,1.);
#5681=VECTOR('',#8903,1.);
#5682=VECTOR('',#8906,1.);
#5683=VECTOR('',#8907,1.);
#5684=VECTOR('',#8908,1.);
#5685=VECTOR('',#8909,1.);
#5686=VECTOR('',#8910,1.);
#5687=VECTOR('',#8911,1.);
#5688=VECTOR('',#8914,1.);
#5689=VECTOR('',#8915,1.);
#5690=VECTOR('',#8916,1.);
#5691=VECTOR('',#8917,1.);
#5692=VECTOR('',#8920,1.);
#5693=VECTOR('',#8921,1.);
#5694=VECTOR('',#8922,1.);
#5695=VECTOR('',#8925,1.);
#5696=VECTOR('',#8926,1.);
#5697=VECTOR('',#8927,1.);
#5698=VECTOR('',#8928,1.);
#5699=VECTOR('',#8929,1.);
#5700=VECTOR('',#8932,1.);
#5701=VECTOR('',#8933,1.);
#5702=VECTOR('',#8934,1.);
#5703=VECTOR('',#8935,1.);
#5704=VECTOR('',#8938,1.);
#5705=VECTOR('',#8939,1.);
#5706=VECTOR('',#8940,1.);
#5707=VECTOR('',#8941,1.);
#5708=VECTOR('',#8942,1.);
#5709=VECTOR('',#8943,1.);
#5710=VECTOR('',#8944,1.);
#5711=VECTOR('',#8947,1.);
#5712=VECTOR('',#8948,1.);
#5713=VECTOR('',#8951,1.);
#5714=VECTOR('',#8960,1.);
#5715=VECTOR('',#8961,1.);
#5716=VECTOR('',#8962,1.);
#5717=VECTOR('',#8965,1.);
#5718=VECTOR('',#8966,1.);
#5719=VECTOR('',#8969,1.);
#5720=VECTOR('',#8970,1.);
#5721=VECTOR('',#8973,1.);
#5722=VECTOR('',#8974,1.);
#5723=VECTOR('',#8977,1.);
#5724=VECTOR('',#8978,1.);
#5725=VECTOR('',#8981,1.);
#5726=VECTOR('',#8982,1.);
#5727=VECTOR('',#8985,1.);
#5728=VECTOR('',#8986,1.);
#5729=VECTOR('',#8989,1.);
#5730=VECTOR('',#8990,1.);
#5731=VECTOR('',#8993,1.);
#5732=VECTOR('',#8998,1.);
#5733=VECTOR('',#8999,1.);
#5734=VECTOR('',#9000,1.);
#5735=VECTOR('',#9003,1.);
#5736=VECTOR('',#9004,1.);
#5737=VECTOR('',#9007,1.);
#5738=VECTOR('',#9008,1.);
#5739=VECTOR('',#9011,1.);
#5740=VECTOR('',#9012,1.);
#5741=VECTOR('',#9015,1.);
#5742=VECTOR('',#9016,1.);
#5743=VECTOR('',#9019,1.);
#5744=VECTOR('',#9024,1.);
#5745=VECTOR('',#9025,1.);
#5746=VECTOR('',#9026,1.);
#5747=VECTOR('',#9029,1.);
#5748=VECTOR('',#9030,1.);
#5749=VECTOR('',#9033,1.);
#5750=VECTOR('',#9034,1.);
#5751=VECTOR('',#9037,1.);
#5752=VECTOR('',#9038,1.);
#5753=VECTOR('',#9043,1.);
#5754=VECTOR('',#9046,1.);
#5755=VECTOR('',#9047,1.);
#5756=VECTOR('',#9050,1.);
#5757=VECTOR('',#9051,1.);
#5758=VECTOR('',#9054,1.);
#5759=VECTOR('',#9055,1.);
#5760=VECTOR('',#9058,1.);
#5761=VECTOR('',#9059,1.);
#5762=VECTOR('',#9062,1.);
#5763=VECTOR('',#9063,1.);
#5764=VECTOR('',#9066,1.);
#5765=VECTOR('',#9067,1.);
#5766=VECTOR('',#9072,1.);
#5767=VECTOR('',#9075,1.);
#5768=VECTOR('',#9076,1.);
#5769=VECTOR('',#9079,1.);
#5770=VECTOR('',#9084,1.);
#5771=VECTOR('',#9085,1.);
#5772=VECTOR('',#9086,1.);
#5773=VECTOR('',#9089,1.);
#5774=VECTOR('',#9090,1.);
#5775=VECTOR('',#9093,1.);
#5776=VECTOR('',#9094,1.);
#5777=VECTOR('',#9097,1.);
#5778=VECTOR('',#9098,1.);
#5779=VECTOR('',#9101,1.);
#5780=VECTOR('',#9102,1.);
#5781=VECTOR('',#9105,1.);
#5782=VECTOR('',#9106,1.);
#5783=VECTOR('',#9109,1.);
#5784=VECTOR('',#9110,1.);
#5785=VECTOR('',#9113,1.);
#5786=VECTOR('',#9114,1.);
#5787=VECTOR('',#9117,1.);
#5788=VECTOR('',#9122,1.);
#5789=VECTOR('',#9123,1.);
#5790=VECTOR('',#9124,1.);
#5791=VECTOR('',#9127,1.);
#5792=VECTOR('',#9128,1.);
#5793=VECTOR('',#9131,1.);
#5794=VECTOR('',#9132,1.);
#5795=VECTOR('',#9135,1.);
#5796=VECTOR('',#9136,1.);
#5797=VECTOR('',#9139,1.);
#5798=VECTOR('',#9140,1.);
#5799=VECTOR('',#9143,1.);
#5800=VECTOR('',#9144,1.);
#5801=VECTOR('',#9147,1.);
#5802=VECTOR('',#9148,1.);
#5803=VECTOR('',#9151,1.);
#5804=VECTOR('',#9152,1.);
#5805=VECTOR('',#9155,1.);
#5806=VECTOR('',#9156,1.);
#5807=VECTOR('',#9159,1.);
#5808=VECTOR('',#9160,1.);
#5809=VECTOR('',#9163,1.);
#5810=VECTOR('',#9164,1.);
#5811=VECTOR('',#9167,1.);
#5812=VECTOR('',#9172,1.);
#5813=VECTOR('',#9173,1.);
#5814=VECTOR('',#9174,1.);
#5815=VECTOR('',#9177,1.);
#5816=VECTOR('',#9178,1.);
#5817=VECTOR('',#9181,1.);
#5818=VECTOR('',#9182,1.);
#5819=VECTOR('',#9185,1.);
#5820=VECTOR('',#9186,1.);
#5821=VECTOR('',#9189,1.);
#5822=VECTOR('',#9190,1.);
#5823=VECTOR('',#9193,1.);
#5824=VECTOR('',#9194,1.);
#5825=VECTOR('',#9197,1.);
#5826=VECTOR('',#9198,1.);
#5827=VECTOR('',#9201,1.);
#5828=VECTOR('',#9206,1.);
#5829=VECTOR('',#9207,1.);
#5830=VECTOR('',#9208,1.);
#5831=VECTOR('',#9211,1.);
#5832=VECTOR('',#9212,1.);
#5833=VECTOR('',#9215,1.);
#5834=VECTOR('',#9216,1.);
#5835=VECTOR('',#9219,1.);
#5836=VECTOR('',#9220,1.);
#5837=VECTOR('',#9223,1.);
#5838=VECTOR('',#9224,1.);
#5839=VECTOR('',#9227,1.);
#5840=VECTOR('',#9228,1.);
#5841=VECTOR('',#9231,1.);
#5842=VECTOR('',#9232,1.);
#5843=VECTOR('',#9235,1.);
#5844=VECTOR('',#9240,1.);
#5845=VECTOR('',#9241,1.);
#5846=VECTOR('',#9242,1.);
#5847=VECTOR('',#9245,1.);
#5848=VECTOR('',#9246,1.);
#5849=VECTOR('',#9249,1.);
#5850=VECTOR('',#9250,1.);
#5851=VECTOR('',#9253,1.);
#5852=VECTOR('',#9254,1.);
#5853=VECTOR('',#9257,1.);
#5854=VECTOR('',#9258,1.);
#5855=VECTOR('',#9261,1.);
#5856=VECTOR('',#9262,1.);
#5857=VECTOR('',#9265,1.);
#5858=VECTOR('',#9266,1.);
#5859=VECTOR('',#9271,1.);
#5860=VECTOR('',#9276,1.);
#5861=VECTOR('',#9347,1.);
#5862=VECTOR('',#9350,1.);
#5863=VECTOR('',#9357,1.);
#5864=VECTOR('',#9358,1.);
#5865=VECTOR('',#9363,1.);
#5866=VECTOR('',#9364,1.);
#5867=VECTOR('',#9369,1.);
#5868=VECTOR('',#9374,1.);
#5869=VECTOR('',#9379,1.);
#5870=VECTOR('',#9380,1.);
#5871=VECTOR('',#9383,1.);
#5872=VECTOR('',#9384,1.);
#5873=VECTOR('',#9387,1.);
#5874=VECTOR('',#9396,1.);
#5875=VECTOR('',#9397,1.);
#5876=VECTOR('',#9400,1.);
#5877=VECTOR('',#9401,1.);
#5878=VECTOR('',#9404,1.);
#5879=VECTOR('',#9411,1.);
#5880=VECTOR('',#9412,1.);
#5881=VECTOR('',#9413,1.);
#5882=VECTOR('',#9418,1.);
#5883=VECTOR('',#9423,1.);
#5884=VECTOR('',#9424,1.);
#5885=VECTOR('',#9433,1.);
#5886=VECTOR('',#9434,1.);
#5887=VECTOR('',#9435,1.);
#5888=VECTOR('',#9440,1.);
#5889=VECTOR('',#9445,1.);
#5890=VECTOR('',#9446,1.);
#5891=VECTOR('',#9455,1.);
#5892=VECTOR('',#9456,1.);
#5893=VECTOR('',#9457,1.);
#5894=VECTOR('',#9462,1.);
#5895=VECTOR('',#9467,1.);
#5896=VECTOR('',#9468,1.);
#5897=VECTOR('',#9477,1.);
#5898=VECTOR('',#9478,1.);
#5899=VECTOR('',#9479,1.);
#5900=VECTOR('',#9484,1.);
#5901=VECTOR('',#9489,1.);
#5902=VECTOR('',#9490,1.);
#5903=EDGE_LOOP('',(#453,#454,#455,#456));
#5904=EDGE_LOOP('',(#457,#458,#459,#460));
#5905=EDGE_LOOP('',(#461,#462,#463,#464));
#5906=EDGE_LOOP('',(#465,#466,#467,#468));
#5907=EDGE_LOOP('',(#469,#470,#471,#472));
#5908=EDGE_LOOP('',(#473,#474,#475,#476));
#5909=EDGE_LOOP('',(#477,#478,#479,#480,#481,#482,#483,#484));
#5910=EDGE_LOOP('',(#485,#486,#487,#488,#489,#490,#491,#492,#493,#494,#495,#496));
#5911=EDGE_LOOP('',(#497,#498,#499,#500,#501,#502,#503,#504,#505,#506,#507,#508,#509,#510));
#5912=EDGE_LOOP('',(#511,#512,#513,#514,#515,#516,#517,#518,#519));
#5913=EDGE_LOOP('',(#520,#521,#522,#523,#524,#525,#526,#527));
#5914=EDGE_LOOP('',(#528,#529,#530,#531,#532,#533,#534,#535));
#5915=EDGE_LOOP('',(#536,#537,#538,#539,#540,#541,#542,#543,#544));
#5916=EDGE_LOOP('',(#545,#546,#547,#548,#549,#550,#551,#552,#553,#554,#555,#556,#557,#558,#559,#560,#561,#562,#563,#564,#565,#566,#567,#568,#569,#570,#571));
#5917=EDGE_LOOP('',(#572,#573,#574,#575,#576,#577,#578,#579));
#5918=EDGE_LOOP('',(#580,#581,#582,#583,#584,#585,#586));
#5919=EDGE_LOOP('',(#587,#588,#589,#590,#591,#592,#593,#594,#595));
#5920=EDGE_LOOP('',(#596,#597,#598,#599,#600,#601,#602,#603,#604,#605,#606,#607,#608,#609,#610,#611,#612,#613));
#5921=EDGE_LOOP('',(#614,#615,#616,#617,#618,#619,#620,#621,#622,#623,#624,#625));
#5922=EDGE_LOOP('',(#626,#627,#628,#629,#630,#631,#632,#633,#634,#635,#636,#637));
#5923=EDGE_LOOP('',(#638,#639,#640,#641,#642,#643));
#5924=EDGE_LOOP('',(#644,#645,#646,#647,#648,#649,#650,#651,#652));
#5925=EDGE_LOOP('',(#653,#654,#655,#656,#657,#658,#659,#660));
#5926=EDGE_LOOP('',(#661,#662,#663,#664,#665,#666,#667,#668,#669,#670));
#5927=EDGE_LOOP('',(#671,#672,#673,#674));
#5928=EDGE_LOOP('',(#675,#676,#677,#678));
#5929=EDGE_LOOP('',(#679,#680,#681,#682));
#5930=EDGE_LOOP('',(#683,#684,#685,#686));
#5931=EDGE_LOOP('',(#687));
#5932=EDGE_LOOP('',(#688,#689,#690,#691,#692,#693,#694));
#5933=EDGE_LOOP('',(#695,#696,#697,#698,#699,#700,#701,#702,#703,#704,#705,#706));
#5934=EDGE_LOOP('',(#707,#708,#709,#710));
#5935=EDGE_LOOP('',(#711,#712,#713,#714));
#5936=EDGE_LOOP('',(#715,#716,#717,#718));
#5937=EDGE_LOOP('',(#719,#720,#721,#722));
#5938=EDGE_LOOP('',(#723,#724,#725,#726));
#5939=EDGE_LOOP('',(#727,#728,#729,#730));
#5940=EDGE_LOOP('',(#731,#732,#733,#734));
#5941=EDGE_LOOP('',(#735,#736,#737,#738,#739,#740,#741,#742,#743,#744,#745,#746,#747,#748,#749,#750));
#5942=EDGE_LOOP('',(#751,#752,#753,#754,#755,#756,#757,#758,#759,#760,#761,#762,#763,#764,#765,#766,#767,#768));
#5943=EDGE_LOOP('',(#769,#770,#771,#772));
#5944=EDGE_LOOP('',(#773,#774,#775,#776));
#5945=EDGE_LOOP('',(#777,#778,#779,#780,#781,#782,#783,#784,#785,#786));
#5946=EDGE_LOOP('',(#787,#788,#789,#790,#791,#792,#793,#794,#795,#796,#797,#798,#799,#800));
#5947=EDGE_LOOP('',(#801,#802,#803,#804));
#5948=EDGE_LOOP('',(#805,#806,#807,#808));
#5949=EDGE_LOOP('',(#809,#810,#811,#812));
#5950=EDGE_LOOP('',(#813,#814,#815,#816));
#5951=EDGE_LOOP('',(#817,#818,#819,#820));
#5952=EDGE_LOOP('',(#821,#822,#823,#824));
#5953=EDGE_LOOP('',(#825,#826,#827,#828));
#5954=EDGE_LOOP('',(#829));
#5955=EDGE_LOOP('',(#830));
#5956=EDGE_LOOP('',(#831));
#5957=EDGE_LOOP('',(#832));
#5958=EDGE_LOOP('',(#833,#834,#835,#836,#837,#838,#839,#840,#841,#842,#843,#844,#845,#846,#847,#848,#849,#850,#851,#852,#853,#854));
#5959=EDGE_LOOP('',(#855,#856,#857,#858));
#5960=EDGE_LOOP('',(#859,#860,#861,#862,#863,#864,#865,#866));
#5961=EDGE_LOOP('',(#867,#868,#869,#870));
#5962=EDGE_LOOP('',(#871,#872,#873,#874));
#5963=EDGE_LOOP('',(#875,#876,#877,#878));
#5964=EDGE_LOOP('',(#879,#880,#881,#882));
#5965=EDGE_LOOP('',(#883,#884,#885,#886));
#5966=EDGE_LOOP('',(#887,#888,#889,#890));
#5967=EDGE_LOOP('',(#891,#892,#893,#894));
#5968=EDGE_LOOP('',(#895,#896,#897,#898));
#5969=EDGE_LOOP('',(#899,#900,#901,#902));
#5970=EDGE_LOOP('',(#903,#904,#905,#906));
#5971=EDGE_LOOP('',(#907,#908,#909,#910));
#5972=EDGE_LOOP('',(#911,#912,#913,#914));
#5973=EDGE_LOOP('',(#915));
#5974=EDGE_LOOP('',(#916,#917));
#5975=EDGE_LOOP('',(#918,#919,#920,#921));
#5976=EDGE_LOOP('',(#922));
#5977=EDGE_LOOP('',(#923,#924));
#5978=EDGE_LOOP('',(#925));
#5979=EDGE_LOOP('',(#926));
#5980=EDGE_LOOP('',(#927));
#5981=EDGE_LOOP('',(#928));
#5982=EDGE_LOOP('',(#929,#930,#931,#932));
#5983=EDGE_LOOP('',(#933,#934,#935,#936));
#5984=EDGE_LOOP('',(#937,#938,#939,#940));
#5985=EDGE_LOOP('',(#941,#942,#943,#944));
#5986=EDGE_LOOP('',(#945,#946,#947,#948));
#5987=EDGE_LOOP('',(#949,#950,#951,#952));
#5988=EDGE_LOOP('',(#953,#954,#955,#956));
#5989=EDGE_LOOP('',(#957,#958,#959,#960));
#5990=EDGE_LOOP('',(#961,#962,#963,#964));
#5991=EDGE_LOOP('',(#965,#966,#967,#968));
#5992=EDGE_LOOP('',(#969,#970,#971,#972));
#5993=EDGE_LOOP('',(#973,#974,#975,#976));
#5994=EDGE_LOOP('',(#977,#978,#979,#980));
#5995=EDGE_LOOP('',(#981,#982,#983,#984));
#5996=EDGE_LOOP('',(#985,#986,#987,#988));
#5997=EDGE_LOOP('',(#989,#990,#991,#992));
#5998=EDGE_LOOP('',(#993,#994,#995,#996));
#5999=EDGE_LOOP('',(#997,#998,#999,#1000));
#6000=EDGE_LOOP('',(#1001,#1002,#1003,#1004));
#6001=EDGE_LOOP('',(#1005,#1006,#1007,#1008,#1009,#1010,#1011,#1012));
#6002=EDGE_LOOP('',(#1013,#1014,#1015,#1016));
#6003=EDGE_LOOP('',(#1017,#1018,#1019,#1020,#1021,#1022,#1023,#1024));
#6004=EDGE_LOOP('',(#1025,#1026,#1027,#1028));
#6005=EDGE_LOOP('',(#1029,#1030,#1031,#1032));
#6006=EDGE_LOOP('',(#1033,#1034,#1035,#1036));
#6007=EDGE_LOOP('',(#1037,#1038,#1039,#1040));
#6008=EDGE_LOOP('',(#1041,#1042,#1043,#1044));
#6009=EDGE_LOOP('',(#1045,#1046,#1047,#1048,#1049,#1050,#1051,#1052));
#6010=EDGE_LOOP('',(#1053,#1054,#1055,#1056));
#6011=EDGE_LOOP('',(#1057,#1058,#1059,#1060));
#6012=EDGE_LOOP('',(#1061,#1062,#1063,#1064));
#6013=EDGE_LOOP('',(#1065,#1066,#1067,#1068));
#6014=EDGE_LOOP('',(#1069,#1070,#1071,#1072));
#6015=EDGE_LOOP('',(#1073,#1074,#1075,#1076));
#6016=EDGE_LOOP('',(#1077,#1078,#1079,#1080));
#6017=EDGE_LOOP('',(#1081,#1082,#1083,#1084));
#6018=EDGE_LOOP('',(#1085,#1086,#1087,#1088));
#6019=EDGE_LOOP('',(#1089,#1090,#1091,#1092));
#6020=EDGE_LOOP('',(#1093,#1094,#1095,#1096));
#6021=EDGE_LOOP('',(#1097,#1098,#1099,#1100));
#6022=EDGE_LOOP('',(#1101,#1102,#1103,#1104));
#6023=EDGE_LOOP('',(#1105));
#6024=EDGE_LOOP('',(#1106));
#6025=EDGE_LOOP('',(#1107));
#6026=EDGE_LOOP('',(#1108));
#6027=EDGE_LOOP('',(#1109));
#6028=EDGE_LOOP('',(#1110));
#6029=EDGE_LOOP('',(#1111));
#6030=EDGE_LOOP('',(#1112));
#6031=EDGE_LOOP('',(#1113));
#6032=EDGE_LOOP('',(#1114,#1115,#1116,#1117));
#6033=EDGE_LOOP('',(#1118,#1119,#1120,#1121));
#6034=EDGE_LOOP('',(#1122,#1123,#1124,#1125));
#6035=EDGE_LOOP('',(#1126,#1127,#1128,#1129));
#6036=EDGE_LOOP('',(#1130,#1131,#1132,#1133));
#6037=EDGE_LOOP('',(#1134,#1135,#1136,#1137));
#6038=EDGE_LOOP('',(#1138,#1139,#1140,#1141));
#6039=EDGE_LOOP('',(#1142,#1143,#1144,#1145));
#6040=EDGE_LOOP('',(#1146,#1147,#1148,#1149));
#6041=EDGE_LOOP('',(#1150,#1151,#1152,#1153));
#6042=EDGE_LOOP('',(#1154,#1155,#1156,#1157));
#6043=EDGE_LOOP('',(#1158,#1159,#1160,#1161));
#6044=EDGE_LOOP('',(#1162,#1163,#1164,#1165));
#6045=EDGE_LOOP('',(#1166,#1167,#1168,#1169));
#6046=EDGE_LOOP('',(#1170,#1171,#1172,#1173));
#6047=EDGE_LOOP('',(#1174,#1175,#1176,#1177));
#6048=EDGE_LOOP('',(#1178,#1179,#1180,#1181));
#6049=EDGE_LOOP('',(#1182,#1183,#1184,#1185));
#6050=EDGE_LOOP('',(#1186,#1187,#1188,#1189));
#6051=EDGE_LOOP('',(#1190,#1191,#1192,#1193));
#6052=EDGE_LOOP('',(#1194,#1195,#1196,#1197));
#6053=EDGE_LOOP('',(#1198,#1199,#1200,#1201));
#6054=EDGE_LOOP('',(#1202,#1203,#1204,#1205));
#6055=EDGE_LOOP('',(#1206,#1207,#1208,#1209));
#6056=EDGE_LOOP('',(#1210,#1211,#1212,#1213));
#6057=EDGE_LOOP('',(#1214,#1215,#1216,#1217));
#6058=EDGE_LOOP('',(#1218,#1219,#1220,#1221));
#6059=EDGE_LOOP('',(#1222,#1223,#1224,#1225,#1226,#1227,#1228,#1229,#1230,#1231,#1232,#1233,#1234,#1235,#1236,#1237,#1238,#1239,#1240,#1241,#1242,#1243,#1244,#1245,#1246,#1247,#1248));
#6060=EDGE_LOOP('',(#1249,#1250,#1251,#1252));
#6061=EDGE_LOOP('',(#1253,#1254,#1255,#1256));
#6062=EDGE_LOOP('',(#1257,#1258,#1259,#1260));
#6063=EDGE_LOOP('',(#1261,#1262,#1263,#1264));
#6064=EDGE_LOOP('',(#1265,#1266,#1267,#1268));
#6065=EDGE_LOOP('',(#1269,#1270,#1271,#1272));
#6066=EDGE_LOOP('',(#1273,#1274,#1275,#1276));
#6067=EDGE_LOOP('',(#1277,#1278,#1279,#1280));
#6068=EDGE_LOOP('',(#1281,#1282,#1283,#1284));
#6069=EDGE_LOOP('',(#1285,#1286,#1287,#1288));
#6070=EDGE_LOOP('',(#1289,#1290,#1291,#1292));
#6071=EDGE_LOOP('',(#1293,#1294,#1295,#1296));
#6072=EDGE_LOOP('',(#1297,#1298,#1299,#1300));
#6073=EDGE_LOOP('',(#1301,#1302,#1303,#1304));
#6074=EDGE_LOOP('',(#1305,#1306,#1307,#1308));
#6075=EDGE_LOOP('',(#1309,#1310,#1311,#1312));
#6076=EDGE_LOOP('',(#1313,#1314,#1315,#1316,#1317,#1318,#1319,#1320,#1321));
#6077=EDGE_LOOP('',(#1322,#1323,#1324,#1325,#1326,#1327,#1328));
#6078=EDGE_LOOP('',(#1329,#1330,#1331,#1332));
#6079=EDGE_LOOP('',(#1333,#1334,#1335,#1336));
#6080=EDGE_LOOP('',(#1337,#1338,#1339,#1340));
#6081=EDGE_LOOP('',(#1341,#1342,#1343,#1344));
#6082=EDGE_LOOP('',(#1345,#1346,#1347,#1348));
#6083=EDGE_LOOP('',(#1349,#1350,#1351,#1352));
#6084=EDGE_LOOP('',(#1353,#1354,#1355,#1356));
#6085=EDGE_LOOP('',(#1357,#1358,#1359,#1360));
#6086=EDGE_LOOP('',(#1361,#1362,#1363,#1364));
#6087=EDGE_LOOP('',(#1365,#1366,#1367,#1368));
#6088=EDGE_LOOP('',(#1369,#1370,#1371,#1372));
#6089=EDGE_LOOP('',(#1373,#1374,#1375,#1376));
#6090=EDGE_LOOP('',(#1377,#1378,#1379,#1380));
#6091=EDGE_LOOP('',(#1381,#1382,#1383,#1384));
#6092=EDGE_LOOP('',(#1385,#1386,#1387,#1388));
#6093=EDGE_LOOP('',(#1389,#1390,#1391,#1392));
#6094=EDGE_LOOP('',(#1393,#1394,#1395,#1396,#1397,#1398,#1399,#1400,#1401));
#6095=EDGE_LOOP('',(#1402,#1403,#1404,#1405,#1406,#1407,#1408));
#6096=EDGE_LOOP('',(#1409,#1410,#1411,#1412));
#6097=EDGE_LOOP('',(#1413,#1414,#1415,#1416));
#6098=EDGE_LOOP('',(#1417,#1418,#1419,#1420));
#6099=EDGE_LOOP('',(#1421,#1422,#1423,#1424));
#6100=EDGE_LOOP('',(#1425,#1426,#1427,#1428));
#6101=EDGE_LOOP('',(#1429,#1430,#1431,#1432));
#6102=EDGE_LOOP('',(#1433,#1434,#1435,#1436));
#6103=EDGE_LOOP('',(#1437,#1438,#1439,#1440));
#6104=EDGE_LOOP('',(#1441,#1442,#1443,#1444));
#6105=EDGE_LOOP('',(#1445,#1446,#1447,#1448));
#6106=EDGE_LOOP('',(#1449,#1450,#1451,#1452));
#6107=EDGE_LOOP('',(#1453,#1454,#1455,#1456));
#6108=EDGE_LOOP('',(#1457,#1458,#1459,#1460));
#6109=EDGE_LOOP('',(#1461,#1462,#1463,#1464));
#6110=EDGE_LOOP('',(#1465,#1466,#1467,#1468));
#6111=EDGE_LOOP('',(#1469,#1470,#1471,#1472));
#6112=EDGE_LOOP('',(#1473,#1474,#1475,#1476));
#6113=EDGE_LOOP('',(#1477,#1478,#1479,#1480));
#6114=EDGE_LOOP('',(#1481,#1482,#1483,#1484));
#6115=EDGE_LOOP('',(#1485,#1486,#1487,#1488));
#6116=EDGE_LOOP('',(#1489,#1490,#1491,#1492));
#6117=EDGE_LOOP('',(#1493,#1494,#1495,#1496));
#6118=EDGE_LOOP('',(#1497,#1498,#1499,#1500));
#6119=EDGE_LOOP('',(#1501,#1502,#1503,#1504));
#6120=EDGE_LOOP('',(#1505,#1506,#1507,#1508));
#6121=EDGE_LOOP('',(#1509,#1510,#1511,#1512));
#6122=EDGE_LOOP('',(#1513,#1514,#1515,#1516,#1517,#1518,#1519,#1520));
#6123=EDGE_LOOP('',(#1521,#1522,#1523,#1524,#1525,#1526,#1527,#1528,#1529,#1530,#1531,#1532,#1533,#1534,#1535,#1536,#1537,#1538));
#6124=EDGE_LOOP('',(#1539,#1540,#1541,#1542,#1543,#1544,#1545,#1546));
#6125=EDGE_LOOP('',(#1547,#1548,#1549,#1550));
#6126=EDGE_LOOP('',(#1551,#1552,#1553,#1554));
#6127=EDGE_LOOP('',(#1555,#1556,#1557,#1558));
#6128=EDGE_LOOP('',(#1559,#1560,#1561,#1562));
#6129=EDGE_LOOP('',(#1563,#1564,#1565,#1566));
#6130=EDGE_LOOP('',(#1567,#1568,#1569,#1570));
#6131=EDGE_LOOP('',(#1571,#1572,#1573,#1574));
#6132=EDGE_LOOP('',(#1575,#1576,#1577,#1578));
#6133=EDGE_LOOP('',(#1579,#1580,#1581,#1582));
#6134=EDGE_LOOP('',(#1583,#1584,#1585,#1586));
#6135=EDGE_LOOP('',(#1587,#1588,#1589,#1590));
#6136=EDGE_LOOP('',(#1591,#1592,#1593,#1594));
#6137=EDGE_LOOP('',(#1595,#1596,#1597,#1598));
#6138=EDGE_LOOP('',(#1599,#1600,#1601,#1602,#1603,#1604,#1605,#1606));
#6139=EDGE_LOOP('',(#1607,#1608,#1609,#1610));
#6140=EDGE_LOOP('',(#1611,#1612,#1613,#1614));
#6141=EDGE_LOOP('',(#1615,#1616,#1617,#1618));
#6142=EDGE_LOOP('',(#1619,#1620,#1621,#1622));
#6143=EDGE_LOOP('',(#1623,#1624,#1625,#1626));
#6144=EDGE_LOOP('',(#1627,#1628,#1629,#1630));
#6145=EDGE_LOOP('',(#1631,#1632,#1633,#1634));
#6146=EDGE_LOOP('',(#1635,#1636,#1637,#1638));
#6147=EDGE_LOOP('',(#1639,#1640,#1641,#1642));
#6148=EDGE_LOOP('',(#1643,#1644,#1645,#1646));
#6149=EDGE_LOOP('',(#1647,#1648,#1649,#1650));
#6150=EDGE_LOOP('',(#1651,#1652,#1653,#1654));
#6151=EDGE_LOOP('',(#1655,#1656,#1657,#1658));
#6152=EDGE_LOOP('',(#1659,#1660,#1661,#1662));
#6153=EDGE_LOOP('',(#1663,#1664,#1665,#1666));
#6154=EDGE_LOOP('',(#1667,#1668,#1669,#1670));
#6155=EDGE_LOOP('',(#1671,#1672,#1673,#1674));
#6156=EDGE_LOOP('',(#1675,#1676,#1677,#1678));
#6157=EDGE_LOOP('',(#1679,#1680,#1681,#1682));
#6158=EDGE_LOOP('',(#1683,#1684,#1685,#1686));
#6159=EDGE_LOOP('',(#1687,#1688,#1689,#1690,#1691,#1692,#1693,#1694,#1695,#1696,#1697,#1698));
#6160=EDGE_LOOP('',(#1699,#1700,#1701,#1702,#1703,#1704,#1705));
#6161=EDGE_LOOP('',(#1706,#1707,#1708,#1709));
#6162=EDGE_LOOP('',(#1710,#1711,#1712,#1713));
#6163=EDGE_LOOP('',(#1714,#1715,#1716,#1717));
#6164=EDGE_LOOP('',(#1718,#1719,#1720,#1721));
#6165=EDGE_LOOP('',(#1722,#1723,#1724,#1725));
#6166=EDGE_LOOP('',(#1726,#1727,#1728,#1729));
#6167=EDGE_LOOP('',(#1730,#1731,#1732,#1733));
#6168=EDGE_LOOP('',(#1734,#1735,#1736,#1737));
#6169=EDGE_LOOP('',(#1738,#1739,#1740,#1741));
#6170=EDGE_LOOP('',(#1742,#1743,#1744,#1745));
#6171=EDGE_LOOP('',(#1746,#1747,#1748,#1749));
#6172=EDGE_LOOP('',(#1750,#1751,#1752,#1753));
#6173=EDGE_LOOP('',(#1754,#1755,#1756,#1757));
#6174=EDGE_LOOP('',(#1758,#1759,#1760,#1761));
#6175=EDGE_LOOP('',(#1762,#1763,#1764,#1765,#1766,#1767));
#6176=EDGE_LOOP('',(#1768,#1769,#1770,#1771,#1772,#1773,#1774,#1775));
#6177=EDGE_LOOP('',(#1776,#1777,#1778,#1779,#1780,#1781));
#6178=EDGE_LOOP('',(#1782,#1783,#1784,#1785));
#6179=EDGE_LOOP('',(#1786,#1787,#1788,#1789));
#6180=EDGE_LOOP('',(#1790,#1791,#1792,#1793));
#6181=EDGE_LOOP('',(#1794,#1795,#1796,#1797));
#6182=EDGE_LOOP('',(#1798,#1799,#1800,#1801));
#6183=EDGE_LOOP('',(#1802,#1803,#1804,#1805));
#6184=EDGE_LOOP('',(#1806,#1807,#1808,#1809));
#6185=EDGE_LOOP('',(#1810,#1811,#1812,#1813));
#6186=EDGE_LOOP('',(#1814,#1815,#1816,#1817));
#6187=EDGE_LOOP('',(#1818,#1819,#1820,#1821));
#6188=EDGE_LOOP('',(#1822,#1823,#1824,#1825));
#6189=EDGE_LOOP('',(#1826,#1827,#1828,#1829));
#6190=EDGE_LOOP('',(#1830,#1831,#1832,#1833));
#6191=EDGE_LOOP('',(#1834,#1835,#1836,#1837));
#6192=EDGE_LOOP('',(#1838,#1839,#1840,#1841));
#6193=EDGE_LOOP('',(#1842,#1843,#1844,#1845));
#6194=EDGE_LOOP('',(#1846,#1847,#1848,#1849));
#6195=EDGE_LOOP('',(#1850,#1851,#1852,#1853));
#6196=EDGE_LOOP('',(#1854,#1855,#1856,#1857));
#6197=EDGE_LOOP('',(#1858,#1859,#1860,#1861));
#6198=EDGE_LOOP('',(#1862,#1863,#1864,#1865));
#6199=EDGE_LOOP('',(#1866,#1867,#1868,#1869));
#6200=EDGE_LOOP('',(#1870,#1871,#1872,#1873));
#6201=EDGE_LOOP('',(#1874,#1875,#1876,#1877));
#6202=EDGE_LOOP('',(#1878,#1879,#1880,#1881));
#6203=EDGE_LOOP('',(#1882,#1883,#1884,#1885,#1886,#1887,#1888));
#6204=EDGE_LOOP('',(#1889,#1890,#1891,#1892,#1893,#1894));
#6205=EDGE_LOOP('',(#1895,#1896,#1897,#1898,#1899,#1900,#1901,#1902,#1903,#1904,#1905,#1906));
#6206=EDGE_LOOP('',(#1907,#1908,#1909,#1910,#1911,#1912,#1913));
#6207=EDGE_LOOP('',(#1914,#1915,#1916,#1917,#1918,#1919));
#6208=EDGE_LOOP('',(#1920,#1921,#1922,#1923));
#6209=EDGE_LOOP('',(#1924,#1925,#1926,#1927));
#6210=EDGE_LOOP('',(#1928,#1929,#1930,#1931));
#6211=EDGE_LOOP('',(#1932,#1933,#1934,#1935));
#6212=EDGE_LOOP('',(#1936,#1937,#1938,#1939));
#6213=EDGE_LOOP('',(#1940,#1941,#1942,#1943));
#6214=EDGE_LOOP('',(#1944,#1945,#1946,#1947));
#6215=EDGE_LOOP('',(#1948,#1949,#1950,#1951));
#6216=EDGE_LOOP('',(#1952,#1953,#1954,#1955));
#6217=EDGE_LOOP('',(#1956,#1957,#1958,#1959,#1960,#1961,#1962,#1963,#1964));
#6218=EDGE_LOOP('',(#1965,#1966,#1967,#1968));
#6219=EDGE_LOOP('',(#1969,#1970,#1971,#1972));
#6220=EDGE_LOOP('',(#1973,#1974,#1975,#1976));
#6221=EDGE_LOOP('',(#1977,#1978,#1979,#1980));
#6222=EDGE_LOOP('',(#1981,#1982,#1983,#1984));
#6223=EDGE_LOOP('',(#1985,#1986,#1987,#1988));
#6224=EDGE_LOOP('',(#1989,#1990,#1991,#1992,#1993,#1994));
#6225=EDGE_LOOP('',(#1995,#1996,#1997,#1998));
#6226=EDGE_LOOP('',(#1999,#2000,#2001,#2002));
#6227=EDGE_LOOP('',(#2003,#2004,#2005,#2006));
#6228=EDGE_LOOP('',(#2007,#2008,#2009,#2010));
#6229=EDGE_LOOP('',(#2011,#2012,#2013,#2014));
#6230=EDGE_LOOP('',(#2015,#2016,#2017,#2018));
#6231=EDGE_LOOP('',(#2019,#2020,#2021,#2022));
#6232=EDGE_LOOP('',(#2023,#2024,#2025,#2026));
#6233=EDGE_LOOP('',(#2027,#2028,#2029,#2030));
#6234=EDGE_LOOP('',(#2031,#2032,#2033,#2034));
#6235=EDGE_LOOP('',(#2035,#2036,#2037,#2038));
#6236=EDGE_LOOP('',(#2039,#2040,#2041,#2042));
#6237=EDGE_LOOP('',(#2043,#2044,#2045,#2046));
#6238=EDGE_LOOP('',(#2047,#2048,#2049,#2050));
#6239=EDGE_LOOP('',(#2051,#2052,#2053,#2054,#2055,#2056,#2057,#2058,#2059,#2060,#2061,#2062,#2063,#2064));
#6240=EDGE_LOOP('',(#2065,#2066,#2067,#2068));
#6241=EDGE_LOOP('',(#2069,#2070,#2071,#2072));
#6242=EDGE_LOOP('',(#2073,#2074,#2075,#2076));
#6243=EDGE_LOOP('',(#2077,#2078,#2079,#2080));
#6244=EDGE_LOOP('',(#2081,#2082,#2083,#2084));
#6245=EDGE_LOOP('',(#2085,#2086,#2087,#2088));
#6246=EDGE_LOOP('',(#2089,#2090,#2091,#2092));
#6247=EDGE_LOOP('',(#2093,#2094,#2095,#2096));
#6248=EDGE_LOOP('',(#2097,#2098,#2099,#2100));
#6249=EDGE_LOOP('',(#2101,#2102,#2103,#2104,#2105,#2106,#2107,#2108,#2109));
#6250=EDGE_LOOP('',(#2110,#2111,#2112,#2113));
#6251=EDGE_LOOP('',(#2114,#2115,#2116,#2117));
#6252=EDGE_LOOP('',(#2118,#2119,#2120,#2121));
#6253=EDGE_LOOP('',(#2122,#2123,#2124,#2125));
#6254=EDGE_LOOP('',(#2126,#2127,#2128,#2129));
#6255=EDGE_LOOP('',(#2130,#2131,#2132,#2133));
#6256=EDGE_LOOP('',(#2134,#2135,#2136,#2137));
#6257=EDGE_LOOP('',(#2138,#2139,#2140,#2141));
#6258=EDGE_LOOP('',(#2142,#2143,#2144,#2145));
#6259=EDGE_LOOP('',(#2146,#2147,#2148,#2149));
#6260=EDGE_LOOP('',(#2150,#2151,#2152,#2153));
#6261=EDGE_LOOP('',(#2154,#2155,#2156,#2157));
#6262=EDGE_LOOP('',(#2158,#2159,#2160,#2161,#2162,#2163,#2164,#2165,#2166,#2167,#2168,#2169));
#6263=EDGE_LOOP('',(#2170,#2171,#2172,#2173));
#6264=EDGE_LOOP('',(#2174,#2175,#2176,#2177));
#6265=EDGE_LOOP('',(#2178,#2179,#2180,#2181));
#6266=EDGE_LOOP('',(#2182,#2183,#2184,#2185));
#6267=EDGE_LOOP('',(#2186,#2187,#2188,#2189));
#6268=EDGE_LOOP('',(#2190,#2191,#2192,#2193));
#6269=EDGE_LOOP('',(#2194,#2195,#2196,#2197));
#6270=EDGE_LOOP('',(#2198,#2199,#2200,#2201));
#6271=EDGE_LOOP('',(#2202,#2203,#2204,#2205,#2206,#2207,#2208,#2209));
#6272=EDGE_LOOP('',(#2210,#2211,#2212,#2213));
#6273=EDGE_LOOP('',(#2214,#2215,#2216,#2217));
#6274=EDGE_LOOP('',(#2218,#2219,#2220,#2221));
#6275=EDGE_LOOP('',(#2222,#2223,#2224,#2225));
#6276=EDGE_LOOP('',(#2226,#2227,#2228,#2229));
#6277=EDGE_LOOP('',(#2230,#2231,#2232,#2233));
#6278=EDGE_LOOP('',(#2234,#2235,#2236,#2237));
#6279=EDGE_LOOP('',(#2238,#2239,#2240,#2241));
#6280=EDGE_LOOP('',(#2242,#2243,#2244,#2245,#2246,#2247,#2248,#2249));
#6281=EDGE_LOOP('',(#2250,#2251,#2252,#2253));
#6282=EDGE_LOOP('',(#2254,#2255,#2256,#2257));
#6283=EDGE_LOOP('',(#2258,#2259,#2260,#2261));
#6284=EDGE_LOOP('',(#2262,#2263,#2264,#2265));
#6285=EDGE_LOOP('',(#2266,#2267,#2268,#2269));
#6286=EDGE_LOOP('',(#2270,#2271,#2272,#2273));
#6287=EDGE_LOOP('',(#2274,#2275,#2276,#2277));
#6288=EDGE_LOOP('',(#2278,#2279,#2280,#2281));
#6289=EDGE_LOOP('',(#2282,#2283,#2284,#2285));
#6290=EDGE_LOOP('',(#2286,#2287,#2288,#2289));
#6291=EDGE_LOOP('',(#2290,#2291,#2292,#2293,#2294,#2295,#2296,#2297,#2298,#2299));
#6292=EDGE_LOOP('',(#2300,#2301,#2302,#2303,#2304,#2305,#2306));
#6293=EDGE_LOOP('',(#2307,#2308,#2309,#2310,#2311,#2312,#2313));
#6294=EDGE_LOOP('',(#2314,#2315,#2316,#2317,#2318,#2319,#2320));
#6295=EDGE_LOOP('',(#2321,#2322,#2323,#2324));
#6296=EDGE_LOOP('',(#2325,#2326,#2327,#2328));
#6297=EDGE_LOOP('',(#2329,#2330,#2331,#2332));
#6298=EDGE_LOOP('',(#2333,#2334,#2335,#2336));
#6299=EDGE_LOOP('',(#2337,#2338,#2339,#2340));
#6300=EDGE_LOOP('',(#2341,#2342,#2343,#2344));
#6301=EDGE_LOOP('',(#2345,#2346,#2347,#2348));
#6302=EDGE_LOOP('',(#2349,#2350,#2351,#2352));
#6303=EDGE_LOOP('',(#2353,#2354,#2355,#2356));
#6304=EDGE_LOOP('',(#2357,#2358,#2359,#2360));
#6305=EDGE_LOOP('',(#2361,#2362,#2363));
#6306=EDGE_LOOP('',(#2364,#2365));
#6307=EDGE_LOOP('',(#2366));
#6308=EDGE_LOOP('',(#2367,#2368,#2369));
#6309=EDGE_LOOP('',(#2370,#2371));
#6310=EDGE_LOOP('',(#2372));
#6311=EDGE_LOOP('',(#2373,#2374,#2375));
#6312=EDGE_LOOP('',(#2376,#2377));
#6313=EDGE_LOOP('',(#2378));
#6314=EDGE_LOOP('',(#2379,#2380,#2381));
#6315=EDGE_LOOP('',(#2382,#2383));
#6316=EDGE_LOOP('',(#2384));
#6317=EDGE_LOOP('',(#2385,#2386,#2387,#2388));
#6318=EDGE_LOOP('',(#2389,#2390,#2391,#2392));
#6319=EDGE_LOOP('',(#2393,#2394,#2395,#2396));
#6320=EDGE_LOOP('',(#2397,#2398,#2399,#2400,#2401,#2402));
#6321=EDGE_LOOP('',(#2403,#2404,#2405,#2406));
#6322=EDGE_LOOP('',(#2407,#2408,#2409,#2410,#2411,#2412));
#6323=EDGE_LOOP('',(#2413,#2414,#2415,#2416));
#6324=EDGE_LOOP('',(#2417,#2418,#2419,#2420,#2421));
#6325=EDGE_LOOP('',(#2422,#2423,#2424,#2425));
#6326=EDGE_LOOP('',(#2426,#2427,#2428,#2429,#2430));
#6327=EDGE_LOOP('',(#2431,#2432,#2433,#2434));
#6328=EDGE_LOOP('',(#2435,#2436,#2437,#2438,#2439));
#6329=EDGE_LOOP('',(#2440,#2441,#2442,#2443));
#6330=EDGE_LOOP('',(#2444,#2445,#2446,#2447,#2448));
#6331=EDGE_LOOP('',(#2449,#2450,#2451,#2452));
#6332=EDGE_LOOP('',(#2453,#2454,#2455,#2456));
#6333=EDGE_LOOP('',(#2457,#2458,#2459,#2460,#2461,#2462));
#6334=EDGE_LOOP('',(#2463,#2464,#2465,#2466));
#6335=EDGE_LOOP('',(#2467,#2468,#2469,#2470,#2471,#2472));
#6336=EDGE_LOOP('',(#2473,#2474,#2475,#2476));
#6337=EDGE_LOOP('',(#2477,#2478,#2479,#2480,#2481,#2482));
#6338=EDGE_LOOP('',(#2483,#2484,#2485,#2486));
#6339=EDGE_LOOP('',(#2487,#2488,#2489,#2490,#2491,#2492));
#6340=EDGE_LOOP('',(#2493,#2494,#2495,#2496));
#6341=EDGE_LOOP('',(#2497,#2498,#2499,#2500,#2501,#2502));
#6342=EDGE_LOOP('',(#2503,#2504,#2505,#2506));
#6343=EDGE_LOOP('',(#2507,#2508,#2509,#2510,#2511,#2512));
#6344=EDGE_LOOP('',(#2513,#2514,#2515,#2516));
#6345=EDGE_LOOP('',(#2517,#2518,#2519,#2520,#2521,#2522));
#6346=EDGE_LOOP('',(#2523,#2524,#2525,#2526));
#6347=EDGE_LOOP('',(#2527,#2528,#2529,#2530,#2531,#2532));
#6348=EDGE_LOOP('',(#2533,#2534,#2535,#2536));
#6349=EDGE_LOOP('',(#2537,#2538,#2539,#2540));
#6350=EDGE_LOOP('',(#2541,#2542,#2543,#2544));
#6351=EDGE_LOOP('',(#2545,#2546,#2547,#2548));
#6352=EDGE_LOOP('',(#2549,#2550,#2551,#2552));
#6353=EDGE_LOOP('',(#2553,#2554,#2555,#2556));
#6354=EDGE_LOOP('',(#2557,#2558,#2559,#2560));
#6355=EDGE_LOOP('',(#2561,#2562,#2563,#2564));
#6356=EDGE_LOOP('',(#2565,#2566,#2567,#2568));
#6357=EDGE_LOOP('',(#2569,#2570,#2571,#2572));
#6358=EDGE_LOOP('',(#2573,#2574,#2575,#2576));
#6359=EDGE_LOOP('',(#2577,#2578,#2579,#2580));
#6360=EDGE_LOOP('',(#2581,#2582,#2583,#2584));
#6361=FACE_BOUND('',#5903,.T.);
#6362=FACE_BOUND('',#5904,.T.);
#6363=FACE_BOUND('',#5905,.T.);
#6364=FACE_BOUND('',#5906,.T.);
#6365=FACE_BOUND('',#5907,.T.);
#6366=FACE_BOUND('',#5908,.T.);
#6367=FACE_BOUND('',#5909,.T.);
#6368=FACE_BOUND('',#5910,.T.);
#6369=FACE_BOUND('',#5911,.T.);
#6370=FACE_BOUND('',#5912,.T.);
#6371=FACE_BOUND('',#5913,.T.);
#6372=FACE_BOUND('',#5914,.T.);
#6373=FACE_BOUND('',#5915,.T.);
#6374=FACE_BOUND('',#5916,.T.);
#6375=FACE_BOUND('',#5917,.T.);
#6376=FACE_BOUND('',#5918,.T.);
#6377=FACE_BOUND('',#5919,.T.);
#6378=FACE_BOUND('',#5920,.T.);
#6379=FACE_BOUND('',#5921,.T.);
#6380=FACE_BOUND('',#5922,.T.);
#6381=FACE_BOUND('',#5923,.T.);
#6382=FACE_BOUND('',#5924,.T.);
#6383=FACE_BOUND('',#5925,.T.);
#6384=FACE_BOUND('',#5926,.T.);
#6385=FACE_BOUND('',#5927,.T.);
#6386=FACE_BOUND('',#5928,.T.);
#6387=FACE_BOUND('',#5929,.T.);
#6388=FACE_BOUND('',#5930,.T.);
#6389=FACE_BOUND('',#5931,.T.);
#6390=FACE_BOUND('',#5932,.T.);
#6391=FACE_BOUND('',#5933,.T.);
#6392=FACE_BOUND('',#5934,.T.);
#6393=FACE_BOUND('',#5935,.T.);
#6394=FACE_BOUND('',#5936,.T.);
#6395=FACE_BOUND('',#5937,.T.);
#6396=FACE_BOUND('',#5938,.T.);
#6397=FACE_BOUND('',#5939,.T.);
#6398=FACE_BOUND('',#5940,.T.);
#6399=FACE_BOUND('',#5941,.T.);
#6400=FACE_BOUND('',#5942,.T.);
#6401=FACE_BOUND('',#5943,.T.);
#6402=FACE_BOUND('',#5944,.T.);
#6403=FACE_BOUND('',#5945,.T.);
#6404=FACE_BOUND('',#5946,.T.);
#6405=FACE_BOUND('',#5947,.T.);
#6406=FACE_BOUND('',#5948,.T.);
#6407=FACE_BOUND('',#5949,.T.);
#6408=FACE_BOUND('',#5950,.T.);
#6409=FACE_BOUND('',#5951,.T.);
#6410=FACE_BOUND('',#5952,.T.);
#6411=FACE_BOUND('',#5953,.T.);
#6412=FACE_BOUND('',#5954,.T.);
#6413=FACE_BOUND('',#5955,.T.);
#6414=FACE_BOUND('',#5956,.T.);
#6415=FACE_BOUND('',#5957,.T.);
#6416=FACE_BOUND('',#5958,.T.);
#6417=FACE_BOUND('',#5959,.T.);
#6418=FACE_BOUND('',#5960,.T.);
#6419=FACE_BOUND('',#5961,.T.);
#6420=FACE_BOUND('',#5962,.T.);
#6421=FACE_BOUND('',#5963,.T.);
#6422=FACE_BOUND('',#5964,.T.);
#6423=FACE_BOUND('',#5965,.T.);
#6424=FACE_BOUND('',#5966,.T.);
#6425=FACE_BOUND('',#5967,.T.);
#6426=FACE_BOUND('',#5968,.T.);
#6427=FACE_BOUND('',#5969,.T.);
#6428=FACE_BOUND('',#5970,.T.);
#6429=FACE_BOUND('',#5971,.T.);
#6430=FACE_BOUND('',#5972,.T.);
#6431=FACE_BOUND('',#5973,.T.);
#6432=FACE_BOUND('',#5974,.T.);
#6433=FACE_BOUND('',#5975,.T.);
#6434=FACE_BOUND('',#5976,.T.);
#6435=FACE_BOUND('',#5977,.T.);
#6436=FACE_BOUND('',#5978,.T.);
#6437=FACE_BOUND('',#5979,.T.);
#6438=FACE_BOUND('',#5980,.T.);
#6439=FACE_BOUND('',#5981,.T.);
#6440=FACE_BOUND('',#5982,.T.);
#6441=FACE_BOUND('',#5983,.T.);
#6442=FACE_BOUND('',#5984,.T.);
#6443=FACE_BOUND('',#5985,.T.);
#6444=FACE_BOUND('',#5986,.T.);
#6445=FACE_BOUND('',#5987,.T.);
#6446=FACE_BOUND('',#5988,.T.);
#6447=FACE_BOUND('',#5989,.T.);
#6448=FACE_BOUND('',#5990,.T.);
#6449=FACE_BOUND('',#5991,.T.);
#6450=FACE_BOUND('',#5992,.T.);
#6451=FACE_BOUND('',#5993,.T.);
#6452=FACE_BOUND('',#5994,.T.);
#6453=FACE_BOUND('',#5995,.T.);
#6454=FACE_BOUND('',#5996,.T.);
#6455=FACE_BOUND('',#5997,.T.);
#6456=FACE_BOUND('',#5998,.T.);
#6457=FACE_BOUND('',#5999,.T.);
#6458=FACE_BOUND('',#6000,.T.);
#6459=FACE_BOUND('',#6001,.T.);
#6460=FACE_BOUND('',#6002,.T.);
#6461=FACE_BOUND('',#6003,.T.);
#6462=FACE_BOUND('',#6004,.T.);
#6463=FACE_BOUND('',#6005,.T.);
#6464=FACE_BOUND('',#6006,.T.);
#6465=FACE_BOUND('',#6007,.T.);
#6466=FACE_BOUND('',#6008,.T.);
#6467=FACE_BOUND('',#6009,.T.);
#6468=FACE_BOUND('',#6010,.T.);
#6469=FACE_BOUND('',#6011,.T.);
#6470=FACE_BOUND('',#6012,.T.);
#6471=FACE_BOUND('',#6013,.T.);
#6472=FACE_BOUND('',#6014,.T.);
#6473=FACE_BOUND('',#6015,.T.);
#6474=FACE_BOUND('',#6016,.T.);
#6475=FACE_BOUND('',#6017,.T.);
#6476=FACE_BOUND('',#6018,.T.);
#6477=FACE_BOUND('',#6019,.T.);
#6478=FACE_BOUND('',#6020,.T.);
#6479=FACE_BOUND('',#6021,.T.);
#6480=FACE_BOUND('',#6022,.T.);
#6481=FACE_BOUND('',#6023,.T.);
#6482=FACE_BOUND('',#6024,.T.);
#6483=FACE_BOUND('',#6025,.T.);
#6484=FACE_BOUND('',#6026,.T.);
#6485=FACE_BOUND('',#6027,.T.);
#6486=FACE_BOUND('',#6028,.T.);
#6487=FACE_BOUND('',#6029,.T.);
#6488=FACE_BOUND('',#6030,.T.);
#6489=FACE_BOUND('',#6031,.T.);
#6490=FACE_BOUND('',#6032,.T.);
#6491=FACE_BOUND('',#6033,.T.);
#6492=FACE_BOUND('',#6034,.T.);
#6493=FACE_BOUND('',#6035,.T.);
#6494=FACE_BOUND('',#6036,.T.);
#6495=FACE_BOUND('',#6037,.T.);
#6496=FACE_BOUND('',#6038,.T.);
#6497=FACE_BOUND('',#6039,.T.);
#6498=FACE_BOUND('',#6040,.T.);
#6499=FACE_BOUND('',#6041,.T.);
#6500=FACE_BOUND('',#6042,.T.);
#6501=FACE_BOUND('',#6043,.T.);
#6502=FACE_BOUND('',#6044,.T.);
#6503=FACE_BOUND('',#6045,.T.);
#6504=FACE_BOUND('',#6046,.T.);
#6505=FACE_BOUND('',#6047,.T.);
#6506=FACE_BOUND('',#6048,.T.);
#6507=FACE_BOUND('',#6049,.T.);
#6508=FACE_BOUND('',#6050,.T.);
#6509=FACE_BOUND('',#6051,.T.);
#6510=FACE_BOUND('',#6052,.T.);
#6511=FACE_BOUND('',#6053,.T.);
#6512=FACE_BOUND('',#6054,.T.);
#6513=FACE_BOUND('',#6055,.T.);
#6514=FACE_BOUND('',#6056,.T.);
#6515=FACE_BOUND('',#6057,.T.);
#6516=FACE_BOUND('',#6058,.T.);
#6517=FACE_BOUND('',#6059,.T.);
#6518=FACE_BOUND('',#6060,.T.);
#6519=FACE_BOUND('',#6061,.T.);
#6520=FACE_BOUND('',#6062,.T.);
#6521=FACE_BOUND('',#6063,.T.);
#6522=FACE_BOUND('',#6064,.T.);
#6523=FACE_BOUND('',#6065,.T.);
#6524=FACE_BOUND('',#6066,.T.);
#6525=FACE_BOUND('',#6067,.T.);
#6526=FACE_BOUND('',#6068,.T.);
#6527=FACE_BOUND('',#6069,.T.);
#6528=FACE_BOUND('',#6070,.T.);
#6529=FACE_BOUND('',#6071,.T.);
#6530=FACE_BOUND('',#6072,.T.);
#6531=FACE_BOUND('',#6073,.T.);
#6532=FACE_BOUND('',#6074,.T.);
#6533=FACE_BOUND('',#6075,.T.);
#6534=FACE_BOUND('',#6076,.T.);
#6535=FACE_BOUND('',#6077,.T.);
#6536=FACE_BOUND('',#6078,.T.);
#6537=FACE_BOUND('',#6079,.T.);
#6538=FACE_BOUND('',#6080,.T.);
#6539=FACE_BOUND('',#6081,.T.);
#6540=FACE_BOUND('',#6082,.T.);
#6541=FACE_BOUND('',#6083,.T.);
#6542=FACE_BOUND('',#6084,.T.);
#6543=FACE_BOUND('',#6085,.T.);
#6544=FACE_BOUND('',#6086,.T.);
#6545=FACE_BOUND('',#6087,.T.);
#6546=FACE_BOUND('',#6088,.T.);
#6547=FACE_BOUND('',#6089,.T.);
#6548=FACE_BOUND('',#6090,.T.);
#6549=FACE_BOUND('',#6091,.T.);
#6550=FACE_BOUND('',#6092,.T.);
#6551=FACE_BOUND('',#6093,.T.);
#6552=FACE_BOUND('',#6094,.T.);
#6553=FACE_BOUND('',#6095,.T.);
#6554=FACE_BOUND('',#6096,.T.);
#6555=FACE_BOUND('',#6097,.T.);
#6556=FACE_BOUND('',#6098,.T.);
#6557=FACE_BOUND('',#6099,.T.);
#6558=FACE_BOUND('',#6100,.T.);
#6559=FACE_BOUND('',#6101,.T.);
#6560=FACE_BOUND('',#6102,.T.);
#6561=FACE_BOUND('',#6103,.T.);
#6562=FACE_BOUND('',#6104,.T.);
#6563=FACE_BOUND('',#6105,.T.);
#6564=FACE_BOUND('',#6106,.T.);
#6565=FACE_BOUND('',#6107,.T.);
#6566=FACE_BOUND('',#6108,.T.);
#6567=FACE_BOUND('',#6109,.T.);
#6568=FACE_BOUND('',#6110,.T.);
#6569=FACE_BOUND('',#6111,.T.);
#6570=FACE_BOUND('',#6112,.T.);
#6571=FACE_BOUND('',#6113,.T.);
#6572=FACE_BOUND('',#6114,.T.);
#6573=FACE_BOUND('',#6115,.T.);
#6574=FACE_BOUND('',#6116,.T.);
#6575=FACE_BOUND('',#6117,.T.);
#6576=FACE_BOUND('',#6118,.T.);
#6577=FACE_BOUND('',#6119,.T.);
#6578=FACE_BOUND('',#6120,.T.);
#6579=FACE_BOUND('',#6121,.T.);
#6580=FACE_BOUND('',#6122,.T.);
#6581=FACE_BOUND('',#6123,.T.);
#6582=FACE_BOUND('',#6124,.T.);
#6583=FACE_BOUND('',#6125,.T.);
#6584=FACE_BOUND('',#6126,.T.);
#6585=FACE_BOUND('',#6127,.T.);
#6586=FACE_BOUND('',#6128,.T.);
#6587=FACE_BOUND('',#6129,.T.);
#6588=FACE_BOUND('',#6130,.T.);
#6589=FACE_BOUND('',#6131,.T.);
#6590=FACE_BOUND('',#6132,.T.);
#6591=FACE_BOUND('',#6133,.T.);
#6592=FACE_BOUND('',#6134,.T.);
#6593=FACE_BOUND('',#6135,.T.);
#6594=FACE_BOUND('',#6136,.T.);
#6595=FACE_BOUND('',#6137,.T.);
#6596=FACE_BOUND('',#6138,.T.);
#6597=FACE_BOUND('',#6139,.T.);
#6598=FACE_BOUND('',#6140,.T.);
#6599=FACE_BOUND('',#6141,.T.);
#6600=FACE_BOUND('',#6142,.T.);
#6601=FACE_BOUND('',#6143,.T.);
#6602=FACE_BOUND('',#6144,.T.);
#6603=FACE_BOUND('',#6145,.T.);
#6604=FACE_BOUND('',#6146,.T.);
#6605=FACE_BOUND('',#6147,.T.);
#6606=FACE_BOUND('',#6148,.T.);
#6607=FACE_BOUND('',#6149,.T.);
#6608=FACE_BOUND('',#6150,.T.);
#6609=FACE_BOUND('',#6151,.T.);
#6610=FACE_BOUND('',#6152,.T.);
#6611=FACE_BOUND('',#6153,.T.);
#6612=FACE_BOUND('',#6154,.T.);
#6613=FACE_BOUND('',#6155,.T.);
#6614=FACE_BOUND('',#6156,.T.);
#6615=FACE_BOUND('',#6157,.T.);
#6616=FACE_BOUND('',#6158,.T.);
#6617=FACE_BOUND('',#6159,.T.);
#6618=FACE_BOUND('',#6160,.T.);
#6619=FACE_BOUND('',#6161,.T.);
#6620=FACE_BOUND('',#6162,.T.);
#6621=FACE_BOUND('',#6163,.T.);
#6622=FACE_BOUND('',#6164,.T.);
#6623=FACE_BOUND('',#6165,.T.);
#6624=FACE_BOUND('',#6166,.T.);
#6625=FACE_BOUND('',#6167,.T.);
#6626=FACE_BOUND('',#6168,.T.);
#6627=FACE_BOUND('',#6169,.T.);
#6628=FACE_BOUND('',#6170,.T.);
#6629=FACE_BOUND('',#6171,.T.);
#6630=FACE_BOUND('',#6172,.T.);
#6631=FACE_BOUND('',#6173,.T.);
#6632=FACE_BOUND('',#6174,.T.);
#6633=FACE_BOUND('',#6175,.T.);
#6634=FACE_BOUND('',#6176,.T.);
#6635=FACE_BOUND('',#6177,.T.);
#6636=FACE_BOUND('',#6178,.T.);
#6637=FACE_BOUND('',#6179,.T.);
#6638=FACE_BOUND('',#6180,.T.);
#6639=FACE_BOUND('',#6181,.T.);
#6640=FACE_BOUND('',#6182,.T.);
#6641=FACE_BOUND('',#6183,.T.);
#6642=FACE_BOUND('',#6184,.T.);
#6643=FACE_BOUND('',#6185,.T.);
#6644=FACE_BOUND('',#6186,.T.);
#6645=FACE_BOUND('',#6187,.T.);
#6646=FACE_BOUND('',#6188,.T.);
#6647=FACE_BOUND('',#6189,.T.);
#6648=FACE_BOUND('',#6190,.T.);
#6649=FACE_BOUND('',#6191,.T.);
#6650=FACE_BOUND('',#6192,.T.);
#6651=FACE_BOUND('',#6193,.T.);
#6652=FACE_BOUND('',#6194,.T.);
#6653=FACE_BOUND('',#6195,.T.);
#6654=FACE_BOUND('',#6196,.T.);
#6655=FACE_BOUND('',#6197,.T.);
#6656=FACE_BOUND('',#6198,.T.);
#6657=FACE_BOUND('',#6199,.T.);
#6658=FACE_BOUND('',#6200,.T.);
#6659=FACE_BOUND('',#6201,.T.);
#6660=FACE_BOUND('',#6202,.T.);
#6661=FACE_BOUND('',#6203,.T.);
#6662=FACE_BOUND('',#6204,.T.);
#6663=FACE_BOUND('',#6205,.T.);
#6664=FACE_BOUND('',#6206,.T.);
#6665=FACE_BOUND('',#6207,.T.);
#6666=FACE_BOUND('',#6208,.T.);
#6667=FACE_BOUND('',#6209,.T.);
#6668=FACE_BOUND('',#6210,.T.);
#6669=FACE_BOUND('',#6211,.T.);
#6670=FACE_BOUND('',#6212,.T.);
#6671=FACE_BOUND('',#6213,.T.);
#6672=FACE_BOUND('',#6214,.T.);
#6673=FACE_BOUND('',#6215,.T.);
#6674=FACE_BOUND('',#6216,.T.);
#6675=FACE_BOUND('',#6217,.T.);
#6676=FACE_BOUND('',#6218,.T.);
#6677=FACE_BOUND('',#6219,.T.);
#6678=FACE_BOUND('',#6220,.T.);
#6679=FACE_BOUND('',#6221,.T.);
#6680=FACE_BOUND('',#6222,.T.);
#6681=FACE_BOUND('',#6223,.T.);
#6682=FACE_BOUND('',#6224,.T.);
#6683=FACE_BOUND('',#6225,.T.);
#6684=FACE_BOUND('',#6226,.T.);
#6685=FACE_BOUND('',#6227,.T.);
#6686=FACE_BOUND('',#6228,.T.);
#6687=FACE_BOUND('',#6229,.T.);
#6688=FACE_BOUND('',#6230,.T.);
#6689=FACE_BOUND('',#6231,.T.);
#6690=FACE_BOUND('',#6232,.T.);
#6691=FACE_BOUND('',#6233,.T.);
#6692=FACE_BOUND('',#6234,.T.);
#6693=FACE_BOUND('',#6235,.T.);
#6694=FACE_BOUND('',#6236,.T.);
#6695=FACE_BOUND('',#6237,.T.);
#6696=FACE_BOUND('',#6238,.T.);
#6697=FACE_BOUND('',#6239,.T.);
#6698=FACE_BOUND('',#6240,.T.);
#6699=FACE_BOUND('',#6241,.T.);
#6700=FACE_BOUND('',#6242,.T.);
#6701=FACE_BOUND('',#6243,.T.);
#6702=FACE_BOUND('',#6244,.T.);
#6703=FACE_BOUND('',#6245,.T.);
#6704=FACE_BOUND('',#6246,.T.);
#6705=FACE_BOUND('',#6247,.T.);
#6706=FACE_BOUND('',#6248,.T.);
#6707=FACE_BOUND('',#6249,.T.);
#6708=FACE_BOUND('',#6250,.T.);
#6709=FACE_BOUND('',#6251,.T.);
#6710=FACE_BOUND('',#6252,.T.);
#6711=FACE_BOUND('',#6253,.T.);
#6712=FACE_BOUND('',#6254,.T.);
#6713=FACE_BOUND('',#6255,.T.);
#6714=FACE_BOUND('',#6256,.T.);
#6715=FACE_BOUND('',#6257,.T.);
#6716=FACE_BOUND('',#6258,.T.);
#6717=FACE_BOUND('',#6259,.T.);
#6718=FACE_BOUND('',#6260,.T.);
#6719=FACE_BOUND('',#6261,.T.);
#6720=FACE_BOUND('',#6262,.T.);
#6721=FACE_BOUND('',#6263,.T.);
#6722=FACE_BOUND('',#6264,.T.);
#6723=FACE_BOUND('',#6265,.T.);
#6724=FACE_BOUND('',#6266,.T.);
#6725=FACE_BOUND('',#6267,.T.);
#6726=FACE_BOUND('',#6268,.T.);
#6727=FACE_BOUND('',#6269,.T.);
#6728=FACE_BOUND('',#6270,.T.);
#6729=FACE_BOUND('',#6271,.T.);
#6730=FACE_BOUND('',#6272,.T.);
#6731=FACE_BOUND('',#6273,.T.);
#6732=FACE_BOUND('',#6274,.T.);
#6733=FACE_BOUND('',#6275,.T.);
#6734=FACE_BOUND('',#6276,.T.);
#6735=FACE_BOUND('',#6277,.T.);
#6736=FACE_BOUND('',#6278,.T.);
#6737=FACE_BOUND('',#6279,.T.);
#6738=FACE_BOUND('',#6280,.T.);
#6739=FACE_BOUND('',#6281,.T.);
#6740=FACE_BOUND('',#6282,.T.);
#6741=FACE_BOUND('',#6283,.T.);
#6742=FACE_BOUND('',#6284,.T.);
#6743=FACE_BOUND('',#6285,.T.);
#6744=FACE_BOUND('',#6286,.T.);
#6745=FACE_BOUND('',#6287,.T.);
#6746=FACE_BOUND('',#6288,.T.);
#6747=FACE_BOUND('',#6289,.T.);
#6748=FACE_BOUND('',#6290,.T.);
#6749=FACE_BOUND('',#6291,.T.);
#6750=FACE_BOUND('',#6292,.T.);
#6751=FACE_BOUND('',#6293,.T.);
#6752=FACE_BOUND('',#6294,.T.);
#6753=FACE_BOUND('',#6295,.T.);
#6754=FACE_BOUND('',#6296,.T.);
#6755=FACE_BOUND('',#6297,.T.);
#6756=FACE_BOUND('',#6298,.T.);
#6757=FACE_BOUND('',#6299,.T.);
#6758=FACE_BOUND('',#6300,.T.);
#6759=FACE_BOUND('',#6301,.T.);
#6760=FACE_BOUND('',#6302,.T.);
#6761=FACE_BOUND('',#6303,.T.);
#6762=FACE_BOUND('',#6304,.T.);
#6763=FACE_BOUND('',#6305,.T.);
#6764=FACE_BOUND('',#6306,.T.);
#6765=FACE_BOUND('',#6307,.T.);
#6766=FACE_BOUND('',#6308,.T.);
#6767=FACE_BOUND('',#6309,.T.);
#6768=FACE_BOUND('',#6310,.T.);
#6769=FACE_BOUND('',#6311,.T.);
#6770=FACE_BOUND('',#6312,.T.);
#6771=FACE_BOUND('',#6313,.T.);
#6772=FACE_BOUND('',#6314,.T.);
#6773=FACE_BOUND('',#6315,.T.);
#6774=FACE_BOUND('',#6316,.T.);
#6775=FACE_BOUND('',#6317,.T.);
#6776=FACE_BOUND('',#6318,.T.);
#6777=FACE_BOUND('',#6319,.T.);
#6778=FACE_BOUND('',#6320,.T.);
#6779=FACE_BOUND('',#6321,.T.);
#6780=FACE_BOUND('',#6322,.T.);
#6781=FACE_BOUND('',#6323,.T.);
#6782=FACE_BOUND('',#6324,.T.);
#6783=FACE_BOUND('',#6325,.T.);
#6784=FACE_BOUND('',#6326,.T.);
#6785=FACE_BOUND('',#6327,.T.);
#6786=FACE_BOUND('',#6328,.T.);
#6787=FACE_BOUND('',#6329,.T.);
#6788=FACE_BOUND('',#6330,.T.);
#6789=FACE_BOUND('',#6331,.T.);
#6790=FACE_BOUND('',#6332,.T.);
#6791=FACE_BOUND('',#6333,.T.);
#6792=FACE_BOUND('',#6334,.T.);
#6793=FACE_BOUND('',#6335,.T.);
#6794=FACE_BOUND('',#6336,.T.);
#6795=FACE_BOUND('',#6337,.T.);
#6796=FACE_BOUND('',#6338,.T.);
#6797=FACE_BOUND('',#6339,.T.);
#6798=FACE_BOUND('',#6340,.T.);
#6799=FACE_BOUND('',#6341,.T.);
#6800=FACE_BOUND('',#6342,.T.);
#6801=FACE_BOUND('',#6343,.T.);
#6802=FACE_BOUND('',#6344,.T.);
#6803=FACE_BOUND('',#6345,.T.);
#6804=FACE_BOUND('',#6346,.T.);
#6805=FACE_BOUND('',#6347,.T.);
#6806=FACE_BOUND('',#6348,.T.);
#6807=FACE_BOUND('',#6349,.T.);
#6808=FACE_BOUND('',#6350,.T.);
#6809=FACE_BOUND('',#6351,.T.);
#6810=FACE_BOUND('',#6352,.T.);
#6811=FACE_BOUND('',#6353,.T.);
#6812=FACE_BOUND('',#6354,.T.);
#6813=FACE_BOUND('',#6355,.T.);
#6814=FACE_BOUND('',#6356,.T.);
#6815=FACE_BOUND('',#6357,.T.);
#6816=FACE_BOUND('',#6358,.T.);
#6817=FACE_BOUND('',#6359,.T.);
#6818=FACE_BOUND('',#6360,.T.);
#6819=PLANE('',#7471);
#6820=PLANE('',#7472);
#6821=PLANE('',#7473);
#6822=PLANE('',#7495);
#6823=PLANE('',#7500);
#6824=PLANE('',#7501);
#6825=PLANE('',#7504);
#6826=PLANE('',#7505);
#6827=PLANE('',#7506);
#6828=PLANE('',#7507);
#6829=PLANE('',#7508);
#6830=PLANE('',#7509);
#6831=PLANE('',#7522);
#6832=PLANE('',#7523);
#6833=PLANE('',#7524);
#6834=PLANE('',#7525);
#6835=PLANE('',#7526);
#6836=PLANE('',#7527);
#6837=PLANE('',#7529);
#6838=PLANE('',#7530);
#6839=PLANE('',#7541);
#6840=PLANE('',#7545);
#6841=PLANE('',#7549);
#6842=PLANE('',#7551);
#6843=PLANE('',#7552);
#6844=PLANE('',#7553);
#6845=PLANE('',#7554);
#6846=PLANE('',#7555);
#6847=PLANE('',#7556);
#6848=PLANE('',#7557);
#6849=PLANE('',#7558);
#6850=PLANE('',#7559);
#6851=PLANE('',#7560);
#6852=PLANE('',#7561);
#6853=PLANE('',#7562);
#6854=PLANE('',#7566);
#6855=PLANE('',#7568);
#6856=PLANE('',#7569);
#6857=PLANE('',#7570);
#6858=PLANE('',#7571);
#6859=PLANE('',#7572);
#6860=PLANE('',#7573);
#6861=PLANE('',#7574);
#6862=PLANE('',#7575);
#6863=PLANE('',#7576);
#6864=PLANE('',#7577);
#6865=PLANE('',#7578);
#6866=PLANE('',#7579);
#6867=PLANE('',#7580);
#6868=PLANE('',#7597);
#6869=PLANE('',#7598);
#6870=PLANE('',#7599);
#6871=PLANE('',#7602);
#6872=PLANE('',#7605);
#6873=PLANE('',#7608);
#6874=PLANE('',#7611);
#6875=PLANE('',#7612);
#6876=PLANE('',#7617);
#6877=PLANE('',#7618);
#6878=PLANE('',#7619);
#6879=PLANE('',#7624);
#6880=PLANE('',#7625);
#6881=PLANE('',#7626);
#6882=PLANE('',#7627);
#6883=PLANE('',#7628);
#6884=PLANE('',#7629);
#6885=PLANE('',#7630);
#6886=PLANE('',#7631);
#6887=PLANE('',#7632);
#6888=PLANE('',#7633);
#6889=PLANE('',#7634);
#6890=PLANE('',#7635);
#6891=PLANE('',#7636);
#6892=PLANE('',#7637);
#6893=PLANE('',#7638);
#6894=PLANE('',#7639);
#6895=PLANE('',#7640);
#6896=PLANE('',#7641);
#6897=PLANE('',#7642);
#6898=PLANE('',#7643);
#6899=PLANE('',#7644);
#6900=PLANE('',#7649);
#6901=PLANE('',#7658);
#6902=PLANE('',#7659);
#6903=PLANE('',#7660);
#6904=PLANE('',#7661);
#6905=PLANE('',#7662);
#6906=PLANE('',#7663);
#6907=PLANE('',#7664);
#6908=PLANE('',#7665);
#6909=PLANE('',#7666);
#6910=PLANE('',#7667);
#6911=PLANE('',#7668);
#6912=PLANE('',#7672);
#6913=PLANE('',#7673);
#6914=PLANE('',#7674);
#6915=PLANE('',#7675);
#6916=PLANE('',#7676);
#6917=PLANE('',#7677);
#6918=PLANE('',#7678);
#6919=PLANE('',#7679);
#6920=PLANE('',#7680);
#6921=PLANE('',#7681);
#6922=PLANE('',#7688);
#6923=PLANE('',#7689);
#6924=PLANE('',#7690);
#6925=PLANE('',#7691);
#6926=PLANE('',#7692);
#6927=PLANE('',#7693);
#6928=PLANE('',#7694);
#6929=PLANE('',#7695);
#6930=PLANE('',#7698);
#6931=PLANE('',#7699);
#6932=PLANE('',#7700);
#6933=PLANE('',#7701);
#6934=PLANE('',#7702);
#6935=PLANE('',#7703);
#6936=PLANE('',#7704);
#6937=PLANE('',#7705);
#6938=PLANE('',#7706);
#6939=PLANE('',#7707);
#6940=PLANE('',#7708);
#6941=PLANE('',#7709);
#6942=PLANE('',#7710);
#6943=PLANE('',#7711);
#6944=PLANE('',#7712);
#6945=PLANE('',#7713);
#6946=PLANE('',#7714);
#6947=PLANE('',#7715);
#6948=PLANE('',#7716);
#6949=PLANE('',#7717);
#6950=PLANE('',#7718);
#6951=PLANE('',#7719);
#6952=PLANE('',#7720);
#6953=PLANE('',#7721);
#6954=PLANE('',#7722);
#6955=PLANE('',#7723);
#6956=PLANE('',#7724);
#6957=PLANE('',#7725);
#6958=PLANE('',#7726);
#6959=PLANE('',#7727);
#6960=PLANE('',#7728);
#6961=PLANE('',#7729);
#6962=PLANE('',#7732);
#6963=PLANE('',#7733);
#6964=PLANE('',#7734);
#6965=PLANE('',#7735);
#6966=PLANE('',#7736);
#6967=PLANE('',#7737);
#6968=PLANE('',#7740);
#6969=PLANE('',#7741);
#6970=PLANE('',#7742);
#6971=PLANE('',#7743);
#6972=PLANE('',#7744);
#6973=PLANE('',#7745);
#6974=PLANE('',#7746);
#6975=PLANE('',#7747);
#6976=PLANE('',#7748);
#6977=PLANE('',#7749);
#6978=PLANE('',#7750);
#6979=PLANE('',#7751);
#6980=PLANE('',#7752);
#6981=PLANE('',#7753);
#6982=PLANE('',#7754);
#6983=PLANE('',#7755);
#6984=PLANE('',#7756);
#6985=PLANE('',#7757);
#6986=PLANE('',#7758);
#6987=PLANE('',#7759);
#6988=PLANE('',#7760);
#6989=PLANE('',#7761);
#6990=PLANE('',#7762);
#6991=PLANE('',#7763);
#6992=PLANE('',#7764);
#6993=PLANE('',#7765);
#6994=PLANE('',#7766);
#6995=PLANE('',#7767);
#6996=PLANE('',#7768);
#6997=PLANE('',#7769);
#6998=PLANE('',#7770);
#6999=PLANE('',#7771);
#7000=PLANE('',#7772);
#7001=PLANE('',#7773);
#7002=PLANE('',#7774);
#7003=PLANE('',#7775);
#7004=PLANE('',#7776);
#7005=PLANE('',#7777);
#7006=PLANE('',#7778);
#7007=PLANE('',#7779);
#7008=PLANE('',#7780);
#7009=PLANE('',#7781);
#7010=PLANE('',#7782);
#7011=PLANE('',#7783);
#7012=PLANE('',#7784);
#7013=PLANE('',#7785);
#7014=PLANE('',#7786);
#7015=PLANE('',#7787);
#7016=PLANE('',#7788);
#7017=PLANE('',#7789);
#7018=PLANE('',#7790);
#7019=PLANE('',#7795);
#7020=PLANE('',#7796);
#7021=PLANE('',#7797);
#7022=PLANE('',#7798);
#7023=PLANE('',#7799);
#7024=PLANE('',#7800);
#7025=PLANE('',#7803);
#7026=PLANE('',#7807);
#7027=PLANE('',#7811);
#7028=PLANE('',#7815);
#7029=PLANE('',#7817);
#7030=PLANE('',#7820);
#7031=PLANE('',#7823);
#7032=PLANE('',#7826);
#7033=PLANE('',#7829);
#7034=PLANE('',#7830);
#7035=PLANE('',#7831);
#7036=PLANE('',#7832);
#7037=PLANE('',#7835);
#7038=PLANE('',#7836);
#7039=PLANE('',#7839);
#7040=PLANE('',#7840);
#7041=PLANE('',#7842);
#7042=PLANE('',#7843);
#7043=PLANE('',#7845);
#7044=PLANE('',#7846);
#7045=PLANE('',#7848);
#7046=PLANE('',#7849);
#7047=PLANE('',#7851);
#7048=PLANE('',#7852);
#7049=PLANE('',#7853);
#7050=PLANE('',#7856);
#7051=PLANE('',#7857);
#7052=PLANE('',#7860);
#7053=PLANE('',#7861);
#7054=PLANE('',#7864);
#7055=PLANE('',#7865);
#7056=PLANE('',#7868);
#7057=PLANE('',#7869);
#7058=PLANE('',#7872);
#7059=PLANE('',#7873);
#7060=PLANE('',#7876);
#7061=PLANE('',#7877);
#7062=PLANE('',#7880);
#7063=PLANE('',#7881);
#7064=PLANE('',#7896);
#7065=ADVANCED_FACE('',(#6361),#6819,.T.);
#7066=ADVANCED_FACE('',(#6362),#6820,.T.);
#7067=ADVANCED_FACE('',(#6363,#6364,#6365,#6366,#6367,#6368,#6369,#6370,#6371,#6372,#6373,#6374,#6375,#6376,#6377,#6378,#6379,#6380,#6381,#6382,#6383,#6384,#6385,#6386,#6387),#6821,.F.);
#7068=ADVANCED_FACE('',(#6388,#6389,#6390,#6391,#6392,#6393,#6394,#6395,#6396,#6397),#6822,.T.);
#7069=ADVANCED_FACE('',(#6398,#6399),#6823,.F.);
#7070=ADVANCED_FACE('',(#6400,#6401,#6402),#6824,.T.);
#7071=ADVANCED_FACE('',(#6403),#6825,.T.);
#7072=ADVANCED_FACE('',(#6404),#6826,.F.);
#7073=ADVANCED_FACE('',(#6405),#6827,.T.);
#7074=ADVANCED_FACE('',(#6406,#6407,#6408),#6828,.T.);
#7075=ADVANCED_FACE('',(#6409,#6410,#6411),#6829,.F.);
#7076=ADVANCED_FACE('',(#6412,#6413,#6414,#6415,#6416),#6830,.T.);
#7077=ADVANCED_FACE('',(#6417),#6831,.F.);
#7078=ADVANCED_FACE('',(#6418),#6832,.T.);
#7079=ADVANCED_FACE('',(#6419),#6833,.T.);
#7080=ADVANCED_FACE('',(#6420),#6834,.F.);
#7081=ADVANCED_FACE('',(#6421),#6835,.F.);
#7082=ADVANCED_FACE('',(#6422),#6836,.T.);
#7083=ADVANCED_FACE('',(#6423),#103,.F.);
#7084=ADVANCED_FACE('',(#6424),#6837,.T.);
#7085=ADVANCED_FACE('',(#6425),#6838,.T.);
#7086=ADVANCED_FACE('',(#6426),#104,.T.);
#7087=ADVANCED_FACE('',(#6427),#105,.T.);
#7088=ADVANCED_FACE('',(#6428),#106,.T.);
#7089=ADVANCED_FACE('',(#6429),#107,.T.);
#7090=ADVANCED_FACE('',(#6430),#108,.T.);
#7091=ADVANCED_FACE('',(#6431,#6432),#6839,.T.);
#7092=ADVANCED_FACE('',(#6433),#109,.T.);
#7093=ADVANCED_FACE('',(#6434,#6435),#6840,.T.);
#7094=ADVANCED_FACE('',(#6436,#6437),#110,.T.);
#7095=ADVANCED_FACE('',(#6438,#6439),#6841,.T.);
#7096=ADVANCED_FACE('',(#6440),#6842,.T.);
#7097=ADVANCED_FACE('',(#6441),#6843,.F.);
#7098=ADVANCED_FACE('',(#6442),#6844,.F.);
#7099=ADVANCED_FACE('',(#6443),#6845,.T.);
#7100=ADVANCED_FACE('',(#6444,#6445),#6846,.F.);
#7101=ADVANCED_FACE('',(#6446),#6847,.T.);
#7102=ADVANCED_FACE('',(#6447),#6848,.F.);
#7103=ADVANCED_FACE('',(#6448),#6849,.F.);
#7104=ADVANCED_FACE('',(#6449),#6850,.T.);
#7105=ADVANCED_FACE('',(#6450),#6851,.F.);
#7106=ADVANCED_FACE('',(#6451),#6852,.T.);
#7107=ADVANCED_FACE('',(#6452,#6453),#6853,.F.);
#7108=ADVANCED_FACE('',(#6454),#111,.F.);
#7109=ADVANCED_FACE('',(#6455),#6854,.F.);
#7110=ADVANCED_FACE('',(#6456),#112,.F.);
#7111=ADVANCED_FACE('',(#6457),#6855,.T.);
#7112=ADVANCED_FACE('',(#6458),#6856,.T.);
#7113=ADVANCED_FACE('',(#6459),#6857,.T.);
#7114=ADVANCED_FACE('',(#6460),#6858,.F.);
#7115=ADVANCED_FACE('',(#6461),#6859,.F.);
#7116=ADVANCED_FACE('',(#6462),#6860,.T.);
#7117=ADVANCED_FACE('',(#6463),#6861,.F.);
#7118=ADVANCED_FACE('',(#6464),#6862,.F.);
#7119=ADVANCED_FACE('',(#6465),#6863,.T.);
#7120=ADVANCED_FACE('',(#6466),#6864,.F.);
#7121=ADVANCED_FACE('',(#6467),#6865,.T.);
#7122=ADVANCED_FACE('',(#6468),#6866,.T.);
#7123=ADVANCED_FACE('',(#6469),#6867,.T.);
#7124=ADVANCED_FACE('',(#6470),#99,.T.);
#7125=ADVANCED_FACE('',(#6471),#113,.T.);
#7126=ADVANCED_FACE('',(#6472),#114,.T.);
#7127=ADVANCED_FACE('',(#6473),#100,.T.);
#7128=ADVANCED_FACE('',(#6474),#101,.T.);
#7129=ADVANCED_FACE('',(#6475),#115,.T.);
#7130=ADVANCED_FACE('',(#6476),#116,.T.);
#7131=ADVANCED_FACE('',(#6477),#102,.T.);
#7132=ADVANCED_FACE('',(#6478),#6868,.F.);
#7133=ADVANCED_FACE('',(#6479),#6869,.F.);
#7134=ADVANCED_FACE('',(#6480),#6870,.T.);
#7135=ADVANCED_FACE('',(#6481,#6482),#117,.F.);
#7136=ADVANCED_FACE('',(#6483),#6871,.T.);
#7137=ADVANCED_FACE('',(#6484,#6485),#118,.F.);
#7138=ADVANCED_FACE('',(#6486),#6872,.T.);
#7139=ADVANCED_FACE('',(#6487,#6488),#119,.F.);
#7140=ADVANCED_FACE('',(#6489),#6873,.T.);
#7141=ADVANCED_FACE('',(#6490),#12,.T.);
#7142=ADVANCED_FACE('',(#6491),#120,.F.);
#7143=ADVANCED_FACE('',(#6492),#13,.T.);
#7144=ADVANCED_FACE('',(#6493),#6874,.T.);
#7145=ADVANCED_FACE('',(#6494),#14,.T.);
#7146=ADVANCED_FACE('',(#6495),#15,.T.);
#7147=ADVANCED_FACE('',(#6496),#16,.T.);
#7148=ADVANCED_FACE('',(#6497),#17,.T.);
#7149=ADVANCED_FACE('',(#6498),#18,.T.);
#7150=ADVANCED_FACE('',(#6499),#6875,.T.);
#7151=ADVANCED_FACE('',(#6500),#121,.T.);
#7152=ADVANCED_FACE('',(#6501),#122,.T.);
#7153=ADVANCED_FACE('',(#6502),#19,.T.);
#7154=ADVANCED_FACE('',(#6503),#20,.T.);
#7155=ADVANCED_FACE('',(#6504),#21,.T.);
#7156=ADVANCED_FACE('',(#6505),#22,.T.);
#7157=ADVANCED_FACE('',(#6506),#6876,.T.);
#7158=ADVANCED_FACE('',(#6507),#6877,.T.);
#7159=ADVANCED_FACE('',(#6508),#6878,.T.);
#7160=ADVANCED_FACE('',(#6509),#23,.T.);
#7161=ADVANCED_FACE('',(#6510),#24,.T.);
#7162=ADVANCED_FACE('',(#6511),#25,.T.);
#7163=ADVANCED_FACE('',(#6512),#123,.T.);
#7164=ADVANCED_FACE('',(#6513),#124,.T.);
#7165=ADVANCED_FACE('',(#6514),#6879,.T.);
#7166=ADVANCED_FACE('',(#6515),#26,.T.);
#7167=ADVANCED_FACE('',(#6516),#27,.T.);
#7168=ADVANCED_FACE('',(#6517),#6880,.F.);
#7169=ADVANCED_FACE('',(#6518),#6881,.T.);
#7170=ADVANCED_FACE('',(#6519),#6882,.T.);
#7171=ADVANCED_FACE('',(#6520),#28,.T.);
#7172=ADVANCED_FACE('',(#6521),#29,.T.);
#7173=ADVANCED_FACE('',(#6522),#30,.T.);
#7174=ADVANCED_FACE('',(#6523),#31,.T.);
#7175=ADVANCED_FACE('',(#6524),#32,.T.);
#7176=ADVANCED_FACE('',(#6525),#33,.T.);
#7177=ADVANCED_FACE('',(#6526),#34,.T.);
#7178=ADVANCED_FACE('',(#6527),#6883,.T.);
#7179=ADVANCED_FACE('',(#6528),#6884,.T.);
#7180=ADVANCED_FACE('',(#6529),#6885,.T.);
#7181=ADVANCED_FACE('',(#6530),#6886,.T.);
#7182=ADVANCED_FACE('',(#6531),#6887,.T.);
#7183=ADVANCED_FACE('',(#6532),#35,.T.);
#7184=ADVANCED_FACE('',(#6533),#6888,.T.);
#7185=ADVANCED_FACE('',(#6534,#6535),#6889,.F.);
#7186=ADVANCED_FACE('',(#6536),#6890,.T.);
#7187=ADVANCED_FACE('',(#6537),#6891,.T.);
#7188=ADVANCED_FACE('',(#6538),#36,.T.);
#7189=ADVANCED_FACE('',(#6539),#37,.T.);
#7190=ADVANCED_FACE('',(#6540),#38,.T.);
#7191=ADVANCED_FACE('',(#6541),#39,.T.);
#7192=ADVANCED_FACE('',(#6542),#40,.T.);
#7193=ADVANCED_FACE('',(#6543),#41,.T.);
#7194=ADVANCED_FACE('',(#6544),#42,.T.);
#7195=ADVANCED_FACE('',(#6545),#6892,.T.);
#7196=ADVANCED_FACE('',(#6546),#6893,.T.);
#7197=ADVANCED_FACE('',(#6547),#6894,.T.);
#7198=ADVANCED_FACE('',(#6548),#6895,.T.);
#7199=ADVANCED_FACE('',(#6549),#6896,.T.);
#7200=ADVANCED_FACE('',(#6550),#43,.T.);
#7201=ADVANCED_FACE('',(#6551),#6897,.T.);
#7202=ADVANCED_FACE('',(#6552,#6553),#6898,.F.);
#7203=ADVANCED_FACE('',(#6554),#44,.T.);
#7204=ADVANCED_FACE('',(#6555),#45,.T.);
#7205=ADVANCED_FACE('',(#6556),#46,.T.);
#7206=ADVANCED_FACE('',(#6557),#47,.T.);
#7207=ADVANCED_FACE('',(#6558),#6899,.T.);
#7208=ADVANCED_FACE('',(#6559),#125,.T.);
#7209=ADVANCED_FACE('',(#6560),#48,.T.);
#7210=ADVANCED_FACE('',(#6561),#126,.T.);
#7211=ADVANCED_FACE('',(#6562),#49,.T.);
#7212=ADVANCED_FACE('',(#6563),#6900,.T.);
#7213=ADVANCED_FACE('',(#6564),#50,.T.);
#7214=ADVANCED_FACE('',(#6565),#51,.T.);
#7215=ADVANCED_FACE('',(#6566),#52,.T.);
#7216=ADVANCED_FACE('',(#6567),#53,.T.);
#7217=ADVANCED_FACE('',(#6568),#54,.T.);
#7218=ADVANCED_FACE('',(#6569),#55,.T.);
#7219=ADVANCED_FACE('',(#6570),#56,.T.);
#7220=ADVANCED_FACE('',(#6571),#127,.T.);
#7221=ADVANCED_FACE('',(#6572),#57,.T.);
#7222=ADVANCED_FACE('',(#6573),#58,.T.);
#7223=ADVANCED_FACE('',(#6574),#59,.T.);
#7224=ADVANCED_FACE('',(#6575),#60,.T.);
#7225=ADVANCED_FACE('',(#6576),#128,.T.);
#7226=ADVANCED_FACE('',(#6577),#61,.T.);
#7227=ADVANCED_FACE('',(#6578),#62,.T.);
#7228=ADVANCED_FACE('',(#6579),#129,.F.);
#7229=ADVANCED_FACE('',(#6580,#6581),#6901,.F.);
#7230=ADVANCED_FACE('',(#6582),#6902,.F.);
#7231=ADVANCED_FACE('',(#6583),#6903,.T.);
#7232=ADVANCED_FACE('',(#6584),#6904,.T.);
#7233=ADVANCED_FACE('',(#6585),#6905,.T.);
#7234=ADVANCED_FACE('',(#6586),#6906,.T.);
#7235=ADVANCED_FACE('',(#6587),#6907,.T.);
#7236=ADVANCED_FACE('',(#6588),#6908,.T.);
#7237=ADVANCED_FACE('',(#6589),#6909,.T.);
#7238=ADVANCED_FACE('',(#6590),#6910,.T.);
#7239=ADVANCED_FACE('',(#6591),#6911,.T.);
#7240=ADVANCED_FACE('',(#6592),#130,.F.);
#7241=ADVANCED_FACE('',(#6593),#63,.T.);
#7242=ADVANCED_FACE('',(#6594),#6912,.T.);
#7243=ADVANCED_FACE('',(#6595,#6596),#6913,.F.);
#7244=ADVANCED_FACE('',(#6597),#6914,.F.);
#7245=ADVANCED_FACE('',(#6598),#6915,.T.);
#7246=ADVANCED_FACE('',(#6599),#6916,.T.);
#7247=ADVANCED_FACE('',(#6600),#64,.T.);
#7248=ADVANCED_FACE('',(#6601),#65,.T.);
#7249=ADVANCED_FACE('',(#6602),#66,.T.);
#7250=ADVANCED_FACE('',(#6603),#67,.T.);
#7251=ADVANCED_FACE('',(#6604),#6917,.T.);
#7252=ADVANCED_FACE('',(#6605),#6918,.T.);
#7253=ADVANCED_FACE('',(#6606),#6919,.T.);
#7254=ADVANCED_FACE('',(#6607),#6920,.T.);
#7255=ADVANCED_FACE('',(#6608),#6921,.T.);
#7256=ADVANCED_FACE('',(#6609),#68,.T.);
#7257=ADVANCED_FACE('',(#6610),#69,.T.);
#7258=ADVANCED_FACE('',(#6611),#131,.F.);
#7259=ADVANCED_FACE('',(#6612),#132,.F.);
#7260=ADVANCED_FACE('',(#6613),#133,.T.);
#7261=ADVANCED_FACE('',(#6614),#6922,.T.);
#7262=ADVANCED_FACE('',(#6615),#6923,.T.);
#7263=ADVANCED_FACE('',(#6616),#6924,.T.);
#7264=ADVANCED_FACE('',(#6617,#6618),#6925,.F.);
#7265=ADVANCED_FACE('',(#6619),#70,.T.);
#7266=ADVANCED_FACE('',(#6620),#71,.T.);
#7267=ADVANCED_FACE('',(#6621),#72,.T.);
#7268=ADVANCED_FACE('',(#6622),#73,.T.);
#7269=ADVANCED_FACE('',(#6623),#74,.T.);
#7270=ADVANCED_FACE('',(#6624),#75,.T.);
#7271=ADVANCED_FACE('',(#6625),#76,.T.);
#7272=ADVANCED_FACE('',(#6626),#77,.T.);
#7273=ADVANCED_FACE('',(#6627),#78,.T.);
#7274=ADVANCED_FACE('',(#6628),#79,.T.);
#7275=ADVANCED_FACE('',(#6629),#80,.T.);
#7276=ADVANCED_FACE('',(#6630),#81,.T.);
#7277=ADVANCED_FACE('',(#6631),#82,.T.);
#7278=ADVANCED_FACE('',(#6632),#83,.T.);
#7279=ADVANCED_FACE('',(#6633,#6634),#6926,.F.);
#7280=ADVANCED_FACE('',(#6635),#6927,.F.);
#7281=ADVANCED_FACE('',(#6636),#6928,.T.);
#7282=ADVANCED_FACE('',(#6637),#6929,.T.);
#7283=ADVANCED_FACE('',(#6638),#84,.T.);
#7284=ADVANCED_FACE('',(#6639),#85,.T.);
#7285=ADVANCED_FACE('',(#6640),#86,.T.);
#7286=ADVANCED_FACE('',(#6641),#134,.F.);
#7287=ADVANCED_FACE('',(#6642),#6930,.T.);
#7288=ADVANCED_FACE('',(#6643),#87,.T.);
#7289=ADVANCED_FACE('',(#6644),#88,.T.);
#7290=ADVANCED_FACE('',(#6645),#89,.T.);
#7291=ADVANCED_FACE('',(#6646),#90,.T.);
#7292=ADVANCED_FACE('',(#6647),#6931,.T.);
#7293=ADVANCED_FACE('',(#6648),#6932,.T.);
#7294=ADVANCED_FACE('',(#6649),#6933,.T.);
#7295=ADVANCED_FACE('',(#6650),#91,.T.);
#7296=ADVANCED_FACE('',(#6651),#92,.T.);
#7297=ADVANCED_FACE('',(#6652),#6934,.T.);
#7298=ADVANCED_FACE('',(#6653),#6935,.T.);
#7299=ADVANCED_FACE('',(#6654),#93,.T.);
#7300=ADVANCED_FACE('',(#6655),#94,.T.);
#7301=ADVANCED_FACE('',(#6656),#95,.T.);
#7302=ADVANCED_FACE('',(#6657),#96,.T.);
#7303=ADVANCED_FACE('',(#6658),#97,.T.);
#7304=ADVANCED_FACE('',(#6659),#6936,.T.);
#7305=ADVANCED_FACE('',(#6660),#6937,.T.);
#7306=ADVANCED_FACE('',(#6661,#6662,#6663),#6938,.F.);
#7307=ADVANCED_FACE('',(#6664),#6939,.F.);
#7308=ADVANCED_FACE('',(#6665),#6940,.F.);
#7309=ADVANCED_FACE('',(#6666),#6941,.T.);
#7310=ADVANCED_FACE('',(#6667),#6942,.T.);
#7311=ADVANCED_FACE('',(#6668),#6943,.T.);
#7312=ADVANCED_FACE('',(#6669),#6944,.T.);
#7313=ADVANCED_FACE('',(#6670),#6945,.T.);
#7314=ADVANCED_FACE('',(#6671),#6946,.T.);
#7315=ADVANCED_FACE('',(#6672),#6947,.T.);
#7316=ADVANCED_FACE('',(#6673),#6948,.T.);
#7317=ADVANCED_FACE('',(#6674),#6949,.T.);
#7318=ADVANCED_FACE('',(#6675),#6950,.F.);
#7319=ADVANCED_FACE('',(#6676),#6951,.T.);
#7320=ADVANCED_FACE('',(#6677),#6952,.T.);
#7321=ADVANCED_FACE('',(#6678),#6953,.T.);
#7322=ADVANCED_FACE('',(#6679),#6954,.T.);
#7323=ADVANCED_FACE('',(#6680),#6955,.T.);
#7324=ADVANCED_FACE('',(#6681),#6956,.T.);
#7325=ADVANCED_FACE('',(#6682),#6957,.F.);
#7326=ADVANCED_FACE('',(#6683),#6958,.T.);
#7327=ADVANCED_FACE('',(#6684),#6959,.T.);
#7328=ADVANCED_FACE('',(#6685),#6960,.T.);
#7329=ADVANCED_FACE('',(#6686),#6961,.T.);
#7330=ADVANCED_FACE('',(#6687),#135,.F.);
#7331=ADVANCED_FACE('',(#6688),#6962,.T.);
#7332=ADVANCED_FACE('',(#6689),#6963,.T.);
#7333=ADVANCED_FACE('',(#6690),#6964,.T.);
#7334=ADVANCED_FACE('',(#6691),#6965,.T.);
#7335=ADVANCED_FACE('',(#6692),#6966,.T.);
#7336=ADVANCED_FACE('',(#6693),#6967,.T.);
#7337=ADVANCED_FACE('',(#6694),#136,.F.);
#7338=ADVANCED_FACE('',(#6695),#6968,.T.);
#7339=ADVANCED_FACE('',(#6696),#6969,.T.);
#7340=ADVANCED_FACE('',(#6697),#6970,.F.);
#7341=ADVANCED_FACE('',(#6698),#6971,.T.);
#7342=ADVANCED_FACE('',(#6699),#6972,.T.);
#7343=ADVANCED_FACE('',(#6700),#6973,.T.);
#7344=ADVANCED_FACE('',(#6701),#6974,.T.);
#7345=ADVANCED_FACE('',(#6702),#6975,.T.);
#7346=ADVANCED_FACE('',(#6703),#6976,.T.);
#7347=ADVANCED_FACE('',(#6704),#6977,.T.);
#7348=ADVANCED_FACE('',(#6705),#6978,.T.);
#7349=ADVANCED_FACE('',(#6706),#6979,.T.);
#7350=ADVANCED_FACE('',(#6707),#6980,.F.);
#7351=ADVANCED_FACE('',(#6708),#6981,.T.);
#7352=ADVANCED_FACE('',(#6709),#6982,.T.);
#7353=ADVANCED_FACE('',(#6710),#6983,.T.);
#7354=ADVANCED_FACE('',(#6711),#6984,.T.);
#7355=ADVANCED_FACE('',(#6712),#6985,.T.);
#7356=ADVANCED_FACE('',(#6713),#6986,.T.);
#7357=ADVANCED_FACE('',(#6714),#6987,.T.);
#7358=ADVANCED_FACE('',(#6715),#6988,.T.);
#7359=ADVANCED_FACE('',(#6716),#6989,.T.);
#7360=ADVANCED_FACE('',(#6717),#6990,.T.);
#7361=ADVANCED_FACE('',(#6718),#6991,.T.);
#7362=ADVANCED_FACE('',(#6719),#6992,.T.);
#7363=ADVANCED_FACE('',(#6720),#6993,.F.);
#7364=ADVANCED_FACE('',(#6721),#6994,.T.);
#7365=ADVANCED_FACE('',(#6722),#6995,.T.);
#7366=ADVANCED_FACE('',(#6723),#6996,.T.);
#7367=ADVANCED_FACE('',(#6724),#6997,.T.);
#7368=ADVANCED_FACE('',(#6725),#6998,.T.);
#7369=ADVANCED_FACE('',(#6726),#6999,.T.);
#7370=ADVANCED_FACE('',(#6727),#7000,.T.);
#7371=ADVANCED_FACE('',(#6728),#7001,.T.);
#7372=ADVANCED_FACE('',(#6729),#7002,.F.);
#7373=ADVANCED_FACE('',(#6730),#7003,.T.);
#7374=ADVANCED_FACE('',(#6731),#7004,.T.);
#7375=ADVANCED_FACE('',(#6732),#7005,.T.);
#7376=ADVANCED_FACE('',(#6733),#7006,.T.);
#7377=ADVANCED_FACE('',(#6734),#7007,.T.);
#7378=ADVANCED_FACE('',(#6735),#7008,.T.);
#7379=ADVANCED_FACE('',(#6736),#7009,.T.);
#7380=ADVANCED_FACE('',(#6737),#7010,.T.);
#7381=ADVANCED_FACE('',(#6738),#7011,.F.);
#7382=ADVANCED_FACE('',(#6739),#7012,.T.);
#7383=ADVANCED_FACE('',(#6740),#7013,.T.);
#7384=ADVANCED_FACE('',(#6741),#7014,.T.);
#7385=ADVANCED_FACE('',(#6742),#7015,.T.);
#7386=ADVANCED_FACE('',(#6743),#7016,.T.);
#7387=ADVANCED_FACE('',(#6744),#7017,.T.);
#7388=ADVANCED_FACE('',(#6745),#7018,.T.);
#7389=ADVANCED_FACE('',(#6746),#137,.F.);
#7390=ADVANCED_FACE('',(#6747),#138,.F.);
#7391=ADVANCED_FACE('',(#6748),#98,.T.);
#7392=ADVANCED_FACE('',(#6749),#7019,.F.);
#7393=ADVANCED_FACE('',(#6750),#7020,.F.);
#7394=ADVANCED_FACE('',(#6751),#7021,.F.);
#7395=ADVANCED_FACE('',(#6752),#7022,.F.);
#7396=ADVANCED_FACE('',(#6753),#7023,.F.);
#7397=ADVANCED_FACE('',(#6754),#7024,.T.);
#7398=ADVANCED_FACE('',(#6755),#139,.T.);
#7399=ADVANCED_FACE('',(#6756),#7025,.F.);
#7400=ADVANCED_FACE('',(#6757),#140,.T.);
#7401=ADVANCED_FACE('',(#6758),#7026,.F.);
#7402=ADVANCED_FACE('',(#6759),#141,.T.);
#7403=ADVANCED_FACE('',(#6760),#7027,.F.);
#7404=ADVANCED_FACE('',(#6761),#142,.T.);
#7405=ADVANCED_FACE('',(#6762),#7028,.F.);
#7406=ADVANCED_FACE('',(#6763),#7029,.T.);
#7407=ADVANCED_FACE('',(#6764,#6765),#143,.F.);
#7408=ADVANCED_FACE('',(#6766),#7030,.T.);
#7409=ADVANCED_FACE('',(#6767,#6768),#144,.F.);
#7410=ADVANCED_FACE('',(#6769),#7031,.T.);
#7411=ADVANCED_FACE('',(#6770,#6771),#145,.F.);
#7412=ADVANCED_FACE('',(#6772),#7032,.T.);
#7413=ADVANCED_FACE('',(#6773,#6774),#146,.F.);
#7414=ADVANCED_FACE('',(#6775),#7033,.T.);
#7415=ADVANCED_FACE('',(#6776),#7034,.T.);
#7416=ADVANCED_FACE('',(#6777),#7035,.F.);
#7417=ADVANCED_FACE('',(#6778),#7036,.F.);
#7418=ADVANCED_FACE('',(#6779),#7037,.F.);
#7419=ADVANCED_FACE('',(#6780),#7038,.T.);
#7420=ADVANCED_FACE('',(#6781),#7039,.T.);
#7421=ADVANCED_FACE('',(#6782),#7040,.T.);
#7422=ADVANCED_FACE('',(#6783),#7041,.T.);
#7423=ADVANCED_FACE('',(#6784),#7042,.F.);
#7424=ADVANCED_FACE('',(#6785),#7043,.F.);
#7425=ADVANCED_FACE('',(#6786),#7044,.T.);
#7426=ADVANCED_FACE('',(#6787),#7045,.F.);
#7427=ADVANCED_FACE('',(#6788),#7046,.F.);
#7428=ADVANCED_FACE('',(#6789),#7047,.T.);
#7429=ADVANCED_FACE('',(#6790),#7048,.T.);
#7430=ADVANCED_FACE('',(#6791),#7049,.F.);
#7431=ADVANCED_FACE('',(#6792),#7050,.F.);
#7432=ADVANCED_FACE('',(#6793),#7051,.T.);
#7433=ADVANCED_FACE('',(#6794),#7052,.T.);
#7434=ADVANCED_FACE('',(#6795),#7053,.F.);
#7435=ADVANCED_FACE('',(#6796),#7054,.T.);
#7436=ADVANCED_FACE('',(#6797),#7055,.T.);
#7437=ADVANCED_FACE('',(#6798),#7056,.T.);
#7438=ADVANCED_FACE('',(#6799),#7057,.F.);
#7439=ADVANCED_FACE('',(#6800),#7058,.F.);
#7440=ADVANCED_FACE('',(#6801),#7059,.T.);
#7441=ADVANCED_FACE('',(#6802),#7060,.T.);
#7442=ADVANCED_FACE('',(#6803),#7061,.F.);
#7443=ADVANCED_FACE('',(#6804),#7062,.F.);
#7444=ADVANCED_FACE('',(#6805),#7063,.T.);
#7445=ADVANCED_FACE('',(#6806),#147,.T.);
#7446=ADVANCED_FACE('',(#6807),#148,.T.);
#7447=ADVANCED_FACE('',(#6808),#149,.T.);
#7448=ADVANCED_FACE('',(#6809),#150,.T.);
#7449=ADVANCED_FACE('',(#6810),#151,.T.);
#7450=ADVANCED_FACE('',(#6811),#152,.T.);
#7451=ADVANCED_FACE('',(#6812),#153,.T.);
#7452=ADVANCED_FACE('',(#6813),#154,.T.);
#7453=ADVANCED_FACE('',(#6814),#155,.T.);
#7454=ADVANCED_FACE('',(#6815),#156,.T.);
#7455=ADVANCED_FACE('',(#6816),#157,.T.);
#7456=ADVANCED_FACE('',(#6817),#158,.T.);
#7457=ADVANCED_FACE('',(#6818),#7064,.T.);
#7458=CLOSED_SHELL('',(#7065,#7066,#7067,#7068,#7069,#7070,#7071,#7072,#7073,#7074,#7075,#7076,#7077,#7078,#7079,#7080,#7081,#7082,#7083,#7084,#7085,#7086,#7087,#7088,#7089,#7090,#7091,#7092,#7093,#7094,#7095,#7096,#7097,#7098,#7099,#7100,#7101,#7102,#7103,#7104,#7105,#7106,#7107,#7108,#7109,#7110,#7111,#7112,#7113,#7114,#7115,#7116,#7117,#7118,#7119,#7120,#7121,#7122,#7123,#7124,#7125,#7126,#7127,#7128,#7129,#7130,#7131,#7132,#7133,#7134,#7135,#7136,#7137,#7138,#7139,#7140,#7141,#7142,#7143,#7144,#7145,#7146,#7147,#7148,#7149,#7150,#7151,#7152,#7153,#7154,#7155,#7156,#7157,#7158,#7159,#7160,#7161,#7162,#7163,#7164,#7165,#7166,#7167,#7168,#7169,#7170,#7171,#7172,#7173,#7174,#7175,#7176,#7177,#7178,#7179,#7180,#7181,#7182,#7183,#7184,#7185,#7186,#7187,#7188,#7189,#7190,#7191,#7192,#7193,#7194,#7195,#7196,#7197,#7198,#7199,#7200,#7201,#7202,#7203,#7204,#7205,#7206,#7207,#7208,#7209,#7210,#7211,#7212,#7213,#7214,#7215,#7216,#7217,#7218,#7219,#7220,#7221,#7222,#7223,#7224,#7225,#7226,#7227,#7228,#7229,#7230,#7231,#7232,#7233,#7234,#7235,#7236,#7237,#7238,#7239,#7240,#7241,#7242,#7243,#7244,#7245,#7246,#7247,#7248,#7249,#7250,#7251,#7252,#7253,#7254,#7255,#7256,#7257,#7258,#7259,#7260,#7261,#7262,#7263,#7264,#7265,#7266,#7267,#7268,#7269,#7270,#7271,#7272,#7273,#7274,#7275,#7276,#7277,#7278,#7279,#7280,#7281,#7282,#7283,#7284,#7285,#7286,#7287,#7288,#7289,#7290,#7291,#7292,#7293,#7294,#7295,#7296,#7297,#7298,#7299,#7300,#7301,#7302,#7303,#7304,#7305,#7306,#7307,#7308,#7309,#7310,#7311,#7312,#7313,#7314,#7315,#7316,#7317,#7318,#7319,#7320,#7321,#7322,#7323,#7324,#7325,#7326,#7327,#7328,#7329,#7330,#7331,#7332,#7333,#7334,#7335,#7336,#7337,#7338,#7339,#7340,#7341,#7342,#7343,#7344,#7345,#7346,#7347,#7348,#7349,#7350,#7351,#7352,#7353,#7354,#7355,#7356,#7357,#7358,#7359,#7360,#7361,#7362,#7363,#7364,#7365,#7366,#7367,#7368,#7369,#7370,#7371,#7372,#7373,#7374,#7375,#7376,#7377,#7378,#7379,#7380,#7381,#7382,#7383,#7384,#7385,#7386,#7387,#7388,#7389,#7390,#7391,#7392,#7393,#7394,#7395,#7396,#7397,#7398,#7399,#7400,#7401,#7402,#7403,#7404,#7405,#7406,#7407,#7408,#7409,#7410,#7411,#7412,#7413,#7414,#7415,#7416,#7417,#7418,#7419,#7420,#7421,#7422,#7423,#7424,#7425,#7426,#7427,#7428,#7429,#7430,#7431,#7432,#7433,#7434,#7435,#7436,#7437,#7438,#7439,#7440,#7441,#7442,#7443,#7444,#7445,#7446,#7447,#7448,#7449,#7450,#7451,#7452,#7453,#7454,#7455,#7456,#7457));
#7459=STYLED_ITEM('',(#7460),#7467);
#7460=PRESENTATION_STYLE_ASSIGNMENT((#7461));
#7461=SURFACE_STYLE_USAGE(.BOTH.,#7462);
#7462=SURFACE_SIDE_STYLE('',(#7463));
#7463=SURFACE_STYLE_FILL_AREA(#7464);
#7464=FILL_AREA_STYLE('',(#7465));
#7465=FILL_AREA_STYLE_COLOUR('',#7466);
#7466=COLOUR_RGB('',0.752941176470588,0.76078431372549,0.815686274509804);
#7467=MANIFOLD_SOLID_BREP('Casemain',#7458);
#7468=SHAPE_DEFINITION_REPRESENTATION(#12654,#7469);
#7469=SHAPE_REPRESENTATION('Casemain',(#7470),#12649);
#7470=AXIS2_PLACEMENT_3D('',#9523,#7897,#7898);
#7471=AXIS2_PLACEMENT_3D('',#9524,#7899,#7900);
#7472=AXIS2_PLACEMENT_3D('',#9533,#7905,#7906);
#7473=AXIS2_PLACEMENT_3D('',#9542,#7911,#7912);
#7474=AXIS2_PLACEMENT_3D('',#9624,#7953,#7954);
#7475=AXIS2_PLACEMENT_3D('',#9638,#7961,#7962);
#7476=AXIS2_PLACEMENT_3D('',#9740,#7987,#7988);
#7477=AXIS2_PLACEMENT_3D('',#9770,#7991,#7992);
#7478=AXIS2_PLACEMENT_3D('',#9772,#7993,#7994);
#7479=AXIS2_PLACEMENT_3D('',#9808,#7998,#7999);
#7480=AXIS2_PLACEMENT_3D('',#9810,#8000,#8001);
#7481=AXIS2_PLACEMENT_3D('',#9824,#8004,#8005);
#7482=AXIS2_PLACEMENT_3D('',#9828,#8007,#8008);
#7483=AXIS2_PLACEMENT_3D('',#9832,#8010,#8011);
#7484=AXIS2_PLACEMENT_3D('',#9836,#8013,#8014);
#7485=AXIS2_PLACEMENT_3D('',#9846,#8019,#8020);
#7486=AXIS2_PLACEMENT_3D('',#9896,#8029,#8030);
#7487=AXIS2_PLACEMENT_3D('',#9902,#8031,#8032);
#7488=AXIS2_PLACEMENT_3D('',#9938,#8034,#8035);
#7489=AXIS2_PLACEMENT_3D('',#9958,#8041,#8042);
#7490=AXIS2_PLACEMENT_3D('',#9960,#8043,#8044);
#7491=AXIS2_PLACEMENT_3D('',#9962,#8045,#8046);
#7492=AXIS2_PLACEMENT_3D('',#9984,#8051,#8052);
#7493=AXIS2_PLACEMENT_3D('',#10066,#8085,#8086);
#7494=AXIS2_PLACEMENT_3D('',#10068,#8087,#8088);
#7495=AXIS2_PLACEMENT_3D('',#10097,#8101,#8102);
#7496=AXIS2_PLACEMENT_3D('',#10106,#8107,#8108);
#7497=AXIS2_PLACEMENT_3D('',#10117,#8113,#8114);
#7498=AXIS2_PLACEMENT_3D('',#10135,#8123,#8124);
#7499=AXIS2_PLACEMENT_3D('',#10139,#8126,#8127);
#7500=AXIS2_PLACEMENT_3D('',#10194,#8155,#8156);
#7501=AXIS2_PLACEMENT_3D('',#10226,#8174,#8175);
#7502=AXIS2_PLACEMENT_3D('',#10252,#8190,#8191);
#7503=AXIS2_PLACEMENT_3D('',#10257,#8193,#8194);
#7504=AXIS2_PLACEMENT_3D('',#10268,#8200,#8201);
#7505=AXIS2_PLACEMENT_3D('',#10284,#8210,#8211);
#7506=AXIS2_PLACEMENT_3D('',#10306,#8223,#8224);
#7507=AXIS2_PLACEMENT_3D('',#10312,#8228,#8229);
#7508=AXIS2_PLACEMENT_3D('',#10337,#8242,#8243);
#7509=AXIS2_PLACEMENT_3D('',#10362,#8256,#8257);
#7510=AXIS2_PLACEMENT_3D('',#10363,#8258,#8259);
#7511=AXIS2_PLACEMENT_3D('',#10365,#8260,#8261);
#7512=AXIS2_PLACEMENT_3D('',#10367,#8262,#8263);
#7513=AXIS2_PLACEMENT_3D('',#10369,#8264,#8265);
#7514=AXIS2_PLACEMENT_3D('',#10377,#8269,#8270);
#7515=AXIS2_PLACEMENT_3D('',#10378,#8271,#8272);
#7516=AXIS2_PLACEMENT_3D('',#10379,#8273,#8274);
#7517=AXIS2_PLACEMENT_3D('',#10383,#8276,#8277);
#7518=AXIS2_PLACEMENT_3D('',#10390,#8281,#8282);
#7519=AXIS2_PLACEMENT_3D('',#10391,#8283,#8284);
#7520=AXIS2_PLACEMENT_3D('',#10392,#8285,#8286);
#7521=AXIS2_PLACEMENT_3D('',#10393,#8287,#8288);
#7522=AXIS2_PLACEMENT_3D('',#10394,#8289,#8290);
#7523=AXIS2_PLACEMENT_3D('',#10400,#8294,#8295);
#7524=AXIS2_PLACEMENT_3D('',#10411,#8302,#8303);
#7525=AXIS2_PLACEMENT_3D('',#10414,#8306,#8307);
#7526=AXIS2_PLACEMENT_3D('',#10416,#8309,#8310);
#7527=AXIS2_PLACEMENT_3D('',#10418,#8312,#8313);
#7528=AXIS2_PLACEMENT_3D('',#10420,#8315,#8316);
#7529=AXIS2_PLACEMENT_3D('',#10422,#8318,#8319);
#7530=AXIS2_PLACEMENT_3D('',#10424,#8321,#8322);
#7531=AXIS2_PLACEMENT_3D('',#10425,#8323,#8324);
#7532=AXIS2_PLACEMENT_3D('',#10426,#8325,#8326);
#7533=AXIS2_PLACEMENT_3D('',#10427,#8327,#8328);
#7534=AXIS2_PLACEMENT_3D('',#10428,#8329,#8330);
#7535=AXIS2_PLACEMENT_3D('',#10429,#8331,#8332);
#7536=AXIS2_PLACEMENT_3D('',#10430,#8333,#8334);
#7537=AXIS2_PLACEMENT_3D('',#10431,#8335,#8336);
#7538=AXIS2_PLACEMENT_3D('',#10432,#8337,#8338);
#7539=AXIS2_PLACEMENT_3D('',#10433,#8339,#8340);
#7540=AXIS2_PLACEMENT_3D('',#10434,#8341,#8342);
#7541=AXIS2_PLACEMENT_3D('',#10435,#8343,#8344);
#7542=AXIS2_PLACEMENT_3D('',#10436,#8345,#8346);
#7543=AXIS2_PLACEMENT_3D('',#10438,#8347,#8348);
#7544=AXIS2_PLACEMENT_3D('',#10439,#8349,#8350);
#7545=AXIS2_PLACEMENT_3D('',#10440,#8351,#8352);
#7546=AXIS2_PLACEMENT_3D('',#10441,#8353,#8354);
#7547=AXIS2_PLACEMENT_3D('',#10443,#8355,#8356);
#7548=AXIS2_PLACEMENT_3D('',#10444,#8357,#8358);
#7549=AXIS2_PLACEMENT_3D('',#10446,#8359,#8360);
#7550=AXIS2_PLACEMENT_3D('',#10447,#8361,#8362);
#7551=AXIS2_PLACEMENT_3D('',#10449,#8363,#8364);
#7552=AXIS2_PLACEMENT_3D('',#10455,#8368,#8369);
#7553=AXIS2_PLACEMENT_3D('',#10459,#8372,#8373);
#7554=AXIS2_PLACEMENT_3D('',#10463,#8376,#8377);
#7555=AXIS2_PLACEMENT_3D('',#10465,#8379,#8380);
#7556=AXIS2_PLACEMENT_3D('',#10474,#8385,#8386);
#7557=AXIS2_PLACEMENT_3D('',#10477,#8389,#8390);
#7558=AXIS2_PLACEMENT_3D('',#10479,#8392,#8393);
#7559=AXIS2_PLACEMENT_3D('',#10481,#8395,#8396);
#7560=AXIS2_PLACEMENT_3D('',#10482,#8397,#8398);
#7561=AXIS2_PLACEMENT_3D('',#10488,#8402,#8403);
#7562=AXIS2_PLACEMENT_3D('',#10494,#8407,#8408);
#7563=AXIS2_PLACEMENT_3D('',#10500,#8412,#8413);
#7564=AXIS2_PLACEMENT_3D('',#10504,#8415,#8416);
#7565=AXIS2_PLACEMENT_3D('',#10505,#8417,#8418);
#7566=AXIS2_PLACEMENT_3D('',#10508,#8421,#8422);
#7567=AXIS2_PLACEMENT_3D('',#10510,#8424,#8425);
#7568=AXIS2_PLACEMENT_3D('',#10512,#8427,#8428);
#7569=AXIS2_PLACEMENT_3D('',#10513,#8429,#8430);
#7570=AXIS2_PLACEMENT_3D('',#10516,#8433,#8434);
#7571=AXIS2_PLACEMENT_3D('',#10523,#8439,#8440);
#7572=AXIS2_PLACEMENT_3D('',#10525,#8442,#8443);
#7573=AXIS2_PLACEMENT_3D('',#10529,#8446,#8447);
#7574=AXIS2_PLACEMENT_3D('',#10532,#8450,#8451);
#7575=AXIS2_PLACEMENT_3D('',#10534,#8453,#8454);
#7576=AXIS2_PLACEMENT_3D('',#10536,#8456,#8457);
#7577=AXIS2_PLACEMENT_3D('',#10537,#8458,#8459);
#7578=AXIS2_PLACEMENT_3D('',#10539,#8461,#8462);
#7579=AXIS2_PLACEMENT_3D('',#10544,#8466,#8467);
#7580=AXIS2_PLACEMENT_3D('',#10546,#8469,#8470);
#7581=AXIS2_PLACEMENT_3D('',#10547,#8471,#8472);
#7582=AXIS2_PLACEMENT_3D('',#10548,#8473,#8474);
#7583=AXIS2_PLACEMENT_3D('',#10549,#8475,#8476);
#7584=AXIS2_PLACEMENT_3D('',#10550,#8477,#8478);
#7585=AXIS2_PLACEMENT_3D('',#10551,#8479,#8480);
#7586=AXIS2_PLACEMENT_3D('',#10552,#8481,#8482);
#7587=AXIS2_PLACEMENT_3D('',#10553,#8483,#8484);
#7588=AXIS2_PLACEMENT_3D('',#10554,#8485,#8486);
#7589=AXIS2_PLACEMENT_3D('',#10555,#8487,#8488);
#7590=AXIS2_PLACEMENT_3D('',#10556,#8489,#8490);
#7591=AXIS2_PLACEMENT_3D('',#10557,#8491,#8492);
#7592=AXIS2_PLACEMENT_3D('',#10558,#8493,#8494);
#7593=AXIS2_PLACEMENT_3D('',#10559,#8495,#8496);
#7594=AXIS2_PLACEMENT_3D('',#10560,#8497,#8498);
#7595=AXIS2_PLACEMENT_3D('',#10561,#8499,#8500);
#7596=AXIS2_PLACEMENT_3D('',#10562,#8501,#8502);
#7597=AXIS2_PLACEMENT_3D('',#10563,#8503,#8504);
#7598=AXIS2_PLACEMENT_3D('',#10569,#8508,#8509);
#7599=AXIS2_PLACEMENT_3D('',#10571,#8511,#8512);
#7600=AXIS2_PLACEMENT_3D('',#10573,#8514,#8515);
#7601=AXIS2_PLACEMENT_3D('',#10574,#8516,#8517);
#7602=AXIS2_PLACEMENT_3D('',#10576,#8518,#8519);
#7603=AXIS2_PLACEMENT_3D('',#10577,#8520,#8521);
#7604=AXIS2_PLACEMENT_3D('',#10578,#8522,#8523);
#7605=AXIS2_PLACEMENT_3D('',#10580,#8524,#8525);
#7606=AXIS2_PLACEMENT_3D('',#10581,#8526,#8527);
#7607=AXIS2_PLACEMENT_3D('',#10582,#8528,#8529);
#7608=AXIS2_PLACEMENT_3D('',#10584,#8530,#8531);
#7609=AXIS2_PLACEMENT_3D('',#10600,#8534,#8535);
#7610=AXIS2_PLACEMENT_3D('',#10601,#8536,#8537);
#7611=AXIS2_PLACEMENT_3D('',#10617,#8540,#8541);
#7612=AXIS2_PLACEMENT_3D('',#10686,#8549,#8550);
#7613=AXIS2_PLACEMENT_3D('',#10690,#8553,#8554);
#7614=AXIS2_PLACEMENT_3D('',#10691,#8555,#8556);
#7615=AXIS2_PLACEMENT_3D('',#10694,#8558,#8559);
#7616=AXIS2_PLACEMENT_3D('',#10695,#8560,#8561);
#7617=AXIS2_PLACEMENT_3D('',#10750,#8567,#8568);
#7618=AXIS2_PLACEMENT_3D('',#10754,#8571,#8572);
#7619=AXIS2_PLACEMENT_3D('',#10758,#8575,#8576);
#7620=AXIS2_PLACEMENT_3D('',#10801,#8582,#8583);
#7621=AXIS2_PLACEMENT_3D('',#10802,#8584,#8585);
#7622=AXIS2_PLACEMENT_3D('',#10805,#8587,#8588);
#7623=AXIS2_PLACEMENT_3D('',#10806,#8589,#8590);
#7624=AXIS2_PLACEMENT_3D('',#10809,#8592,#8593);
#7625=AXIS2_PLACEMENT_3D('',#10837,#8597,#8598);
#7626=AXIS2_PLACEMENT_3D('',#10838,#8599,#8600);
#7627=AXIS2_PLACEMENT_3D('',#10847,#8605,#8606);
#7628=AXIS2_PLACEMENT_3D('',#10962,#8618,#8619);
#7629=AXIS2_PLACEMENT_3D('',#10966,#8622,#8623);
#7630=AXIS2_PLACEMENT_3D('',#10970,#8626,#8627);
#7631=AXIS2_PLACEMENT_3D('',#10974,#8630,#8631);
#7632=AXIS2_PLACEMENT_3D('',#10978,#8634,#8635);
#7633=AXIS2_PLACEMENT_3D('',#10993,#8638,#8639);
#7634=AXIS2_PLACEMENT_3D('',#10996,#8642,#8643);
#7635=AXIS2_PLACEMENT_3D('',#10997,#8644,#8645);
#7636=AXIS2_PLACEMENT_3D('',#11006,#8650,#8651);
#7637=AXIS2_PLACEMENT_3D('',#11121,#8663,#8664);
#7638=AXIS2_PLACEMENT_3D('',#11125,#8667,#8668);
#7639=AXIS2_PLACEMENT_3D('',#11129,#8671,#8672);
#7640=AXIS2_PLACEMENT_3D('',#11133,#8675,#8676);
#7641=AXIS2_PLACEMENT_3D('',#11137,#8679,#8680);
#7642=AXIS2_PLACEMENT_3D('',#11152,#8683,#8684);
#7643=AXIS2_PLACEMENT_3D('',#11155,#8687,#8688);
#7644=AXIS2_PLACEMENT_3D('',#11210,#8694,#8695);
#7645=AXIS2_PLACEMENT_3D('',#11214,#8698,#8699);
#7646=AXIS2_PLACEMENT_3D('',#11215,#8700,#8701);
#7647=AXIS2_PLACEMENT_3D('',#11231,#8704,#8705);
#7648=AXIS2_PLACEMENT_3D('',#11232,#8706,#8707);
#7649=AXIS2_PLACEMENT_3D('',#11248,#8710,#8711);
#7650=AXIS2_PLACEMENT_3D('',#11343,#8721,#8722);
#7651=AXIS2_PLACEMENT_3D('',#11344,#8723,#8724);
#7652=AXIS2_PLACEMENT_3D('',#11349,#8726,#8727);
#7653=AXIS2_PLACEMENT_3D('',#11420,#8733,#8734);
#7654=AXIS2_PLACEMENT_3D('',#11421,#8735,#8736);
#7655=AXIS2_PLACEMENT_3D('',#11423,#8737,#8738);
#7656=AXIS2_PLACEMENT_3D('',#11457,#8741,#8742);
#7657=AXIS2_PLACEMENT_3D('',#11458,#8743,#8744);
#7658=AXIS2_PLACEMENT_3D('',#11459,#8745,#8746);
#7659=AXIS2_PLACEMENT_3D('',#11460,#8747,#8748);
#7660=AXIS2_PLACEMENT_3D('',#11461,#8749,#8750);
#7661=AXIS2_PLACEMENT_3D('',#11467,#8754,#8755);
#7662=AXIS2_PLACEMENT_3D('',#11471,#8758,#8759);
#7663=AXIS2_PLACEMENT_3D('',#11475,#8762,#8763);
#7664=AXIS2_PLACEMENT_3D('',#11479,#8766,#8767);
#7665=AXIS2_PLACEMENT_3D('',#11483,#8770,#8771);
#7666=AXIS2_PLACEMENT_3D('',#11487,#8774,#8775);
#7667=AXIS2_PLACEMENT_3D('',#11491,#8778,#8779);
#7668=AXIS2_PLACEMENT_3D('',#11500,#8784,#8785);
#7669=AXIS2_PLACEMENT_3D('',#11506,#8789,#8790);
#7670=AXIS2_PLACEMENT_3D('',#11507,#8791,#8792);
#7671=AXIS2_PLACEMENT_3D('',#11509,#8793,#8794);
#7672=AXIS2_PLACEMENT_3D('',#11526,#8796,#8797);
#7673=AXIS2_PLACEMENT_3D('',#11528,#8799,#8800);
#7674=AXIS2_PLACEMENT_3D('',#11529,#8801,#8802);
#7675=AXIS2_PLACEMENT_3D('',#11530,#8803,#8804);
#7676=AXIS2_PLACEMENT_3D('',#11539,#8809,#8810);
#7677=AXIS2_PLACEMENT_3D('',#11613,#8818,#8819);
#7678=AXIS2_PLACEMENT_3D('',#11619,#8823,#8824);
#7679=AXIS2_PLACEMENT_3D('',#11623,#8827,#8828);
#7680=AXIS2_PLACEMENT_3D('',#11627,#8831,#8832);
#7681=AXIS2_PLACEMENT_3D('',#11631,#8835,#8836);
#7682=AXIS2_PLACEMENT_3D('',#11661,#8841,#8842);
#7683=AXIS2_PLACEMENT_3D('',#11662,#8843,#8844);
#7684=AXIS2_PLACEMENT_3D('',#11665,#8846,#8847);
#7685=AXIS2_PLACEMENT_3D('',#11666,#8848,#8849);
#7686=AXIS2_PLACEMENT_3D('',#11669,#8851,#8852);
#7687=AXIS2_PLACEMENT_3D('',#11670,#8853,#8854);
#7688=AXIS2_PLACEMENT_3D('',#11673,#8856,#8857);
#7689=AXIS2_PLACEMENT_3D('',#11677,#8860,#8861);
#7690=AXIS2_PLACEMENT_3D('',#11679,#8863,#8864);
#7691=AXIS2_PLACEMENT_3D('',#11682,#8867,#8868);
#7692=AXIS2_PLACEMENT_3D('',#11889,#8883,#8884);
#7693=AXIS2_PLACEMENT_3D('',#11890,#8885,#8886);
#7694=AXIS2_PLACEMENT_3D('',#11891,#8887,#8888);
#7695=AXIS2_PLACEMENT_3D('',#11897,#8892,#8893);
#7696=AXIS2_PLACEMENT_3D('',#11940,#8899,#8900);
#7697=AXIS2_PLACEMENT_3D('',#11941,#8901,#8902);
#7698=AXIS2_PLACEMENT_3D('',#11944,#8904,#8905);
#7699=AXIS2_PLACEMENT_3D('',#12000,#8912,#8913);
#7700=AXIS2_PLACEMENT_3D('',#12009,#8918,#8919);
#7701=AXIS2_PLACEMENT_3D('',#12015,#8923,#8924);
#7702=AXIS2_PLACEMENT_3D('',#12055,#8930,#8931);
#7703=AXIS2_PLACEMENT_3D('',#12064,#8936,#8937);
#7704=AXIS2_PLACEMENT_3D('',#12152,#8945,#8946);
#7705=AXIS2_PLACEMENT_3D('',#12155,#8949,#8950);
#7706=AXIS2_PLACEMENT_3D('',#12157,#8952,#8953);
#7707=AXIS2_PLACEMENT_3D('',#12158,#8954,#8955);
#7708=AXIS2_PLACEMENT_3D('',#12159,#8956,#8957);
#7709=AXIS2_PLACEMENT_3D('',#12160,#8958,#8959);
#7710=AXIS2_PLACEMENT_3D('',#12166,#8963,#8964);
#7711=AXIS2_PLACEMENT_3D('',#12170,#8967,#8968);
#7712=AXIS2_PLACEMENT_3D('',#12174,#8971,#8972);
#7713=AXIS2_PLACEMENT_3D('',#12178,#8975,#8976);
#7714=AXIS2_PLACEMENT_3D('',#12182,#8979,#8980);
#7715=AXIS2_PLACEMENT_3D('',#12186,#8983,#8984);
#7716=AXIS2_PLACEMENT_3D('',#12190,#8987,#8988);
#7717=AXIS2_PLACEMENT_3D('',#12194,#8991,#8992);
#7718=AXIS2_PLACEMENT_3D('',#12196,#8994,#8995);
#7719=AXIS2_PLACEMENT_3D('',#12197,#8996,#8997);
#7720=AXIS2_PLACEMENT_3D('',#12203,#9001,#9002);
#7721=AXIS2_PLACEMENT_3D('',#12207,#9005,#9006);
#7722=AXIS2_PLACEMENT_3D('',#12211,#9009,#9010);
#7723=AXIS2_PLACEMENT_3D('',#12215,#9013,#9014);
#7724=AXIS2_PLACEMENT_3D('',#12219,#9017,#9018);
#7725=AXIS2_PLACEMENT_3D('',#12221,#9020,#9021);
#7726=AXIS2_PLACEMENT_3D('',#12222,#9022,#9023);
#7727=AXIS2_PLACEMENT_3D('',#12228,#9027,#9028);
#7728=AXIS2_PLACEMENT_3D('',#12232,#9031,#9032);
#7729=AXIS2_PLACEMENT_3D('',#12236,#9035,#9036);
#7730=AXIS2_PLACEMENT_3D('',#12240,#9039,#9040);
#7731=AXIS2_PLACEMENT_3D('',#12241,#9041,#9042);
#7732=AXIS2_PLACEMENT_3D('',#12244,#9044,#9045);
#7733=AXIS2_PLACEMENT_3D('',#12248,#9048,#9049);
#7734=AXIS2_PLACEMENT_3D('',#12252,#9052,#9053);
#7735=AXIS2_PLACEMENT_3D('',#12256,#9056,#9057);
#7736=AXIS2_PLACEMENT_3D('',#12260,#9060,#9061);
#7737=AXIS2_PLACEMENT_3D('',#12264,#9064,#9065);
#7738=AXIS2_PLACEMENT_3D('',#12268,#9068,#9069);
#7739=AXIS2_PLACEMENT_3D('',#12269,#9070,#9071);
#7740=AXIS2_PLACEMENT_3D('',#12272,#9073,#9074);
#7741=AXIS2_PLACEMENT_3D('',#12276,#9077,#9078);
#7742=AXIS2_PLACEMENT_3D('',#12278,#9080,#9081);
#7743=AXIS2_PLACEMENT_3D('',#12279,#9082,#9083);
#7744=AXIS2_PLACEMENT_3D('',#12285,#9087,#9088);
#7745=AXIS2_PLACEMENT_3D('',#12289,#9091,#9092);
#7746=AXIS2_PLACEMENT_3D('',#12293,#9095,#9096);
#7747=AXIS2_PLACEMENT_3D('',#12297,#9099,#9100);
#7748=AXIS2_PLACEMENT_3D('',#12301,#9103,#9104);
#7749=AXIS2_PLACEMENT_3D('',#12305,#9107,#9108);
#7750=AXIS2_PLACEMENT_3D('',#12309,#9111,#9112);
#7751=AXIS2_PLACEMENT_3D('',#12313,#9115,#9116);
#7752=AXIS2_PLACEMENT_3D('',#12315,#9118,#9119);
#7753=AXIS2_PLACEMENT_3D('',#12316,#9120,#9121);
#7754=AXIS2_PLACEMENT_3D('',#12322,#9125,#9126);
#7755=AXIS2_PLACEMENT_3D('',#12326,#9129,#9130);
#7756=AXIS2_PLACEMENT_3D('',#12330,#9133,#9134);
#7757=AXIS2_PLACEMENT_3D('',#12334,#9137,#9138);
#7758=AXIS2_PLACEMENT_3D('',#12338,#9141,#9142);
#7759=AXIS2_PLACEMENT_3D('',#12342,#9145,#9146);
#7760=AXIS2_PLACEMENT_3D('',#12346,#9149,#9150);
#7761=AXIS2_PLACEMENT_3D('',#12350,#9153,#9154);
#7762=AXIS2_PLACEMENT_3D('',#12354,#9157,#9158);
#7763=AXIS2_PLACEMENT_3D('',#12358,#9161,#9162);
#7764=AXIS2_PLACEMENT_3D('',#12362,#9165,#9166);
#7765=AXIS2_PLACEMENT_3D('',#12364,#9168,#9169);
#7766=AXIS2_PLACEMENT_3D('',#12365,#9170,#9171);
#7767=AXIS2_PLACEMENT_3D('',#12371,#9175,#9176);
#7768=AXIS2_PLACEMENT_3D('',#12375,#9179,#9180);
#7769=AXIS2_PLACEMENT_3D('',#12379,#9183,#9184);
#7770=AXIS2_PLACEMENT_3D('',#12383,#9187,#9188);
#7771=AXIS2_PLACEMENT_3D('',#12387,#9191,#9192);
#7772=AXIS2_PLACEMENT_3D('',#12391,#9195,#9196);
#7773=AXIS2_PLACEMENT_3D('',#12395,#9199,#9200);
#7774=AXIS2_PLACEMENT_3D('',#12397,#9202,#9203);
#7775=AXIS2_PLACEMENT_3D('',#12398,#9204,#9205);
#7776=AXIS2_PLACEMENT_3D('',#12404,#9209,#9210);
#7777=AXIS2_PLACEMENT_3D('',#12408,#9213,#9214);
#7778=AXIS2_PLACEMENT_3D('',#12412,#9217,#9218);
#7779=AXIS2_PLACEMENT_3D('',#12416,#9221,#9222);
#7780=AXIS2_PLACEMENT_3D('',#12420,#9225,#9226);
#7781=AXIS2_PLACEMENT_3D('',#12424,#9229,#9230);
#7782=AXIS2_PLACEMENT_3D('',#12428,#9233,#9234);
#7783=AXIS2_PLACEMENT_3D('',#12430,#9236,#9237);
#7784=AXIS2_PLACEMENT_3D('',#12431,#9238,#9239);
#7785=AXIS2_PLACEMENT_3D('',#12437,#9243,#9244);
#7786=AXIS2_PLACEMENT_3D('',#12441,#9247,#9248);
#7787=AXIS2_PLACEMENT_3D('',#12445,#9251,#9252);
#7788=AXIS2_PLACEMENT_3D('',#12449,#9255,#9256);
#7789=AXIS2_PLACEMENT_3D('',#12453,#9259,#9260);
#7790=AXIS2_PLACEMENT_3D('',#12457,#9263,#9264);
#7791=AXIS2_PLACEMENT_3D('',#12461,#9267,#9268);
#7792=AXIS2_PLACEMENT_3D('',#12462,#9269,#9270);
#7793=AXIS2_PLACEMENT_3D('',#12465,#9272,#9273);
#7794=AXIS2_PLACEMENT_3D('',#12466,#9274,#9275);
#7795=AXIS2_PLACEMENT_3D('',#12480,#9277,#9278);
#7796=AXIS2_PLACEMENT_3D('',#12481,#9279,#9280);
#7797=AXIS2_PLACEMENT_3D('',#12482,#9281,#9282);
#7798=AXIS2_PLACEMENT_3D('',#12483,#9283,#9284);
#7799=AXIS2_PLACEMENT_3D('',#12484,#9285,#9286);
#7800=AXIS2_PLACEMENT_3D('',#12485,#9287,#9288);
#7801=AXIS2_PLACEMENT_3D('',#12486,#9289,#9290);
#7802=AXIS2_PLACEMENT_3D('',#12487,#9291,#9292);
#7803=AXIS2_PLACEMENT_3D('',#12488,#9293,#9294);
#7804=AXIS2_PLACEMENT_3D('',#12489,#9295,#9296);
#7805=AXIS2_PLACEMENT_3D('',#12490,#9297,#9298);
#7806=AXIS2_PLACEMENT_3D('',#12491,#9299,#9300);
#7807=AXIS2_PLACEMENT_3D('',#12492,#9301,#9302);
#7808=AXIS2_PLACEMENT_3D('',#12493,#9303,#9304);
#7809=AXIS2_PLACEMENT_3D('',#12494,#9305,#9306);
#7810=AXIS2_PLACEMENT_3D('',#12495,#9307,#9308);
#7811=AXIS2_PLACEMENT_3D('',#12496,#9309,#9310);
#7812=AXIS2_PLACEMENT_3D('',#12497,#9311,#9312);
#7813=AXIS2_PLACEMENT_3D('',#12498,#9313,#9314);
#7814=AXIS2_PLACEMENT_3D('',#12499,#9315,#9316);
#7815=AXIS2_PLACEMENT_3D('',#12500,#9317,#9318);
#7816=AXIS2_PLACEMENT_3D('',#12501,#9319,#9320);
#7817=AXIS2_PLACEMENT_3D('',#12502,#9321,#9322);
#7818=AXIS2_PLACEMENT_3D('',#12503,#9323,#9324);
#7819=AXIS2_PLACEMENT_3D('',#12504,#9325,#9326);
#7820=AXIS2_PLACEMENT_3D('',#12505,#9327,#9328);
#7821=AXIS2_PLACEMENT_3D('',#12506,#9329,#9330);
#7822=AXIS2_PLACEMENT_3D('',#12507,#9331,#9332);
#7823=AXIS2_PLACEMENT_3D('',#12508,#9333,#9334);
#7824=AXIS2_PLACEMENT_3D('',#12509,#9335,#9336);
#7825=AXIS2_PLACEMENT_3D('',#12510,#9337,#9338);
#7826=AXIS2_PLACEMENT_3D('',#12511,#9339,#9340);
#7827=AXIS2_PLACEMENT_3D('',#12512,#9341,#9342);
#7828=AXIS2_PLACEMENT_3D('',#12513,#9343,#9344);
#7829=AXIS2_PLACEMENT_3D('',#12514,#9345,#9346);
#7830=AXIS2_PLACEMENT_3D('',#12516,#9348,#9349);
#7831=AXIS2_PLACEMENT_3D('',#12518,#9351,#9352);
#7832=AXIS2_PLACEMENT_3D('',#12519,#9353,#9354);
#7833=AXIS2_PLACEMENT_3D('',#12520,#9355,#9356);
#7834=AXIS2_PLACEMENT_3D('',#12525,#9359,#9360);
#7835=AXIS2_PLACEMENT_3D('',#12526,#9361,#9362);
#7836=AXIS2_PLACEMENT_3D('',#12530,#9365,#9366);
#7837=AXIS2_PLACEMENT_3D('',#12531,#9367,#9368);
#7838=AXIS2_PLACEMENT_3D('',#12534,#9370,#9371);
#7839=AXIS2_PLACEMENT_3D('',#12535,#9372,#9373);
#7840=AXIS2_PLACEMENT_3D('',#12537,#9375,#9376);
#7841=AXIS2_PLACEMENT_3D('',#12538,#9377,#9378);
#7842=AXIS2_PLACEMENT_3D('',#12542,#9381,#9382);
#7843=AXIS2_PLACEMENT_3D('',#12546,#9385,#9386);
#7844=AXIS2_PLACEMENT_3D('',#12548,#9388,#9389);
#7845=AXIS2_PLACEMENT_3D('',#12549,#9390,#9391);
#7846=AXIS2_PLACEMENT_3D('',#12550,#9392,#9393);
#7847=AXIS2_PLACEMENT_3D('',#12551,#9394,#9395);
#7848=AXIS2_PLACEMENT_3D('',#12555,#9398,#9399);
#7849=AXIS2_PLACEMENT_3D('',#12559,#9402,#9403);
#7850=AXIS2_PLACEMENT_3D('',#12561,#9405,#9406);
#7851=AXIS2_PLACEMENT_3D('',#12562,#9407,#9408);
#7852=AXIS2_PLACEMENT_3D('',#12563,#9409,#9410);
#7853=AXIS2_PLACEMENT_3D('',#12569,#9414,#9415);
#7854=AXIS2_PLACEMENT_3D('',#12570,#9416,#9417);
#7855=AXIS2_PLACEMENT_3D('',#12573,#9419,#9420);
#7856=AXIS2_PLACEMENT_3D('',#12574,#9421,#9422);
#7857=AXIS2_PLACEMENT_3D('',#12578,#9425,#9426);
#7858=AXIS2_PLACEMENT_3D('',#12579,#9427,#9428);
#7859=AXIS2_PLACEMENT_3D('',#12580,#9429,#9430);
#7860=AXIS2_PLACEMENT_3D('',#12581,#9431,#9432);
#7861=AXIS2_PLACEMENT_3D('',#12587,#9436,#9437);
#7862=AXIS2_PLACEMENT_3D('',#12588,#9438,#9439);
#7863=AXIS2_PLACEMENT_3D('',#12591,#9441,#9442);
#7864=AXIS2_PLACEMENT_3D('',#12592,#9443,#9444);
#7865=AXIS2_PLACEMENT_3D('',#12596,#9447,#9448);
#7866=AXIS2_PLACEMENT_3D('',#12597,#9449,#9450);
#7867=AXIS2_PLACEMENT_3D('',#12598,#9451,#9452);
#7868=AXIS2_PLACEMENT_3D('',#12599,#9453,#9454);
#7869=AXIS2_PLACEMENT_3D('',#12605,#9458,#9459);
#7870=AXIS2_PLACEMENT_3D('',#12606,#9460,#9461);
#7871=AXIS2_PLACEMENT_3D('',#12609,#9463,#9464);
#7872=AXIS2_PLACEMENT_3D('',#12610,#9465,#9466);
#7873=AXIS2_PLACEMENT_3D('',#12614,#9469,#9470);
#7874=AXIS2_PLACEMENT_3D('',#12615,#9471,#9472);
#7875=AXIS2_PLACEMENT_3D('',#12616,#9473,#9474);
#7876=AXIS2_PLACEMENT_3D('',#12617,#9475,#9476);
#7877=AXIS2_PLACEMENT_3D('',#12623,#9480,#9481);
#7878=AXIS2_PLACEMENT_3D('',#12624,#9482,#9483);
#7879=AXIS2_PLACEMENT_3D('',#12627,#9485,#9486);
#7880=AXIS2_PLACEMENT_3D('',#12628,#9487,#9488);
#7881=AXIS2_PLACEMENT_3D('',#12632,#9491,#9492);
#7882=AXIS2_PLACEMENT_3D('',#12633,#9493,#9494);
#7883=AXIS2_PLACEMENT_3D('',#12634,#9495,#9496);
#7884=AXIS2_PLACEMENT_3D('',#12635,#9497,#9498);
#7885=AXIS2_PLACEMENT_3D('',#12636,#9499,#9500);
#7886=AXIS2_PLACEMENT_3D('',#12637,#9501,#9502);
#7887=AXIS2_PLACEMENT_3D('',#12638,#9503,#9504);
#7888=AXIS2_PLACEMENT_3D('',#12639,#9505,#9506);
#7889=AXIS2_PLACEMENT_3D('',#12640,#9507,#9508);
#7890=AXIS2_PLACEMENT_3D('',#12641,#9509,#9510);
#7891=AXIS2_PLACEMENT_3D('',#12642,#9511,#9512);
#7892=AXIS2_PLACEMENT_3D('',#12643,#9513,#9514);
#7893=AXIS2_PLACEMENT_3D('',#12644,#9515,#9516);
#7894=AXIS2_PLACEMENT_3D('',#12645,#9517,#9518);
#7895=AXIS2_PLACEMENT_3D('',#12646,#9519,#9520);
#7896=AXIS2_PLACEMENT_3D('',#12647,#9521,#9522);
#7897=DIRECTION('',(0.,0.,1.));
#7898=DIRECTION('',(1.,0.,0.));
#7899=DIRECTION('',(0.,1.,0.));
#7900=DIRECTION('',(0.,0.,1.));
#7901=DIRECTION('',(0.,0.,-1.));
#7902=DIRECTION('',(1.,0.,1.23099877659438E-16));
#7903=DIRECTION('',(0.,0.,-1.));
#7904=DIRECTION('',(1.,0.,0.));
#7905=DIRECTION('',(0.,0.,1.));
#7906=DIRECTION('',(1.,0.,0.));
#7907=DIRECTION('',(-1.,0.,0.));
#7908=DIRECTION('',(0.,-1.,0.));
#7909=DIRECTION('',(1.,0.,0.));
#7910=DIRECTION('',(0.,-1.,0.));
#7911=DIRECTION('',(0.,0.,1.));
#7912=DIRECTION('',(1.,0.,0.));
#7913=DIRECTION('',(1.,0.,0.));
#7914=DIRECTION('',(0.,1.,0.));
#7915=DIRECTION('',(1.,0.,0.));
#7916=DIRECTION('',(0.,1.,0.));
#7917=DIRECTION('',(-1.,0.,0.));
#7918=DIRECTION('',(0.,-1.,0.));
#7919=DIRECTION('',(-1.,2.16840434497101E-16,0.));
#7920=DIRECTION('',(0.,-1.,0.));
#7921=DIRECTION('',(0.,1.,0.));
#7922=DIRECTION('',(-1.,0.,0.));
#7923=DIRECTION('',(0.,1.,0.));
#7924=DIRECTION('',(-1.,0.,0.));
#7925=DIRECTION('',(1.,0.,0.));
#7926=DIRECTION('',(0.,1.,0.));
#7927=DIRECTION('',(1.,0.,0.));
#7928=DIRECTION('',(0.,1.,0.));
#7929=DIRECTION('',(0.,-1.,0.));
#7930=DIRECTION('',(1.,0.,0.));
#7931=DIRECTION('',(0.,1.,0.));
#7932=DIRECTION('',(1.,0.,0.));
#7933=DIRECTION('',(0.,1.,0.));
#7934=DIRECTION('',(-1.,0.,0.));
#7935=DIRECTION('',(0.,-1.,0.));
#7936=DIRECTION('',(1.,0.,0.));
#7937=DIRECTION('',(0.,-1.,0.));
#7938=DIRECTION('',(1.,0.,0.));
#7939=DIRECTION('',(0.,1.,0.));
#7940=DIRECTION('',(-1.,0.,0.));
#7941=DIRECTION('',(0.,-1.,0.));
#7942=DIRECTION('',(1.,0.,0.));
#7943=DIRECTION('',(0.,-1.,0.));
#7944=DIRECTION('',(-1.,0.,0.));
#7945=DIRECTION('',(0.,-1.,0.));
#7946=DIRECTION('',(1.,0.,0.));
#7947=DIRECTION('',(0.,-1.,0.));
#7948=DIRECTION('',(-1.,0.,0.));
#7949=DIRECTION('',(0.,-1.,0.));
#7950=DIRECTION('',(1.,0.,0.));
#7951=DIRECTION('',(0.498621912531638,0.866819582348768,0.));
#7952=DIRECTION('',(1.,0.,0.));
#7953=DIRECTION('',(0.,0.,-1.));
#7954=DIRECTION('',(-1.,0.,0.));
#7955=DIRECTION('',(0.,-1.,0.));
#7956=DIRECTION('',(1.,0.,0.));
#7957=DIRECTION('',(0.,1.,0.));
#7958=DIRECTION('',(-1.,0.,0.));
#7959=DIRECTION('',(-0.501574312024282,-0.865114564388653,0.));
#7960=DIRECTION('',(-1.,0.,0.));
#7961=DIRECTION('',(0.,0.,-1.));
#7962=DIRECTION('',(-1.,0.,0.));
#7963=DIRECTION('',(0.,1.,0.));
#7964=DIRECTION('',(-1.,0.,0.));
#7965=DIRECTION('',(-0.449681101182265,-0.893189177744282,0.));
#7966=DIRECTION('',(-0.451949698519518,0.892043423835475,0.));
#7967=DIRECTION('',(-1.,0.,0.));
#7968=DIRECTION('',(0.477307238495872,-0.878736479315298,0.));
#7969=DIRECTION('',(0.,-1.,0.));
#7970=DIRECTION('',(1.,0.,0.));
#7971=DIRECTION('',(0.,1.,0.));
#7972=DIRECTION('',(0.473243290909272,0.880931772391802,0.));
#7973=DIRECTION('',(-1.,0.,0.));
#7974=DIRECTION('',(1.,0.,0.));
#7975=DIRECTION('',(0.291056642682025,0.956705822471395,0.));
#7976=DIRECTION('',(1.,0.,0.));
#7977=DIRECTION('',(0.291056642682025,-0.956705822471395,0.));
#7978=DIRECTION('',(1.,0.,0.));
#7979=DIRECTION('',(-0.331669016823168,0.943395814745621,0.));
#7980=DIRECTION('',(-1.,0.,0.));
#7981=DIRECTION('',(-0.332766361047279,-0.943009304808469,0.));
#7982=DIRECTION('',(1.,0.,0.));
#7983=DIRECTION('',(0.,-1.,0.));
#7984=DIRECTION('',(1.,0.,0.));
#7985=DIRECTION('',(0.,1.,0.));
#7986=DIRECTION('',(-1.,0.,0.));
#7987=DIRECTION('',(0.,0.,-1.));
#7988=DIRECTION('',(-1.,0.,0.));
#7989=DIRECTION('',(0.,-1.,0.));
#7990=DIRECTION('',(0.,1.,0.));
#7991=DIRECTION('',(0.,0.,-1.));
#7992=DIRECTION('',(-1.,0.,0.));
#7993=DIRECTION('',(0.,0.,-1.));
#7994=DIRECTION('',(-1.,0.,0.));
#7995=DIRECTION('',(1.,0.,0.));
#7996=DIRECTION('',(0.,1.,0.));
#7997=DIRECTION('',(-1.,0.,0.));
#7998=DIRECTION('',(0.,0.,-1.));
#7999=DIRECTION('',(-1.,0.,0.));
#8000=DIRECTION('',(0.,0.,-1.));
#8001=DIRECTION('',(-1.,0.,0.));
#8002=DIRECTION('',(0.557864222104503,0.8299322319899,0.));
#8003=DIRECTION('',(1.,0.,0.));
#8004=DIRECTION('',(0.,0.,1.));
#8005=DIRECTION('',(1.,0.,0.));
#8006=DIRECTION('',(0.,-1.,0.));
#8007=DIRECTION('',(0.,0.,1.));
#8008=DIRECTION('',(1.,0.,0.));
#8009=DIRECTION('',(1.,0.,0.));
#8010=DIRECTION('',(0.,0.,1.));
#8011=DIRECTION('',(1.,0.,0.));
#8012=DIRECTION('',(0.,-1.,0.));
#8013=DIRECTION('',(0.,0.,1.));
#8014=DIRECTION('',(1.,0.,0.));
#8015=DIRECTION('',(1.,0.,0.));
#8016=DIRECTION('',(0.,1.,0.));
#8017=DIRECTION('',(-1.,-4.95635278850516E-16,0.));
#8018=DIRECTION('',(0.,1.,0.));
#8019=DIRECTION('',(0.,0.,1.));
#8020=DIRECTION('',(1.,0.,0.));
#8021=DIRECTION('',(-1.,0.,0.));
#8022=DIRECTION('',(0.,-1.,0.));
#8023=DIRECTION('',(1.,0.,0.));
#8024=DIRECTION('',(0.,-1.,0.));
#8025=DIRECTION('',(1.,0.,0.));
#8026=DIRECTION('',(0.,1.,0.));
#8027=DIRECTION('',(-1.,0.,0.));
#8028=DIRECTION('',(0.,1.,0.));
#8029=DIRECTION('',(0.,0.,-1.));
#8030=DIRECTION('',(-1.,0.,0.));
#8031=DIRECTION('',(0.,0.,-1.));
#8032=DIRECTION('',(-1.,0.,0.));
#8033=DIRECTION('',(1.,0.,0.));
#8034=DIRECTION('',(0.,0.,-1.));
#8035=DIRECTION('',(-1.,0.,0.));
#8036=DIRECTION('',(1.,0.,0.));
#8037=DIRECTION('',(0.,-1.,0.));
#8038=DIRECTION('',(1.,0.,0.));
#8039=DIRECTION('',(0.,1.,0.));
#8040=DIRECTION('',(-1.,0.,0.));
#8041=DIRECTION('',(0.,0.,-1.));
#8042=DIRECTION('',(-1.,0.,0.));
#8043=DIRECTION('',(0.,0.,-1.));
#8044=DIRECTION('',(-1.,0.,0.));
#8045=DIRECTION('',(0.,0.,-1.));
#8046=DIRECTION('',(-1.,0.,0.));
#8047=DIRECTION('',(1.,0.,0.));
#8048=DIRECTION('',(0.528387229701104,0.849003495569243,0.));
#8049=DIRECTION('',(0.,1.,0.));
#8050=DIRECTION('',(-1.,0.,0.));
#8051=DIRECTION('',(0.,0.,-1.));
#8052=DIRECTION('',(-1.,0.,0.));
#8053=DIRECTION('',(0.,-1.,0.));
#8054=DIRECTION('',(1.,0.,0.));
#8055=DIRECTION('',(1.,0.,0.));
#8056=DIRECTION('',(0.,1.,0.));
#8057=DIRECTION('',(-1.,0.,0.));
#8058=DIRECTION('',(0.,-1.,0.));
#8059=DIRECTION('',(-1.,0.,0.));
#8060=DIRECTION('',(0.,-1.,0.));
#8061=DIRECTION('',(-0.449681101182265,-0.893189177744282,0.));
#8062=DIRECTION('',(-0.451949698519518,0.892043423835475,0.));
#8063=DIRECTION('',(-1.,0.,0.));
#8064=DIRECTION('',(0.477307238495876,-0.878736479315296,0.));
#8065=DIRECTION('',(0.,-1.,0.));
#8066=DIRECTION('',(1.,0.,0.));
#8067=DIRECTION('',(0.,1.,0.));
#8068=DIRECTION('',(0.473243290909272,0.880931772391802,0.));
#8069=DIRECTION('',(-1.,0.,0.));
#8070=DIRECTION('',(0.,-1.,0.));
#8071=DIRECTION('',(1.,0.,0.));
#8072=DIRECTION('',(0.,1.,0.));
#8073=DIRECTION('',(1.,0.,0.));
#8074=DIRECTION('',(0.,1.,0.));
#8075=DIRECTION('',(-1.,0.,0.));
#8076=DIRECTION('',(0.,-1.,0.));
#8077=DIRECTION('',(1.,0.,0.));
#8078=DIRECTION('',(-0.303160258645496,0.952939587580449,0.));
#8079=DIRECTION('',(-1.,0.,0.));
#8080=DIRECTION('',(0.321817286812622,-0.946801792303206,0.));
#8081=DIRECTION('',(1.,0.,0.));
#8082=DIRECTION('',(0.321259834680767,0.946991086875102,0.));
#8083=DIRECTION('',(-1.,0.,0.));
#8084=DIRECTION('',(-0.301567674151641,-0.953444774439909,0.));
#8085=DIRECTION('',(0.,0.,-1.));
#8086=DIRECTION('',(-1.,0.,0.));
#8087=DIRECTION('',(0.,0.,-1.));
#8088=DIRECTION('',(-1.,0.,0.));
#8089=DIRECTION('',(-1.,0.,0.));
#8090=DIRECTION('',(-3.08395284618099E-16,-1.,0.));
#8091=DIRECTION('',(-1.,0.,0.));
#8092=DIRECTION('',(0.,-1.,0.));
#8093=DIRECTION('',(-1.,1.44560289664734E-16,0.));
#8094=DIRECTION('',(0.,-1.,0.));
#8095=DIRECTION('',(1.,-3.61400724161835E-16,0.));
#8096=DIRECTION('',(0.,-1.,0.));
#8097=DIRECTION('',(1.,0.,0.));
#8098=DIRECTION('',(0.,1.,0.));
#8099=DIRECTION('',(1.,0.,0.));
#8100=DIRECTION('',(0.,1.,0.));
#8101=DIRECTION('',(0.,0.,1.));
#8102=DIRECTION('',(1.,0.,0.));
#8103=DIRECTION('',(0.,1.,0.));
#8104=DIRECTION('',(1.,0.,0.));
#8105=DIRECTION('',(0.,1.,0.));
#8106=DIRECTION('',(1.,0.,0.));
#8107=DIRECTION('',(0.,0.,1.));
#8108=DIRECTION('',(1.,0.,0.));
#8109=DIRECTION('',(0.,1.,0.));
#8110=DIRECTION('',(1.,0.,0.));
#8111=DIRECTION('',(0.,-1.,0.));
#8112=DIRECTION('',(-1.,0.,0.));
#8113=DIRECTION('',(0.,0.,1.));
#8114=DIRECTION('',(1.,0.,0.));
#8115=DIRECTION('',(0.,1.,0.));
#8116=DIRECTION('',(-1.,-4.95635278850516E-16,0.));
#8117=DIRECTION('',(1.,0.,0.));
#8118=DIRECTION('',(0.,-1.,0.));
#8119=DIRECTION('',(-1.,0.,0.));
#8120=DIRECTION('',(0.,-1.,0.));
#8121=DIRECTION('',(1.,0.,0.));
#8122=DIRECTION('',(0.,-1.,0.));
#8123=DIRECTION('',(0.,0.,1.));
#8124=DIRECTION('',(1.,0.,0.));
#8125=DIRECTION('',(0.,-1.,0.));
#8126=DIRECTION('',(0.,0.,1.));
#8127=DIRECTION('',(1.,0.,0.));
#8128=DIRECTION('',(0.,-1.,0.));
#8129=DIRECTION('',(1.,0.,0.));
#8130=DIRECTION('',(0.,-1.,0.));
#8131=DIRECTION('',(0.,1.,0.));
#8132=DIRECTION('',(-1.,0.,0.));
#8133=DIRECTION('',(0.,1.,0.));
#8134=DIRECTION('',(-1.,0.,0.));
#8135=DIRECTION('',(0.,-1.,0.));
#8136=DIRECTION('',(-1.,0.,0.));
#8137=DIRECTION('',(-3.08395284618099E-16,-1.,0.));
#8138=DIRECTION('',(-1.,0.,0.));
#8139=DIRECTION('',(0.,-1.,0.));
#8140=DIRECTION('',(-1.,0.,0.));
#8141=DIRECTION('',(0.,-1.,0.));
#8142=DIRECTION('',(-1.,2.16840434497101E-16,0.));
#8143=DIRECTION('',(0.,-1.,0.));
#8144=DIRECTION('',(-1.,1.44560289664734E-16,0.));
#8145=DIRECTION('',(0.,-1.,0.));
#8146=DIRECTION('',(1.,-3.61400724161835E-16,0.));
#8147=DIRECTION('',(0.,1.,0.));
#8148=DIRECTION('',(1.,0.,0.));
#8149=DIRECTION('',(0.,1.,0.));
#8150=DIRECTION('',(1.,0.,0.));
#8151=DIRECTION('',(0.,1.,0.));
#8152=DIRECTION('',(1.,0.,0.));
#8153=DIRECTION('',(0.,1.,0.));
#8154=DIRECTION('',(1.,0.,0.));
#8155=DIRECTION('',(0.,1.,0.));
#8156=DIRECTION('',(0.,0.,1.));
#8157=DIRECTION('',(1.,0.,0.));
#8158=DIRECTION('',(0.,0.,-1.));
#8159=DIRECTION('',(1.,0.,0.));
#8160=DIRECTION('',(0.,0.,-1.));
#8161=DIRECTION('',(1.,0.,0.));
#8162=DIRECTION('',(0.,0.,1.));
#8163=DIRECTION('',(1.,0.,0.));
#8164=DIRECTION('',(0.,0.,1.));
#8165=DIRECTION('',(1.,0.,0.));
#8166=DIRECTION('',(1.,0.,0.));
#8167=DIRECTION('',(0.,0.,-1.));
#8168=DIRECTION('',(0.,0.,-1.));
#8169=DIRECTION('',(1.,0.,1.23099877659438E-16));
#8170=DIRECTION('',(1.,0.,0.));
#8171=DIRECTION('',(0.,0.,-1.));
#8172=DIRECTION('',(0.,0.,-1.));
#8173=DIRECTION('',(1.,0.,0.));
#8174=DIRECTION('',(1.,0.,0.));
#8175=DIRECTION('',(0.,0.,-1.));
#8176=DIRECTION('',(0.,0.,1.));
#8177=DIRECTION('',(0.,-1.,0.));
#8178=DIRECTION('',(0.,-1.,0.));
#8179=DIRECTION('',(0.,0.,-1.));
#8180=DIRECTION('',(0.,0.,-1.));
#8181=DIRECTION('',(0.,-1.,0.));
#8182=DIRECTION('',(0.,0.,-1.));
#8183=DIRECTION('',(0.,0.,-1.));
#8184=DIRECTION('',(0.,-1.,0.));
#8185=DIRECTION('',(0.,0.,-1.));
#8186=DIRECTION('',(0.,-1.,0.));
#8187=DIRECTION('',(0.,-1.,0.));
#8188=DIRECTION('',(0.,0.,1.));
#8189=DIRECTION('',(0.,-1.,0.));
#8190=DIRECTION('',(1.,0.,0.));
#8191=DIRECTION('',(0.,0.,-1.));
#8192=DIRECTION('',(0.,-1.,0.));
#8193=DIRECTION('',(1.,0.,0.));
#8194=DIRECTION('',(0.,0.,-1.));
#8195=DIRECTION('',(0.,-1.,0.));
#8196=DIRECTION('',(0.,0.,-1.));
#8197=DIRECTION('',(0.,-1.,0.));
#8198=DIRECTION('',(0.,0.,-1.));
#8199=DIRECTION('',(0.,-1.,0.));
#8200=DIRECTION('',(0.,1.,0.));
#8201=DIRECTION('',(0.,0.,1.));
#8202=DIRECTION('',(1.,0.,0.));
#8203=DIRECTION('',(1.,0.,0.));
#8204=DIRECTION('',(0.,0.,1.));
#8205=DIRECTION('',(1.,0.,0.));
#8206=DIRECTION('',(0.,0.,1.));
#8207=DIRECTION('',(1.,0.,0.));
#8208=DIRECTION('',(1.,0.,0.));
#8209=DIRECTION('',(0.,0.,-1.));
#8210=DIRECTION('',(1.,0.,0.));
#8211=DIRECTION('',(0.,0.,-1.));
#8212=DIRECTION('',(0.,0.,1.));
#8213=DIRECTION('',(0.,-1.,0.));
#8214=DIRECTION('',(0.,-1.,0.));
#8215=DIRECTION('',(0.,-1.,0.));
#8216=DIRECTION('',(0.,-1.,0.));
#8217=DIRECTION('',(0.,0.,1.));
#8218=DIRECTION('',(0.,-1.,0.));
#8219=DIRECTION('',(0.,0.,-1.));
#8220=DIRECTION('',(0.,1.,0.));
#8221=DIRECTION('',(0.,0.,-1.));
#8222=DIRECTION('',(0.,-1.,0.));
#8223=DIRECTION('',(0.,0.,1.));
#8224=DIRECTION('',(1.,0.,0.));
#8225=DIRECTION('',(1.,0.,0.));
#8226=DIRECTION('',(0.,-1.,0.));
#8227=DIRECTION('',(0.,-1.,0.));
#8228=DIRECTION('',(0.,1.,0.));
#8229=DIRECTION('',(0.,0.,1.));
#8230=DIRECTION('',(0.,0.,-1.));
#8231=DIRECTION('',(1.,0.,0.));
#8232=DIRECTION('',(0.,0.,-1.));
#8233=DIRECTION('',(1.,0.,0.));
#8234=DIRECTION('',(1.,0.,0.));
#8235=DIRECTION('',(0.,0.,1.));
#8236=DIRECTION('',(1.,0.,1.23099877659438E-16));
#8237=DIRECTION('',(0.,0.,1.));
#8238=DIRECTION('',(0.,0.,-1.));
#8239=DIRECTION('',(1.,0.,0.));
#8240=DIRECTION('',(0.,0.,-1.));
#8241=DIRECTION('',(1.,0.,0.));
#8242=DIRECTION('',(1.,0.,0.));
#8243=DIRECTION('',(0.,0.,-1.));
#8244=DIRECTION('',(0.,3.46944695195362E-16,-1.));
#8245=DIRECTION('',(0.,-1.,0.));
#8246=DIRECTION('',(0.,0.,-1.));
#8247=DIRECTION('',(0.,-1.,0.));
#8248=DIRECTION('',(0.,0.,-1.));
#8249=DIRECTION('',(0.,-1.,0.));
#8250=DIRECTION('',(0.,0.,-1.));
#8251=DIRECTION('',(0.,-1.,0.));
#8252=DIRECTION('',(0.,1.,0.));
#8253=DIRECTION('',(0.,0.,1.));
#8254=DIRECTION('',(0.,-1.,0.));
#8255=DIRECTION('',(0.,0.,1.));
#8256=DIRECTION('',(0.,0.,1.));
#8257=DIRECTION('',(1.,0.,0.));
#8258=DIRECTION('',(0.,0.,-1.));
#8259=DIRECTION('',(-1.,0.,0.));
#8260=DIRECTION('',(0.,0.,-1.));
#8261=DIRECTION('',(-1.,0.,0.));
#8262=DIRECTION('',(0.,0.,-1.));
#8263=DIRECTION('',(-1.,0.,0.));
#8264=DIRECTION('',(0.,0.,-1.));
#8265=DIRECTION('',(-1.,0.,0.));
#8266=DIRECTION('',(1.,0.,0.));
#8267=DIRECTION('',(-0.707106781186548,-0.707106781186548,0.));
#8268=DIRECTION('',(0.,-1.,0.));
#8269=DIRECTION('',(0.,0.,1.));
#8270=DIRECTION('',(1.,0.,0.));
#8271=DIRECTION('',(0.,0.,1.));
#8272=DIRECTION('',(1.,0.,0.));
#8273=DIRECTION('',(0.,0.,1.));
#8274=DIRECTION('',(1.,0.,0.));
#8275=DIRECTION('',(1.,0.,0.));
#8276=DIRECTION('',(0.,0.,1.));
#8277=DIRECTION('',(1.,0.,0.));
#8278=DIRECTION('',(0.,-1.,0.));
#8279=DIRECTION('',(-0.707106781186548,0.707106781186548,0.));
#8280=DIRECTION('',(1.,0.,0.));
#8281=DIRECTION('',(0.,0.,1.));
#8282=DIRECTION('',(1.,0.,0.));
#8283=DIRECTION('',(0.,0.,-1.));
#8284=DIRECTION('',(1.,0.,0.));
#8285=DIRECTION('',(0.,0.,1.));
#8286=DIRECTION('',(1.,0.,0.));
#8287=DIRECTION('',(0.,0.,1.));
#8288=DIRECTION('',(1.,0.,0.));
#8289=DIRECTION('',(0.,1.,0.));
#8290=DIRECTION('',(0.,0.,1.));
#8291=DIRECTION('',(0.,0.,-1.));
#8292=DIRECTION('',(1.,0.,0.));
#8293=DIRECTION('',(0.,0.,-1.));
#8294=DIRECTION('',(1.,0.,0.));
#8295=DIRECTION('',(0.,0.,-1.));
#8296=DIRECTION('',(0.,0.,-1.));
#8297=DIRECTION('',(0.,-1.,0.));
#8298=DIRECTION('',(0.,0.,1.));
#8299=DIRECTION('',(0.,0.,-1.));
#8300=DIRECTION('',(0.,-1.,0.));
#8301=DIRECTION('',(0.,0.,-1.));
#8302=DIRECTION('',(0.,-1.,0.));
#8303=DIRECTION('',(0.,0.,-1.));
#8304=DIRECTION('',(0.,0.,-1.));
#8305=DIRECTION('',(0.,0.,-1.));
#8306=DIRECTION('',(1.,0.,0.));
#8307=DIRECTION('',(0.,0.,-1.));
#8308=DIRECTION('',(0.,0.,-1.));
#8309=DIRECTION('',(-4.95635278850516E-16,1.,0.));
#8310=DIRECTION('',(-1.,-4.95635278850516E-16,0.));
#8311=DIRECTION('',(0.,0.,-1.));
#8312=DIRECTION('',(1.,0.,0.));
#8313=DIRECTION('',(0.,0.,-1.));
#8314=DIRECTION('',(0.,0.,-1.));
#8315=DIRECTION('',(0.,0.,-1.));
#8316=DIRECTION('',(-1.,0.,0.));
#8317=DIRECTION('',(0.,0.,-1.));
#8318=DIRECTION('',(0.,1.,0.));
#8319=DIRECTION('',(0.,0.,1.));
#8320=DIRECTION('',(0.,0.,-1.));
#8321=DIRECTION('',(-1.,0.,0.));
#8322=DIRECTION('',(0.,0.,1.));
#8323=DIRECTION('',(0.,0.,-1.));
#8324=DIRECTION('',(-1.,0.,0.));
#8325=DIRECTION('',(0.,0.,1.));
#8326=DIRECTION('',(1.,0.,0.));
#8327=DIRECTION('',(0.,0.,1.));
#8328=DIRECTION('',(1.,0.,0.));
#8329=DIRECTION('',(0.,0.,1.));
#8330=DIRECTION('',(1.,0.,0.));
#8331=DIRECTION('',(0.,0.,1.));
#8332=DIRECTION('',(1.,0.,0.));
#8333=DIRECTION('',(0.,0.,1.));
#8334=DIRECTION('',(1.,0.,0.));
#8335=DIRECTION('',(0.,0.,-1.));
#8336=DIRECTION('',(-1.,0.,0.));
#8337=DIRECTION('',(0.,0.,1.));
#8338=DIRECTION('',(1.,0.,0.));
#8339=DIRECTION('',(0.,0.,-1.));
#8340=DIRECTION('',(-1.,0.,0.));
#8341=DIRECTION('',(0.,0.,1.));
#8342=DIRECTION('',(1.,0.,0.));
#8343=DIRECTION('',(0.,0.,1.));
#8344=DIRECTION('',(1.,0.,0.));
#8345=DIRECTION('',(0.,0.,1.));
#8346=DIRECTION('',(1.,0.,0.));
#8347=DIRECTION('',(0.,0.,-1.));
#8348=DIRECTION('',(-1.,0.,0.));
#8349=DIRECTION('',(0.,0.,1.));
#8350=DIRECTION('',(1.,0.,0.));
#8351=DIRECTION('',(0.,0.,1.));
#8352=DIRECTION('',(1.,0.,0.));
#8353=DIRECTION('',(0.,0.,1.));
#8354=DIRECTION('',(1.,0.,0.));
#8355=DIRECTION('',(0.,0.,-1.));
#8356=DIRECTION('',(-1.,0.,0.));
#8357=DIRECTION('',(0.,0.,1.));
#8358=DIRECTION('',(1.,0.,0.));
#8359=DIRECTION('',(0.,0.,1.));
#8360=DIRECTION('',(1.,0.,0.));
#8361=DIRECTION('',(0.,0.,1.));
#8362=DIRECTION('',(1.,0.,0.));
#8363=DIRECTION('',(0.,-1.,-3.46944695195362E-16));
#8364=DIRECTION('',(0.,3.46944695195362E-16,-1.));
#8365=DIRECTION('',(1.,0.,0.));
#8366=DIRECTION('',(0.,3.46944695195362E-16,-1.));
#8367=DIRECTION('',(1.,0.,0.));
#8368=DIRECTION('',(0.,0.,1.));
#8369=DIRECTION('',(1.,0.,0.));
#8370=DIRECTION('',(0.,-1.,0.));
#8371=DIRECTION('',(1.,0.,0.));
#8372=DIRECTION('',(0.,-1.,0.));
#8373=DIRECTION('',(0.,0.,-1.));
#8374=DIRECTION('',(0.,0.,-1.));
#8375=DIRECTION('',(1.,0.,0.));
#8376=DIRECTION('',(0.,0.,1.));
#8377=DIRECTION('',(1.,0.,0.));
#8378=DIRECTION('',(0.,-1.,0.));
#8379=DIRECTION('',(1.,0.,0.));
#8380=DIRECTION('',(0.,1.,0.));
#8381=DIRECTION('',(0.,1.,0.));
#8382=DIRECTION('',(0.,0.,1.));
#8383=DIRECTION('',(0.,1.,0.));
#8384=DIRECTION('',(0.,0.,1.));
#8385=DIRECTION('',(0.,0.,1.));
#8386=DIRECTION('',(1.,0.,0.));
#8387=DIRECTION('',(-1.,0.,0.));
#8388=DIRECTION('',(-1.,0.,0.));
#8389=DIRECTION('',(0.,-1.,0.));
#8390=DIRECTION('',(0.,0.,-1.));
#8391=DIRECTION('',(-1.,0.,0.));
#8392=DIRECTION('',(0.,0.,1.));
#8393=DIRECTION('',(1.,0.,0.));
#8394=DIRECTION('',(-1.,0.,0.));
#8395=DIRECTION('',(0.,-1.,0.));
#8396=DIRECTION('',(0.,0.,-1.));
#8397=DIRECTION('',(0.,1.,0.));
#8398=DIRECTION('',(0.,0.,1.));
#8399=DIRECTION('',(-0.866025403784438,0.,-0.5));
#8400=DIRECTION('',(0.,0.,-1.));
#8401=DIRECTION('',(-0.866025403784438,0.,0.5));
#8402=DIRECTION('',(0.,1.,0.));
#8403=DIRECTION('',(0.,0.,1.));
#8404=DIRECTION('',(0.866025403784438,0.,-0.5));
#8405=DIRECTION('',(0.,0.,-1.));
#8406=DIRECTION('',(0.866025403784438,0.,0.5));
#8407=DIRECTION('',(1.,0.,0.));
#8408=DIRECTION('',(0.,1.,0.));
#8409=DIRECTION('',(0.,1.,0.));
#8410=DIRECTION('',(0.,1.,0.));
#8411=DIRECTION('',(0.,-1.,0.));
#8412=DIRECTION('',(1.,0.,0.));
#8413=DIRECTION('',(0.,0.,-1.));
#8414=DIRECTION('',(0.,-1.,0.));
#8415=DIRECTION('',(1.,0.,0.));
#8416=DIRECTION('',(0.,0.,-1.));
#8417=DIRECTION('',(-1.,0.,0.));
#8418=DIRECTION('',(0.,0.,1.));
#8419=DIRECTION('',(-1.,0.,0.));
#8420=DIRECTION('',(-1.,0.,0.));
#8421=DIRECTION('',(0.,0.,1.));
#8422=DIRECTION('',(1.,0.,0.));
#8423=DIRECTION('',(-1.,0.,0.));
#8424=DIRECTION('',(-1.,0.,0.));
#8425=DIRECTION('',(0.,0.,1.));
#8426=DIRECTION('',(-1.,0.,0.));
#8427=DIRECTION('',(0.,0.,1.));
#8428=DIRECTION('',(1.,0.,0.));
#8429=DIRECTION('',(0.,0.,1.));
#8430=DIRECTION('',(1.,0.,0.));
#8431=DIRECTION('',(0.,-1.,0.));
#8432=DIRECTION('',(0.,-1.,0.));
#8433=DIRECTION('',(-1.,0.,0.));
#8434=DIRECTION('',(0.,0.,1.));
#8435=DIRECTION('',(0.,-1.,0.));
#8436=DIRECTION('',(0.,1.,0.));
#8437=DIRECTION('',(0.,0.,-1.));
#8438=DIRECTION('',(0.,-1.,0.));
#8439=DIRECTION('',(-1.23099877659438E-16,0.,1.));
#8440=DIRECTION('',(1.,0.,1.23099877659438E-16));
#8441=DIRECTION('',(0.,-1.,0.));
#8442=DIRECTION('',(-1.,0.,0.));
#8443=DIRECTION('',(0.,0.,1.));
#8444=DIRECTION('',(0.,0.,-1.));
#8445=DIRECTION('',(0.,1.,0.));
#8446=DIRECTION('',(0.,0.,1.));
#8447=DIRECTION('',(1.,0.,0.));
#8448=DIRECTION('',(0.,-1.,0.));
#8449=DIRECTION('',(0.,-1.,0.));
#8450=DIRECTION('',(1.,0.,0.));
#8451=DIRECTION('',(0.,0.,-1.));
#8452=DIRECTION('',(0.,-1.,0.));
#8453=DIRECTION('',(0.,0.,1.));
#8454=DIRECTION('',(1.,0.,0.));
#8455=DIRECTION('',(0.,-1.,0.));
#8456=DIRECTION('',(1.,0.,0.));
#8457=DIRECTION('',(0.,0.,-1.));
#8458=DIRECTION('',(1.,0.,0.));
#8459=DIRECTION('',(0.,0.,-1.));
#8460=DIRECTION('',(0.,0.,-1.));
#8461=DIRECTION('',(0.,-1.,0.));
#8462=DIRECTION('',(0.,0.,-1.));
#8463=DIRECTION('',(0.,0.,-1.));
#8464=DIRECTION('',(-1.,0.,0.));
#8465=DIRECTION('',(-1.,0.,-1.23099877659438E-16));
#8466=DIRECTION('',(1.,0.,0.));
#8467=DIRECTION('',(0.,0.,-1.));
#8468=DIRECTION('',(0.,-1.,0.));
#8469=DIRECTION('',(0.,0.,1.));
#8470=DIRECTION('',(1.,0.,0.));
#8471=DIRECTION('',(0.,0.,1.));
#8472=DIRECTION('',(1.,0.,0.));
#8473=DIRECTION('',(-1.,0.,0.));
#8474=DIRECTION('',(0.,0.,1.));
#8475=DIRECTION('',(8.67361737988403E-16,-1.,0.));
#8476=DIRECTION('',(1.,8.67361737988403E-16,0.));
#8477=DIRECTION('',(0.,1.,0.));
#8478=DIRECTION('',(0.,0.,1.));
#8479=DIRECTION('',(0.,-1.,0.));
#8480=DIRECTION('',(0.,0.,-1.));
#8481=DIRECTION('',(-1.,0.,0.));
#8482=DIRECTION('',(0.,0.,1.));
#8483=DIRECTION('',(-1.,0.,0.));
#8484=DIRECTION('',(0.,0.,1.));
#8485=DIRECTION('',(0.,0.,1.));
#8486=DIRECTION('',(1.,0.,0.));
#8487=DIRECTION('',(-1.,0.,0.));
#8488=DIRECTION('',(0.,0.,1.));
#8489=DIRECTION('',(0.,0.,1.));
#8490=DIRECTION('',(1.,0.,0.));
#8491=DIRECTION('',(0.,-1.,0.));
#8492=DIRECTION('',(0.,0.,-1.));
#8493=DIRECTION('',(1.,0.,0.));
#8494=DIRECTION('',(0.,0.,-1.));
#8495=DIRECTION('',(-1.,0.,0.));
#8496=DIRECTION('',(0.,0.,1.));
#8497=DIRECTION('',(0.,-1.,0.));
#8498=DIRECTION('',(0.,0.,-1.));
#8499=DIRECTION('',(0.,-1.,0.));
#8500=DIRECTION('',(0.,0.,-1.));
#8501=DIRECTION('',(0.,0.,1.));
#8502=DIRECTION('',(1.,0.,0.));
#8503=DIRECTION('',(0.,0.,-1.));
#8504=DIRECTION('',(-1.,0.,0.));
#8505=DIRECTION('',(1.,0.,0.));
#8506=DIRECTION('',(0.,1.,0.));
#8507=DIRECTION('',(1.,0.,0.));
#8508=DIRECTION('',(0.,-1.,0.));
#8509=DIRECTION('',(0.,0.,-1.));
#8510=DIRECTION('',(0.,0.,-1.));
#8511=DIRECTION('',(0.,-1.,0.));
#8512=DIRECTION('',(0.,0.,-1.));
#8513=DIRECTION('',(0.,0.,1.));
#8514=DIRECTION('',(0.,0.,1.));
#8515=DIRECTION('',(1.,0.,0.));
#8516=DIRECTION('',(0.,0.,1.));
#8517=DIRECTION('',(1.,0.,0.));
#8518=DIRECTION('',(0.,0.,1.));
#8519=DIRECTION('',(1.,0.,0.));
#8520=DIRECTION('',(0.,0.,1.));
#8521=DIRECTION('',(1.,0.,0.));
#8522=DIRECTION('',(0.,0.,1.));
#8523=DIRECTION('',(1.,0.,0.));
#8524=DIRECTION('',(0.,0.,1.));
#8525=DIRECTION('',(1.,0.,0.));
#8526=DIRECTION('',(0.,0.,1.));
#8527=DIRECTION('',(1.,0.,0.));
#8528=DIRECTION('',(0.,0.,1.));
#8529=DIRECTION('',(1.,0.,0.));
#8530=DIRECTION('',(0.,0.,1.));
#8531=DIRECTION('',(1.,0.,0.));
#8532=DIRECTION('',(0.,0.,-1.));
#8533=DIRECTION('',(0.,0.,-1.));
#8534=DIRECTION('',(0.,0.,-1.));
#8535=DIRECTION('',(-0.940206300156524,-0.340605509564921,0.));
#8536=DIRECTION('',(0.,0.,-1.));
#8537=DIRECTION('',(-1.,0.,0.));
#8538=DIRECTION('',(0.,0.,-1.));
#8539=DIRECTION('',(0.,0.,-1.));
#8540=DIRECTION('',(1.,0.,0.));
#8541=DIRECTION('',(0.,0.,-1.));
#8542=DIRECTION('',(0.,-1.,0.));
#8543=DIRECTION('',(0.,0.,-1.));
#8544=DIRECTION('',(0.,0.,-1.));
#8545=DIRECTION('',(0.,0.,-1.));
#8546=DIRECTION('',(0.,0.,-1.));
#8547=DIRECTION('',(0.,0.,-1.));
#8548=DIRECTION('',(0.,0.,-1.));
#8549=DIRECTION('',(-1.,0.,0.));
#8550=DIRECTION('',(0.,0.,1.));
#8551=DIRECTION('',(0.,1.,0.));
#8552=DIRECTION('',(0.,0.,-1.));
#8553=DIRECTION('',(0.,0.,-1.));
#8554=DIRECTION('',(0.352141138985275,-0.93594690994423,0.));
#8555=DIRECTION('',(0.,0.,-1.));
#8556=DIRECTION('',(-1.,0.,0.));
#8557=DIRECTION('',(0.,0.,-1.));
#8558=DIRECTION('',(0.,0.,-1.));
#8559=DIRECTION('',(0.131519436580768,-0.991313592059282,0.));
#8560=DIRECTION('',(0.,0.,-1.));
#8561=DIRECTION('',(-1.,0.,0.));
#8562=DIRECTION('',(0.,0.,-1.));
#8563=DIRECTION('',(0.,0.,-1.));
#8564=DIRECTION('',(0.,0.,-1.));
#8565=DIRECTION('',(0.,0.,-1.));
#8566=DIRECTION('',(0.,0.,-1.));
#8567=DIRECTION('',(0.,1.,0.));
#8568=DIRECTION('',(0.,0.,1.));
#8569=DIRECTION('',(1.,0.,0.));
#8570=DIRECTION('',(0.,0.,-1.));
#8571=DIRECTION('',(-1.,0.,0.));
#8572=DIRECTION('',(0.,0.,1.));
#8573=DIRECTION('',(0.,1.,0.));
#8574=DIRECTION('',(0.,0.,-1.));
#8575=DIRECTION('',(0.,-1.,0.));
#8576=DIRECTION('',(0.,0.,-1.));
#8577=DIRECTION('',(-1.,0.,0.));
#8578=DIRECTION('',(0.,0.,-1.));
#8579=DIRECTION('',(0.,0.,-1.));
#8580=DIRECTION('',(0.,0.,-1.));
#8581=DIRECTION('',(0.,0.,-1.));
#8582=DIRECTION('',(0.,0.,-1.));
#8583=DIRECTION('',(0.159412416288929,0.987212075256844,0.));
#8584=DIRECTION('',(0.,0.,-1.));
#8585=DIRECTION('',(-1.,0.,0.));
#8586=DIRECTION('',(0.,0.,-1.));
#8587=DIRECTION('',(0.,0.,-1.));
#8588=DIRECTION('',(0.441733592684928,0.897146271849617,0.));
#8589=DIRECTION('',(0.,0.,-1.));
#8590=DIRECTION('',(-1.,0.,0.));
#8591=DIRECTION('',(0.,0.,-1.));
#8592=DIRECTION('',(-0.829932231989901,0.557864222104503,0.));
#8593=DIRECTION('',(-0.557864222104503,-0.829932231989901,0.));
#8594=DIRECTION('',(0.557864222104503,0.8299322319899,0.));
#8595=DIRECTION('',(0.,0.,-1.));
#8596=DIRECTION('',(0.,0.,-1.));
#8597=DIRECTION('',(0.,0.,1.));
#8598=DIRECTION('',(1.,0.,0.));
#8599=DIRECTION('',(1.,0.,0.));
#8600=DIRECTION('',(0.,0.,-1.));
#8601=DIRECTION('',(0.,-1.,0.));
#8602=DIRECTION('',(0.,0.,-1.));
#8603=DIRECTION('',(0.,-1.,0.));
#8604=DIRECTION('',(0.,0.,-1.));
#8605=DIRECTION('',(0.,-1.,0.));
#8606=DIRECTION('',(0.,0.,-1.));
#8607=DIRECTION('',(-1.,0.,0.));
#8608=DIRECTION('',(-1.,0.,0.));
#8609=DIRECTION('',(0.,0.,-1.));
#8610=DIRECTION('',(0.,0.,-1.));
#8611=DIRECTION('',(0.,0.,-1.));
#8612=DIRECTION('',(0.,0.,-1.));
#8613=DIRECTION('',(0.,0.,-1.));
#8614=DIRECTION('',(0.,0.,-1.));
#8615=DIRECTION('',(0.,0.,-1.));
#8616=DIRECTION('',(0.,0.,-1.));
#8617=DIRECTION('',(0.,0.,-1.));
#8618=DIRECTION('',(0.,1.,0.));
#8619=DIRECTION('',(0.,0.,1.));
#8620=DIRECTION('',(1.,0.,0.));
#8621=DIRECTION('',(0.,0.,-1.));
#8622=DIRECTION('',(1.,0.,0.));
#8623=DIRECTION('',(0.,0.,-1.));
#8624=DIRECTION('',(0.,-1.,0.));
#8625=DIRECTION('',(0.,0.,-1.));
#8626=DIRECTION('',(0.,1.,0.));
#8627=DIRECTION('',(0.,0.,1.));
#8628=DIRECTION('',(1.,0.,0.));
#8629=DIRECTION('',(0.,0.,-1.));
#8630=DIRECTION('',(-1.,0.,0.));
#8631=DIRECTION('',(0.,0.,1.));
#8632=DIRECTION('',(0.,1.,0.));
#8633=DIRECTION('',(0.,0.,-1.));
#8634=DIRECTION('',(0.,-1.,0.));
#8635=DIRECTION('',(0.,0.,-1.));
#8636=DIRECTION('',(-1.,0.,0.));
#8637=DIRECTION('',(0.,0.,-1.));
#8638=DIRECTION('',(0.,1.,0.));
#8639=DIRECTION('',(0.,0.,1.));
#8640=DIRECTION('',(1.,0.,0.));
#8641=DIRECTION('',(1.,0.,0.));
#8642=DIRECTION('',(0.,0.,1.));
#8643=DIRECTION('',(1.,0.,0.));
#8644=DIRECTION('',(1.,0.,0.));
#8645=DIRECTION('',(0.,0.,-1.));
#8646=DIRECTION('',(0.,-1.,0.));
#8647=DIRECTION('',(0.,0.,-1.));
#8648=DIRECTION('',(0.,-1.,0.));
#8649=DIRECTION('',(0.,0.,-1.));
#8650=DIRECTION('',(0.,-1.,0.));
#8651=DIRECTION('',(0.,0.,-1.));
#8652=DIRECTION('',(-1.,0.,0.));
#8653=DIRECTION('',(-1.,0.,0.));
#8654=DIRECTION('',(0.,0.,-1.));
#8655=DIRECTION('',(0.,0.,-1.));
#8656=DIRECTION('',(0.,0.,-1.));
#8657=DIRECTION('',(0.,0.,-1.));
#8658=DIRECTION('',(0.,0.,-1.));
#8659=DIRECTION('',(0.,0.,-1.));
#8660=DIRECTION('',(0.,0.,-1.));
#8661=DIRECTION('',(0.,0.,-1.));
#8662=DIRECTION('',(0.,0.,-1.));
#8663=DIRECTION('',(0.,1.,0.));
#8664=DIRECTION('',(0.,0.,1.));
#8665=DIRECTION('',(1.,0.,0.));
#8666=DIRECTION('',(0.,0.,-1.));
#8667=DIRECTION('',(1.,0.,0.));
#8668=DIRECTION('',(0.,0.,-1.));
#8669=DIRECTION('',(0.,-1.,0.));
#8670=DIRECTION('',(0.,0.,-1.));
#8671=DIRECTION('',(0.,1.,0.));
#8672=DIRECTION('',(0.,0.,1.));
#8673=DIRECTION('',(1.,0.,0.));
#8674=DIRECTION('',(0.,0.,-1.));
#8675=DIRECTION('',(-1.,0.,0.));
#8676=DIRECTION('',(0.,0.,1.));
#8677=DIRECTION('',(0.,1.,0.));
#8678=DIRECTION('',(0.,0.,-1.));
#8679=DIRECTION('',(0.,-1.,0.));
#8680=DIRECTION('',(0.,0.,-1.));
#8681=DIRECTION('',(-1.,0.,0.));
#8682=DIRECTION('',(0.,0.,-1.));
#8683=DIRECTION('',(0.,1.,0.));
#8684=DIRECTION('',(0.,0.,1.));
#8685=DIRECTION('',(1.,0.,0.));
#8686=DIRECTION('',(1.,0.,0.));
#8687=DIRECTION('',(0.,0.,1.));
#8688=DIRECTION('',(1.,0.,0.));
#8689=DIRECTION('',(0.,0.,-1.));
#8690=DIRECTION('',(0.,0.,-1.));
#8691=DIRECTION('',(0.,0.,-1.));
#8692=DIRECTION('',(0.,0.,-1.));
#8693=DIRECTION('',(0.,0.,-1.));
#8694=DIRECTION('',(-1.,0.,0.));
#8695=DIRECTION('',(0.,0.,1.));
#8696=DIRECTION('',(0.,1.,0.));
#8697=DIRECTION('',(0.,0.,-1.));
#8698=DIRECTION('',(0.,0.,-1.));
#8699=DIRECTION('',(0.118528780882476,-0.992950617151988,0.));
#8700=DIRECTION('',(0.,0.,-1.));
#8701=DIRECTION('',(-1.,0.,0.));
#8702=DIRECTION('',(0.,0.,-1.));
#8703=DIRECTION('',(0.,0.,-1.));
#8704=DIRECTION('',(0.,0.,-1.));
#8705=DIRECTION('',(-0.681785312519475,-0.731552313667807,0.));
#8706=DIRECTION('',(0.,0.,-1.));
#8707=DIRECTION('',(-1.,0.,0.));
#8708=DIRECTION('',(0.,0.,-1.));
#8709=DIRECTION('',(0.,0.,-1.));
#8710=DIRECTION('',(0.,1.,0.));
#8711=DIRECTION('',(0.,0.,1.));
#8712=DIRECTION('',(1.,0.,0.));
#8713=DIRECTION('',(0.,0.,-1.));
#8714=DIRECTION('',(0.,0.,-1.));
#8715=DIRECTION('',(0.,0.,-1.));
#8716=DIRECTION('',(0.,0.,-1.));
#8717=DIRECTION('',(0.,0.,-1.));
#8718=DIRECTION('',(0.,0.,-1.));
#8719=DIRECTION('',(0.,0.,-1.));
#8720=DIRECTION('',(0.,0.,-1.));
#8721=DIRECTION('',(0.,0.,-1.));
#8722=DIRECTION('',(-0.452191491936378,0.891920879125695,0.));
#8723=DIRECTION('',(0.,0.,-1.));
#8724=DIRECTION('',(-1.,0.,0.));
#8725=DIRECTION('',(0.,0.,-1.));
#8726=DIRECTION('',(0.,0.,-1.));
#8727=DIRECTION('',(-1.,0.,0.));
#8728=DIRECTION('',(0.,0.,-1.));
#8729=DIRECTION('',(0.,0.,-1.));
#8730=DIRECTION('',(0.,0.,-1.));
#8731=DIRECTION('',(0.,0.,-1.));
#8732=DIRECTION('',(0.,0.,-1.));
#8733=DIRECTION('',(0.,0.,-1.));
#8734=DIRECTION('',(-0.359305198972951,-0.933220110151409,0.));
#8735=DIRECTION('',(0.,0.,-1.));
#8736=DIRECTION('',(-1.,0.,0.));
#8737=DIRECTION('',(0.,0.,-1.));
#8738=DIRECTION('',(-1.,0.,0.));
#8739=DIRECTION('',(0.,0.,-1.));
#8740=DIRECTION('',(0.,0.,-1.));
#8741=DIRECTION('',(0.,0.,-1.));
#8742=DIRECTION('',(-0.760186645584817,0.64970475130978,0.));
#8743=DIRECTION('',(0.,0.,-1.));
#8744=DIRECTION('',(-1.,0.,0.));
#8745=DIRECTION('',(0.,0.,1.));
#8746=DIRECTION('',(1.,0.,0.));
#8747=DIRECTION('',(0.,0.,1.));
#8748=DIRECTION('',(1.,0.,0.));
#8749=DIRECTION('',(0.,1.,0.));
#8750=DIRECTION('',(0.,0.,1.));
#8751=DIRECTION('',(0.,0.,-1.));
#8752=DIRECTION('',(1.,0.,0.));
#8753=DIRECTION('',(0.,0.,-1.));
#8754=DIRECTION('',(-0.956705822471395,0.291056642682025,0.));
#8755=DIRECTION('',(-0.291056642682025,-0.956705822471395,0.));
#8756=DIRECTION('',(0.291056642682025,0.956705822471395,0.));
#8757=DIRECTION('',(0.,0.,-1.));
#8758=DIRECTION('',(0.,1.,0.));
#8759=DIRECTION('',(0.,0.,1.));
#8760=DIRECTION('',(1.,0.,0.));
#8761=DIRECTION('',(0.,0.,-1.));
#8762=DIRECTION('',(0.956705822471395,0.291056642682025,0.));
#8763=DIRECTION('',(-0.291056642682025,0.956705822471395,0.));
#8764=DIRECTION('',(0.291056642682025,-0.956705822471395,0.));
#8765=DIRECTION('',(0.,0.,-1.));
#8766=DIRECTION('',(0.,1.,0.));
#8767=DIRECTION('',(0.,0.,1.));
#8768=DIRECTION('',(1.,0.,0.));
#8769=DIRECTION('',(0.,0.,-1.));
#8770=DIRECTION('',(-0.943395814745621,-0.331669016823168,0.));
#8771=DIRECTION('',(0.331669016823168,-0.943395814745621,0.));
#8772=DIRECTION('',(-0.331669016823168,0.943395814745621,0.));
#8773=DIRECTION('',(0.,0.,-1.));
#8774=DIRECTION('',(0.,-1.,0.));
#8775=DIRECTION('',(0.,0.,-1.));
#8776=DIRECTION('',(-1.,0.,0.));
#8777=DIRECTION('',(0.,0.,-1.));
#8778=DIRECTION('',(0.,-1.,0.));
#8779=DIRECTION('',(0.,0.,-1.));
#8780=DIRECTION('',(-1.,0.,0.));
#8781=DIRECTION('',(0.,0.,-1.));
#8782=DIRECTION('',(-1.,0.,0.));
#8783=DIRECTION('',(-4.18191242202206E-25,0.,-1.));
#8784=DIRECTION('',(-0.955335859262325,0.29552224283041,3.99513089705224E-25));
#8785=DIRECTION('',(-0.29552224283041,-0.955335859262325,-7.2831706052676E-18));
#8786=DIRECTION('',(0.29552224283041,0.955335859262325,0.));
#8787=DIRECTION('',(-0.29552224283041,-0.955335859262325,-7.2831706052676E-18));
#8788=DIRECTION('',(0.,0.,-1.));
#8789=DIRECTION('',(0.,0.,-1.));
#8790=DIRECTION('',(0.965892069455044,-0.258944994475377,0.));
#8791=DIRECTION('',(0.,0.,-1.));
#8792=DIRECTION('',(-1.,0.,0.));
#8793=DIRECTION('',(0.,0.,-1.));
#8794=DIRECTION('',(-1.,0.,0.));
#8795=DIRECTION('',(0.,0.,-1.));
#8796=DIRECTION('',(0.943009304808469,-0.332766361047279,0.));
#8797=DIRECTION('',(0.332766361047279,0.943009304808469,0.));
#8798=DIRECTION('',(-0.332766361047279,-0.943009304808469,0.));
#8799=DIRECTION('',(0.,0.,1.));
#8800=DIRECTION('',(1.,0.,0.));
#8801=DIRECTION('',(0.,0.,1.));
#8802=DIRECTION('',(1.,0.,0.));
#8803=DIRECTION('',(1.,0.,0.));
#8804=DIRECTION('',(0.,0.,-1.));
#8805=DIRECTION('',(0.,-1.,0.));
#8806=DIRECTION('',(0.,0.,-1.));
#8807=DIRECTION('',(0.,-1.,0.));
#8808=DIRECTION('',(0.,0.,-1.));
#8809=DIRECTION('',(0.,-1.,0.));
#8810=DIRECTION('',(0.,0.,-1.));
#8811=DIRECTION('',(-1.,0.,0.));
#8812=DIRECTION('',(-1.,0.,0.));
#8813=DIRECTION('',(0.,0.,-1.));
#8814=DIRECTION('',(0.,0.,-1.));
#8815=DIRECTION('',(0.,0.,-1.));
#8816=DIRECTION('',(0.,0.,-1.));
#8817=DIRECTION('',(0.,0.,-1.));
#8818=DIRECTION('',(0.,1.,0.));
#8819=DIRECTION('',(0.,0.,1.));
#8820=DIRECTION('',(0.,0.,-1.));
#8821=DIRECTION('',(1.,0.,0.));
#8822=DIRECTION('',(0.,0.,-1.));
#8823=DIRECTION('',(1.,0.,0.));
#8824=DIRECTION('',(0.,0.,-1.));
#8825=DIRECTION('',(0.,-1.,0.));
#8826=DIRECTION('',(0.,0.,-1.));
#8827=DIRECTION('',(0.,1.,0.));
#8828=DIRECTION('',(0.,0.,1.));
#8829=DIRECTION('',(1.,0.,0.));
#8830=DIRECTION('',(0.,0.,-1.));
#8831=DIRECTION('',(-1.,0.,0.));
#8832=DIRECTION('',(0.,0.,1.));
#8833=DIRECTION('',(0.,1.,0.));
#8834=DIRECTION('',(0.,0.,-1.));
#8835=DIRECTION('',(0.,-1.,0.));
#8836=DIRECTION('',(0.,0.,-1.));
#8837=DIRECTION('',(-1.,0.,0.));
#8838=DIRECTION('',(0.,0.,-1.));
#8839=DIRECTION('',(0.,0.,-1.));
#8840=DIRECTION('',(0.,0.,-1.));
#8841=DIRECTION('',(0.,0.,-1.));
#8842=DIRECTION('',(-0.954652601326977,-0.297722036100179,0.));
#8843=DIRECTION('',(0.,0.,-1.));
#8844=DIRECTION('',(-1.,0.,0.));
#8845=DIRECTION('',(0.,0.,-1.));
#8846=DIRECTION('',(0.,0.,-1.));
#8847=DIRECTION('',(-0.621915272503405,-0.78308453811004,0.));
#8848=DIRECTION('',(0.,0.,-1.));
#8849=DIRECTION('',(-1.,0.,0.));
#8850=DIRECTION('',(0.,0.,-1.));
#8851=DIRECTION('',(0.,0.,-1.));
#8852=DIRECTION('',(0.828304179893463,-0.560278667781505,0.));
#8853=DIRECTION('',(0.,0.,-1.));
#8854=DIRECTION('',(-1.,0.,0.));
#8855=DIRECTION('',(0.,0.,-1.));
#8856=DIRECTION('',(0.,1.,0.));
#8857=DIRECTION('',(0.,0.,1.));
#8858=DIRECTION('',(1.,0.,0.));
#8859=DIRECTION('',(0.,0.,-1.));
#8860=DIRECTION('',(-0.849003495569243,0.528387229701104,0.));
#8861=DIRECTION('',(-0.528387229701104,-0.849003495569243,0.));
#8862=DIRECTION('',(0.528387229701104,0.849003495569243,0.));
#8863=DIRECTION('',(0.,1.,0.));
#8864=DIRECTION('',(0.,0.,1.));
#8865=DIRECTION('',(1.,0.,0.));
#8866=DIRECTION('',(1.,0.,0.));
#8867=DIRECTION('',(0.,0.,1.));
#8868=DIRECTION('',(1.,0.,0.));
#8869=DIRECTION('',(0.,0.,-1.));
#8870=DIRECTION('',(0.,0.,-1.));
#8871=DIRECTION('',(0.,0.,-1.));
#8872=DIRECTION('',(0.,0.,-1.));
#8873=DIRECTION('',(0.,0.,-1.));
#8874=DIRECTION('',(0.,0.,-1.));
#8875=DIRECTION('',(0.,0.,-1.));
#8876=DIRECTION('',(0.,0.,-1.));
#8877=DIRECTION('',(0.,0.,-1.));
#8878=DIRECTION('',(0.,0.,-1.));
#8879=DIRECTION('',(0.,0.,-1.));
#8880=DIRECTION('',(0.,0.,-1.));
#8881=DIRECTION('',(0.,0.,-1.));
#8882=DIRECTION('',(0.,0.,-1.));
#8883=DIRECTION('',(0.,0.,1.));
#8884=DIRECTION('',(1.,0.,0.));
#8885=DIRECTION('',(0.,0.,1.));
#8886=DIRECTION('',(1.,0.,0.));
#8887=DIRECTION('',(-1.,0.,0.));
#8888=DIRECTION('',(0.,0.,1.));
#8889=DIRECTION('',(0.,0.,-1.));
#8890=DIRECTION('',(0.,1.,0.));
#8891=DIRECTION('',(0.,0.,-1.));
#8892=DIRECTION('',(0.,-1.,0.));
#8893=DIRECTION('',(0.,0.,-1.));
#8894=DIRECTION('',(-1.,0.,0.));
#8895=DIRECTION('',(0.,0.,-1.));
#8896=DIRECTION('',(0.,0.,-1.));
#8897=DIRECTION('',(0.,0.,-1.));
#8898=DIRECTION('',(0.,0.,-1.));
#8899=DIRECTION('',(0.,0.,-1.));
#8900=DIRECTION('',(-0.524983817418829,-0.851112208494481,0.));
#8901=DIRECTION('',(0.,0.,-1.));
#8902=DIRECTION('',(-1.,0.,0.));
#8903=DIRECTION('',(0.,0.,-1.));
#8904=DIRECTION('',(1.,0.,0.));
#8905=DIRECTION('',(0.,0.,-1.));
#8906=DIRECTION('',(0.,-1.,0.));
#8907=DIRECTION('',(0.,0.,-1.));
#8908=DIRECTION('',(0.,0.,-1.));
#8909=DIRECTION('',(0.,0.,-1.));
#8910=DIRECTION('',(0.,0.,-1.));
#8911=DIRECTION('',(0.,0.,-1.));
#8912=DIRECTION('',(0.,1.,0.));
#8913=DIRECTION('',(0.,0.,1.));
#8914=DIRECTION('',(1.,0.,0.));
#8915=DIRECTION('',(0.,0.,-1.));
#8916=DIRECTION('',(1.,0.,0.));
#8917=DIRECTION('',(0.,0.,-1.));
#8918=DIRECTION('',(1.,0.,0.));
#8919=DIRECTION('',(0.,0.,-1.));
#8920=DIRECTION('',(0.,-1.,0.));
#8921=DIRECTION('',(0.,-1.,0.));
#8922=DIRECTION('',(0.,0.,-1.));
#8923=DIRECTION('',(0.,-1.,0.));
#8924=DIRECTION('',(0.,0.,-1.));
#8925=DIRECTION('',(-1.,0.,0.));
#8926=DIRECTION('',(-1.,0.,0.));
#8927=DIRECTION('',(0.,0.,-1.));
#8928=DIRECTION('',(0.,0.,-1.));
#8929=DIRECTION('',(0.,0.,-1.));
#8930=DIRECTION('',(1.,0.,0.));
#8931=DIRECTION('',(0.,0.,-1.));
#8932=DIRECTION('',(0.,-1.,0.));
#8933=DIRECTION('',(0.,0.,-1.));
#8934=DIRECTION('',(0.,-1.,0.));
#8935=DIRECTION('',(0.,0.,-1.));
#8936=DIRECTION('',(0.,-1.,0.));
#8937=DIRECTION('',(0.,0.,-1.));
#8938=DIRECTION('',(-1.,0.,0.));
#8939=DIRECTION('',(-1.,0.,0.));
#8940=DIRECTION('',(0.,0.,-1.));
#8941=DIRECTION('',(0.,0.,-1.));
#8942=DIRECTION('',(0.,0.,-1.));
#8943=DIRECTION('',(0.,0.,-1.));
#8944=DIRECTION('',(0.,0.,-1.));
#8945=DIRECTION('',(0.,1.,0.));
#8946=DIRECTION('',(0.,0.,1.));
#8947=DIRECTION('',(1.,0.,0.));
#8948=DIRECTION('',(1.,0.,0.));
#8949=DIRECTION('',(0.,1.,0.));
#8950=DIRECTION('',(0.,0.,1.));
#8951=DIRECTION('',(1.,0.,0.));
#8952=DIRECTION('',(0.,0.,1.));
#8953=DIRECTION('',(1.,0.,0.));
#8954=DIRECTION('',(0.,0.,1.));
#8955=DIRECTION('',(1.,0.,0.));
#8956=DIRECTION('',(0.,0.,1.));
#8957=DIRECTION('',(1.,0.,0.));
#8958=DIRECTION('',(0.893189177744282,-0.449681101182265,0.));
#8959=DIRECTION('',(0.449681101182265,0.893189177744282,0.));
#8960=DIRECTION('',(0.,0.,-1.));
#8961=DIRECTION('',(-0.449681101182265,-0.893189177744282,0.));
#8962=DIRECTION('',(0.,0.,-1.));
#8963=DIRECTION('',(-0.892043423835475,-0.451949698519518,0.));
#8964=DIRECTION('',(0.451949698519518,-0.892043423835475,0.));
#8965=DIRECTION('',(-0.451949698519518,0.892043423835475,0.));
#8966=DIRECTION('',(0.,0.,-1.));
#8967=DIRECTION('',(0.,-1.,0.));
#8968=DIRECTION('',(0.,0.,-1.));
#8969=DIRECTION('',(-1.,0.,0.));
#8970=DIRECTION('',(0.,0.,-1.));
#8971=DIRECTION('',(0.878736479315298,0.477307238495872,0.));
#8972=DIRECTION('',(-0.477307238495872,0.878736479315298,0.));
#8973=DIRECTION('',(0.477307238495872,-0.878736479315298,0.));
#8974=DIRECTION('',(0.,0.,-1.));
#8975=DIRECTION('',(1.,0.,0.));
#8976=DIRECTION('',(0.,0.,-1.));
#8977=DIRECTION('',(0.,-1.,0.));
#8978=DIRECTION('',(0.,0.,-1.));
#8979=DIRECTION('',(0.,1.,0.));
#8980=DIRECTION('',(0.,0.,1.));
#8981=DIRECTION('',(1.,0.,0.));
#8982=DIRECTION('',(0.,0.,-1.));
#8983=DIRECTION('',(-1.,0.,0.));
#8984=DIRECTION('',(0.,0.,1.));
#8985=DIRECTION('',(0.,1.,0.));
#8986=DIRECTION('',(0.,0.,-1.));
#8987=DIRECTION('',(-0.880931772391802,0.473243290909272,0.));
#8988=DIRECTION('',(-0.473243290909272,-0.880931772391802,0.));
#8989=DIRECTION('',(0.473243290909272,0.880931772391802,0.));
#8990=DIRECTION('',(0.,0.,-1.));
#8991=DIRECTION('',(0.,-1.,0.));
#8992=DIRECTION('',(0.,0.,-1.));
#8993=DIRECTION('',(-1.,0.,0.));
#8994=DIRECTION('',(0.,0.,1.));
#8995=DIRECTION('',(1.,0.,0.));
#8996=DIRECTION('',(0.,1.,0.));
#8997=DIRECTION('',(0.,0.,1.));
#8998=DIRECTION('',(0.,0.,-1.));
#8999=DIRECTION('',(1.,0.,0.));
#9000=DIRECTION('',(0.,0.,-1.));
#9001=DIRECTION('',(-1.,0.,0.));
#9002=DIRECTION('',(0.,0.,1.));
#9003=DIRECTION('',(0.,1.,0.));
#9004=DIRECTION('',(0.,0.,-1.));
#9005=DIRECTION('',(0.,-1.,0.));
#9006=DIRECTION('',(0.,0.,-1.));
#9007=DIRECTION('',(-1.,0.,0.));
#9008=DIRECTION('',(0.,0.,-1.));
#9009=DIRECTION('',(1.,0.,0.));
#9010=DIRECTION('',(0.,0.,-1.));
#9011=DIRECTION('',(0.,-1.,0.));
#9012=DIRECTION('',(0.,0.,-1.));
#9013=DIRECTION('',(0.,-1.,0.));
#9014=DIRECTION('',(0.,0.,-1.));
#9015=DIRECTION('',(-1.,0.,0.));
#9016=DIRECTION('',(0.,0.,-1.));
#9017=DIRECTION('',(1.,0.,0.));
#9018=DIRECTION('',(0.,0.,-1.));
#9019=DIRECTION('',(0.,-1.,0.));
#9020=DIRECTION('',(0.,0.,1.));
#9021=DIRECTION('',(1.,0.,0.));
#9022=DIRECTION('',(1.,0.,0.));
#9023=DIRECTION('',(0.,0.,-1.));
#9024=DIRECTION('',(0.,0.,-1.));
#9025=DIRECTION('',(0.,-1.,0.));
#9026=DIRECTION('',(0.,0.,-1.));
#9027=DIRECTION('',(0.,1.,0.));
#9028=DIRECTION('',(0.,0.,1.));
#9029=DIRECTION('',(1.,0.,0.));
#9030=DIRECTION('',(0.,0.,-1.));
#9031=DIRECTION('',(-0.866819582348767,0.498621912531638,0.));
#9032=DIRECTION('',(-0.498621912531638,-0.866819582348768,0.));
#9033=DIRECTION('',(0.498621912531638,0.866819582348768,0.));
#9034=DIRECTION('',(0.,0.,-1.));
#9035=DIRECTION('',(0.,1.,0.));
#9036=DIRECTION('',(0.,0.,1.));
#9037=DIRECTION('',(1.,0.,0.));
#9038=DIRECTION('',(0.,0.,-1.));
#9039=DIRECTION('',(0.,0.,-1.));
#9040=DIRECTION('',(-0.99910105800803,0.0423919318648642,0.));
#9041=DIRECTION('',(0.,0.,-1.));
#9042=DIRECTION('',(-1.,0.,0.));
#9043=DIRECTION('',(0.,0.,-1.));
#9044=DIRECTION('',(1.,0.,0.));
#9045=DIRECTION('',(0.,0.,-1.));
#9046=DIRECTION('',(0.,-1.,0.));
#9047=DIRECTION('',(0.,0.,-1.));
#9048=DIRECTION('',(0.,1.,0.));
#9049=DIRECTION('',(0.,0.,1.));
#9050=DIRECTION('',(1.,0.,0.));
#9051=DIRECTION('',(0.,0.,-1.));
#9052=DIRECTION('',(-1.,0.,0.));
#9053=DIRECTION('',(0.,0.,1.));
#9054=DIRECTION('',(0.,1.,0.));
#9055=DIRECTION('',(0.,0.,-1.));
#9056=DIRECTION('',(0.,-1.,0.));
#9057=DIRECTION('',(0.,0.,-1.));
#9058=DIRECTION('',(-1.,0.,0.));
#9059=DIRECTION('',(0.,0.,-1.));
#9060=DIRECTION('',(0.865114564388653,-0.501574312024282,0.));
#9061=DIRECTION('',(0.501574312024282,0.865114564388653,0.));
#9062=DIRECTION('',(-0.501574312024282,-0.865114564388653,0.));
#9063=DIRECTION('',(0.,0.,-1.));
#9064=DIRECTION('',(0.,-1.,0.));
#9065=DIRECTION('',(0.,0.,-1.));
#9066=DIRECTION('',(-1.,0.,0.));
#9067=DIRECTION('',(0.,0.,-1.));
#9068=DIRECTION('',(0.,0.,-1.));
#9069=DIRECTION('',(0.999406842670625,-0.0344378109515183,0.));
#9070=DIRECTION('',(0.,0.,-1.));
#9071=DIRECTION('',(-1.,0.,0.));
#9072=DIRECTION('',(0.,0.,-1.));
#9073=DIRECTION('',(-1.,0.,0.));
#9074=DIRECTION('',(0.,0.,1.));
#9075=DIRECTION('',(0.,1.,0.));
#9076=DIRECTION('',(0.,0.,-1.));
#9077=DIRECTION('',(0.,-1.,0.));
#9078=DIRECTION('',(0.,0.,-1.));
#9079=DIRECTION('',(-1.,0.,0.));
#9080=DIRECTION('',(0.,0.,1.));
#9081=DIRECTION('',(1.,0.,0.));
#9082=DIRECTION('',(0.893189177744282,-0.449681101182265,0.));
#9083=DIRECTION('',(0.449681101182265,0.893189177744282,0.));
#9084=DIRECTION('',(0.,0.,-1.));
#9085=DIRECTION('',(-0.449681101182265,-0.893189177744282,0.));
#9086=DIRECTION('',(0.,0.,-1.));
#9087=DIRECTION('',(-0.892043423835475,-0.451949698519518,0.));
#9088=DIRECTION('',(0.451949698519518,-0.892043423835475,0.));
#9089=DIRECTION('',(-0.451949698519518,0.892043423835475,0.));
#9090=DIRECTION('',(0.,0.,-1.));
#9091=DIRECTION('',(0.,-1.,0.));
#9092=DIRECTION('',(0.,0.,-1.));
#9093=DIRECTION('',(-1.,0.,0.));
#9094=DIRECTION('',(0.,0.,-1.));
#9095=DIRECTION('',(0.878736479315296,0.477307238495876,0.));
#9096=DIRECTION('',(-0.477307238495876,0.878736479315296,0.));
#9097=DIRECTION('',(0.477307238495876,-0.878736479315296,0.));
#9098=DIRECTION('',(0.,0.,-1.));
#9099=DIRECTION('',(1.,0.,0.));
#9100=DIRECTION('',(0.,0.,-1.));
#9101=DIRECTION('',(0.,-1.,0.));
#9102=DIRECTION('',(0.,0.,-1.));
#9103=DIRECTION('',(0.,1.,0.));
#9104=DIRECTION('',(0.,0.,1.));
#9105=DIRECTION('',(1.,0.,0.));
#9106=DIRECTION('',(0.,0.,-1.));
#9107=DIRECTION('',(-1.,0.,0.));
#9108=DIRECTION('',(0.,0.,1.));
#9109=DIRECTION('',(0.,1.,0.));
#9110=DIRECTION('',(0.,0.,-1.));
#9111=DIRECTION('',(-0.880931772391802,0.473243290909272,0.));
#9112=DIRECTION('',(-0.473243290909272,-0.880931772391802,0.));
#9113=DIRECTION('',(0.473243290909272,0.880931772391802,0.));
#9114=DIRECTION('',(0.,0.,-1.));
#9115=DIRECTION('',(0.,-1.,0.));
#9116=DIRECTION('',(0.,0.,-1.));
#9117=DIRECTION('',(-1.,0.,0.));
#9118=DIRECTION('',(0.,0.,1.));
#9119=DIRECTION('',(1.,0.,0.));
#9120=DIRECTION('',(1.,0.,0.));
#9121=DIRECTION('',(0.,0.,-1.));
#9122=DIRECTION('',(0.,0.,-1.));
#9123=DIRECTION('',(0.,-1.,0.));
#9124=DIRECTION('',(0.,0.,-1.));
#9125=DIRECTION('',(0.,1.,0.));
#9126=DIRECTION('',(0.,0.,1.));
#9127=DIRECTION('',(1.,0.,0.));
#9128=DIRECTION('',(0.,0.,-1.));
#9129=DIRECTION('',(-1.,0.,0.));
#9130=DIRECTION('',(0.,0.,1.));
#9131=DIRECTION('',(0.,1.,0.));
#9132=DIRECTION('',(0.,0.,-1.));
#9133=DIRECTION('',(0.,-1.,0.));
#9134=DIRECTION('',(0.,0.,-1.));
#9135=DIRECTION('',(-1.,0.,0.));
#9136=DIRECTION('',(0.,0.,-1.));
#9137=DIRECTION('',(1.,0.,0.));
#9138=DIRECTION('',(0.,0.,-1.));
#9139=DIRECTION('',(0.,-1.,0.));
#9140=DIRECTION('',(0.,0.,-1.));
#9141=DIRECTION('',(0.,1.,0.));
#9142=DIRECTION('',(0.,0.,1.));
#9143=DIRECTION('',(1.,0.,0.));
#9144=DIRECTION('',(0.,0.,-1.));
#9145=DIRECTION('',(1.,0.,0.));
#9146=DIRECTION('',(0.,0.,-1.));
#9147=DIRECTION('',(0.,-1.,0.));
#9148=DIRECTION('',(0.,0.,-1.));
#9149=DIRECTION('',(0.,-1.,0.));
#9150=DIRECTION('',(0.,0.,-1.));
#9151=DIRECTION('',(-1.,0.,0.));
#9152=DIRECTION('',(0.,0.,-1.));
#9153=DIRECTION('',(1.,0.,0.));
#9154=DIRECTION('',(0.,0.,-1.));
#9155=DIRECTION('',(0.,-1.,0.));
#9156=DIRECTION('',(0.,0.,-1.));
#9157=DIRECTION('',(0.,1.,0.));
#9158=DIRECTION('',(0.,0.,1.));
#9159=DIRECTION('',(1.,0.,0.));
#9160=DIRECTION('',(0.,0.,-1.));
#9161=DIRECTION('',(1.,0.,0.));
#9162=DIRECTION('',(0.,0.,-1.));
#9163=DIRECTION('',(0.,-1.,0.));
#9164=DIRECTION('',(0.,0.,-1.));
#9165=DIRECTION('',(0.,-1.,0.));
#9166=DIRECTION('',(0.,0.,-1.));
#9167=DIRECTION('',(-1.,0.,0.));
#9168=DIRECTION('',(0.,0.,1.));
#9169=DIRECTION('',(1.,0.,0.));
#9170=DIRECTION('',(1.,0.,0.));
#9171=DIRECTION('',(0.,0.,-1.));
#9172=DIRECTION('',(0.,0.,-1.));
#9173=DIRECTION('',(0.,-1.,0.));
#9174=DIRECTION('',(0.,0.,-1.));
#9175=DIRECTION('',(0.,1.,0.));
#9176=DIRECTION('',(0.,0.,1.));
#9177=DIRECTION('',(1.,0.,0.));
#9178=DIRECTION('',(0.,0.,-1.));
#9179=DIRECTION('',(-1.,0.,0.));
#9180=DIRECTION('',(0.,0.,1.));
#9181=DIRECTION('',(0.,1.,0.));
#9182=DIRECTION('',(0.,0.,-1.));
#9183=DIRECTION('',(0.,1.,0.));
#9184=DIRECTION('',(0.,0.,1.));
#9185=DIRECTION('',(1.,0.,0.));
#9186=DIRECTION('',(0.,0.,-1.));
#9187=DIRECTION('',(-1.,0.,0.));
#9188=DIRECTION('',(0.,0.,1.));
#9189=DIRECTION('',(0.,1.,0.));
#9190=DIRECTION('',(0.,0.,-1.));
#9191=DIRECTION('',(0.,-1.,0.));
#9192=DIRECTION('',(0.,0.,-1.));
#9193=DIRECTION('',(-1.,0.,0.));
#9194=DIRECTION('',(0.,0.,-1.));
#9195=DIRECTION('',(1.,0.,0.));
#9196=DIRECTION('',(0.,0.,-1.));
#9197=DIRECTION('',(0.,-1.,0.));
#9198=DIRECTION('',(0.,0.,-1.));
#9199=DIRECTION('',(0.,1.,0.));
#9200=DIRECTION('',(0.,0.,1.));
#9201=DIRECTION('',(1.,0.,0.));
#9202=DIRECTION('',(0.,0.,1.));
#9203=DIRECTION('',(1.,0.,0.));
#9204=DIRECTION('',(1.,0.,0.));
#9205=DIRECTION('',(0.,0.,-1.));
#9206=DIRECTION('',(0.,0.,-1.));
#9207=DIRECTION('',(0.,-1.,0.));
#9208=DIRECTION('',(0.,0.,-1.));
#9209=DIRECTION('',(0.,1.,0.));
#9210=DIRECTION('',(0.,0.,1.));
#9211=DIRECTION('',(1.,0.,0.));
#9212=DIRECTION('',(0.,0.,-1.));
#9213=DIRECTION('',(-1.,0.,0.));
#9214=DIRECTION('',(0.,0.,1.));
#9215=DIRECTION('',(0.,1.,0.));
#9216=DIRECTION('',(0.,0.,-1.));
#9217=DIRECTION('',(0.,1.,0.));
#9218=DIRECTION('',(0.,0.,1.));
#9219=DIRECTION('',(1.,0.,0.));
#9220=DIRECTION('',(0.,0.,-1.));
#9221=DIRECTION('',(-1.,0.,0.));
#9222=DIRECTION('',(0.,0.,1.));
#9223=DIRECTION('',(0.,1.,0.));
#9224=DIRECTION('',(0.,0.,-1.));
#9225=DIRECTION('',(0.,-1.,0.));
#9226=DIRECTION('',(0.,0.,-1.));
#9227=DIRECTION('',(-1.,0.,0.));
#9228=DIRECTION('',(0.,0.,-1.));
#9229=DIRECTION('',(1.,0.,0.));
#9230=DIRECTION('',(0.,0.,-1.));
#9231=DIRECTION('',(0.,-1.,0.));
#9232=DIRECTION('',(0.,0.,-1.));
#9233=DIRECTION('',(0.,1.,0.));
#9234=DIRECTION('',(0.,0.,1.));
#9235=DIRECTION('',(1.,0.,0.));
#9236=DIRECTION('',(0.,0.,1.));
#9237=DIRECTION('',(1.,0.,0.));
#9238=DIRECTION('',(-0.952939587580449,-0.303160258645496,0.));
#9239=DIRECTION('',(0.303160258645496,-0.952939587580449,0.));
#9240=DIRECTION('',(0.,0.,-1.));
#9241=DIRECTION('',(-0.303160258645496,0.952939587580449,0.));
#9242=DIRECTION('',(0.,0.,-1.));
#9243=DIRECTION('',(0.,-1.,0.));
#9244=DIRECTION('',(0.,0.,-1.));
#9245=DIRECTION('',(-1.,0.,0.));
#9246=DIRECTION('',(0.,0.,-1.));
#9247=DIRECTION('',(0.946801792303206,0.321817286812622,0.));
#9248=DIRECTION('',(-0.321817286812622,0.946801792303206,0.));
#9249=DIRECTION('',(0.321817286812622,-0.946801792303206,0.));
#9250=DIRECTION('',(0.,0.,-1.));
#9251=DIRECTION('',(0.,1.,0.));
#9252=DIRECTION('',(0.,0.,1.));
#9253=DIRECTION('',(1.,0.,0.));
#9254=DIRECTION('',(0.,0.,-1.));
#9255=DIRECTION('',(-0.946991086875102,0.321259834680767,0.));
#9256=DIRECTION('',(-0.321259834680767,-0.946991086875102,0.));
#9257=DIRECTION('',(0.321259834680767,0.946991086875102,0.));
#9258=DIRECTION('',(0.,0.,-1.));
#9259=DIRECTION('',(0.,-1.,0.));
#9260=DIRECTION('',(0.,0.,-1.));
#9261=DIRECTION('',(-1.,0.,0.));
#9262=DIRECTION('',(0.,0.,-1.));
#9263=DIRECTION('',(0.953444774439909,-0.301567674151641,0.));
#9264=DIRECTION('',(0.301567674151641,0.953444774439909,0.));
#9265=DIRECTION('',(-0.301567674151641,-0.953444774439909,0.));
#9266=DIRECTION('',(0.,0.,-1.));
#9267=DIRECTION('',(0.,0.,-1.));
#9268=DIRECTION('',(-0.966638763306763,0.256143516944645,0.));
#9269=DIRECTION('',(0.,0.,-1.));
#9270=DIRECTION('',(-1.,0.,0.));
#9271=DIRECTION('',(0.,0.,-1.));
#9272=DIRECTION('',(0.,0.,-1.));
#9273=DIRECTION('',(-0.979042031964806,0.203658291376078,0.));
#9274=DIRECTION('',(0.,0.,-1.));
#9275=DIRECTION('',(-1.,0.,0.));
#9276=DIRECTION('',(0.,0.,-1.));
#9277=DIRECTION('',(0.,0.,1.));
#9278=DIRECTION('',(1.,0.,0.));
#9279=DIRECTION('',(0.,0.,1.));
#9280=DIRECTION('',(1.,0.,0.));
#9281=DIRECTION('',(0.,0.,1.));
#9282=DIRECTION('',(1.,0.,0.));
#9283=DIRECTION('',(0.,0.,1.));
#9284=DIRECTION('',(1.,0.,0.));
#9285=DIRECTION('',(0.5,0.,-0.866025403784438));
#9286=DIRECTION('',(0.,1.,0.));
#9287=DIRECTION('',(-0.5,0.,-0.866025403784438));
#9288=DIRECTION('',(0.,-1.,0.));
#9289=DIRECTION('',(0.,0.,1.));
#9290=DIRECTION('',(1.,0.,0.));
#9291=DIRECTION('',(0.,0.,1.));
#9292=DIRECTION('',(1.,0.,0.));
#9293=DIRECTION('',(0.,0.,1.));
#9294=DIRECTION('',(1.,0.,0.));
#9295=DIRECTION('',(0.,0.,-1.));
#9296=DIRECTION('',(-1.,0.,0.));
#9297=DIRECTION('',(0.,0.,1.));
#9298=DIRECTION('',(1.,0.,0.));
#9299=DIRECTION('',(0.,0.,1.));
#9300=DIRECTION('',(1.,0.,0.));
#9301=DIRECTION('',(0.,0.,1.));
#9302=DIRECTION('',(1.,0.,0.));
#9303=DIRECTION('',(0.,0.,-1.));
#9304=DIRECTION('',(-1.,0.,0.));
#9305=DIRECTION('',(0.,0.,1.));
#9306=DIRECTION('',(1.,0.,0.));
#9307=DIRECTION('',(0.,0.,-1.));
#9308=DIRECTION('',(1.,0.,0.));
#9309=DIRECTION('',(0.,0.,1.));
#9310=DIRECTION('',(1.,0.,0.));
#9311=DIRECTION('',(0.,0.,-1.));
#9312=DIRECTION('',(-1.,0.,0.));
#9313=DIRECTION('',(0.,0.,1.));
#9314=DIRECTION('',(1.,0.,0.));
#9315=DIRECTION('',(0.,0.,1.));
#9316=DIRECTION('',(1.,0.,0.));
#9317=DIRECTION('',(0.,0.,1.));
#9318=DIRECTION('',(1.,0.,0.));
#9319=DIRECTION('',(0.,0.,-1.));
#9320=DIRECTION('',(-1.,0.,0.));
#9321=DIRECTION('',(0.,0.,1.));
#9322=DIRECTION('',(1.,0.,0.));
#9323=DIRECTION('',(0.,0.,-1.));
#9324=DIRECTION('',(-1.,0.,0.));
#9325=DIRECTION('',(0.,0.,-1.));
#9326=DIRECTION('',(-1.,0.,0.));
#9327=DIRECTION('',(0.,0.,1.));
#9328=DIRECTION('',(1.,0.,0.));
#9329=DIRECTION('',(0.,0.,-1.));
#9330=DIRECTION('',(-1.,0.,0.));
#9331=DIRECTION('',(0.,0.,-1.));
#9332=DIRECTION('',(-1.,0.,0.));
#9333=DIRECTION('',(0.,0.,1.));
#9334=DIRECTION('',(1.,0.,0.));
#9335=DIRECTION('',(0.,0.,-1.));
#9336=DIRECTION('',(-1.,0.,0.));
#9337=DIRECTION('',(0.,0.,-1.));
#9338=DIRECTION('',(-1.,0.,0.));
#9339=DIRECTION('',(0.,0.,1.));
#9340=DIRECTION('',(1.,0.,0.));
#9341=DIRECTION('',(0.,0.,-1.));
#9342=DIRECTION('',(-1.,0.,0.));
#9343=DIRECTION('',(0.,0.,-1.));
#9344=DIRECTION('',(-1.,0.,0.));
#9345=DIRECTION('',(0.707106781186548,0.707106781186548,0.));
#9346=DIRECTION('',(0.,0.,1.));
#9347=DIRECTION('',(-0.577350269189626,0.577350269189626,0.577350269189626));
#9348=DIRECTION('',(0.707106781186548,0.,0.707106781186547));
#9349=DIRECTION('',(0.,-1.,0.));
#9350=DIRECTION('',(0.577350269189626,0.577350269189626,-0.577350269189626));
#9351=DIRECTION('',(-0.707106781186548,0.707106781186548,0.));
#9352=DIRECTION('',(0.,0.,-1.));
#9353=DIRECTION('',(-1.,0.,0.));
#9354=DIRECTION('',(0.,0.,1.));
#9355=DIRECTION('',(-1.,0.,0.));
#9356=DIRECTION('',(0.,0.,1.));
#9357=DIRECTION('',(0.,0.,-1.));
#9358=DIRECTION('',(0.,0.,-1.));
#9359=DIRECTION('',(-1.,0.,0.));
#9360=DIRECTION('',(0.,0.,1.));
#9361=DIRECTION('',(0.,1.,0.));
#9362=DIRECTION('',(0.,0.,1.));
#9363=DIRECTION('',(1.,0.,0.));
#9364=DIRECTION('',(0.,0.,-1.));
#9365=DIRECTION('',(-1.,0.,0.));
#9366=DIRECTION('',(0.,0.,1.));
#9367=DIRECTION('',(-1.,0.,0.));
#9368=DIRECTION('',(0.,0.,1.));
#9369=DIRECTION('',(0.,0.,-1.));
#9370=DIRECTION('',(-1.,0.,0.));
#9371=DIRECTION('',(0.,0.,1.));
#9372=DIRECTION('',(0.,1.,0.));
#9373=DIRECTION('',(0.,0.,1.));
#9374=DIRECTION('',(1.,0.,0.));
#9375=DIRECTION('',(0.,-1.,0.));
#9376=DIRECTION('',(0.,0.,-1.));
#9377=DIRECTION('',(0.,-1.,0.));
#9378=DIRECTION('',(0.,0.,-1.));
#9379=DIRECTION('',(0.,0.,-1.));
#9380=DIRECTION('',(0.,0.,-1.));
#9381=DIRECTION('',(-1.,0.,0.));
#9382=DIRECTION('',(0.,0.,1.));
#9383=DIRECTION('',(0.,1.,0.));
#9384=DIRECTION('',(0.,0.,-1.));
#9385=DIRECTION('',(0.,-1.,0.));
#9386=DIRECTION('',(0.,0.,-1.));
#9387=DIRECTION('',(0.,0.,-1.));
#9388=DIRECTION('',(0.,-1.,0.));
#9389=DIRECTION('',(0.,0.,-1.));
#9390=DIRECTION('',(-1.,0.,0.));
#9391=DIRECTION('',(0.,0.,1.));
#9392=DIRECTION('',(0.,-1.,0.));
#9393=DIRECTION('',(0.,0.,-1.));
#9394=DIRECTION('',(0.,-1.,0.));
#9395=DIRECTION('',(0.,0.,-1.));
#9396=DIRECTION('',(0.,0.,-1.));
#9397=DIRECTION('',(0.,0.,-1.));
#9398=DIRECTION('',(1.,-3.08395284618099E-16,0.));
#9399=DIRECTION('',(3.08395284618099E-16,1.,0.));
#9400=DIRECTION('',(-3.08395284618099E-16,-1.,0.));
#9401=DIRECTION('',(0.,0.,-1.));
#9402=DIRECTION('',(0.,-1.,0.));
#9403=DIRECTION('',(0.,0.,-1.));
#9404=DIRECTION('',(0.,0.,-1.));
#9405=DIRECTION('',(0.,-1.,0.));
#9406=DIRECTION('',(0.,0.,-1.));
#9407=DIRECTION('',(1.,0.,0.));
#9408=DIRECTION('',(0.,0.,-1.));
#9409=DIRECTION('',(0.,-1.,0.));
#9410=DIRECTION('',(0.,0.,-1.));
#9411=DIRECTION('',(0.,0.,-1.));
#9412=DIRECTION('',(-1.,0.,0.));
#9413=DIRECTION('',(0.,0.,-1.));
#9414=DIRECTION('',(1.,0.,0.));
#9415=DIRECTION('',(0.,0.,-1.));
#9416=DIRECTION('',(1.,0.,0.));
#9417=DIRECTION('',(0.,0.,-1.));
#9418=DIRECTION('',(0.,0.,-1.));
#9419=DIRECTION('',(1.,0.,0.));
#9420=DIRECTION('',(0.,0.,-1.));
#9421=DIRECTION('',(-2.16840434497101E-16,-1.,0.));
#9422=DIRECTION('',(1.,-2.16840434497101E-16,0.));
#9423=DIRECTION('',(-1.,2.16840434497101E-16,0.));
#9424=DIRECTION('',(0.,0.,-1.));
#9425=DIRECTION('',(1.,0.,0.));
#9426=DIRECTION('',(0.,0.,-1.));
#9427=DIRECTION('',(1.,0.,0.));
#9428=DIRECTION('',(0.,0.,-1.));
#9429=DIRECTION('',(1.,0.,0.));
#9430=DIRECTION('',(0.,0.,-1.));
#9431=DIRECTION('',(-1.44560289664734E-16,-1.,0.));
#9432=DIRECTION('',(1.,-1.44560289664734E-16,0.));
#9433=DIRECTION('',(0.,0.,-1.));
#9434=DIRECTION('',(-1.,1.44560289664734E-16,0.));
#9435=DIRECTION('',(0.,0.,-1.));
#9436=DIRECTION('',(1.,0.,0.));
#9437=DIRECTION('',(0.,0.,-1.));
#9438=DIRECTION('',(1.,0.,0.));
#9439=DIRECTION('',(0.,0.,-1.));
#9440=DIRECTION('',(0.,0.,-1.));
#9441=DIRECTION('',(1.,0.,0.));
#9442=DIRECTION('',(0.,0.,-1.));
#9443=DIRECTION('',(3.61400724161835E-16,1.,0.));
#9444=DIRECTION('',(-1.,3.61400724161835E-16,0.));
#9445=DIRECTION('',(1.,-3.61400724161835E-16,0.));
#9446=DIRECTION('',(0.,0.,-1.));
#9447=DIRECTION('',(1.,0.,0.));
#9448=DIRECTION('',(0.,0.,-1.));
#9449=DIRECTION('',(1.,0.,0.));
#9450=DIRECTION('',(0.,0.,-1.));
#9451=DIRECTION('',(1.,0.,0.));
#9452=DIRECTION('',(0.,0.,-1.));
#9453=DIRECTION('',(0.,1.,0.));
#9454=DIRECTION('',(0.,0.,1.));
#9455=DIRECTION('',(0.,0.,-1.));
#9456=DIRECTION('',(1.,0.,0.));
#9457=DIRECTION('',(0.,0.,-1.));
#9458=DIRECTION('',(-1.,0.,0.));
#9459=DIRECTION('',(0.,0.,1.));
#9460=DIRECTION('',(-1.,0.,0.));
#9461=DIRECTION('',(0.,0.,1.));
#9462=DIRECTION('',(0.,0.,-1.));
#9463=DIRECTION('',(-1.,0.,0.));
#9464=DIRECTION('',(0.,0.,1.));
#9465=DIRECTION('',(0.,1.,0.));
#9466=DIRECTION('',(0.,0.,1.));
#9467=DIRECTION('',(1.,0.,0.));
#9468=DIRECTION('',(0.,0.,-1.));
#9469=DIRECTION('',(-1.,0.,0.));
#9470=DIRECTION('',(0.,0.,1.));
#9471=DIRECTION('',(-1.,0.,0.));
#9472=DIRECTION('',(0.,0.,1.));
#9473=DIRECTION('',(-1.,0.,0.));
#9474=DIRECTION('',(0.,0.,1.));
#9475=DIRECTION('',(0.,1.,0.));
#9476=DIRECTION('',(0.,0.,1.));
#9477=DIRECTION('',(0.,0.,-1.));
#9478=DIRECTION('',(1.,0.,0.));
#9479=DIRECTION('',(0.,0.,-1.));
#9480=DIRECTION('',(-1.,0.,0.));
#9481=DIRECTION('',(0.,0.,1.));
#9482=DIRECTION('',(-1.,0.,0.));
#9483=DIRECTION('',(0.,0.,1.));
#9484=DIRECTION('',(0.,0.,-1.));
#9485=DIRECTION('',(-1.,0.,0.));
#9486=DIRECTION('',(0.,0.,1.));
#9487=DIRECTION('',(0.,1.,0.));
#9488=DIRECTION('',(0.,0.,1.));
#9489=DIRECTION('',(1.,0.,0.));
#9490=DIRECTION('',(0.,0.,-1.));
#9491=DIRECTION('',(-1.,0.,0.));
#9492=DIRECTION('',(0.,0.,1.));
#9493=DIRECTION('',(-1.,0.,0.));
#9494=DIRECTION('',(0.,0.,1.));
#9495=DIRECTION('',(-1.,0.,0.));
#9496=DIRECTION('',(0.,0.,1.));
#9497=DIRECTION('',(0.,-1.,0.));
#9498=DIRECTION('',(0.,0.,-1.));
#9499=DIRECTION('',(1.,0.,0.));
#9500=DIRECTION('',(0.,0.,-1.));
#9501=DIRECTION('',(1.,0.,0.));
#9502=DIRECTION('',(0.,0.,-1.));
#9503=DIRECTION('',(1.,0.,0.));
#9504=DIRECTION('',(0.,0.,-1.));
#9505=DIRECTION('',(-1.,2.16840434497101E-16,0.));
#9506=DIRECTION('',(-2.16840434497101E-16,-1.,0.));
#9507=DIRECTION('',(-3.08395284618099E-16,-1.,0.));
#9508=DIRECTION('',(1.,-3.08395284618099E-16,0.));
#9509=DIRECTION('',(-1.,3.61400724161835E-16,0.));
#9510=DIRECTION('',(-3.61400724161835E-16,-1.,0.));
#9511=DIRECTION('',(1.,0.,0.));
#9512=DIRECTION('',(0.,0.,-1.));
#9513=DIRECTION('',(-1.,0.,0.));
#9514=DIRECTION('',(0.,0.,1.));
#9515=DIRECTION('',(-1.,0.,0.));
#9516=DIRECTION('',(0.,0.,1.));
#9517=DIRECTION('',(-1.,0.,0.));
#9518=DIRECTION('',(0.,0.,1.));
#9519=DIRECTION('',(1.,-1.44560289664734E-16,0.));
#9520=DIRECTION('',(1.44560289664734E-16,1.,0.));
#9521=DIRECTION('',(-1.23099877659438E-16,0.,1.));
#9522=DIRECTION('',(1.,0.,1.23099877659438E-16));
#9523=CARTESIAN_POINT('',(0.,0.,0.));
#9524=CARTESIAN_POINT('',(-0.0933661581893477,-0.00319014215992281,0.0115));
#9525=CARTESIAN_POINT('',(-0.100412158189348,-0.00319014215992281,0.0115));
#9526=CARTESIAN_POINT('',(-0.100412158189348,-0.00319014215992281,0.00949966007130686));
#9527=CARTESIAN_POINT('',(-0.100412158189348,-0.00319014215992281,0.004));
#9528=CARTESIAN_POINT('',(-0.0933661581893477,-0.00319014215992281,0.00949966007130686));
#9529=CARTESIAN_POINT('',(-0.0863201581893476,-0.00319014215992281,0.00949966007130686));
#9530=CARTESIAN_POINT('',(-0.0863201581893476,-0.00319014215992281,0.0115));
#9531=CARTESIAN_POINT('',(-0.0863201581893476,-0.00319014215992281,0.004));
#9532=CARTESIAN_POINT('',(-0.0933661581893477,-0.00319014215992281,0.004));
#9533=CARTESIAN_POINT('',(-0.0985518490149884,-0.0361147172490564,0.0115));
#9534=CARTESIAN_POINT('',(-0.0933661581893477,-0.00419014215992281,0.0115));
#9535=CARTESIAN_POINT('',(-0.100412158189348,-0.00419014215992281,0.0115));
#9536=CARTESIAN_POINT('',(-0.101412158189348,-0.00419014215992281,0.0115));
#9537=CARTESIAN_POINT('',(-0.100412158189348,-0.00241514215992281,0.0115));
#9538=CARTESIAN_POINT('',(-0.100412158189348,-0.00164014215992281,0.0115));
#9539=CARTESIAN_POINT('',(-0.0985518490149884,-0.00164014215992281,0.0115));
#9540=CARTESIAN_POINT('',(-0.101412158189348,-0.00164014215992281,0.0115));
#9541=CARTESIAN_POINT('',(-0.101412158189348,-0.00291514215992281,0.0115));
#9542=CARTESIAN_POINT('',(-0.0985518490149884,-0.0361401421599228,0.));
#9543=CARTESIAN_POINT('',(-0.113696778297424,-0.047477818634361,0.));
#9544=CARTESIAN_POINT('',(-0.125696778297424,-0.047477818634361,0.));
#9545=CARTESIAN_POINT('',(-0.113696778297424,-0.047477818634361,0.));
#9546=CARTESIAN_POINT('',(-0.113696778297424,-0.044727818634361,0.));
#9547=CARTESIAN_POINT('',(-0.113696778297424,-0.040777818634361,0.));
#9548=CARTESIAN_POINT('',(-0.0985518490149884,-0.040777818634361,0.));
#9549=CARTESIAN_POINT('',(-0.125696778297424,-0.040777818634361,0.));
#9550=CARTESIAN_POINT('',(-0.125696778297424,-0.044727818634361,0.));
#9551=CARTESIAN_POINT('',(-0.0824467782974243,-0.00164014215992282,0.));
#9552=CARTESIAN_POINT('',(-0.0704467782974243,-0.00164014215992282,0.));
#9553=CARTESIAN_POINT('',(-0.0824467782974243,-0.00164014215992282,0.));
#9554=CARTESIAN_POINT('',(-0.0824467782974243,-0.00439014215992281,0.));
#9555=CARTESIAN_POINT('',(-0.0824467782974243,-0.00834014215992281,0.));
#9556=CARTESIAN_POINT('',(-0.0985518490149884,-0.00834014215992281,0.));
#9557=CARTESIAN_POINT('',(-0.0704467782974243,-0.00834014215992281,0.));
#9558=CARTESIAN_POINT('',(-0.0704467782974243,-0.00439014215992282,0.));
#9559=CARTESIAN_POINT('',(-0.139071778297424,-0.017477818634361,0.));
#9560=CARTESIAN_POINT('',(-0.139071778297424,-0.032477818634361,0.));
#9561=CARTESIAN_POINT('',(-0.139071778297424,-0.017477818634361,0.));
#9562=CARTESIAN_POINT('',(-0.141821778297424,-0.017477818634361,0.));
#9563=CARTESIAN_POINT('',(-0.143571778297424,-0.017477818634361,0.));
#9564=CARTESIAN_POINT('',(-0.143571778297424,-0.024977818634361,0.));
#9565=CARTESIAN_POINT('',(-0.143571778297424,-0.032477818634361,0.));
#9566=CARTESIAN_POINT('',(-0.141821778297424,-0.032477818634361,0.));
#9567=CARTESIAN_POINT('',(-0.0704467782974243,-0.047477818634361,0.));
#9568=CARTESIAN_POINT('',(-0.0824467782974243,-0.047477818634361,0.));
#9569=CARTESIAN_POINT('',(-0.0704467782974243,-0.047477818634361,0.));
#9570=CARTESIAN_POINT('',(-0.0704467782974243,-0.044727818634361,0.));
#9571=CARTESIAN_POINT('',(-0.0704467782974243,-0.0407778186343611,0.));
#9572=CARTESIAN_POINT('',(-0.0985518490149884,-0.0407778186343611,0.));
#9573=CARTESIAN_POINT('',(-0.0824467782974243,-0.0407778186343611,0.));
#9574=CARTESIAN_POINT('',(-0.0824467782974243,-0.044727818634361,0.));
#9575=CARTESIAN_POINT('',(-0.0966514041157903,-0.0195722362533253,0.));
#9576=CARTESIAN_POINT('',(-0.0966514041157903,-0.0183899020600745,0.));
#9577=CARTESIAN_POINT('',(-0.0966514041157903,-0.0207545704465762,0.));
#9578=CARTESIAN_POINT('',(-0.0963469444205312,-0.0207545704465762,0.));
#9579=CARTESIAN_POINT('',(-0.0960424847252721,-0.0207545704465762,0.));
#9580=CARTESIAN_POINT('',(-0.0960424847252721,-0.0195722362533253,0.));
#9581=CARTESIAN_POINT('',(-0.096042484725272,-0.0183899020600745,0.));
#9582=CARTESIAN_POINT('',(-0.0956525626594139,-0.0183899020600745,0.));
#9583=CARTESIAN_POINT('',(-0.0952626405935557,-0.0183899020600745,0.));
#9584=CARTESIAN_POINT('',(-0.0952626405935557,-0.0181366569471964,0.));
#9585=CARTESIAN_POINT('',(-0.0952626405935557,-0.0178834118343183,0.));
#9586=CARTESIAN_POINT('',(-0.0963466302206393,-0.0178834118343183,0.));
#9587=CARTESIAN_POINT('',(-0.0974306198477228,-0.0178834118343183,0.));
#9588=CARTESIAN_POINT('',(-0.0974306198477228,-0.0181366569471964,0.));
#9589=CARTESIAN_POINT('',(-0.0974306198477228,-0.0183899020600745,0.));
#9590=CARTESIAN_POINT('',(-0.0970410119817566,-0.0183899020600745,0.));
#9591=CARTESIAN_POINT('',(-0.101854554325791,-0.0205032105330495,0.));
#9592=CARTESIAN_POINT('',(-0.101854554325791,-0.0202518506195229,0.));
#9593=CARTESIAN_POINT('',(-0.101854554325791,-0.0207545704465762,0.));
#9594=CARTESIAN_POINT('',(-0.101027894410181,-0.0207545704465762,0.));
#9595=CARTESIAN_POINT('',(-0.10020123449457,-0.0207545704465762,0.));
#9596=CARTESIAN_POINT('',(-0.10020123449457,-0.0193189911404472,0.));
#9597=CARTESIAN_POINT('',(-0.10020123449457,-0.0178834118343183,0.));
#9598=CARTESIAN_POINT('',(-0.101027894410181,-0.0178834118343183,0.));
#9599=CARTESIAN_POINT('',(-0.101854554325791,-0.0178834118343183,0.));
#9600=CARTESIAN_POINT('',(-0.101854554325791,-0.0181328865484934,0.));
#9601=CARTESIAN_POINT('',(-0.101854554325791,-0.0183823612626687,0.));
#9602=CARTESIAN_POINT('',(-0.10133235410544,-0.0183823612626687,0.));
#9603=CARTESIAN_POINT('',(-0.100810153885088,-0.0183823612626687,0.));
#9604=CARTESIAN_POINT('',(-0.100810153885088,-0.0186975037542527,0.));
#9605=CARTESIAN_POINT('',(-0.100810153885088,-0.0190126462458367,0.));
#9606=CARTESIAN_POINT('',(-0.10129622111787,-0.0190126462458367,0.));
#9607=CARTESIAN_POINT('',(-0.101782288350652,-0.0190126462458367,0.));
#9608=CARTESIAN_POINT('',(-0.101782288350652,-0.0192621209600118,0.));
#9609=CARTESIAN_POINT('',(-0.101782288350652,-0.019511595674187,0.));
#9610=CARTESIAN_POINT('',(-0.10129622111787,-0.019511595674187,0.));
#9611=CARTESIAN_POINT('',(-0.100810153885088,-0.019511595674187,0.));
#9612=CARTESIAN_POINT('',(-0.100810153885088,-0.019881723146855,0.));
#9613=CARTESIAN_POINT('',(-0.100810153885088,-0.0202518506195229,0.));
#9614=CARTESIAN_POINT('',(-0.10133235410544,-0.0202518506195229,0.));
#9615=CARTESIAN_POINT('',(-0.114411238806014,-0.0193189911404472,0.));
#9616=CARTESIAN_POINT('',(-0.114411238806014,-0.0178834118343183,0.));
#9617=CARTESIAN_POINT('',(-0.114411238806014,-0.0207545704465762,0.));
#9618=CARTESIAN_POINT('',(-0.114024458739075,-0.0207545704465762,0.));
#9619=CARTESIAN_POINT('',(-0.113637678672136,-0.0207545704465762,0.));
#9620=CARTESIAN_POINT('',(-0.113013049287022,-0.0196686956201412,0.));
#9621=CARTESIAN_POINT('',(-0.112388419901908,-0.0185828207937061,0.));
#9622=CARTESIAN_POINT('',(-0.112379622304935,-0.0185828207937061,0.));
#9623=CARTESIAN_POINT('',(-0.112370824707961,-0.0185828207937061,0.));
#9624=CARTESIAN_POINT('',(-0.0969823615889645,-0.0197296196909422,0.));
#9625=CARTESIAN_POINT('',(-0.112408970238491,-0.0194035015771522,0.));
#9626=CARTESIAN_POINT('',(-0.11240852869499,-0.0200790406789733,0.));
#9627=CARTESIAN_POINT('',(-0.11240852869499,-0.0207545704465762,0.));
#9628=CARTESIAN_POINT('',(-0.112136431588598,-0.0207545704465762,0.));
#9629=CARTESIAN_POINT('',(-0.111864334482205,-0.0207545704465762,0.));
#9630=CARTESIAN_POINT('',(-0.111864334482205,-0.0193189911404472,0.));
#9631=CARTESIAN_POINT('',(-0.111864334482205,-0.0178834118343183,0.));
#9632=CARTESIAN_POINT('',(-0.112248286750117,-0.0178834118343183,0.));
#9633=CARTESIAN_POINT('',(-0.112632239018029,-0.0178834118343183,0.));
#9634=CARTESIAN_POINT('',(-0.113255611603575,-0.0189586038644284,0.));
#9635=CARTESIAN_POINT('',(-0.113878984189121,-0.0200337958945386,0.));
#9636=CARTESIAN_POINT('',(-0.113885896586743,-0.0200337958945386,0.));
#9637=CARTESIAN_POINT('',(-0.113892808984365,-0.0200337958945386,0.));
#9638=CARTESIAN_POINT('',(-0.132629793222552,-0.0189096479817278,0.));
#9639=CARTESIAN_POINT('',(-0.113862923401884,-0.0192426467911682,0.));
#9640=CARTESIAN_POINT('',(-0.113863274194526,-0.0185630262005159,0.));
#9641=CARTESIAN_POINT('',(-0.113863274194526,-0.0178834118343183,0.));
#9642=CARTESIAN_POINT('',(-0.11413725650027,-0.0178834118343183,0.));
#9643=CARTESIAN_POINT('',(-0.118002229370633,-0.0184744218309978,0.));
#9644=CARTESIAN_POINT('',(-0.117704682072996,-0.0178834118343183,0.));
#9645=CARTESIAN_POINT('',(-0.118299776668271,-0.0190654318276773,0.));
#9646=CARTESIAN_POINT('',(-0.118599209165259,-0.0184744218309978,0.));
#9647=CARTESIAN_POINT('',(-0.118898641662248,-0.0178834118343183,0.));
#9648=CARTESIAN_POINT('',(-0.1192266663494,-0.0178834118343183,0.));
#9649=CARTESIAN_POINT('',(-0.119554691036552,-0.0178834118343183,0.));
#9650=CARTESIAN_POINT('',(-0.119078364000419,-0.0187603437326343,0.));
#9651=CARTESIAN_POINT('',(-0.118602036964286,-0.0196372756309503,0.));
#9652=CARTESIAN_POINT('',(-0.118602036964286,-0.0201959230387632,0.));
#9653=CARTESIAN_POINT('',(-0.118602036964286,-0.0207545704465762,0.));
#9654=CARTESIAN_POINT('',(-0.118299776668271,-0.0207545704465762,0.));
#9655=CARTESIAN_POINT('',(-0.117997516372255,-0.0207545704465762,0.));
#9656=CARTESIAN_POINT('',(-0.117997516372255,-0.0202056632354124,0.));
#9657=CARTESIAN_POINT('',(-0.117997516372255,-0.0196567560242486,0.));
#9658=CARTESIAN_POINT('',(-0.117521189336122,-0.0187700839292834,0.));
#9659=CARTESIAN_POINT('',(-0.117044862299989,-0.0178834118343183,0.));
#9660=CARTESIAN_POINT('',(-0.117374772186493,-0.0178834118343183,0.));
#9661=CARTESIAN_POINT('',(-0.110918592807561,-0.0182192915187682,0.));
#9662=CARTESIAN_POINT('',(-0.111269239886931,-0.018600415987653,0.));
#9663=CARTESIAN_POINT('',(-0.111269239886931,-0.0193149065418524,0.));
#9664=CARTESIAN_POINT('',(-0.110918592807561,-0.0182192915187682,0.));
#9665=CARTESIAN_POINT('',(-0.111269239886931,-0.0193149065418524,0.));
#9666=CARTESIAN_POINT('',(-0.111269239886931,-0.0193149065418524,0.));
#9667=CARTESIAN_POINT('',(-0.111269239886931,-0.0200281402964842,0.));
#9668=CARTESIAN_POINT('',(-0.110915765008534,-0.0204111499647204,0.));
#9669=CARTESIAN_POINT('',(-0.110915765008534,-0.0204111499647204,0.));
#9670=CARTESIAN_POINT('',(-0.110915765008534,-0.0204111499647204,0.));
#9671=CARTESIAN_POINT('',(-0.110562290130137,-0.0207941596329566,0.));
#9672=CARTESIAN_POINT('',(-0.10990247035713,-0.0207941596329566,0.));
#9673=CARTESIAN_POINT('',(-0.10990247035713,-0.0207941596329566,0.));
#9674=CARTESIAN_POINT('',(-0.10990247035713,-0.0207941596329566,0.));
#9675=CARTESIAN_POINT('',(-0.109242650584123,-0.0207941596329566,0.));
#9676=CARTESIAN_POINT('',(-0.108889175705726,-0.0204111499647204,0.));
#9677=CARTESIAN_POINT('',(-0.108889175705726,-0.0204111499647204,0.));
#9678=CARTESIAN_POINT('',(-0.108889175705726,-0.0204111499647204,0.));
#9679=CARTESIAN_POINT('',(-0.108535700827329,-0.0200281402964842,0.));
#9680=CARTESIAN_POINT('',(-0.108535700827329,-0.0193111361431495,0.));
#9681=CARTESIAN_POINT('',(-0.108535700827329,-0.0193111361431495,0.));
#9682=CARTESIAN_POINT('',(-0.108535700827329,-0.0193111361431495,0.));
#9683=CARTESIAN_POINT('',(-0.108535700827329,-0.0185941319898148,0.));
#9684=CARTESIAN_POINT('',(-0.108890118305401,-0.0182161495198492,0.));
#9685=CARTESIAN_POINT('',(-0.108890118305401,-0.0182161495198492,0.));
#9686=CARTESIAN_POINT('',(-0.108890118305401,-0.0182161495198492,0.));
#9687=CARTESIAN_POINT('',(-0.109244535783474,-0.0178381670498835,0.));
#9688=CARTESIAN_POINT('',(-0.109906240755833,-0.0178381670498835,0.));
#9689=CARTESIAN_POINT('',(-0.109906240755833,-0.0178381670498835,0.));
#9690=CARTESIAN_POINT('',(-0.109906240755833,-0.0178381670498835,0.));
#9691=CARTESIAN_POINT('',(-0.110567945728192,-0.0178381670498835,0.));
#9692=CARTESIAN_POINT('',(-0.110918592807561,-0.0182192915187682,0.));
#9693=CARTESIAN_POINT('',(-0.0948541807340749,-0.0207545704465762,0.));
#9694=CARTESIAN_POINT('',(-0.0951822054212272,-0.0207545704465762,0.));
#9695=CARTESIAN_POINT('',(-0.0945261560469227,-0.0207545704465762,0.));
#9696=CARTESIAN_POINT('',(-0.0944221558827011,-0.0204127209641799,0.));
#9697=CARTESIAN_POINT('',(-0.0943181557184794,-0.0200708714817837,0.));
#9698=CARTESIAN_POINT('',(-0.0937946986985602,-0.0200708714817837,0.));
#9699=CARTESIAN_POINT('',(-0.0932712416786411,-0.0200708714817837,0.));
#9700=CARTESIAN_POINT('',(-0.0931672415144194,-0.0204127209641799,0.));
#9701=CARTESIAN_POINT('',(-0.0930632413501978,-0.0207545704465762,0.));
#9702=CARTESIAN_POINT('',(-0.0927352166630455,-0.0207545704465762,0.));
#9703=CARTESIAN_POINT('',(-0.0924071919758933,-0.0207545704465762,0.));
#9704=CARTESIAN_POINT('',(-0.0929139964015413,-0.019313021342501,0.));
#9705=CARTESIAN_POINT('',(-0.0934208008271894,-0.0178714722384258,0.));
#9706=CARTESIAN_POINT('',(-0.0937928134992088,-0.0178714722384258,0.));
#9707=CARTESIAN_POINT('',(-0.0941648261712282,-0.0178714722384258,0.));
#9708=CARTESIAN_POINT('',(-0.0946735157962277,-0.019313021342501,0.));
#9709=CARTESIAN_POINT('',(-0.0799576496588116,-0.0181083789569246,0.));
#9710=CARTESIAN_POINT('',(-0.0802294325653123,-0.0183333460795309,0.));
#9711=CARTESIAN_POINT('',(-0.0802294325653123,-0.0187788815262569,0.));
#9712=CARTESIAN_POINT('',(-0.0799576496588116,-0.0181083789569246,0.));
#9713=CARTESIAN_POINT('',(-0.0802294325653123,-0.0187788815262569,0.));
#9714=CARTESIAN_POINT('',(-0.0802294325653123,-0.0187788815262569,0.));
#9715=CARTESIAN_POINT('',(-0.0802294325653123,-0.0192426405667135,0.));
#9716=CARTESIAN_POINT('',(-0.0799397402649729,-0.0194880306822938,0.));
#9717=CARTESIAN_POINT('',(-0.0799397402649729,-0.0194880306822938,0.));
#9718=CARTESIAN_POINT('',(-0.0799397402649729,-0.0194880306822938,0.));
#9719=CARTESIAN_POINT('',(-0.0796500479646334,-0.0197334207978743,0.));
#9720=CARTESIAN_POINT('',(-0.0791159081483894,-0.0197334207978743,0.));
#9721=CARTESIAN_POINT('',(-0.0791159081483893,-0.0197334207978743,0.));
#9722=CARTESIAN_POINT('',(-0.0789855151932474,-0.0197334207978743,0.));
#9723=CARTESIAN_POINT('',(-0.0788551222381055,-0.0197334207978743,0.));
#9724=CARTESIAN_POINT('',(-0.0788551222381055,-0.0202439956222252,0.));
#9725=CARTESIAN_POINT('',(-0.0788551222381055,-0.0207545704465762,0.));
#9726=CARTESIAN_POINT('',(-0.0785506625428464,-0.0207545704465762,0.));
#9727=CARTESIAN_POINT('',(-0.0782462028475872,-0.0207545704465762,0.));
#9728=CARTESIAN_POINT('',(-0.0782462028475872,-0.0193189911404472,0.));
#9729=CARTESIAN_POINT('',(-0.0782462028475872,-0.0178834118343183,0.));
#9730=CARTESIAN_POINT('',(-0.0787046204898814,-0.0178834118343183,0.));
#9731=CARTESIAN_POINT('',(-0.0791630381321756,-0.0178834118343183,0.));
#9732=CARTESIAN_POINT('',(-0.0791630381321756,-0.0178834118343183,0.));
#9733=CARTESIAN_POINT('',(-0.079685866752311,-0.0178834118343183,0.));
#9734=CARTESIAN_POINT('',(-0.0799576496588116,-0.0181083789569246,0.));
#9735=CARTESIAN_POINT('',(-0.0822082634845506,-0.0180232307862175,0.));
#9736=CARTESIAN_POINT('',(-0.0824665357956992,-0.0182038957240647,0.));
#9737=CARTESIAN_POINT('',(-0.0824665357956992,-0.0185256364133788,0.));
#9738=CARTESIAN_POINT('',(-0.0822082634845506,-0.0180232307862175,0.));
#9739=CARTESIAN_POINT('',(-0.0824665357956992,-0.0185256364133788,0.));
#9740=CARTESIAN_POINT('',(-0.0817916284766708,-0.018544754913814,0.));
#9741=CARTESIAN_POINT('',(-0.0823034660517988,-0.0189831114559973,0.));
#9742=CARTESIAN_POINT('',(-0.0823034660517988,-0.0189831114559973,0.));
#9743=CARTESIAN_POINT('',(-0.0821403963078984,-0.0191716313911422,0.));
#9744=CARTESIAN_POINT('',(-0.0818456768092885,-0.0192426405667135,0.));
#9745=CARTESIAN_POINT('',(-0.0818456768092885,-0.0192426405667135,0.));
#9746=CARTESIAN_POINT('',(-0.0818456768092885,-0.0192482961647679,0.));
#9747=CARTESIAN_POINT('',(-0.0818456768092885,-0.0192539517628222,0.));
#9748=CARTESIAN_POINT('',(-0.0818456768092885,-0.0192539517628222,0.));
#9749=CARTESIAN_POINT('',(-0.0821938102895228,-0.0192973113479056,0.));
#9750=CARTESIAN_POINT('',(-0.0823722758281267,-0.0194654082900764,0.));
#9751=CARTESIAN_POINT('',(-0.0823722758281267,-0.0194654082900764,0.));
#9752=CARTESIAN_POINT('',(-0.0823722758281267,-0.0194654082900764,0.));
#9753=CARTESIAN_POINT('',(-0.0825507413667306,-0.0196335052322474,0.));
#9754=CARTESIAN_POINT('',(-0.0825507413667306,-0.0199181703343163,0.));
#9755=CARTESIAN_POINT('',(-0.0825507413667306,-0.0199181703343163,0.));
#9756=CARTESIAN_POINT('',(-0.0825507413667306,-0.0199181703343163,0.));
#9757=CARTESIAN_POINT('',(-0.0825507413667306,-0.0203322857918514,0.));
#9758=CARTESIAN_POINT('',(-0.0822503662700663,-0.020563222712404,0.));
#9759=CARTESIAN_POINT('',(-0.0822503662700663,-0.020563222712404,0.));
#9760=CARTESIAN_POINT('',(-0.0822503662700663,-0.020563222712404,0.));
#9761=CARTESIAN_POINT('',(-0.081949991173402,-0.0207941596329566,0.));
#9762=CARTESIAN_POINT('',(-0.0813926005651567,-0.0207941596329566,0.));
#9763=CARTESIAN_POINT('',(-0.0813926005651567,-0.0207941596329566,0.));
#9764=CARTESIAN_POINT('',(-0.0813926005651567,-0.0207941596329566,0.));
#9765=CARTESIAN_POINT('',(-0.0809250711259972,-0.0207941596329566,0.));
#9766=CARTESIAN_POINT('',(-0.0805637412503027,-0.0206389448863539,0.));
#9767=CARTESIAN_POINT('',(-0.0805637412503027,-0.0206389448863539,0.));
#9768=CARTESIAN_POINT('',(-0.0805637412503027,-0.0203806725752053,0.));
#9769=CARTESIAN_POINT('',(-0.0805637412503027,-0.0201226059417363,0.));
#9770=CARTESIAN_POINT('',(-0.0813997194763403,-0.0184420571218684,0.));
#9771=CARTESIAN_POINT('',(-0.0809307500254577,-0.0202596158304622,0.));
#9772=CARTESIAN_POINT('',(-0.0813331393140035,-0.0187690421490707,0.));
#9773=CARTESIAN_POINT('',(-0.0813272469876398,-0.0203128053985531,0.));
#9774=CARTESIAN_POINT('',(-0.0813272469876398,-0.0203128053985531,0.));
#9775=CARTESIAN_POINT('',(-0.0816282504840879,-0.0203128053985531,0.));
#9776=CARTESIAN_POINT('',(-0.0817715256347981,-0.0202106904336829,0.));
#9777=CARTESIAN_POINT('',(-0.0817715256347981,-0.0202106904336829,0.));
#9778=CARTESIAN_POINT('',(-0.0817715256347981,-0.0202106904336829,0.));
#9779=CARTESIAN_POINT('',(-0.0819148007855083,-0.0201085754688127,0.));
#9780=CARTESIAN_POINT('',(-0.0819148007855083,-0.0198823515466387,0.));
#9781=CARTESIAN_POINT('',(-0.0819148007855083,-0.0198823515466387,0.));
#9782=CARTESIAN_POINT('',(-0.0819148007855083,-0.0198823515466387,0.));
#9783=CARTESIAN_POINT('',(-0.0819148007855083,-0.0196806352160336,0.));
#9784=CARTESIAN_POINT('',(-0.0817498458422564,-0.0195961154451103,0.));
#9785=CARTESIAN_POINT('',(-0.0817498458422564,-0.0195961154451103,0.));
#9786=CARTESIAN_POINT('',(-0.0817498458422564,-0.0195961154451103,0.));
#9787=CARTESIAN_POINT('',(-0.0815848908990046,-0.019511595674187,0.));
#9788=CARTESIAN_POINT('',(-0.0812235610233101,-0.019511595674187,0.));
#9789=CARTESIAN_POINT('',(-0.0812235610233101,-0.019511595674187,0.));
#9790=CARTESIAN_POINT('',(-0.0811145336608179,-0.019511595674187,0.));
#9791=CARTESIAN_POINT('',(-0.0810055062983257,-0.019511595674187,0.));
#9792=CARTESIAN_POINT('',(-0.0810055062983257,-0.0192787735542829,0.));
#9793=CARTESIAN_POINT('',(-0.0810055062983257,-0.0190459514343789,0.));
#9794=CARTESIAN_POINT('',(-0.0811164188601694,-0.0190459514343789,0.));
#9795=CARTESIAN_POINT('',(-0.081227331422013,-0.0190459514343789,0.));
#9796=CARTESIAN_POINT('',(-0.081227331422013,-0.0190459514343789,0.));
#9797=CARTESIAN_POINT('',(-0.0815610117072196,-0.0190459514343789,0.));
#9798=CARTESIAN_POINT('',(-0.0817152838541465,-0.0189586038644284,0.));
#9799=CARTESIAN_POINT('',(-0.0817152838541465,-0.0189586038644284,0.));
#9800=CARTESIAN_POINT('',(-0.0817152838541465,-0.0189586038644284,0.));
#9801=CARTESIAN_POINT('',(-0.0818695560010735,-0.0188712562944779,0.));
#9802=CARTESIAN_POINT('',(-0.0818695560010735,-0.0186594855673318,0.));
#9803=CARTESIAN_POINT('',(-0.0818695560010735,-0.0186594855673318,0.));
#9804=CARTESIAN_POINT('',(-0.0818695560010735,-0.0186594855673318,0.));
#9805=CARTESIAN_POINT('',(-0.0818695560010735,-0.0183333460795309,0.));
#9806=CARTESIAN_POINT('',(-0.0814610961415927,-0.0183333460795309,0.));
#9807=CARTESIAN_POINT('',(-0.0814610961415927,-0.0183333460795309,0.));
#9808=CARTESIAN_POINT('',(-0.0814677058932952,-0.0192694469261806,0.));
#9809=CARTESIAN_POINT('',(-0.0811732033497452,-0.0183802387750294,0.));
#9810=CARTESIAN_POINT('',(-0.0816463190585709,-0.0197190788915974,0.));
#9811=CARTESIAN_POINT('',(-0.0808487475330943,-0.0185437391804367,0.));
#9812=CARTESIAN_POINT('',(-0.0807079590006886,-0.0183342886792067,0.));
#9813=CARTESIAN_POINT('',(-0.0805675116490056,-0.0181253457510877,0.));
#9814=CARTESIAN_POINT('',(-0.0805675116490056,-0.0181253457510877,0.));
#9815=CARTESIAN_POINT('',(-0.0809602615138909,-0.0178425658483702,0.));
#9816=CARTESIAN_POINT('',(-0.0815044557266761,-0.0178425658483702,0.));
#9817=CARTESIAN_POINT('',(-0.0815044557266761,-0.0178425658483702,0.));
#9818=CARTESIAN_POINT('',(-0.0815044557266761,-0.0178425658483702,0.));
#9819=CARTESIAN_POINT('',(-0.081949991173402,-0.0178425658483702,0.));
#9820=CARTESIAN_POINT('',(-0.0822082634845506,-0.0180232307862175,0.));
#9821=CARTESIAN_POINT('',(-0.0985518490149884,-0.0726401421599228,0.));
#9822=CARTESIAN_POINT('',(-0.0500518490149884,-0.0726401421599228,0.));
#9823=CARTESIAN_POINT('',(-0.147051849014988,-0.0726401421599228,0.));
#9824=CARTESIAN_POINT('',(-0.147051849014988,-0.0706401421599228,0.));
#9825=CARTESIAN_POINT('',(-0.149051849014988,-0.0706401421599228,0.));
#9826=CARTESIAN_POINT('',(-0.149051849014988,-0.0361401421599228,0.));
#9827=CARTESIAN_POINT('',(-0.149051849014988,-0.00164014215992281,0.));
#9828=CARTESIAN_POINT('',(-0.147051849014988,-0.00164014215992281,0.));
#9829=CARTESIAN_POINT('',(-0.147051849014988,0.000359857840077187,0.));
#9830=CARTESIAN_POINT('',(-0.0500518490149884,0.000359857840077187,0.));
#9831=CARTESIAN_POINT('',(-0.0500518490149884,0.000359857840077189,0.));
#9832=CARTESIAN_POINT('',(-0.0500518490149884,-0.00164014215992281,0.));
#9833=CARTESIAN_POINT('',(-0.0480518490149884,-0.00164014215992281,0.));
#9834=CARTESIAN_POINT('',(-0.0480518490149884,-0.0706401421599228,0.));
#9835=CARTESIAN_POINT('',(-0.0480518490149884,-0.0706401421599228,0.));
#9836=CARTESIAN_POINT('',(-0.0500518490149884,-0.0706401421599228,0.));
#9837=CARTESIAN_POINT('',(-0.0985518490149884,-0.0281688638060097,0.));
#9838=CARTESIAN_POINT('',(-0.134866826726016,-0.0281688638060097,0.));
#9839=CARTESIAN_POINT('',(-0.121866826726016,-0.0281688638060097,0.));
#9840=CARTESIAN_POINT('',(-0.134866826726016,-0.0361401421599228,0.));
#9841=CARTESIAN_POINT('',(-0.134866826726016,-0.00416886380600967,0.));
#9842=CARTESIAN_POINT('',(-0.0985518490149884,-0.00416886380600965,0.));
#9843=CARTESIAN_POINT('',(-0.138366826726016,-0.00416886380600967,0.));
#9844=CARTESIAN_POINT('',(-0.138366826726016,-0.0361401421599228,0.));
#9845=CARTESIAN_POINT('',(-0.138366826726016,-0.0281688638060097,0.));
#9846=CARTESIAN_POINT('',(-0.134866826726016,-0.0281688638060097,0.));
#9847=CARTESIAN_POINT('',(-0.134866826726016,-0.0316688638060097,0.));
#9848=CARTESIAN_POINT('',(-0.0985518490149884,-0.0316688638060097,0.));
#9849=CARTESIAN_POINT('',(-0.121866826726016,-0.0316688638060097,0.));
#9850=CARTESIAN_POINT('',(-0.121866826726016,-0.0361401421599228,0.));
#9851=CARTESIAN_POINT('',(-0.0774321109276529,-0.0181083789569246,0.));
#9852=CARTESIAN_POINT('',(-0.0777038938341536,-0.0183333460795309,0.));
#9853=CARTESIAN_POINT('',(-0.0777038938341536,-0.0187788815262569,0.));
#9854=CARTESIAN_POINT('',(-0.0774321109276529,-0.0181083789569246,0.));
#9855=CARTESIAN_POINT('',(-0.0777038938341536,-0.0187788815262569,0.));
#9856=CARTESIAN_POINT('',(-0.0777038938341536,-0.0187788815262569,0.));
#9857=CARTESIAN_POINT('',(-0.0777038938341536,-0.0192426405667135,0.));
#9858=CARTESIAN_POINT('',(-0.0774142015338141,-0.0194880306822938,0.));
#9859=CARTESIAN_POINT('',(-0.0774142015338141,-0.0194880306822938,0.));
#9860=CARTESIAN_POINT('',(-0.0774142015338141,-0.0194880306822938,0.));
#9861=CARTESIAN_POINT('',(-0.0771245092334747,-0.0197334207978743,0.));
#9862=CARTESIAN_POINT('',(-0.0765903694172306,-0.0197334207978743,0.));
#9863=CARTESIAN_POINT('',(-0.0765903694172306,-0.0197334207978743,0.));
#9864=CARTESIAN_POINT('',(-0.0764599764620887,-0.0197334207978743,0.));
#9865=CARTESIAN_POINT('',(-0.0763295835069468,-0.0197334207978743,0.));
#9866=CARTESIAN_POINT('',(-0.0763295835069468,-0.0202439956222252,0.));
#9867=CARTESIAN_POINT('',(-0.0763295835069468,-0.0207545704465762,0.));
#9868=CARTESIAN_POINT('',(-0.0760251238116876,-0.0207545704465762,0.));
#9869=CARTESIAN_POINT('',(-0.0757206641164285,-0.0207545704465762,0.));
#9870=CARTESIAN_POINT('',(-0.0757206641164285,-0.0193189911404472,0.));
#9871=CARTESIAN_POINT('',(-0.0757206641164285,-0.0178834118343183,0.));
#9872=CARTESIAN_POINT('',(-0.0761790817587227,-0.0178834118343183,0.));
#9873=CARTESIAN_POINT('',(-0.0766374994010169,-0.0178834118343183,0.));
#9874=CARTESIAN_POINT('',(-0.0766374994010169,-0.0178834118343183,0.));
#9875=CARTESIAN_POINT('',(-0.0771603280211522,-0.0178834118343183,0.));
#9876=CARTESIAN_POINT('',(-0.0774321109276529,-0.0181083789569246,0.));
#9877=CARTESIAN_POINT('',(-0.0857794594559801,-0.018432319045482,0.));
#9878=CARTESIAN_POINT('',(-0.0859070246120949,-0.0187160415478752,0.));
#9879=CARTESIAN_POINT('',(-0.0859070246120949,-0.0191087914127606,0.));
#9880=CARTESIAN_POINT('',(-0.0857794594559801,-0.018432319045482,0.));
#9881=CARTESIAN_POINT('',(-0.0859070246120949,-0.0191087914127606,0.));
#9882=CARTESIAN_POINT('',(-0.0859070246120949,-0.0191087914127606,0.));
#9883=CARTESIAN_POINT('',(-0.0859070246120949,-0.0199571311209129,0.));
#9884=CARTESIAN_POINT('',(-0.0855497793349952,-0.0203756453769348,0.));
#9885=CARTESIAN_POINT('',(-0.0855497793349952,-0.0203756453769348,0.));
#9886=CARTESIAN_POINT('',(-0.0855497793349952,-0.0203756453769348,0.));
#9887=CARTESIAN_POINT('',(-0.0851925340578954,-0.0207941596329566,0.));
#9888=CARTESIAN_POINT('',(-0.0844679891071549,-0.0207941596329566,0.));
#9889=CARTESIAN_POINT('',(-0.0844679891071549,-0.0207941596329566,0.));
#9890=CARTESIAN_POINT('',(-0.0844679891071549,-0.0207941596329566,0.));
#9891=CARTESIAN_POINT('',(-0.0842122303951416,-0.0207941596329566,0.));
#9892=CARTESIAN_POINT('',(-0.084080894840324,-0.0207665100424686,0.));
#9893=CARTESIAN_POINT('',(-0.084080894840324,-0.0207665100424686,0.));
#9894=CARTESIAN_POINT('',(-0.084080894840324,-0.0205230051262397,0.));
#9895=CARTESIAN_POINT('',(-0.084080894840324,-0.0202796025925532,0.));
#9896=CARTESIAN_POINT('',(-0.0844201121023423,-0.0188845056580533,0.));
#9897=CARTESIAN_POINT('',(-0.0844265147214231,-0.0203203461959589,0.));
#9898=CARTESIAN_POINT('',(-0.0844265147214231,-0.0203203461959589,0.));
#9899=CARTESIAN_POINT('',(-0.0847306602167903,-0.0203203461959589,0.));
#9900=CARTESIAN_POINT('',(-0.0849270351492329,-0.0202311134266569,0.));
#9901=CARTESIAN_POINT('',(-0.0849270351492329,-0.0202311134266569,0.));
#9902=CARTESIAN_POINT('',(-0.084669927456135,-0.0196544624067859,0.));
#9903=CARTESIAN_POINT('',(-0.0852277244457892,-0.0199505329231828,0.));
#9904=CARTESIAN_POINT('',(-0.0852277244457892,-0.0199505329231828,0.));
#9905=CARTESIAN_POINT('',(-0.0853320388099027,-0.0197591851890107,0.));
#9906=CARTESIAN_POINT('',(-0.0853477488044981,-0.0194229913046688,0.));
#9907=CARTESIAN_POINT('',(-0.0853477488044981,-0.0194229913046688,0.));
#9908=CARTESIAN_POINT('',(-0.0853358092086056,-0.0194229913046688,0.));
#9909=CARTESIAN_POINT('',(-0.0853238696127131,-0.0194229913046688,0.));
#9910=CARTESIAN_POINT('',(-0.0853238696127131,-0.0194229913046688,0.));
#9911=CARTESIAN_POINT('',(-0.0852101292518423,-0.0196077408411109,0.));
#9912=CARTESIAN_POINT('',(-0.0850608843031859,-0.0196822062154932,0.));
#9913=CARTESIAN_POINT('',(-0.0850608843031859,-0.0196822062154932,0.));
#9914=CARTESIAN_POINT('',(-0.0850608843031859,-0.0196822062154932,0.));
#9915=CARTESIAN_POINT('',(-0.0849116393545294,-0.0197566715898755,0.));
#9916=CARTESIAN_POINT('',(-0.0846879290314907,-0.0197566715898755,0.));
#9917=CARTESIAN_POINT('',(-0.0846879290314907,-0.0197566715898755,0.));
#9918=CARTESIAN_POINT('',(-0.0846879290314907,-0.0197566715898755,0.));
#9919=CARTESIAN_POINT('',(-0.0843127743605523,-0.0197566715898755,0.));
#9920=CARTESIAN_POINT('',(-0.0840966048349194,-0.0195163086725656,0.));
#9921=CARTESIAN_POINT('',(-0.0840966048349194,-0.0195163086725656,0.));
#9922=CARTESIAN_POINT('',(-0.0840966048349194,-0.0195163086725656,0.));
#9923=CARTESIAN_POINT('',(-0.0838804353092865,-0.0192759457552558,0.));
#9924=CARTESIAN_POINT('',(-0.0838804353092865,-0.0188480055024767,0.));
#9925=CARTESIAN_POINT('',(-0.0838804353092865,-0.0188480055024767,0.));
#9926=CARTESIAN_POINT('',(-0.0838804353092865,-0.0188480055024767,0.));
#9927=CARTESIAN_POINT('',(-0.0838804353092865,-0.0183861316613715,0.));
#9928=CARTESIAN_POINT('',(-0.0841427922190299,-0.0181181191535738,0.));
#9929=CARTESIAN_POINT('',(-0.0841427922190299,-0.0181181191535738,0.));
#9930=CARTESIAN_POINT('',(-0.0841427922190299,-0.0181181191535738,0.));
#9931=CARTESIAN_POINT('',(-0.0844051491287733,-0.017850106645776,0.));
#9932=CARTESIAN_POINT('',(-0.0848563401735536,-0.017850106645776,0.));
#9933=CARTESIAN_POINT('',(-0.0848563401735536,-0.017850106645776,0.));
#9934=CARTESIAN_POINT('',(-0.0848563401735536,-0.017850106645776,0.));
#9935=CARTESIAN_POINT('',(-0.0851749388639486,-0.017850106645776,0.));
#9936=CARTESIAN_POINT('',(-0.085413416581907,-0.0179993515944325,0.));
#9937=CARTESIAN_POINT('',(-0.085413416581907,-0.0179993515944325,0.));
#9938=CARTESIAN_POINT('',(-0.0848961170075584,-0.0188044538988548,0.));
#9939=CARTESIAN_POINT('',(-0.10322415165462,-0.0196529856255457,0.));
#9940=CARTESIAN_POINT('',(-0.103385964598952,-0.0196529856255457,0.));
#9941=CARTESIAN_POINT('',(-0.103062338710287,-0.0196529856255457,0.));
#9942=CARTESIAN_POINT('',(-0.103062338710287,-0.0202037780360609,0.));
#9943=CARTESIAN_POINT('',(-0.103062338710287,-0.0207545704465762,0.));
#9944=CARTESIAN_POINT('',(-0.102757879015028,-0.0207545704465762,0.));
#9945=CARTESIAN_POINT('',(-0.102453419319769,-0.0207545704465762,0.));
#9946=CARTESIAN_POINT('',(-0.102453419319769,-0.0193189911404472,0.));
#9947=CARTESIAN_POINT('',(-0.102453419319769,-0.0178834118343183,0.));
#9948=CARTESIAN_POINT('',(-0.102871619375898,-0.0178834118343183,0.));
#9949=CARTESIAN_POINT('',(-0.103289819432028,-0.0178834118343183,0.));
#9950=CARTESIAN_POINT('',(-0.103289819432028,-0.0178834118343183,0.));
#9951=CARTESIAN_POINT('',(-0.103875488030545,-0.0178834118343183,0.));
#9952=CARTESIAN_POINT('',(-0.104156068534019,-0.0180964393610321,0.));
#9953=CARTESIAN_POINT('',(-0.104156068534019,-0.0180964393610321,0.));
#9954=CARTESIAN_POINT('',(-0.104156068534019,-0.0180964393610321,0.));
#9955=CARTESIAN_POINT('',(-0.104436649037494,-0.0183094668877459,0.));
#9956=CARTESIAN_POINT('',(-0.104436649037494,-0.0187436911383632,0.));
#9957=CARTESIAN_POINT('',(-0.104436649037494,-0.0187436911383632,0.));
#9958=CARTESIAN_POINT('',(-0.103674939199869,-0.0187562564139633,0.));
#9959=CARTESIAN_POINT('',(-0.104297791521122,-0.0191944959441848,0.));
#9960=CARTESIAN_POINT('',(-0.103556153119518,-0.0186487471259175,0.));
#9961=CARTESIAN_POINT('',(-0.103902239188735,-0.0195024755265899,0.));
#9962=CARTESIAN_POINT('',(-0.220950415927972,0.058510597302158,0.));
#9963=CARTESIAN_POINT('',(-0.104746507250474,-0.0207545704465762,0.));
#9964=CARTESIAN_POINT('',(-0.104409313646898,-0.0207545704465762,0.));
#9965=CARTESIAN_POINT('',(-0.104071548763096,-0.0207545704465762,0.));
#9966=CARTESIAN_POINT('',(-0.103728756681024,-0.0202037780360609,0.));
#9967=CARTESIAN_POINT('',(-0.0900664027811766,-0.0193189911404472,0.));
#9968=CARTESIAN_POINT('',(-0.0900664027811766,-0.0207545704465762,0.));
#9969=CARTESIAN_POINT('',(-0.0900664027811766,-0.0178834118343183,0.));
#9970=CARTESIAN_POINT('',(-0.0905131950274702,-0.0178834118343183,0.));
#9971=CARTESIAN_POINT('',(-0.0909599872737638,-0.0178834118343183,0.));
#9972=CARTESIAN_POINT('',(-0.0909599872737638,-0.0178834118343183,0.));
#9973=CARTESIAN_POINT('',(-0.0915707918636335,-0.0178834118343183,0.));
#9974=CARTESIAN_POINT('',(-0.0918466593687289,-0.0180571643745436,0.));
#9975=CARTESIAN_POINT('',(-0.0918466593687289,-0.0180571643745436,0.));
#9976=CARTESIAN_POINT('',(-0.0918466593687289,-0.0180571643745436,0.));
#9977=CARTESIAN_POINT('',(-0.0921225268738244,-0.0182309169147688,0.));
#9978=CARTESIAN_POINT('',(-0.0921225268738244,-0.0186098419844102,0.));
#9979=CARTESIAN_POINT('',(-0.0921225268738244,-0.0186098419844102,0.));
#9980=CARTESIAN_POINT('',(-0.0921225268738244,-0.0186098419844102,0.));
#9981=CARTESIAN_POINT('',(-0.0921225268738244,-0.018867485895775,0.));
#9982=CARTESIAN_POINT('',(-0.0920018741153316,-0.0190324408390268,0.));
#9983=CARTESIAN_POINT('',(-0.0920018741153316,-0.0190324408390268,0.));
#9984=CARTESIAN_POINT('',(-0.0916089093279065,-0.0187553527083145,0.));
#9985=CARTESIAN_POINT('',(-0.0916807618258014,-0.0192304918636724,0.));
#9986=CARTESIAN_POINT('',(-0.0916807618258014,-0.0192404411674701,0.));
#9987=CARTESIAN_POINT('',(-0.0916807618258014,-0.0192501813641193,0.));
#9988=CARTESIAN_POINT('',(-0.0916807618258014,-0.0192501813641193,0.));
#9989=CARTESIAN_POINT('',(-0.0919534873319777,-0.0193111361431495,0.));
#9990=CARTESIAN_POINT('',(-0.0920744542903624,-0.0194779762857528,0.));
#9991=CARTESIAN_POINT('',(-0.0920744542903624,-0.0194779762857528,0.));
#9992=CARTESIAN_POINT('',(-0.0920744542903624,-0.0194779762857528,0.));
#9993=CARTESIAN_POINT('',(-0.0921954212487471,-0.0196448164283561,0.));
#9994=CARTESIAN_POINT('',(-0.0921954212487471,-0.0199219407330192,0.));
#9995=CARTESIAN_POINT('',(-0.0921954212487471,-0.0199219407330192,0.));
#9996=CARTESIAN_POINT('',(-0.0921954212487471,-0.0199219407330192,0.));
#9997=CARTESIAN_POINT('',(-0.0921954212487471,-0.0203146905979045,0.));
#9998=CARTESIAN_POINT('',(-0.091911384546462,-0.0205346305222403,0.));
#9999=CARTESIAN_POINT('',(-0.091911384546462,-0.0205346305222403,0.));
#10000=CARTESIAN_POINT('',(-0.091911384546462,-0.0205346305222403,0.));
#10001=CARTESIAN_POINT('',(-0.0916273478441769,-0.0207545704465762,0.));
#10002=CARTESIAN_POINT('',(-0.0911403380117191,-0.0207545704465762,0.));
#10003=CARTESIAN_POINT('',(-0.0911403380117191,-0.0207545704465762,0.));
#10004=CARTESIAN_POINT('',(-0.0906033703964479,-0.0207545704465762,0.));
#10005=CARTESIAN_POINT('',(-0.116020570652368,-0.0207545704465762,0.));
#10006=CARTESIAN_POINT('',(-0.116907242747333,-0.0207545704465762,0.));
#10007=CARTESIAN_POINT('',(-0.115133898557403,-0.0207545704465762,0.));
#10008=CARTESIAN_POINT('',(-0.115133898557403,-0.0193189911404472,0.));
#10009=CARTESIAN_POINT('',(-0.115133898557403,-0.0178834118343183,0.));
#10010=CARTESIAN_POINT('',(-0.115438358252662,-0.0178834118343183,0.));
#10011=CARTESIAN_POINT('',(-0.115742817947921,-0.0178834118343183,0.));
#10012=CARTESIAN_POINT('',(-0.115742817947921,-0.0190676312269206,0.));
#10013=CARTESIAN_POINT('',(-0.115742817947921,-0.0202518506195229,0.));
#10014=CARTESIAN_POINT('',(-0.116325030347627,-0.0202518506195229,0.));
#10015=CARTESIAN_POINT('',(-0.116907242747333,-0.0202518506195229,0.));
#10016=CARTESIAN_POINT('',(-0.116907242747333,-0.0205032105330495,0.));
#10017=CARTESIAN_POINT('',(-0.105704445601343,-0.0184744218309978,0.));
#10018=CARTESIAN_POINT('',(-0.105406898303706,-0.0178834118343183,0.));
#10019=CARTESIAN_POINT('',(-0.106001992898981,-0.0190654318276773,0.));
#10020=CARTESIAN_POINT('',(-0.106301425395969,-0.0184744218309978,0.));
#10021=CARTESIAN_POINT('',(-0.106600857892958,-0.0178834118343183,0.));
#10022=CARTESIAN_POINT('',(-0.10692888258011,-0.0178834118343183,0.));
#10023=CARTESIAN_POINT('',(-0.107256907267262,-0.0178834118343183,0.));
#10024=CARTESIAN_POINT('',(-0.106780580231129,-0.0187603437326343,0.));
#10025=CARTESIAN_POINT('',(-0.106304253194996,-0.0196372756309503,0.));
#10026=CARTESIAN_POINT('',(-0.106304253194996,-0.0201959230387632,0.));
#10027=CARTESIAN_POINT('',(-0.106304253194996,-0.0207545704465762,0.));
#10028=CARTESIAN_POINT('',(-0.106001992898981,-0.0207545704465762,0.));
#10029=CARTESIAN_POINT('',(-0.105699732602965,-0.0207545704465762,0.));
#10030=CARTESIAN_POINT('',(-0.105699732602965,-0.0202056632354124,0.));
#10031=CARTESIAN_POINT('',(-0.105699732602965,-0.0196567560242486,0.));
#10032=CARTESIAN_POINT('',(-0.105223405566832,-0.0187700839292834,0.));
#10033=CARTESIAN_POINT('',(-0.104747078530699,-0.0178834118343183,0.));
#10034=CARTESIAN_POINT('',(-0.105076988417203,-0.0178834118343183,0.));
#10035=CARTESIAN_POINT('',(-0.0989802537146145,-0.0195722362533253,0.));
#10036=CARTESIAN_POINT('',(-0.0989802537146145,-0.0183899020600745,0.));
#10037=CARTESIAN_POINT('',(-0.0989802537146145,-0.0207545704465762,0.));
#10038=CARTESIAN_POINT('',(-0.0986757940193553,-0.0207545704465762,0.));
#10039=CARTESIAN_POINT('',(-0.0983713343240962,-0.0207545704465762,0.));
#10040=CARTESIAN_POINT('',(-0.0983713343240962,-0.0195722362533253,0.));
#10041=CARTESIAN_POINT('',(-0.0983713343240962,-0.0183899020600745,0.));
#10042=CARTESIAN_POINT('',(-0.097981412258238,-0.0183899020600745,0.));
#10043=CARTESIAN_POINT('',(-0.0975914901923799,-0.0183899020600745,0.));
#10044=CARTESIAN_POINT('',(-0.0975914901923799,-0.0181366569471964,0.));
#10045=CARTESIAN_POINT('',(-0.0975914901923799,-0.0178834118343183,0.));
#10046=CARTESIAN_POINT('',(-0.0986754798194634,-0.0178834118343183,0.));
#10047=CARTESIAN_POINT('',(-0.099759469446547,-0.0178834118343183,0.));
#10048=CARTESIAN_POINT('',(-0.099759469446547,-0.0181366569471964,0.));
#10049=CARTESIAN_POINT('',(-0.099759469446547,-0.0183899020600745,0.));
#10050=CARTESIAN_POINT('',(-0.0993698615805807,-0.0183899020600745,0.));
#10051=CARTESIAN_POINT('',(-0.0877736861699219,-0.0187377213404169,0.));
#10052=CARTESIAN_POINT('',(-0.0875019032634213,-0.0195920308465155,0.));
#10053=CARTESIAN_POINT('',(-0.0880454690764226,-0.0178834118343183,0.));
#10054=CARTESIAN_POINT('',(-0.0883527565707089,-0.0178834118343183,0.));
#10055=CARTESIAN_POINT('',(-0.0886600440649952,-0.0178834118343183,0.));
#10056=CARTESIAN_POINT('',(-0.0881720916328616,-0.0193189911404472,0.));
#10057=CARTESIAN_POINT('',(-0.0876841392007281,-0.0207545704465762,0.));
#10058=CARTESIAN_POINT('',(-0.0873523441148729,-0.0207545704465762,0.));
#10059=CARTESIAN_POINT('',(-0.0870205490290178,-0.0207545704465762,0.));
#10060=CARTESIAN_POINT('',(-0.08653353919656,-0.0193189911404472,0.));
#10061=CARTESIAN_POINT('',(-0.0860465293641021,-0.0178834118343183,0.));
#10062=CARTESIAN_POINT('',(-0.0863538168583884,-0.0178834118343183,0.));
#10063=CARTESIAN_POINT('',(-0.0866611043526747,-0.0178834118343183,0.));
#10064=CARTESIAN_POINT('',(-0.0869313162597158,-0.0187377213404169,0.));
#10065=CARTESIAN_POINT('',(-0.0872015800108024,-0.019592015824713,5.42101086242752E-20));
#10066=CARTESIAN_POINT('',(-0.0800979656324485,-0.021650286768413,0.));
#10067=CARTESIAN_POINT('',(-0.0872943725549516,-0.0199446025626327,0.));
#10068=CARTESIAN_POINT('',(-0.0834389535023334,-0.0209251830861727,0.));
#10069=CARTESIAN_POINT('',(-0.0873542293142244,-0.0202242010290349,0.));
#10070=CARTESIAN_POINT('',(-0.0873542293142244,-0.0202242010290349,0.));
#10071=CARTESIAN_POINT('',(-0.087376223306658,-0.0200438502910796,0.));
#10072=CARTESIAN_POINT('',(-0.0875019032634213,-0.0195920308465155,0.));
#10073=CARTESIAN_POINT('',(-0.0565717782974243,-0.032477818634361,0.));
#10074=CARTESIAN_POINT('',(-0.0526217782974243,-0.032477818634361,0.));
#10075=CARTESIAN_POINT('',(-0.0583217782974243,-0.032477818634361,0.));
#10076=CARTESIAN_POINT('',(-0.0526217782974243,-0.0361401421599229,0.));
#10077=CARTESIAN_POINT('',(-0.0526217782974243,-0.017477818634361,0.));
#10078=CARTESIAN_POINT('',(-0.0565717782974243,-0.017477818634361,0.));
#10079=CARTESIAN_POINT('',(-0.0583217782974243,-0.017477818634361,0.));
#10080=CARTESIAN_POINT('',(-0.0583217782974243,-0.024977818634361,0.));
#10081=CARTESIAN_POINT('',(-0.125696778297424,-0.00164014215992281,0.));
#10082=CARTESIAN_POINT('',(-0.113696778297424,-0.00164014215992282,0.));
#10083=CARTESIAN_POINT('',(-0.125696778297424,-0.00164014215992281,0.));
#10084=CARTESIAN_POINT('',(-0.125696778297424,-0.00439014215992281,0.));
#10085=CARTESIAN_POINT('',(-0.125696778297424,-0.00834014215992281,0.));
#10086=CARTESIAN_POINT('',(-0.113696778297424,-0.00834014215992282,0.));
#10087=CARTESIAN_POINT('',(-0.113696778297424,-0.00834014215992282,0.));
#10088=CARTESIAN_POINT('',(-0.113696778297424,-0.00439014215992282,0.));
#10089=CARTESIAN_POINT('',(-0.0920717782974243,-0.047477818634361,0.));
#10090=CARTESIAN_POINT('',(-0.104071778297424,-0.047477818634361,0.));
#10091=CARTESIAN_POINT('',(-0.0920717782974243,-0.047477818634361,0.));
#10092=CARTESIAN_POINT('',(-0.0920717782974243,-0.044727818634361,0.));
#10093=CARTESIAN_POINT('',(-0.0920717782974243,-0.040777818634361,0.));
#10094=CARTESIAN_POINT('',(-0.0985518490149884,-0.040777818634361,0.));
#10095=CARTESIAN_POINT('',(-0.104071778297424,-0.040777818634361,0.));
#10096=CARTESIAN_POINT('',(-0.104071778297424,-0.044727818634361,0.));
#10097=CARTESIAN_POINT('',(-0.0985518490149884,-0.0361401421599228,0.004));
#10098=CARTESIAN_POINT('',(-0.0824467782974243,-0.044727818634361,0.004));
#10099=CARTESIAN_POINT('',(-0.0824467782974243,-0.046477818634361,0.004));
#10100=CARTESIAN_POINT('',(-0.0824467782974243,-0.0429778186343611,0.004));
#10101=CARTESIAN_POINT('',(-0.0764467782974243,-0.0429778186343611,0.004));
#10102=CARTESIAN_POINT('',(-0.0704467782974243,-0.0429778186343611,0.004));
#10103=CARTESIAN_POINT('',(-0.0704467782974243,-0.044727818634361,0.004));
#10104=CARTESIAN_POINT('',(-0.0704467782974243,-0.046477818634361,0.004));
#10105=CARTESIAN_POINT('',(-0.0734467782974243,-0.046477818634361,0.004));
#10106=CARTESIAN_POINT('',(-0.0546438939484489,-0.0656854376363896,0.004));
#10107=CARTESIAN_POINT('',(-0.0503938939484489,-0.0656854376363896,0.004));
#10108=CARTESIAN_POINT('',(-0.134866826726016,-0.0361401421599228,0.004));
#10109=CARTESIAN_POINT('',(-0.134866826726016,-0.0281688638060097,0.004));
#10110=CARTESIAN_POINT('',(-0.134866826726016,-0.00416886380600967,0.004));
#10111=CARTESIAN_POINT('',(-0.0985518490149884,-0.0281688638060097,0.004));
#10112=CARTESIAN_POINT('',(-0.121866826726016,-0.0281688638060097,0.004));
#10113=CARTESIAN_POINT('',(-0.121866826726016,-0.0361401421599228,0.004));
#10114=CARTESIAN_POINT('',(-0.121866826726016,-0.0316688638060097,0.004));
#10115=CARTESIAN_POINT('',(-0.0985518490149884,-0.0316688638060097,0.004));
#10116=CARTESIAN_POINT('',(-0.134866826726016,-0.0316688638060097,0.004));
#10117=CARTESIAN_POINT('',(-0.134866826726016,-0.0281688638060097,0.004));
#10118=CARTESIAN_POINT('',(-0.138366826726016,-0.0281688638060097,0.004));
#10119=CARTESIAN_POINT('',(-0.138366826726016,-0.0361401421599228,0.004));
#10120=CARTESIAN_POINT('',(-0.138366826726016,-0.00416886380600967,0.004));
#10121=CARTESIAN_POINT('',(-0.0985518490149884,-0.00416886380600965,0.004));
#10122=CARTESIAN_POINT('',(-0.0985518490149884,-0.00164014215992281,0.004));
#10123=CARTESIAN_POINT('',(-0.0853201581893476,-0.00164014215992281,0.004));
#10124=CARTESIAN_POINT('',(-0.0500518490149884,-0.00164014215992281,0.004));
#10125=CARTESIAN_POINT('',(-0.0853201581893476,-0.00291514215992281,0.004));
#10126=CARTESIAN_POINT('',(-0.0853201581893476,-0.00419014215992281,0.004));
#10127=CARTESIAN_POINT('',(-0.0933661581893477,-0.00419014215992281,0.004));
#10128=CARTESIAN_POINT('',(-0.101412158189348,-0.00419014215992281,0.004));
#10129=CARTESIAN_POINT('',(-0.101412158189348,-0.00291514215992281,0.004));
#10130=CARTESIAN_POINT('',(-0.101412158189348,-0.00164014215992281,0.004));
#10131=CARTESIAN_POINT('',(-0.0985518490149884,-0.00164014215992281,0.004));
#10132=CARTESIAN_POINT('',(-0.147051849014988,-0.00164014215992281,0.004));
#10133=CARTESIAN_POINT('',(-0.147051849014988,-0.0361401421599228,0.004));
#10134=CARTESIAN_POINT('',(-0.147051849014988,-0.005332346829556,0.004));
#10135=CARTESIAN_POINT('',(-0.143528415848847,-0.00722586702319993,0.004));
#10136=CARTESIAN_POINT('',(-0.147051849014988,-0.00911938721684387,0.004));
#10137=CARTESIAN_POINT('',(-0.147051849014988,-0.0361401421599228,0.004));
#10138=CARTESIAN_POINT('',(-0.147051849014988,-0.0642759312935038,0.004));
#10139=CARTESIAN_POINT('',(-0.143308415848847,-0.0656854376363896,0.004));
#10140=CARTESIAN_POINT('',(-0.147051849014988,-0.0670949439792754,0.004));
#10141=CARTESIAN_POINT('',(-0.147051849014988,-0.0361401421599228,0.004));
#10142=CARTESIAN_POINT('',(-0.147051849014988,-0.0706401421599228,0.004));
#10143=CARTESIAN_POINT('',(-0.0985518490149884,-0.0706401421599228,0.004));
#10144=CARTESIAN_POINT('',(-0.0500518490149884,-0.0706401421599228,0.004));
#10145=CARTESIAN_POINT('',(-0.0500518490149884,-0.0361401421599228,0.004));
#10146=CARTESIAN_POINT('',(-0.143571778297424,-0.024977818634361,0.004));
#10147=CARTESIAN_POINT('',(-0.143571778297424,-0.032477818634361,0.004));
#10148=CARTESIAN_POINT('',(-0.143571778297424,-0.017477818634361,0.004));
#10149=CARTESIAN_POINT('',(-0.141821778297424,-0.017477818634361,0.004));
#10150=CARTESIAN_POINT('',(-0.140071778297424,-0.017477818634361,0.004));
#10151=CARTESIAN_POINT('',(-0.140071778297424,-0.024977818634361,0.004));
#10152=CARTESIAN_POINT('',(-0.140071778297424,-0.032477818634361,0.004));
#10153=CARTESIAN_POINT('',(-0.141821778297424,-0.032477818634361,0.004));
#10154=CARTESIAN_POINT('',(-0.0583217782974243,-0.024977818634361,0.004));
#10155=CARTESIAN_POINT('',(-0.0583217782974243,-0.017477818634361,0.004));
#10156=CARTESIAN_POINT('',(-0.0583217782974243,-0.032477818634361,0.004));
#10157=CARTESIAN_POINT('',(-0.0565717782974243,-0.017477818634361,0.004));
#10158=CARTESIAN_POINT('',(-0.0548217782974243,-0.017477818634361,0.004));
#10159=CARTESIAN_POINT('',(-0.0548217782974243,-0.024977818634361,0.004));
#10160=CARTESIAN_POINT('',(-0.0548217782974243,-0.032477818634361,0.004));
#10161=CARTESIAN_POINT('',(-0.0565717782974243,-0.032477818634361,0.004));
#10162=CARTESIAN_POINT('',(-0.0824467782974243,-0.00439014215992281,0.004));
#10163=CARTESIAN_POINT('',(-0.0824467782974243,-0.00264014215992282,0.004));
#10164=CARTESIAN_POINT('',(-0.0824467782974243,-0.00614014215992281,0.004));
#10165=CARTESIAN_POINT('',(-0.0794467782974243,-0.00264014215992282,0.004));
#10166=CARTESIAN_POINT('',(-0.0704467782974243,-0.00264014215992281,0.004));
#10167=CARTESIAN_POINT('',(-0.0704467782974243,-0.00439014215992282,0.004));
#10168=CARTESIAN_POINT('',(-0.0704467782974243,-0.00614014215992281,0.004));
#10169=CARTESIAN_POINT('',(-0.0764467782974243,-0.00614014215992281,0.004));
#10170=CARTESIAN_POINT('',(-0.125696778297424,-0.00439014215992281,0.004));
#10171=CARTESIAN_POINT('',(-0.125696778297424,-0.00264014215992281,0.004));
#10172=CARTESIAN_POINT('',(-0.125696778297424,-0.00614014215992281,0.004));
#10173=CARTESIAN_POINT('',(-0.122696778297424,-0.00264014215992281,0.004));
#10174=CARTESIAN_POINT('',(-0.113696778297424,-0.00264014215992282,0.004));
#10175=CARTESIAN_POINT('',(-0.113696778297424,-0.00439014215992282,0.004));
#10176=CARTESIAN_POINT('',(-0.113696778297424,-0.00614014215992281,0.004));
#10177=CARTESIAN_POINT('',(-0.119696778297424,-0.00614014215992281,0.004));
#10178=CARTESIAN_POINT('',(-0.113696778297424,-0.044727818634361,0.004));
#10179=CARTESIAN_POINT('',(-0.113696778297424,-0.046477818634361,0.004));
#10180=CARTESIAN_POINT('',(-0.113696778297424,-0.0429778186343611,0.004));
#10181=CARTESIAN_POINT('',(-0.116696778297424,-0.046477818634361,0.004));
#10182=CARTESIAN_POINT('',(-0.125696778297424,-0.046477818634361,0.004));
#10183=CARTESIAN_POINT('',(-0.125696778297424,-0.044727818634361,0.004));
#10184=CARTESIAN_POINT('',(-0.125696778297424,-0.0429778186343611,0.004));
#10185=CARTESIAN_POINT('',(-0.119696778297424,-0.0429778186343611,0.004));
#10186=CARTESIAN_POINT('',(-0.0920717782974243,-0.044727818634361,0.004));
#10187=CARTESIAN_POINT('',(-0.0920717782974243,-0.046477818634361,0.004));
#10188=CARTESIAN_POINT('',(-0.0920717782974243,-0.0429778186343611,0.004));
#10189=CARTESIAN_POINT('',(-0.0950717782974243,-0.046477818634361,0.004));
#10190=CARTESIAN_POINT('',(-0.104071778297424,-0.046477818634361,0.004));
#10191=CARTESIAN_POINT('',(-0.104071778297424,-0.044727818634361,0.004));
#10192=CARTESIAN_POINT('',(-0.104071778297424,-0.0429778186343611,0.004));
#10193=CARTESIAN_POINT('',(-0.0980717782974243,-0.0429778186343611,0.004));
#10194=CARTESIAN_POINT('',(-0.0985518490149884,-0.00164014215992281,0.024));
#10195=CARTESIAN_POINT('',(-0.0985518490149884,-0.00164014215992281,0.00892709509971706));
#10196=CARTESIAN_POINT('',(-0.0674026649148851,-0.00164014215992281,0.00892709509971706));
#10197=CARTESIAN_POINT('',(-0.0559714071390016,-0.00164014215992281,0.00892709509971706));
#10198=CARTESIAN_POINT('',(-0.0674026649148851,-0.00164014215992281,0.024));
#10199=CARTESIAN_POINT('',(-0.0674026649148851,-0.00164014215992281,0.0209270950997171));
#10200=CARTESIAN_POINT('',(-0.0985518490149884,-0.00164014215992281,0.0209270950997171));
#10201=CARTESIAN_POINT('',(-0.0559714071390016,-0.00164014215992281,0.0209270950997171));
#10202=CARTESIAN_POINT('',(-0.0559714071390016,-0.00164014215992281,0.024));
#10203=CARTESIAN_POINT('',(-0.0985518490149884,-0.00164014215992281,0.018));
#10204=CARTESIAN_POINT('',(-0.0540518490149884,-0.00164014215992281,0.018));
#10205=CARTESIAN_POINT('',(-0.0518768490149884,-0.00164014215992281,0.018));
#10206=CARTESIAN_POINT('',(-0.0540518490149884,-0.00164014215992281,0.018));
#10207=CARTESIAN_POINT('',(-0.0540518490149884,-0.00164014215992281,0.024));
#10208=CARTESIAN_POINT('',(-0.0985518490149884,-0.00164014215992281,0.024));
#10209=CARTESIAN_POINT('',(-0.143051849014988,-0.00164014215992281,0.024));
#10210=CARTESIAN_POINT('',(-0.143051849014988,-0.00164014215992281,0.018));
#10211=CARTESIAN_POINT('',(-0.143051849014988,-0.00164014215992281,0.018));
#10212=CARTESIAN_POINT('',(-0.0985518490149884,-0.00164014215992281,0.018));
#10213=CARTESIAN_POINT('',(-0.145226849014988,-0.00164014215992281,0.018));
#10214=CARTESIAN_POINT('',(-0.0985518490149884,-0.00164014215992281,0.018));
#10215=CARTESIAN_POINT('',(-0.147051849014988,-0.00164014215992282,0.018));
#10216=CARTESIAN_POINT('',(-0.147051849014988,-0.00164014215992281,0.024));
#10217=CARTESIAN_POINT('',(-0.101412158189348,-0.00164014215992281,0.0115));
#10218=CARTESIAN_POINT('',(-0.0985518490149884,-0.00164014215992281,0.0114996600713069));
#10219=CARTESIAN_POINT('',(-0.0863201581893476,-0.00164014215992281,0.0115));
#10220=CARTESIAN_POINT('',(-0.0985518490149884,-0.00164014215992281,0.0115));
#10221=CARTESIAN_POINT('',(-0.0853201581893476,-0.00164014215992281,0.0115));
#10222=CARTESIAN_POINT('',(-0.0853201581893476,-0.00164014215992281,0.0115));
#10223=CARTESIAN_POINT('',(-0.0500518490149884,-0.00164014215992281,0.024));
#10224=CARTESIAN_POINT('',(-0.0500518490149884,-0.00164014215992281,0.018));
#10225=CARTESIAN_POINT('',(-0.0985518490149884,-0.00164014215992281,0.018));
#10226=CARTESIAN_POINT('',(-0.147051849014988,-0.0361401421599228,0.024));
#10227=CARTESIAN_POINT('',(-0.147051849014988,-0.0666401421599228,0.018));
#10228=CARTESIAN_POINT('',(-0.147051849014988,-0.0666401421599228,0.018));
#10229=CARTESIAN_POINT('',(-0.147051849014988,-0.0666401421599228,0.024));
#10230=CARTESIAN_POINT('',(-0.147051849014988,-0.0361401421599228,0.018));
#10231=CARTESIAN_POINT('',(-0.147051849014988,-0.0688151421599228,0.018));
#10232=CARTESIAN_POINT('',(-0.147051849014988,-0.0361401421599228,0.018));
#10233=CARTESIAN_POINT('',(-0.147051849014988,-0.0706401421599228,0.018));
#10234=CARTESIAN_POINT('',(-0.147051849014988,-0.0706401421599228,0.024));
#10235=CARTESIAN_POINT('',(-0.147051849014988,-0.0670949439792754,0.0075));
#10236=CARTESIAN_POINT('',(-0.147051849014988,-0.0670949439792754,0.0075));
#10237=CARTESIAN_POINT('',(-0.147051849014988,-0.0361401421599228,0.0075));
#10238=CARTESIAN_POINT('',(-0.147051849014988,-0.0642759312935038,0.0075));
#10239=CARTESIAN_POINT('',(-0.147051849014988,-0.0642759312935038,0.0075));
#10240=CARTESIAN_POINT('',(-0.147051849014988,-0.00911938721684387,0.0075));
#10241=CARTESIAN_POINT('',(-0.147051849014988,-0.00911938721684387,0.0075));
#10242=CARTESIAN_POINT('',(-0.147051849014988,-0.0361401421599228,0.0075));
#10243=CARTESIAN_POINT('',(-0.147051849014988,-0.005332346829556,0.0075));
#10244=CARTESIAN_POINT('',(-0.147051849014988,-0.005332346829556,0.0075));
#10245=CARTESIAN_POINT('',(-0.147051849014988,-0.0361401421599228,0.018));
#10246=CARTESIAN_POINT('',(-0.147051849014988,-0.00346514215992281,0.018));
#10247=CARTESIAN_POINT('',(-0.147051849014988,-0.0361401421599228,0.018));
#10248=CARTESIAN_POINT('',(-0.147051849014988,-0.00564014215992282,0.018));
#10249=CARTESIAN_POINT('',(-0.147051849014988,-0.00564014215992282,0.018));
#10250=CARTESIAN_POINT('',(-0.147051849014988,-0.00564014215992282,0.024));
#10251=CARTESIAN_POINT('',(-0.147051849014988,-0.0361401421599228,0.024));
#10252=CARTESIAN_POINT('',(-0.147051849014988,-0.037862593803314,0.0118562985292077));
#10253=CARTESIAN_POINT('',(-0.147051849014988,-0.0378621393178976,0.0132312985292077));
#10254=CARTESIAN_POINT('',(-0.147051849014988,-0.0378630482887303,0.0104812985292077));
#10255=CARTESIAN_POINT('',(-0.147051849014988,-0.0361401421599228,0.0132312985292077));
#10256=CARTESIAN_POINT('',(-0.147051849014988,-0.0320440977811814,0.0132312985292077));
#10257=CARTESIAN_POINT('',(-0.147051849014988,-0.0320445522665977,0.0118562985292077));
#10258=CARTESIAN_POINT('',(-0.147051849014988,-0.0320450067520142,0.0104812985292077));
#10259=CARTESIAN_POINT('',(-0.147051849014988,-0.0361401421599228,0.0104812985292077));
#10260=CARTESIAN_POINT('',(-0.147051849014988,-0.0173694279402495,0.024));
#10261=CARTESIAN_POINT('',(-0.147051849014988,-0.0173694279402495,0.01533213652879));
#10262=CARTESIAN_POINT('',(-0.147051849014988,-0.0173694279402495,0.00933213652879));
#10263=CARTESIAN_POINT('',(-0.147051849014988,-0.0361401421599228,0.00933213652879));
#10264=CARTESIAN_POINT('',(-0.147051849014988,-0.0233694279402494,0.00933213652879));
#10265=CARTESIAN_POINT('',(-0.147051849014988,-0.0233694279402494,0.024));
#10266=CARTESIAN_POINT('',(-0.147051849014988,-0.0233694279402494,0.01533213652879));
#10267=CARTESIAN_POINT('',(-0.147051849014988,-0.0361401421599228,0.01533213652879));
#10268=CARTESIAN_POINT('',(-0.0985518490149884,-0.0706401421599228,0.024));
#10269=CARTESIAN_POINT('',(-0.0985518490149884,-0.0706401421599228,0.018));
#10270=CARTESIAN_POINT('',(-0.145226849014988,-0.0706401421599228,0.018));
#10271=CARTESIAN_POINT('',(-0.0985518490149884,-0.0706401421599228,0.018));
#10272=CARTESIAN_POINT('',(-0.143051849014988,-0.0706401421599228,0.018));
#10273=CARTESIAN_POINT('',(-0.143051849014988,-0.0706401421599228,0.018));
#10274=CARTESIAN_POINT('',(-0.143051849014988,-0.0706401421599228,0.024));
#10275=CARTESIAN_POINT('',(-0.0985518490149884,-0.0706401421599228,0.024));
#10276=CARTESIAN_POINT('',(-0.0540518490149884,-0.0706401421599228,0.024));
#10277=CARTESIAN_POINT('',(-0.0540518490149884,-0.0706401421599228,0.018));
#10278=CARTESIAN_POINT('',(-0.0540518490149884,-0.0706401421599228,0.018));
#10279=CARTESIAN_POINT('',(-0.0985518490149884,-0.0706401421599228,0.018));
#10280=CARTESIAN_POINT('',(-0.0518768490149884,-0.0706401421599228,0.018));
#10281=CARTESIAN_POINT('',(-0.0985518490149884,-0.0706401421599228,0.018));
#10282=CARTESIAN_POINT('',(-0.0500518490149884,-0.0706401421599228,0.018));
#10283=CARTESIAN_POINT('',(-0.0500518490149884,-0.0706401421599228,0.024));
#10284=CARTESIAN_POINT('',(-0.0500518490149884,-0.0361401421599228,0.024));
#10285=CARTESIAN_POINT('',(-0.0500518490149884,-0.00564014215992281,0.018));
#10286=CARTESIAN_POINT('',(-0.0500518490149884,-0.00564014215992281,0.018));
#10287=CARTESIAN_POINT('',(-0.0500518490149884,-0.00564014215992281,0.024));
#10288=CARTESIAN_POINT('',(-0.0500518490149884,-0.0361401421599228,0.018));
#10289=CARTESIAN_POINT('',(-0.0500518490149884,-0.00346514215992281,0.018));
#10290=CARTESIAN_POINT('',(-0.0500518490149884,-0.0361401421599228,0.018));
#10291=CARTESIAN_POINT('',(-0.0500518490149884,-0.0361401421599228,0.018));
#10292=CARTESIAN_POINT('',(-0.0500518490149884,-0.0688151421599228,0.018));
#10293=CARTESIAN_POINT('',(-0.0500518490149884,-0.0361401421599228,0.018));
#10294=CARTESIAN_POINT('',(-0.0500518490149884,-0.0666401421599228,0.018));
#10295=CARTESIAN_POINT('',(-0.0500518490149884,-0.0666401421599228,0.018));
#10296=CARTESIAN_POINT('',(-0.0500518490149884,-0.0666401421599228,0.024));
#10297=CARTESIAN_POINT('',(-0.0500518490149884,-0.0361401421599228,0.024));
#10298=CARTESIAN_POINT('',(-0.0500518490149884,-0.0627901421599228,0.024));
#10299=CARTESIAN_POINT('',(-0.0500518490149884,-0.0627901421599228,0.024));
#10300=CARTESIAN_POINT('',(-0.0500518490149884,-0.0627901421599228,0.01025));
#10301=CARTESIAN_POINT('',(-0.0500518490149884,-0.0361401421599228,0.01025));
#10302=CARTESIAN_POINT('',(-0.0500518490149884,-0.0420901421599228,0.01025));
#10303=CARTESIAN_POINT('',(-0.0500518490149884,-0.0420901421599228,0.024));
#10304=CARTESIAN_POINT('',(-0.0500518490149884,-0.0420901421599228,0.024));
#10305=CARTESIAN_POINT('',(-0.0500518490149884,-0.0361401421599228,0.024));
#10306=CARTESIAN_POINT('',(-0.0985518490149884,-0.0361401421599228,0.004));
#10307=CARTESIAN_POINT('',(-0.0985518490149884,-0.00164014215992281,0.004));
#10308=CARTESIAN_POINT('',(-0.100412158189348,-0.00164014215992281,0.00399983003565343));
#10309=CARTESIAN_POINT('',(-0.0863201581893476,-0.00164014215992281,0.00399983003565343));
#10310=CARTESIAN_POINT('',(-0.100412158189348,-0.00241514215992281,0.004));
#10311=CARTESIAN_POINT('',(-0.0863201581893476,-0.00241514215992281,0.004));
#10312=CARTESIAN_POINT('',(-0.0985518490149884,0.00235985784007719,0.024));
#10313=CARTESIAN_POINT('',(-0.0500518490149884,0.00235985784007719,0.024));
#10314=CARTESIAN_POINT('',(-0.0500518490149884,0.00235985784007719,0.024));
#10315=CARTESIAN_POINT('',(-0.0500518490149884,0.00235985784007719,0.002));
#10316=CARTESIAN_POINT('',(-0.147051849014988,0.00235985784007719,0.002));
#10317=CARTESIAN_POINT('',(-0.147051849014988,0.00235985784007719,0.002));
#10318=CARTESIAN_POINT('',(-0.147051849014988,0.00235985784007719,0.024));
#10319=CARTESIAN_POINT('',(-0.147051849014988,0.00235985784007719,0.024));
#10320=CARTESIAN_POINT('',(-0.0985518490149884,0.00235985784007719,0.024));
#10321=CARTESIAN_POINT('',(-0.0985518490149884,0.00235985784007719,0.00399966007130685));
#10322=CARTESIAN_POINT('',(-0.100412158189348,0.00235985784007719,0.00399966007130685));
#10323=CARTESIAN_POINT('',(-0.0863201581893476,0.00235985784007719,0.00399966007130685));
#10324=CARTESIAN_POINT('',(-0.0863201581893476,0.00235985784007719,0.024));
#10325=CARTESIAN_POINT('',(-0.0863201581893476,0.00235985784007719,0.0114996600713069));
#10326=CARTESIAN_POINT('',(-0.0985518490149884,0.00235985784007719,0.0114996600713069));
#10327=CARTESIAN_POINT('',(-0.100412158189348,0.00235985784007719,0.0114996600713069));
#10328=CARTESIAN_POINT('',(-0.100412158189348,0.00235985784007719,0.024));
#10329=CARTESIAN_POINT('',(-0.0674026649148851,0.00235985784007719,0.024));
#10330=CARTESIAN_POINT('',(-0.0674026649148851,0.00235985784007719,0.0209270950997171));
#10331=CARTESIAN_POINT('',(-0.0674026649148851,0.00235985784007719,0.00892709509971706));
#10332=CARTESIAN_POINT('',(-0.0985518490149884,0.00235985784007719,0.00892709509971706));
#10333=CARTESIAN_POINT('',(-0.0559714071390016,0.00235985784007719,0.00892709509971706));
#10334=CARTESIAN_POINT('',(-0.0559714071390016,0.00235985784007719,0.024));
#10335=CARTESIAN_POINT('',(-0.0559714071390016,0.00235985784007719,0.0209270950997171));
#10336=CARTESIAN_POINT('',(-0.0985518490149884,0.00235985784007719,0.0209270950997171));
#10337=CARTESIAN_POINT('',(-0.151051849014988,-0.0361401421599228,0.024));
#10338=CARTESIAN_POINT('',(-0.151051849014988,-0.0154041015833616,0.024));
#10339=CARTESIAN_POINT('',(-0.151051849014988,-0.0154041015833616,0.0172604383006692));
#10340=CARTESIAN_POINT('',(-0.151051849014988,-0.0154041015833616,0.0072604383006692));
#10341=CARTESIAN_POINT('',(-0.151051849014988,-0.0361401421599228,0.0172604383006692));
#10342=CARTESIAN_POINT('',(-0.151051849014988,-0.0254041015833617,0.0172604383006692));
#10343=CARTESIAN_POINT('',(-0.151051849014988,-0.0254041015833617,0.024));
#10344=CARTESIAN_POINT('',(-0.151051849014988,-0.0254041015833617,0.0072604383006692));
#10345=CARTESIAN_POINT('',(-0.151051849014988,-0.0361401421599228,0.0072604383006692));
#10346=CARTESIAN_POINT('',(-0.151051849014988,-0.00164014215992281,0.));
#10347=CARTESIAN_POINT('',(-0.151051849014988,-0.00164014215992281,0.024));
#10348=CARTESIAN_POINT('',(-0.151051849014988,-0.00164014215992281,0.002));
#10349=CARTESIAN_POINT('',(-0.151051849014988,-0.0361401421599228,0.002));
#10350=CARTESIAN_POINT('',(-0.151051849014988,-0.0706401421599228,0.002));
#10351=CARTESIAN_POINT('',(-0.151051849014988,-0.0706401421599228,0.024));
#10352=CARTESIAN_POINT('',(-0.151051849014988,-0.0706401421599228,0.024));
#10353=CARTESIAN_POINT('',(-0.151051849014988,-0.0361401421599228,0.024));
#10354=CARTESIAN_POINT('',(-0.151051849014988,-0.0361401421599228,0.00671295499503613));
#10355=CARTESIAN_POINT('',(-0.151051849014988,-0.041908443647623,0.00671295499503613));
#10356=CARTESIAN_POINT('',(-0.151051849014988,-0.0277183155745268,0.00671295499503613));
#10357=CARTESIAN_POINT('',(-0.151051849014988,-0.0277183155745268,0.024));
#10358=CARTESIAN_POINT('',(-0.151051849014988,-0.0277183155745268,0.01752213652879));
#10359=CARTESIAN_POINT('',(-0.151051849014988,-0.041908443647623,0.01752213652879));
#10360=CARTESIAN_POINT('',(-0.151051849014988,-0.041908443647623,0.01752213652879));
#10361=CARTESIAN_POINT('',(-0.151051849014988,-0.041908443647623,0.024));
#10362=CARTESIAN_POINT('',(-0.0985518490149884,-0.0361401421599228,0.024));
#10363=CARTESIAN_POINT('',(-0.0500518490149884,-0.00164014215992281,0.024));
#10364=CARTESIAN_POINT('',(-0.0518768490149884,-0.00164014215992281,0.024));
#10365=CARTESIAN_POINT('',(-0.0500518490149884,-0.0706401421599228,0.024));
#10366=CARTESIAN_POINT('',(-0.0518768490149884,-0.0706401421599228,0.024));
#10367=CARTESIAN_POINT('',(-0.147051849014988,-0.0706401421599228,0.024));
#10368=CARTESIAN_POINT('',(-0.148876849014988,-0.0706401421599228,0.024));
#10369=CARTESIAN_POINT('',(-0.147051849014988,-0.00164014215992281,0.024));
#10370=CARTESIAN_POINT('',(-0.148876849014988,-0.00164014215992281,0.024));
#10371=CARTESIAN_POINT('',(-0.0985518490149884,-0.0420901421599228,0.024));
#10372=CARTESIAN_POINT('',(-0.0480518490149884,-0.0420901421599228,0.024));
#10373=CARTESIAN_POINT('',(-0.0703268490149884,-0.0643651421599228,0.024));
#10374=CARTESIAN_POINT('',(-0.0460518490149884,-0.0400901421599228,0.024));
#10375=CARTESIAN_POINT('',(-0.0460518490149884,-0.0361401421599228,0.024));
#10376=CARTESIAN_POINT('',(-0.0460518490149884,-0.00164014215992281,0.024));
#10377=CARTESIAN_POINT('',(-0.0500518490149884,-0.00164014215992281,0.024));
#10378=CARTESIAN_POINT('',(-0.147051849014988,-0.00164014215992281,0.024));
#10379=CARTESIAN_POINT('',(-0.147051849014988,-0.0706401421599228,0.024));
#10380=CARTESIAN_POINT('',(-0.147051849014988,-0.0746401421599228,0.024));
#10381=CARTESIAN_POINT('',(-0.0985518490149884,-0.0746401421599228,0.024));
#10382=CARTESIAN_POINT('',(-0.0500518490149884,-0.0746401421599228,0.024));
#10383=CARTESIAN_POINT('',(-0.0500518490149884,-0.0706401421599228,0.024));
#10384=CARTESIAN_POINT('',(-0.0460518490149884,-0.0706401421599228,0.024));
#10385=CARTESIAN_POINT('',(-0.0460518490149884,-0.0361401421599228,0.024));
#10386=CARTESIAN_POINT('',(-0.0460518490149884,-0.0647901421599228,0.024));
#10387=CARTESIAN_POINT('',(-0.0866268490149884,-0.0242151421599228,0.024));
#10388=CARTESIAN_POINT('',(-0.0480518490149884,-0.0627901421599228,0.024));
#10389=CARTESIAN_POINT('',(-0.0985518490149884,-0.0627901421599228,0.024));
#10390=CARTESIAN_POINT('',(-0.0500518490149884,-0.0706401421599228,0.024));
#10391=CARTESIAN_POINT('',(-0.147051849014988,-0.0706401421599228,0.024));
#10392=CARTESIAN_POINT('',(-0.147051849014988,-0.00164014215992281,0.024));
#10393=CARTESIAN_POINT('',(-0.0500518490149884,-0.0016401421599228,0.024));
#10394=CARTESIAN_POINT('',(-0.0985518490149884,-0.0746401421599228,0.024));
#10395=CARTESIAN_POINT('',(-0.147051849014988,-0.0746401421599228,0.024));
#10396=CARTESIAN_POINT('',(-0.147051849014988,-0.0746401421599228,0.002));
#10397=CARTESIAN_POINT('',(-0.0985518490149884,-0.0746401421599228,0.002));
#10398=CARTESIAN_POINT('',(-0.0500518490149884,-0.0746401421599228,0.002));
#10399=CARTESIAN_POINT('',(-0.0500518490149884,-0.0746401421599228,0.024));
#10400=CARTESIAN_POINT('',(-0.0460518490149884,-0.0361401421599228,0.024));
#10401=CARTESIAN_POINT('',(-0.0460518490149884,-0.0400901421599228,0.024));
#10402=CARTESIAN_POINT('',(-0.0460518490149884,-0.0400901421599228,0.00825));
#10403=CARTESIAN_POINT('',(-0.0460518490149884,-0.0627901421599228,0.00825));
#10404=CARTESIAN_POINT('',(-0.0460518490149884,-0.0647901421599228,0.00825));
#10405=CARTESIAN_POINT('',(-0.0460518490149884,-0.0647901421599228,0.024));
#10406=CARTESIAN_POINT('',(-0.0460518490149884,-0.0706401421599228,0.));
#10407=CARTESIAN_POINT('',(-0.0460518490149884,-0.0706401421599228,0.002));
#10408=CARTESIAN_POINT('',(-0.0460518490149884,-0.00164014215992281,0.002));
#10409=CARTESIAN_POINT('',(-0.0460518490149884,-0.00164014215992281,0.002));
#10410=CARTESIAN_POINT('',(-0.0460518490149884,-0.00164014215992281,0.024));
#10411=CARTESIAN_POINT('',(-0.123366826726016,-0.0281688638060097,0.0054));
#10412=CARTESIAN_POINT('',(-0.121866826726016,-0.0281688638060097,0.0054));
#10413=CARTESIAN_POINT('',(-0.134866826726016,-0.0281688638060097,0.0054));
#10414=CARTESIAN_POINT('',(-0.134866826726016,-0.0161688638060096,0.0054));
#10415=CARTESIAN_POINT('',(-0.134866826726016,-0.00416886380600967,0.0054));
#10416=CARTESIAN_POINT('',(-0.136616826726016,-0.00416886380600967,0.0054));
#10417=CARTESIAN_POINT('',(-0.138366826726016,-0.00416886380600967,0.0054));
#10418=CARTESIAN_POINT('',(-0.138366826726016,-0.0161688638060096,0.0054));
#10419=CARTESIAN_POINT('',(-0.138366826726016,-0.0281688638060097,0.0054));
#10420=CARTESIAN_POINT('',(-0.134866826726016,-0.0281688638060097,0.0054));
#10421=CARTESIAN_POINT('',(-0.134866826726016,-0.0316688638060097,0.0054));
#10422=CARTESIAN_POINT('',(-0.123366826726016,-0.0316688638060097,0.0054));
#10423=CARTESIAN_POINT('',(-0.121866826726016,-0.0316688638060097,0.0054));
#10424=CARTESIAN_POINT('',(-0.121866826726016,-0.0299188638060097,0.0054));
#10425=CARTESIAN_POINT('',(-0.147051849014988,-0.0706401421599228,0.024));
#10426=CARTESIAN_POINT('',(-0.147051849014988,-0.0706401421599228,0.002));
#10427=CARTESIAN_POINT('',(-0.0500518490149884,-0.0706401421599228,0.024));
#10428=CARTESIAN_POINT('',(-0.0500518490149884,-0.0706401421599228,0.002));
#10429=CARTESIAN_POINT('',(-0.147051849014988,-0.00164014215992281,0.024));
#10430=CARTESIAN_POINT('',(-0.147051849014988,-0.00164014215992281,0.002));
#10431=CARTESIAN_POINT('',(-0.0500518490149884,-0.00164014215992281,0.024));
#10432=CARTESIAN_POINT('',(-0.0500518490149884,-0.00164014215992281,0.002));
#10433=CARTESIAN_POINT('',(-0.143308415848847,-0.0656854376363896,0.0075));
#10434=CARTESIAN_POINT('',(-0.143308415848847,-0.0656854376363896,0.0075));
#10435=CARTESIAN_POINT('',(-0.0987901324319179,-0.0361401421599228,0.0075));
#10436=CARTESIAN_POINT('',(-0.143308415848847,-0.0656854376363896,0.0075));
#10437=CARTESIAN_POINT('',(-0.141483415848847,-0.0656854376363896,0.0075));
#10438=CARTESIAN_POINT('',(-0.143528415848847,-0.00722586702319993,0.0075));
#10439=CARTESIAN_POINT('',(-0.143528415848847,-0.00722586702319993,0.0075));
#10440=CARTESIAN_POINT('',(-0.0987901324319179,-0.0361401421599228,0.0075));
#10441=CARTESIAN_POINT('',(-0.143528415848847,-0.00722586702319993,0.0075));
#10442=CARTESIAN_POINT('',(-0.141703415848847,-0.00722586702319993,0.0075));
#10443=CARTESIAN_POINT('',(-0.0546438939484489,-0.0656854376363896,0.0075));
#10444=CARTESIAN_POINT('',(-0.0546438939484489,-0.0656854376363896,0.0075));
#10445=CARTESIAN_POINT('',(-0.0503938939484489,-0.0656854376363896,0.0075));
#10446=CARTESIAN_POINT('',(-0.0987901324319179,-0.0361401421599228,0.0075));
#10447=CARTESIAN_POINT('',(-0.0546438939484489,-0.0656854376363896,0.0075));
#10448=CARTESIAN_POINT('',(-0.0528188939484489,-0.0656854376363896,0.0075));
#10449=CARTESIAN_POINT('',(-0.1531,-0.0154041015833616,0.0122604383006692));
#10450=CARTESIAN_POINT('',(-0.1531,-0.0154041015833616,0.0072604383006692));
#10451=CARTESIAN_POINT('',(-0.1471,-0.0154041015833616,0.0072604383006692));
#10452=CARTESIAN_POINT('',(-0.1471,-0.0154041015833616,0.0122604383006692));
#10453=CARTESIAN_POINT('',(-0.1471,-0.0154041015833616,0.0172604383006692));
#10454=CARTESIAN_POINT('',(-0.1531,-0.0154041015833616,0.0172604383006692));
#10455=CARTESIAN_POINT('',(-0.1531,-0.0204041015833617,0.0172604383006692));
#10456=CARTESIAN_POINT('',(-0.1471,-0.0204041015833617,0.0172604383006692));
#10457=CARTESIAN_POINT('',(-0.1471,-0.0254041015833617,0.0172604383006692));
#10458=CARTESIAN_POINT('',(-0.1531,-0.0254041015833617,0.0172604383006692));
#10459=CARTESIAN_POINT('',(-0.1531,-0.0254041015833617,0.0122604383006692));
#10460=CARTESIAN_POINT('',(-0.1471,-0.0254041015833617,0.0122604383006692));
#10461=CARTESIAN_POINT('',(-0.1471,-0.0254041015833617,0.0072604383006692));
#10462=CARTESIAN_POINT('',(-0.1531,-0.0254041015833617,0.0072604383006692));
#10463=CARTESIAN_POINT('',(-0.1531,-0.0204041015833617,0.0072604383006692));
#10464=CARTESIAN_POINT('',(-0.1471,-0.0204041015833617,0.0072604383006692));
#10465=CARTESIAN_POINT('',(-0.1471,-0.0286562726154924,0.0122604383006692));
#10466=CARTESIAN_POINT('',(-0.1471,-0.0203694279402495,0.00933213652879));
#10467=CARTESIAN_POINT('',(-0.1471,-0.0233694279402494,0.00933213652879));
#10468=CARTESIAN_POINT('',(-0.1471,-0.0173694279402495,0.00933213652879));
#10469=CARTESIAN_POINT('',(-0.1471,-0.0173694279402495,0.01233213652879));
#10470=CARTESIAN_POINT('',(-0.1471,-0.0173694279402495,0.01533213652879));
#10471=CARTESIAN_POINT('',(-0.1471,-0.0203694279402495,0.01533213652879));
#10472=CARTESIAN_POINT('',(-0.1471,-0.0233694279402494,0.01533213652879));
#10473=CARTESIAN_POINT('',(-0.1471,-0.0233694279402494,0.01233213652879));
#10474=CARTESIAN_POINT('',(-0.126051849014988,-0.0361401421599228,0.00933213652879));
#10475=CARTESIAN_POINT('',(-0.126051849014988,-0.0173694279402495,0.00933213652879));
#10476=CARTESIAN_POINT('',(-0.126051849014988,-0.0233694279402494,0.00933213652879));
#10477=CARTESIAN_POINT('',(-0.126051849014988,-0.0233694279402494,0.024));
#10478=CARTESIAN_POINT('',(-0.126051849014988,-0.0233694279402494,0.01533213652879));
#10479=CARTESIAN_POINT('',(-0.126051849014988,-0.0361401421599228,0.01533213652879));
#10480=CARTESIAN_POINT('',(-0.126051849014988,-0.0173694279402495,0.01533213652879));
#10481=CARTESIAN_POINT('',(-0.126051849014988,-0.0173694279402495,0.024));
#10482=CARTESIAN_POINT('',(-0.14765,-0.0277183155745268,0.0121175457619131));
#10483=CARTESIAN_POINT('',(-0.14616020580316,-0.0277183155745268,0.00953714652016488));
#10484=CARTESIAN_POINT('',(-0.14765,-0.0277183155745268,0.00867701343958215));
#10485=CARTESIAN_POINT('',(-0.14765,-0.0277183155745268,0.0121175457619131));
#10486=CARTESIAN_POINT('',(-0.14765,-0.0277183155745268,0.0155580780842439));
#10487=CARTESIAN_POINT('',(-0.14616020580316,-0.0277183155745268,0.0146979450036612));
#10488=CARTESIAN_POINT('',(-0.14765,-0.041908443647623,0.0121175457619131));
#10489=CARTESIAN_POINT('',(-0.147587747399851,-0.041908443647623,0.01552213652879));
#10490=CARTESIAN_POINT('',(-0.14765,-0.041908443647623,0.0155580780842439));
#10491=CARTESIAN_POINT('',(-0.14765,-0.041908443647623,0.0121175457619131));
#10492=CARTESIAN_POINT('',(-0.14765,-0.041908443647623,0.00867701343958215));
#10493=CARTESIAN_POINT('',(-0.151051849014988,-0.041908443647623,0.00671295499503613));
#10494=CARTESIAN_POINT('',(-0.14765,-0.0286562726154924,0.0122604383006692));
#10495=CARTESIAN_POINT('',(-0.14765,-0.0286562726154924,0.00867701343958215));
#10496=CARTESIAN_POINT('',(-0.14765,-0.0286562726154924,0.0155580780842439));
#10497=CARTESIAN_POINT('',(-0.14765,-0.0349531185495394,0.0132312985292077));
#10498=CARTESIAN_POINT('',(-0.14765,-0.0320440977811814,0.0132312985292077));
#10499=CARTESIAN_POINT('',(-0.14765,-0.0378621393178976,0.0132312985292077));
#10500=CARTESIAN_POINT('',(-0.14765,-0.037862593803314,0.0118562985292077));
#10501=CARTESIAN_POINT('',(-0.14765,-0.0378630482887303,0.0104812985292077));
#10502=CARTESIAN_POINT('',(-0.14765,-0.0349540275203723,0.0104812985292077));
#10503=CARTESIAN_POINT('',(-0.14765,-0.0320450067520142,0.0104812985292077));
#10504=CARTESIAN_POINT('',(-0.14765,-0.0320445522665977,0.0118562985292077));
#10505=CARTESIAN_POINT('',(-0.146351849014988,-0.037862593803314,0.0118562985292077));
#10506=CARTESIAN_POINT('',(-0.146351849014988,-0.0378630482887303,0.0104812985292077));
#10507=CARTESIAN_POINT('',(-0.146351849014988,-0.0378621393178976,0.0132312985292077));
#10508=CARTESIAN_POINT('',(-0.146351849014988,-0.0361401421599228,0.0132312985292077));
#10509=CARTESIAN_POINT('',(-0.146351849014988,-0.0320440977811814,0.0132312985292077));
#10510=CARTESIAN_POINT('',(-0.146351849014988,-0.0320445522665977,0.0118562985292077));
#10511=CARTESIAN_POINT('',(-0.146351849014988,-0.0320450067520142,0.0104812985292077));
#10512=CARTESIAN_POINT('',(-0.146351849014988,-0.0361401421599228,0.0104812985292077));
#10513=CARTESIAN_POINT('',(-0.0933661581893477,0.0052,0.00399966007130685));
#10514=CARTESIAN_POINT('',(-0.0863201581893476,0.0052,0.00399966007130685));
#10515=CARTESIAN_POINT('',(-0.100412158189348,0.0052,0.00399966007130685));
#10516=CARTESIAN_POINT('',(-0.0863201581893476,0.0052,0.00774966007130686));
#10517=CARTESIAN_POINT('',(-0.0863201581893476,0.0052,0.0114996600713069));
#10518=CARTESIAN_POINT('',(-0.0863201581893476,-0.00464014215992281,0.00949966007130686));
#10519=CARTESIAN_POINT('',(-0.0863201581893476,-0.00419014215992281,0.00949966007130686));
#10520=CARTESIAN_POINT('',(-0.0863201581893476,-0.00419014215992281,0.0115));
#10521=CARTESIAN_POINT('',(-0.0863201581893476,-0.00419014215992281,0.0115));
#10522=CARTESIAN_POINT('',(-0.0863201581893476,-0.00241514215992281,0.0115));
#10523=CARTESIAN_POINT('',(-0.0933661581893477,0.0052,0.0114996600713069));
#10524=CARTESIAN_POINT('',(-0.100412158189348,0.0052,0.0114996600713069));
#10525=CARTESIAN_POINT('',(-0.100412158189348,0.0052,0.00774966007130686));
#10526=CARTESIAN_POINT('',(-0.100412158189348,-0.00419014215992281,0.0115));
#10527=CARTESIAN_POINT('',(-0.100412158189348,-0.00419014215992281,0.00949966007130686));
#10528=CARTESIAN_POINT('',(-0.100412158189348,-0.00464014215992281,0.00949966007130686));
#10529=CARTESIAN_POINT('',(-0.0616870360269434,0.0064,0.00892709509971706));
#10530=CARTESIAN_POINT('',(-0.0674026649148851,0.0064,0.00892709509971706));
#10531=CARTESIAN_POINT('',(-0.0559714071390016,0.0064,0.00892709509971706));
#10532=CARTESIAN_POINT('',(-0.0559714071390016,0.0064,0.0149270950997171));
#10533=CARTESIAN_POINT('',(-0.0559714071390016,0.0064,0.0209270950997171));
#10534=CARTESIAN_POINT('',(-0.0616870360269434,0.0064,0.0209270950997171));
#10535=CARTESIAN_POINT('',(-0.0674026649148851,0.0064,0.0209270950997171));
#10536=CARTESIAN_POINT('',(-0.0674026649148851,0.0064,0.0149270950997171));
#10537=CARTESIAN_POINT('',(-0.101412158189348,-0.00291514215992281,0.0115));
#10538=CARTESIAN_POINT('',(-0.101412158189348,-0.00419014215992281,0.0115));
#10539=CARTESIAN_POINT('',(-0.0933661581893477,-0.00419014215992281,0.0115));
#10540=CARTESIAN_POINT('',(-0.0853201581893476,-0.00419014215992281,0.0115));
#10541=CARTESIAN_POINT('',(-0.0853201581893476,-0.00419014215992281,0.0115));
#10542=CARTESIAN_POINT('',(-0.0933661581893477,-0.00419014215992281,0.0115));
#10543=CARTESIAN_POINT('',(-0.0933661581893477,-0.00419014215992281,0.00949966007130686));
#10544=CARTESIAN_POINT('',(-0.0853201581893476,-0.00291514215992281,0.0115));
#10545=CARTESIAN_POINT('',(-0.0853201581893476,-0.00291514215992281,0.0115));
#10546=CARTESIAN_POINT('',(-0.0985518490149884,-0.0361147172490564,0.0115));
#10547=CARTESIAN_POINT('',(-0.0500518490149884,-0.00164014215992281,0.002));
#10548=CARTESIAN_POINT('',(-0.0500518490149884,0.000359857840077189,0.002));
#10549=CARTESIAN_POINT('',(-0.0480518490149884,-0.00164014215992281,0.002));
#10550=CARTESIAN_POINT('',(-0.0480518490149884,-0.0361401421599228,0.002));
#10551=CARTESIAN_POINT('',(-0.0480518490149884,-0.0706401421599228,0.002));
#10552=CARTESIAN_POINT('',(-0.0985518490149884,0.000359857840077187,0.002));
#10553=CARTESIAN_POINT('',(-0.147051849014988,0.000359857840077189,0.002));
#10554=CARTESIAN_POINT('',(-0.0500518490149884,-0.0706401421599228,0.002));
#10555=CARTESIAN_POINT('',(-0.0500518490149884,-0.0726401421599228,0.002));
#10556=CARTESIAN_POINT('',(-0.147051849014988,-0.00164014215992281,0.002));
#10557=CARTESIAN_POINT('',(-0.149051849014988,-0.00164014215992281,0.002));
#10558=CARTESIAN_POINT('',(-0.0985518490149884,-0.0726401421599228,0.002));
#10559=CARTESIAN_POINT('',(-0.147051849014988,-0.0726401421599228,0.002));
#10560=CARTESIAN_POINT('',(-0.149051849014988,-0.0361401421599228,0.002));
#10561=CARTESIAN_POINT('',(-0.149051849014988,-0.0706401421599228,0.002));
#10562=CARTESIAN_POINT('',(-0.147051849014988,-0.0706401421599228,0.002));
#10563=CARTESIAN_POINT('',(-0.0529518490149884,-0.0524401421599228,0.01025));
#10564=CARTESIAN_POINT('',(-0.0529518490149884,-0.0627901421599228,0.01025));
#10565=CARTESIAN_POINT('',(-0.0480518490149884,-0.0627901421599228,0.01025));
#10566=CARTESIAN_POINT('',(-0.0480518490149884,-0.0420901421599228,0.01025));
#10567=CARTESIAN_POINT('',(-0.0480518490149884,-0.0420901421599228,0.01025));
#10568=CARTESIAN_POINT('',(-0.0529518490149884,-0.0420901421599228,0.01025));
#10569=CARTESIAN_POINT('',(-0.0529518490149884,-0.0627901421599228,0.0205));
#10570=CARTESIAN_POINT('',(-0.0480518490149884,-0.0627901421599228,0.01025));
#10571=CARTESIAN_POINT('',(-0.0529518490149884,-0.0420901421599228,0.0205));
#10572=CARTESIAN_POINT('',(-0.0480518490149884,-0.0420901421599228,0.0205));
#10573=CARTESIAN_POINT('',(-0.0546438939484489,-0.0656854376363896,0.004));
#10574=CARTESIAN_POINT('',(-0.0546438939484489,-0.0656854376363896,0.004));
#10575=CARTESIAN_POINT('',(-0.0528188939484489,-0.0656854376363896,0.004));
#10576=CARTESIAN_POINT('',(-0.0546438939484489,-0.0656854376363896,0.004));
#10577=CARTESIAN_POINT('',(-0.143528415848847,-0.00722586702319993,0.004));
#10578=CARTESIAN_POINT('',(-0.143528415848847,-0.00722586702319993,0.004));
#10579=CARTESIAN_POINT('',(-0.141703415848847,-0.00722586702319993,0.004));
#10580=CARTESIAN_POINT('',(-0.143528415848847,-0.00722586702319993,0.004));
#10581=CARTESIAN_POINT('',(-0.143308415848847,-0.0656854376363896,0.004));
#10582=CARTESIAN_POINT('',(-0.143308415848847,-0.0656854376363896,0.004));
#10583=CARTESIAN_POINT('',(-0.141483415848847,-0.0656854376363896,0.004));
#10584=CARTESIAN_POINT('',(-0.143308415848847,-0.0656854376363896,0.004));
#10585=CARTESIAN_POINT('',(-0.0822082634845506,-0.0180232307862175,0.0004));
#10586=CARTESIAN_POINT('',(-0.0822082634845506,-0.0180232307862175,0.));
#10587=CARTESIAN_POINT('',(-0.0823804450253163,-0.0181436740781157,0.0004));
#10588=CARTESIAN_POINT('',(-0.0823804450253163,-0.0181436740781157,0.));
#10589=CARTESIAN_POINT('',(-0.0824665357956992,-0.0183111426205028,0.0004));
#10590=CARTESIAN_POINT('',(-0.0824665357956992,-0.0183111426205028,0.));
#10591=CARTESIAN_POINT('',(-0.0824665357956992,-0.0185256364133788,0.0004));
#10592=CARTESIAN_POINT('',(-0.0824665357956992,-0.0185256364133788,0.));
#10593=CARTESIAN_POINT('',(-0.0822082634845506,-0.0180232307862175,0.0004));
#10594=CARTESIAN_POINT('',(-0.0822082634845506,-0.0180232307862175,0.0004));
#10595=CARTESIAN_POINT('',(-0.0822082634845506,-0.0180232307862175,0.0004));
#10596=CARTESIAN_POINT('',(-0.0824665357956992,-0.0182038957240647,0.0004));
#10597=CARTESIAN_POINT('',(-0.0824665357956992,-0.0185256364133788,0.0004));
#10598=CARTESIAN_POINT('',(-0.0824665357956992,-0.0185256364133788,0.0004));
#10599=CARTESIAN_POINT('',(-0.0824665357956992,-0.0185256364133788,0.0004));
#10600=CARTESIAN_POINT('',(-0.0817916284766708,-0.018544754913814,0.0004));
#10601=CARTESIAN_POINT('',(-0.0817916284766708,-0.018544754913814,0.0004));
#10602=CARTESIAN_POINT('',(-0.0823034660517988,-0.0189831114559973,0.0004));
#10603=CARTESIAN_POINT('',(-0.0823034660517988,-0.0189831114559973,0.0004));
#10604=CARTESIAN_POINT('',(-0.0823034660517988,-0.0189831114559973,0.0004));
#10605=CARTESIAN_POINT('',(-0.0823034660517988,-0.0189831114559973,0.));
#10606=CARTESIAN_POINT('',(-0.0821947528891985,-0.0191087914127606,0.0004));
#10607=CARTESIAN_POINT('',(-0.0821947528891985,-0.0191087914127606,0.));
#10608=CARTESIAN_POINT('',(-0.0820421564750284,-0.0191953011163327,0.0004));
#10609=CARTESIAN_POINT('',(-0.0820421564750284,-0.0191953011163327,0.));
#10610=CARTESIAN_POINT('',(-0.0818456768092885,-0.0192426405667135,0.0004));
#10611=CARTESIAN_POINT('',(-0.0818456768092885,-0.0192426405667135,0.));
#10612=CARTESIAN_POINT('',(-0.0823034660517988,-0.0189831114559973,0.0004));
#10613=CARTESIAN_POINT('',(-0.0821403963078984,-0.0191716313911422,0.0004));
#10614=CARTESIAN_POINT('',(-0.0818456768092885,-0.0192426405667135,0.0004));
#10615=CARTESIAN_POINT('',(-0.0818456768092885,-0.0192426405667135,0.0004));
#10616=CARTESIAN_POINT('',(-0.0818456768092885,-0.0192426405667135,0.0004));
#10617=CARTESIAN_POINT('',(-0.0818456768092885,-0.0192482961647679,0.0004));
#10618=CARTESIAN_POINT('',(-0.0818456768092885,-0.0192482961647679,0.0004));
#10619=CARTESIAN_POINT('',(-0.0818456768092885,-0.0192539517628222,0.0004));
#10620=CARTESIAN_POINT('',(-0.0818456768092885,-0.0192539517628222,0.0004));
#10621=CARTESIAN_POINT('',(-0.0818456768092885,-0.0192539517628222,0.0004));
#10622=CARTESIAN_POINT('',(-0.0818456768092885,-0.0192539517628222,0.));
#10623=CARTESIAN_POINT('',(-0.0820777657961114,-0.0192828581528778,0.0004));
#10624=CARTESIAN_POINT('',(-0.0820777657961114,-0.0192828581528778,0.));
#10625=CARTESIAN_POINT('',(-0.0822532988023908,-0.0193533436619625,0.0004));
#10626=CARTESIAN_POINT('',(-0.0822532988023908,-0.0193533436619625,0.));
#10627=CARTESIAN_POINT('',(-0.0823722758281267,-0.0194654082900764,0.0004));
#10628=CARTESIAN_POINT('',(-0.0823722758281267,-0.0194654082900764,0.));
#10629=CARTESIAN_POINT('',(-0.0818456768092885,-0.0192539517628222,0.0004));
#10630=CARTESIAN_POINT('',(-0.0821938102895228,-0.0192973113479056,0.0004));
#10631=CARTESIAN_POINT('',(-0.0823722758281267,-0.0194654082900764,0.0004));
#10632=CARTESIAN_POINT('',(-0.0823722758281267,-0.0194654082900764,0.0004));
#10633=CARTESIAN_POINT('',(-0.0823722758281267,-0.0194654082900764,0.0004));
#10634=CARTESIAN_POINT('',(-0.0823722758281267,-0.0194654082900764,0.0004));
#10635=CARTESIAN_POINT('',(-0.0823722758281267,-0.0194654082900764,0.));
#10636=CARTESIAN_POINT('',(-0.0824912528538626,-0.0195774729181904,0.0004));
#10637=CARTESIAN_POINT('',(-0.0824912528538626,-0.0195774729181904,0.));
#10638=CARTESIAN_POINT('',(-0.0825507413667306,-0.0197283935996037,0.0004));
#10639=CARTESIAN_POINT('',(-0.0825507413667306,-0.0197283935996037,0.));
#10640=CARTESIAN_POINT('',(-0.0825507413667306,-0.0199181703343163,0.0004));
#10641=CARTESIAN_POINT('',(-0.0825507413667306,-0.0199181703343163,0.));
#10642=CARTESIAN_POINT('',(-0.0823722758281267,-0.0194654082900764,0.0004));
#10643=CARTESIAN_POINT('',(-0.0825507413667306,-0.0196335052322474,0.0004));
#10644=CARTESIAN_POINT('',(-0.0825507413667306,-0.0199181703343163,0.0004));
#10645=CARTESIAN_POINT('',(-0.0825507413667306,-0.0199181703343163,0.0004));
#10646=CARTESIAN_POINT('',(-0.0825507413667306,-0.0199181703343163,0.0004));
#10647=CARTESIAN_POINT('',(-0.0825507413667306,-0.0199181703343163,0.0004));
#10648=CARTESIAN_POINT('',(-0.0825507413667306,-0.0199181703343163,0.));
#10649=CARTESIAN_POINT('',(-0.0825507413667306,-0.0201942473060064,0.0004));
#10650=CARTESIAN_POINT('',(-0.0825507413667306,-0.0201942473060064,0.));
#10651=CARTESIAN_POINT('',(-0.0824506163345092,-0.0204092647653689,0.0004));
#10652=CARTESIAN_POINT('',(-0.0824506163345092,-0.0204092647653689,0.));
#10653=CARTESIAN_POINT('',(-0.0822503662700663,-0.020563222712404,0.0004));
#10654=CARTESIAN_POINT('',(-0.0822503662700663,-0.020563222712404,0.));
#10655=CARTESIAN_POINT('',(-0.0825507413667306,-0.0199181703343163,0.0004));
#10656=CARTESIAN_POINT('',(-0.0825507413667306,-0.0203322857918514,0.0004));
#10657=CARTESIAN_POINT('',(-0.0822503662700663,-0.020563222712404,0.0004));
#10658=CARTESIAN_POINT('',(-0.0822503662700663,-0.020563222712404,0.0004));
#10659=CARTESIAN_POINT('',(-0.0822503662700663,-0.020563222712404,0.0004));
#10660=CARTESIAN_POINT('',(-0.0822503662700663,-0.020563222712404,0.0004));
#10661=CARTESIAN_POINT('',(-0.0822503662700663,-0.020563222712404,0.));
#10662=CARTESIAN_POINT('',(-0.0820501162056234,-0.0207171806594391,0.0004));
#10663=CARTESIAN_POINT('',(-0.0820501162056234,-0.0207171806594391,0.));
#10664=CARTESIAN_POINT('',(-0.0817641943039869,-0.0207941596329566,0.0004));
#10665=CARTESIAN_POINT('',(-0.0817641943039869,-0.0207941596329566,0.));
#10666=CARTESIAN_POINT('',(-0.0813926005651567,-0.0207941596329566,0.0004));
#10667=CARTESIAN_POINT('',(-0.0813926005651567,-0.0207941596329566,0.));
#10668=CARTESIAN_POINT('',(-0.0822503662700663,-0.020563222712404,0.0004));
#10669=CARTESIAN_POINT('',(-0.081949991173402,-0.0207941596329566,0.0004));
#10670=CARTESIAN_POINT('',(-0.0813926005651567,-0.0207941596329566,0.0004));
#10671=CARTESIAN_POINT('',(-0.0813926005651567,-0.0207941596329566,0.0004));
#10672=CARTESIAN_POINT('',(-0.0813926005651567,-0.0207941596329566,0.0004));
#10673=CARTESIAN_POINT('',(-0.0813926005651567,-0.0207941596329566,0.0004));
#10674=CARTESIAN_POINT('',(-0.0813926005651567,-0.0207941596329566,0.));
#10675=CARTESIAN_POINT('',(-0.0810809142723837,-0.0207941596329566,0.0004));
#10676=CARTESIAN_POINT('',(-0.0810809142723837,-0.0207941596329566,0.));
#10677=CARTESIAN_POINT('',(-0.080804627834099,-0.020742421384089,0.0004));
#10678=CARTESIAN_POINT('',(-0.080804627834099,-0.020742421384089,0.));
#10679=CARTESIAN_POINT('',(-0.0805637412503027,-0.0206389448863539,0.0004));
#10680=CARTESIAN_POINT('',(-0.0805637412503027,-0.0206389448863539,0.));
#10681=CARTESIAN_POINT('',(-0.0813926005651567,-0.0207941596329566,0.0004));
#10682=CARTESIAN_POINT('',(-0.0809250711259972,-0.0207941596329566,0.0004));
#10683=CARTESIAN_POINT('',(-0.0805637412503027,-0.0206389448863539,0.0004));
#10684=CARTESIAN_POINT('',(-0.0805637412503027,-0.0206389448863539,0.0004));
#10685=CARTESIAN_POINT('',(-0.0805637412503027,-0.0206389448863539,0.0004));
#10686=CARTESIAN_POINT('',(-0.0805637412503027,-0.0203806725752053,0.0004));
#10687=CARTESIAN_POINT('',(-0.0805637412503027,-0.0203806725752053,0.0004));
#10688=CARTESIAN_POINT('',(-0.0805637412503027,-0.0201226059417363,0.0004));
#10689=CARTESIAN_POINT('',(-0.0805637412503027,-0.0201226059417363,0.0004));
#10690=CARTESIAN_POINT('',(-0.0813997194763403,-0.0184420571218684,0.0004));
#10691=CARTESIAN_POINT('',(-0.0813997194763403,-0.0184420571218684,0.0004));
#10692=CARTESIAN_POINT('',(-0.0809307498940905,-0.0202596158180206,0.0004));
#10693=CARTESIAN_POINT('',(-0.0809307267240516,-0.0202597056168206,0.0004));
#10694=CARTESIAN_POINT('',(-0.0813331393140035,-0.0187690421490707,0.0004));
#10695=CARTESIAN_POINT('',(-0.0813331393140035,-0.0187690421490707,0.0004));
#10696=CARTESIAN_POINT('',(-0.0813272469876398,-0.0203128053985531,0.0004));
#10697=CARTESIAN_POINT('',(-0.0813272469876398,-0.0203128053985531,0.0004));
#10698=CARTESIAN_POINT('',(-0.0813272469876398,-0.0203128053985531,0.0004));
#10699=CARTESIAN_POINT('',(-0.0813272469876398,-0.0203128053985531,0.));
#10700=CARTESIAN_POINT('',(-0.0815279159852719,-0.0203128053985531,0.0004));
#10701=CARTESIAN_POINT('',(-0.0815279159852719,-0.0203128053985531,0.));
#10702=CARTESIAN_POINT('',(-0.081676008867658,-0.0202787670769297,0.0004));
#10703=CARTESIAN_POINT('',(-0.081676008867658,-0.0202787670769297,0.));
#10704=CARTESIAN_POINT('',(-0.0817715256347981,-0.0202106904336829,0.0004));
#10705=CARTESIAN_POINT('',(-0.0817715256347981,-0.0202106904336829,0.));
#10706=CARTESIAN_POINT('',(-0.0813272469876398,-0.0203128053985531,0.0004));
#10707=CARTESIAN_POINT('',(-0.0816282504840879,-0.0203128053985531,0.0004));
#10708=CARTESIAN_POINT('',(-0.0817715256347981,-0.0202106904336829,0.0004));
#10709=CARTESIAN_POINT('',(-0.0817715256347981,-0.0202106904336829,0.0004));
#10710=CARTESIAN_POINT('',(-0.0817715256347981,-0.0202106904336829,0.0004));
#10711=CARTESIAN_POINT('',(-0.0817715256347981,-0.0202106904336829,0.0004));
#10712=CARTESIAN_POINT('',(-0.0817715256347981,-0.0202106904336829,0.));
#10713=CARTESIAN_POINT('',(-0.0818670424019382,-0.0201426137904361,0.0004));
#10714=CARTESIAN_POINT('',(-0.0818670424019382,-0.0201426137904361,0.));
#10715=CARTESIAN_POINT('',(-0.0819148007855083,-0.0200331674947547,0.0004));
#10716=CARTESIAN_POINT('',(-0.0819148007855083,-0.0200331674947547,0.));
#10717=CARTESIAN_POINT('',(-0.0819148007855083,-0.0198823515466387,0.0004));
#10718=CARTESIAN_POINT('',(-0.0819148007855083,-0.0198823515466387,0.));
#10719=CARTESIAN_POINT('',(-0.0817715256347981,-0.0202106904336829,0.0004));
#10720=CARTESIAN_POINT('',(-0.0819148007855083,-0.0201085754688127,0.0004));
#10721=CARTESIAN_POINT('',(-0.0819148007855083,-0.0198823515466387,0.0004));
#10722=CARTESIAN_POINT('',(-0.0819148007855083,-0.0198823515466387,0.0004));
#10723=CARTESIAN_POINT('',(-0.0819148007855083,-0.0198823515466387,0.0004));
#10724=CARTESIAN_POINT('',(-0.0819148007855083,-0.0198823515466387,0.0004));
#10725=CARTESIAN_POINT('',(-0.0819148007855083,-0.0198823515466387,0.));
#10726=CARTESIAN_POINT('',(-0.0819148007855083,-0.019747873992902,0.0004));
#10727=CARTESIAN_POINT('',(-0.0819148007855083,-0.019747873992902,0.));
#10728=CARTESIAN_POINT('',(-0.0818598158044243,-0.0196524619590592,0.0004));
#10729=CARTESIAN_POINT('',(-0.0818598158044243,-0.0196524619590592,0.));
#10730=CARTESIAN_POINT('',(-0.0817498458422564,-0.0195961154451103,0.0004));
#10731=CARTESIAN_POINT('',(-0.0817498458422564,-0.0195961154451103,0.));
#10732=CARTESIAN_POINT('',(-0.0819148007855083,-0.0198823515466387,0.0004));
#10733=CARTESIAN_POINT('',(-0.0819148007855083,-0.0196806352160336,0.0004));
#10734=CARTESIAN_POINT('',(-0.0817498458422564,-0.0195961154451103,0.0004));
#10735=CARTESIAN_POINT('',(-0.0817498458422564,-0.0195961154451103,0.0004));
#10736=CARTESIAN_POINT('',(-0.0817498458422564,-0.0195961154451103,0.0004));
#10737=CARTESIAN_POINT('',(-0.0817498458422564,-0.0195961154451103,0.0004));
#10738=CARTESIAN_POINT('',(-0.0817498458422564,-0.0195961154451103,0.));
#10739=CARTESIAN_POINT('',(-0.0816398758800885,-0.0195397689311614,0.0004));
#10740=CARTESIAN_POINT('',(-0.0816398758800885,-0.0195397689311614,0.));
#10741=CARTESIAN_POINT('',(-0.0814644476071064,-0.019511595674187,0.0004));
#10742=CARTESIAN_POINT('',(-0.0814644476071064,-0.019511595674187,0.));
#10743=CARTESIAN_POINT('',(-0.0812235610233101,-0.019511595674187,0.0004));
#10744=CARTESIAN_POINT('',(-0.0812235610233101,-0.019511595674187,0.));
#10745=CARTESIAN_POINT('',(-0.0817498458422564,-0.0195961154451103,0.0004));
#10746=CARTESIAN_POINT('',(-0.0815848908990046,-0.019511595674187,0.0004));
#10747=CARTESIAN_POINT('',(-0.0812235610233101,-0.019511595674187,0.0004));
#10748=CARTESIAN_POINT('',(-0.0812235610233101,-0.019511595674187,0.0004));
#10749=CARTESIAN_POINT('',(-0.0812235610233101,-0.019511595674187,0.0004));
#10750=CARTESIAN_POINT('',(-0.0811145336608179,-0.019511595674187,0.0004));
#10751=CARTESIAN_POINT('',(-0.0811145336608179,-0.019511595674187,0.0004));
#10752=CARTESIAN_POINT('',(-0.0810055062983257,-0.019511595674187,0.0004));
#10753=CARTESIAN_POINT('',(-0.0810055062983257,-0.019511595674187,0.0004));
#10754=CARTESIAN_POINT('',(-0.0810055062983257,-0.0192787735542829,0.0004));
#10755=CARTESIAN_POINT('',(-0.0810055062983257,-0.0192787735542829,0.0004));
#10756=CARTESIAN_POINT('',(-0.0810055062983257,-0.0190459514343789,0.0004));
#10757=CARTESIAN_POINT('',(-0.0810055062983257,-0.0190459514343789,0.0004));
#10758=CARTESIAN_POINT('',(-0.0811164188601694,-0.0190459514343789,0.0004));
#10759=CARTESIAN_POINT('',(-0.0811164188601694,-0.0190459514343789,0.0004));
#10760=CARTESIAN_POINT('',(-0.081227331422013,-0.0190459514343789,0.0004));
#10761=CARTESIAN_POINT('',(-0.081227331422013,-0.0190459514343789,0.0004));
#10762=CARTESIAN_POINT('',(-0.081227331422013,-0.0190459514343789,0.0004));
#10763=CARTESIAN_POINT('',(-0.081227331422013,-0.0190459514343789,0.));
#10764=CARTESIAN_POINT('',(-0.0814497849454841,-0.0190459514343789,0.0004));
#10765=CARTESIAN_POINT('',(-0.0814497849454841,-0.0190459514343789,0.));
#10766=CARTESIAN_POINT('',(-0.0816124357561952,-0.0190168355777287,0.0004));
#10767=CARTESIAN_POINT('',(-0.0816124357561952,-0.0190168355777287,0.));
#10768=CARTESIAN_POINT('',(-0.0817152838541465,-0.0189586038644284,0.0004));
#10769=CARTESIAN_POINT('',(-0.0817152838541465,-0.0189586038644284,0.));
#10770=CARTESIAN_POINT('',(-0.081227331422013,-0.0190459514343789,0.0004));
#10771=CARTESIAN_POINT('',(-0.0815610117072196,-0.0190459514343789,0.0004));
#10772=CARTESIAN_POINT('',(-0.0817152838541465,-0.0189586038644284,0.0004));
#10773=CARTESIAN_POINT('',(-0.0817152838541465,-0.0189586038644284,0.0004));
#10774=CARTESIAN_POINT('',(-0.0817152838541465,-0.0189586038644284,0.0004));
#10775=CARTESIAN_POINT('',(-0.0817152838541465,-0.0189586038644284,0.0004));
#10776=CARTESIAN_POINT('',(-0.0817152838541465,-0.0189586038644284,0.));
#10777=CARTESIAN_POINT('',(-0.0818181319520978,-0.0189003721511281,0.0004));
#10778=CARTESIAN_POINT('',(-0.0818181319520978,-0.0189003721511281,0.));
#10779=CARTESIAN_POINT('',(-0.0818695560010735,-0.0188006660520958,0.0004));
#10780=CARTESIAN_POINT('',(-0.0818695560010735,-0.0188006660520958,0.));
#10781=CARTESIAN_POINT('',(-0.0818695560010735,-0.0186594855673318,0.0004));
#10782=CARTESIAN_POINT('',(-0.0818695560010735,-0.0186594855673318,0.));
#10783=CARTESIAN_POINT('',(-0.0817152838541465,-0.0189586038644284,0.0004));
#10784=CARTESIAN_POINT('',(-0.0818695560010735,-0.0188712562944779,0.0004));
#10785=CARTESIAN_POINT('',(-0.0818695560010735,-0.0186594855673318,0.0004));
#10786=CARTESIAN_POINT('',(-0.0818695560010735,-0.0186594855673318,0.0004));
#10787=CARTESIAN_POINT('',(-0.0818695560010735,-0.0186594855673318,0.0004));
#10788=CARTESIAN_POINT('',(-0.0818695560010735,-0.0186594855673318,0.0004));
#10789=CARTESIAN_POINT('',(-0.0818695560010735,-0.0186594855673318,0.));
#10790=CARTESIAN_POINT('',(-0.0818695560010735,-0.0184420592421312,0.0004));
#10791=CARTESIAN_POINT('',(-0.0818695560010735,-0.0184420592421312,0.));
#10792=CARTESIAN_POINT('',(-0.0817334027145799,-0.0183333460795309,0.0004));
#10793=CARTESIAN_POINT('',(-0.0817334027145799,-0.0183333460795309,0.));
#10794=CARTESIAN_POINT('',(-0.0814610961415927,-0.0183333460795309,0.0004));
#10795=CARTESIAN_POINT('',(-0.0814610961415927,-0.0183333460795309,0.));
#10796=CARTESIAN_POINT('',(-0.0818695560010735,-0.0186594855673318,0.0004));
#10797=CARTESIAN_POINT('',(-0.0818695560010735,-0.0183333460795309,0.0004));
#10798=CARTESIAN_POINT('',(-0.0814610961415927,-0.0183333460795309,0.0004));
#10799=CARTESIAN_POINT('',(-0.0814610961415927,-0.0183333460795309,0.0004));
#10800=CARTESIAN_POINT('',(-0.0814610961415927,-0.0183333460795309,0.0004));
#10801=CARTESIAN_POINT('',(-0.0814677058932952,-0.0192694469261806,0.0004));
#10802=CARTESIAN_POINT('',(-0.0814677058932952,-0.0192694469261806,0.0004));
#10803=CARTESIAN_POINT('',(-0.0811732033497452,-0.0183802387750294,0.00039999975));
#10804=CARTESIAN_POINT('',(-0.0811732890406048,-0.0183804760633172,0.0004));
#10805=CARTESIAN_POINT('',(-0.0816463190585709,-0.0197190788915974,0.0004));
#10806=CARTESIAN_POINT('',(-0.0816463190585709,-0.0197190788915974,0.0004));
#10807=CARTESIAN_POINT('',(-0.0808487475330943,-0.0185437391804367,0.0004));
#10808=CARTESIAN_POINT('',(-0.0808487475330943,-0.0185437391804367,0.0004));
#10809=CARTESIAN_POINT('',(-0.0807079590006886,-0.0183342886792067,0.0004));
#10810=CARTESIAN_POINT('',(-0.0807079590006886,-0.0183342886792067,0.0004));
#10811=CARTESIAN_POINT('',(-0.0805675116490056,-0.0181253457510877,0.0004));
#10812=CARTESIAN_POINT('',(-0.0805675116490056,-0.0181253457510877,0.0004));
#10813=CARTESIAN_POINT('',(-0.0805675116490056,-0.0181253457510877,0.0004));
#10814=CARTESIAN_POINT('',(-0.0805675116490056,-0.0181253457510877,0.));
#10815=CARTESIAN_POINT('',(-0.0808293448922625,-0.0179368258159427,0.0004));
#10816=CARTESIAN_POINT('',(-0.0808293448922625,-0.0179368258159427,0.));
#10817=CARTESIAN_POINT('',(-0.0811416595848193,-0.0178425658483702,0.0004));
#10818=CARTESIAN_POINT('',(-0.0811416595848193,-0.0178425658483702,0.));
#10819=CARTESIAN_POINT('',(-0.0815044557266761,-0.0178425658483702,0.0004));
#10820=CARTESIAN_POINT('',(-0.0815044557266761,-0.0178425658483702,0.));
#10821=CARTESIAN_POINT('',(-0.0805675116490056,-0.0181253457510877,0.0004));
#10822=CARTESIAN_POINT('',(-0.0809602615138909,-0.0178425658483702,0.0004));
#10823=CARTESIAN_POINT('',(-0.0815044557266761,-0.0178425658483702,0.0004));
#10824=CARTESIAN_POINT('',(-0.0815044557266761,-0.0178425658483702,0.0004));
#10825=CARTESIAN_POINT('',(-0.0815044557266761,-0.0178425658483702,0.0004));
#10826=CARTESIAN_POINT('',(-0.0815044557266761,-0.0178425658483702,0.0004));
#10827=CARTESIAN_POINT('',(-0.0815044557266761,-0.0178425658483702,0.));
#10828=CARTESIAN_POINT('',(-0.0818014793578267,-0.0178425658483702,0.0004));
#10829=CARTESIAN_POINT('',(-0.0818014793578267,-0.0178425658483702,0.));
#10830=CARTESIAN_POINT('',(-0.0820360819437849,-0.0179027874943193,0.0004));
#10831=CARTESIAN_POINT('',(-0.0820360819437849,-0.0179027874943193,0.));
#10832=CARTESIAN_POINT('',(-0.0822082634845506,-0.0180232307862175,0.0004));
#10833=CARTESIAN_POINT('',(-0.0822082634845506,-0.0180232307862175,0.));
#10834=CARTESIAN_POINT('',(-0.0815044557266761,-0.0178425658483702,0.0004));
#10835=CARTESIAN_POINT('',(-0.081949991173402,-0.0178425658483702,0.0004));
#10836=CARTESIAN_POINT('',(-0.0822082634845506,-0.0180232307862175,0.0004));
#10837=CARTESIAN_POINT('',(-0.0975874055937851,-0.0193161633414201,0.0004));
#10838=CARTESIAN_POINT('',(-0.0763295835069468,-0.0188084163160962,0.0004));
#10839=CARTESIAN_POINT('',(-0.0763295835069468,-0.0188084163160962,0.));
#10840=CARTESIAN_POINT('',(-0.0763295835069468,-0.0183823612626687,0.));
#10841=CARTESIAN_POINT('',(-0.0763295835069468,-0.0192344713695239,0.));
#10842=CARTESIAN_POINT('',(-0.0763295835069468,-0.0183823612626687,0.0004));
#10843=CARTESIAN_POINT('',(-0.0763295835069468,-0.0183823612626687,0.0004));
#10844=CARTESIAN_POINT('',(-0.0763295835069468,-0.0188084163160962,0.0004));
#10845=CARTESIAN_POINT('',(-0.0763295835069468,-0.0192344713695239,0.0004));
#10846=CARTESIAN_POINT('',(-0.0763295835069468,-0.0192344713695239,0.0004));
#10847=CARTESIAN_POINT('',(-0.0764298132724655,-0.0192344713695239,0.0004));
#10848=CARTESIAN_POINT('',(-0.0764298132724655,-0.0192344713695239,0.));
#10849=CARTESIAN_POINT('',(-0.0765300430379842,-0.0192344713695239,0.));
#10850=CARTESIAN_POINT('',(-0.0764298132724655,-0.0192344713695239,0.0004));
#10851=CARTESIAN_POINT('',(-0.0765300430379842,-0.0192344713695239,0.0004));
#10852=CARTESIAN_POINT('',(-0.0765300430379842,-0.0192344713695239,0.0004));
#10853=CARTESIAN_POINT('',(-0.0765300430379842,-0.0192344713695239,0.0004));
#10854=CARTESIAN_POINT('',(-0.0765300430379842,-0.0192344713695239,0.));
#10855=CARTESIAN_POINT('',(-0.0767168872403723,-0.0192344713695239,0.0004));
#10856=CARTESIAN_POINT('',(-0.0767168872403723,-0.0192344713695239,0.));
#10857=CARTESIAN_POINT('',(-0.0768568109255688,-0.019197500515576,0.0004));
#10858=CARTESIAN_POINT('',(-0.0768568109255688,-0.019197500515576,0.));
#10859=CARTESIAN_POINT('',(-0.0769498140935737,-0.0191235588076802,0.0004));
#10860=CARTESIAN_POINT('',(-0.0769498140935737,-0.0191235588076802,0.));
#10861=CARTESIAN_POINT('',(-0.0765300430379842,-0.0192344713695239,0.));
#10862=CARTESIAN_POINT('',(-0.0768103093415664,-0.0192344713695239,0.));
#10863=CARTESIAN_POINT('',(-0.0769498140935737,-0.0191235588076802,0.));
#10864=CARTESIAN_POINT('',(-0.0769498140935737,-0.0191235588076802,0.));
#10865=CARTESIAN_POINT('',(-0.0765300430379842,-0.0192344713695239,0.0004));
#10866=CARTESIAN_POINT('',(-0.0768103093415664,-0.0192344713695239,0.0004));
#10867=CARTESIAN_POINT('',(-0.0769498140935737,-0.0191235588076802,0.0004));
#10868=CARTESIAN_POINT('',(-0.0769498140935737,-0.0191235588076802,0.0004));
#10869=CARTESIAN_POINT('',(-0.0769498140935737,-0.0191235588076802,0.0004));
#10870=CARTESIAN_POINT('',(-0.0769498140935737,-0.0191235588076802,0.0004));
#10871=CARTESIAN_POINT('',(-0.0769498140935737,-0.0191235588076802,0.));
#10872=CARTESIAN_POINT('',(-0.0770428172615786,-0.0190496170997845,0.0004));
#10873=CARTESIAN_POINT('',(-0.0770428172615786,-0.0190496170997845,0.));
#10874=CARTESIAN_POINT('',(-0.077089318845581,-0.0189420560034546,0.0004));
#10875=CARTESIAN_POINT('',(-0.077089318845581,-0.0189420560034546,0.));
#10876=CARTESIAN_POINT('',(-0.077089318845581,-0.0188008755186904,0.0004));
#10877=CARTESIAN_POINT('',(-0.077089318845581,-0.0188008755186904,0.));
#10878=CARTESIAN_POINT('',(-0.0769498140935737,-0.0191235588076802,0.));
#10879=CARTESIAN_POINT('',(-0.077089318845581,-0.0190126462458367,0.));
#10880=CARTESIAN_POINT('',(-0.077089318845581,-0.0188008755186904,0.));
#10881=CARTESIAN_POINT('',(-0.077089318845581,-0.0188008755186904,0.));
#10882=CARTESIAN_POINT('',(-0.0769498140935737,-0.0191235588076802,0.0004));
#10883=CARTESIAN_POINT('',(-0.077089318845581,-0.0190126462458367,0.0004));
#10884=CARTESIAN_POINT('',(-0.077089318845581,-0.0188008755186904,0.0004));
#10885=CARTESIAN_POINT('',(-0.077089318845581,-0.0188008755186904,0.0004));
#10886=CARTESIAN_POINT('',(-0.077089318845581,-0.0188008755186904,0.0004));
#10887=CARTESIAN_POINT('',(-0.077089318845581,-0.0188008755186904,0.0004));
#10888=CARTESIAN_POINT('',(-0.077089318845581,-0.0188008755186904,0.));
#10889=CARTESIAN_POINT('',(-0.077089318845581,-0.0186580193011695,0.0004));
#10890=CARTESIAN_POINT('',(-0.077089318845581,-0.0186580193011695,0.));
#10891=CARTESIAN_POINT('',(-0.0770503580589844,-0.0185525528707856,0.0004));
#10892=CARTESIAN_POINT('',(-0.0770503580589844,-0.0185525528707856,0.));
#10893=CARTESIAN_POINT('',(-0.0769724364857911,-0.0184844762275389,0.0004));
#10894=CARTESIAN_POINT('',(-0.0769724364857911,-0.0184844762275389,0.));
#10895=CARTESIAN_POINT('',(-0.077089318845581,-0.0188008755186904,0.));
#10896=CARTESIAN_POINT('',(-0.077089318845581,-0.018586591192409,0.));
#10897=CARTESIAN_POINT('',(-0.0769724364857911,-0.0184844762275389,0.));
#10898=CARTESIAN_POINT('',(-0.0769724364857911,-0.0184844762275389,0.));
#10899=CARTESIAN_POINT('',(-0.077089318845581,-0.0188008755186904,0.0004));
#10900=CARTESIAN_POINT('',(-0.077089318845581,-0.018586591192409,0.0004));
#10901=CARTESIAN_POINT('',(-0.0769724364857911,-0.0184844762275389,0.0004));
#10902=CARTESIAN_POINT('',(-0.0769724364857911,-0.0184844762275389,0.0004));
#10903=CARTESIAN_POINT('',(-0.0769724364857911,-0.0184844762275389,0.0004));
#10904=CARTESIAN_POINT('',(-0.0769724364857911,-0.0184844762275389,0.0004));
#10905=CARTESIAN_POINT('',(-0.0769724364857911,-0.0184844762275389,0.));
#10906=CARTESIAN_POINT('',(-0.0768945149125978,-0.0184163995842921,0.0004));
#10907=CARTESIAN_POINT('',(-0.0768945149125978,-0.0184163995842921,0.));
#10908=CARTESIAN_POINT('',(-0.0767723958879428,-0.0183823612626687,0.0004));
#10909=CARTESIAN_POINT('',(-0.0767723958879428,-0.0183823612626687,0.));
#10910=CARTESIAN_POINT('',(-0.076606079411826,-0.0183823612626687,0.0004));
#10911=CARTESIAN_POINT('',(-0.076606079411826,-0.0183823612626687,0.));
#10912=CARTESIAN_POINT('',(-0.0769724364857911,-0.0184844762275389,0.));
#10913=CARTESIAN_POINT('',(-0.0768555541260012,-0.0183823612626687,0.));
#10914=CARTESIAN_POINT('',(-0.076606079411826,-0.0183823612626687,0.));
#10915=CARTESIAN_POINT('',(-0.076606079411826,-0.0183823612626687,0.));
#10916=CARTESIAN_POINT('',(-0.0769724364857911,-0.0184844762275389,0.0004));
#10917=CARTESIAN_POINT('',(-0.0768555541260012,-0.0183823612626687,0.0004));
#10918=CARTESIAN_POINT('',(-0.076606079411826,-0.0183823612626687,0.0004));
#10919=CARTESIAN_POINT('',(-0.076606079411826,-0.0183823612626687,0.0004));
#10920=CARTESIAN_POINT('',(-0.076606079411826,-0.0183823612626687,0.0004));
#10921=CARTESIAN_POINT('',(-0.0774321109276529,-0.0181083789569246,0.0004));
#10922=CARTESIAN_POINT('',(-0.0774321109276529,-0.0181083789569246,0.));
#10923=CARTESIAN_POINT('',(-0.0776132995319867,-0.0182583570386622,0.0004));
#10924=CARTESIAN_POINT('',(-0.0776132995319867,-0.0182583570386622,0.));
#10925=CARTESIAN_POINT('',(-0.0777038938341536,-0.0184818578951063,0.0004));
#10926=CARTESIAN_POINT('',(-0.0777038938341536,-0.0184818578951063,0.));
#10927=CARTESIAN_POINT('',(-0.0777038938341536,-0.0187788815262569,0.0004));
#10928=CARTESIAN_POINT('',(-0.0777038938341536,-0.0187788815262569,0.));
#10929=CARTESIAN_POINT('',(-0.0774321109276529,-0.0181083789569246,0.0004));
#10930=CARTESIAN_POINT('',(-0.0774321109276529,-0.0181083789569246,0.0004));
#10931=CARTESIAN_POINT('',(-0.0774321109276529,-0.0181083789569246,0.0004));
#10932=CARTESIAN_POINT('',(-0.0777038938341536,-0.0183333460795309,0.0004));
#10933=CARTESIAN_POINT('',(-0.0777038938341536,-0.0187788815262569,0.0004));
#10934=CARTESIAN_POINT('',(-0.0777038938341536,-0.0187788815262569,0.0004));
#10935=CARTESIAN_POINT('',(-0.0777038938341536,-0.0187788815262569,0.0004));
#10936=CARTESIAN_POINT('',(-0.0777038938341536,-0.0187788815262569,0.0004));
#10937=CARTESIAN_POINT('',(-0.0777038938341536,-0.0187788815262569,0.));
#10938=CARTESIAN_POINT('',(-0.0777038938341536,-0.0190880542198946,0.0004));
#10939=CARTESIAN_POINT('',(-0.0777038938341536,-0.0190880542198946,0.));
#10940=CARTESIAN_POINT('',(-0.0776073297340404,-0.019324437271907,0.0004));
#10941=CARTESIAN_POINT('',(-0.0776073297340404,-0.019324437271907,0.));
#10942=CARTESIAN_POINT('',(-0.0774142015338141,-0.0194880306822938,0.0004));
#10943=CARTESIAN_POINT('',(-0.0774142015338141,-0.0194880306822938,0.));
#10944=CARTESIAN_POINT('',(-0.0777038938341536,-0.0187788815262569,0.0004));
#10945=CARTESIAN_POINT('',(-0.0777038938341536,-0.0192426405667135,0.0004));
#10946=CARTESIAN_POINT('',(-0.0774142015338141,-0.0194880306822938,0.0004));
#10947=CARTESIAN_POINT('',(-0.0774142015338141,-0.0194880306822938,0.0004));
#10948=CARTESIAN_POINT('',(-0.0774142015338141,-0.0194880306822938,0.0004));
#10949=CARTESIAN_POINT('',(-0.0774142015338141,-0.0194880306822938,0.0004));
#10950=CARTESIAN_POINT('',(-0.0774142015338141,-0.0194880306822938,0.));
#10951=CARTESIAN_POINT('',(-0.0772210733335878,-0.0196516240926808,0.0004));
#10952=CARTESIAN_POINT('',(-0.0772210733335878,-0.0196516240926808,0.));
#10953=CARTESIAN_POINT('',(-0.07694646262806,-0.0197334207978743,0.0004));
#10954=CARTESIAN_POINT('',(-0.07694646262806,-0.0197334207978743,0.));
#10955=CARTESIAN_POINT('',(-0.0765903694172306,-0.0197334207978743,0.0004));
#10956=CARTESIAN_POINT('',(-0.0765903694172306,-0.0197334207978743,0.));
#10957=CARTESIAN_POINT('',(-0.0774142015338141,-0.0194880306822938,0.0004));
#10958=CARTESIAN_POINT('',(-0.0771245092334747,-0.0197334207978743,0.0004));
#10959=CARTESIAN_POINT('',(-0.0765903694172306,-0.0197334207978743,0.0004));
#10960=CARTESIAN_POINT('',(-0.0765903694172306,-0.0197334207978743,0.0004));
#10961=CARTESIAN_POINT('',(-0.0765903694172306,-0.0197334207978743,0.0004));
#10962=CARTESIAN_POINT('',(-0.0764599764620887,-0.0197334207978743,0.0004));
#10963=CARTESIAN_POINT('',(-0.0764599764620887,-0.0197334207978743,0.0004));
#10964=CARTESIAN_POINT('',(-0.0763295835069468,-0.0197334207978743,0.0004));
#10965=CARTESIAN_POINT('',(-0.0763295835069468,-0.0197334207978743,0.0004));
#10966=CARTESIAN_POINT('',(-0.0763295835069468,-0.0202439956222252,0.0004));
#10967=CARTESIAN_POINT('',(-0.0763295835069468,-0.0202439956222252,0.0004));
#10968=CARTESIAN_POINT('',(-0.0763295835069468,-0.0207545704465762,0.0004));
#10969=CARTESIAN_POINT('',(-0.0763295835069468,-0.0207545704465762,0.0004));
#10970=CARTESIAN_POINT('',(-0.0760251238116876,-0.0207545704465762,0.0004));
#10971=CARTESIAN_POINT('',(-0.0760251238116876,-0.0207545704465762,0.0004));
#10972=CARTESIAN_POINT('',(-0.0757206641164285,-0.0207545704465762,0.0004));
#10973=CARTESIAN_POINT('',(-0.0757206641164285,-0.0207545704465762,0.0004));
#10974=CARTESIAN_POINT('',(-0.0757206641164285,-0.0193189911404472,0.0004));
#10975=CARTESIAN_POINT('',(-0.0757206641164285,-0.0193189911404472,0.0004));
#10976=CARTESIAN_POINT('',(-0.0757206641164285,-0.0178834118343183,0.0004));
#10977=CARTESIAN_POINT('',(-0.0757206641164285,-0.0178834118343183,0.0004));
#10978=CARTESIAN_POINT('',(-0.0761790817587227,-0.0178834118343183,0.0004));
#10979=CARTESIAN_POINT('',(-0.0761790817587227,-0.0178834118343183,0.0004));
#10980=CARTESIAN_POINT('',(-0.0766374994010169,-0.0178834118343183,0.0004));
#10981=CARTESIAN_POINT('',(-0.0766374994010169,-0.0178834118343183,0.0004));
#10982=CARTESIAN_POINT('',(-0.0766374994010169,-0.0178834118343183,0.0004));
#10983=CARTESIAN_POINT('',(-0.0766374994010169,-0.0178834118343183,0.));
#10984=CARTESIAN_POINT('',(-0.0769860518144404,-0.0178834118343183,0.0004));
#10985=CARTESIAN_POINT('',(-0.0769860518144404,-0.0178834118343183,0.));
#10986=CARTESIAN_POINT('',(-0.0772509223233191,-0.0179584008751871,0.0004));
#10987=CARTESIAN_POINT('',(-0.0772509223233191,-0.0179584008751871,0.));
#10988=CARTESIAN_POINT('',(-0.0774321109276529,-0.0181083789569246,0.0004));
#10989=CARTESIAN_POINT('',(-0.0774321109276529,-0.0181083789569246,0.));
#10990=CARTESIAN_POINT('',(-0.0766374994010169,-0.0178834118343183,0.0004));
#10991=CARTESIAN_POINT('',(-0.0771603280211522,-0.0178834118343183,0.0004));
#10992=CARTESIAN_POINT('',(-0.0774321109276529,-0.0181083789569246,0.0004));
#10993=CARTESIAN_POINT('',(-0.0764678314593864,-0.0183823612626687,0.0004));
#10994=CARTESIAN_POINT('',(-0.0764678314593864,-0.0183823612626687,0.));
#10995=CARTESIAN_POINT('',(-0.0764678314593864,-0.0183823612626687,0.0004));
#10996=CARTESIAN_POINT('',(-0.0975874055937851,-0.0193161633414201,0.0004));
#10997=CARTESIAN_POINT('',(-0.0788551222381055,-0.0188084163160962,0.0004));
#10998=CARTESIAN_POINT('',(-0.0788551222381055,-0.0188084163160962,0.));
#10999=CARTESIAN_POINT('',(-0.0788551222381055,-0.0183823612626687,0.));
#11000=CARTESIAN_POINT('',(-0.0788551222381055,-0.0192344713695239,0.));
#11001=CARTESIAN_POINT('',(-0.0788551222381055,-0.0183823612626687,0.0004));
#11002=CARTESIAN_POINT('',(-0.0788551222381055,-0.0183823612626687,0.0004));
#11003=CARTESIAN_POINT('',(-0.0788551222381055,-0.0188084163160962,0.0004));
#11004=CARTESIAN_POINT('',(-0.0788551222381055,-0.0192344713695239,0.0004));
#11005=CARTESIAN_POINT('',(-0.0788551222381055,-0.0192344713695239,0.0004));
#11006=CARTESIAN_POINT('',(-0.0789553520036242,-0.0192344713695239,0.0004));
#11007=CARTESIAN_POINT('',(-0.0789553520036242,-0.0192344713695239,0.));
#11008=CARTESIAN_POINT('',(-0.079055581769143,-0.0192344713695239,0.));
#11009=CARTESIAN_POINT('',(-0.0789553520036242,-0.0192344713695239,0.0004));
#11010=CARTESIAN_POINT('',(-0.079055581769143,-0.0192344713695239,0.0004));
#11011=CARTESIAN_POINT('',(-0.079055581769143,-0.0192344713695239,0.0004));
#11012=CARTESIAN_POINT('',(-0.079055581769143,-0.0192344713695239,0.0004));
#11013=CARTESIAN_POINT('',(-0.079055581769143,-0.0192344713695239,0.));
#11014=CARTESIAN_POINT('',(-0.0792424259715311,-0.0192344713695239,0.0004));
#11015=CARTESIAN_POINT('',(-0.0792424259715311,-0.0192344713695239,0.));
#11016=CARTESIAN_POINT('',(-0.0793823496567276,-0.019197500515576,0.0004));
#11017=CARTESIAN_POINT('',(-0.0793823496567276,-0.019197500515576,0.));
#11018=CARTESIAN_POINT('',(-0.0794753528247324,-0.0191235588076802,0.0004));
#11019=CARTESIAN_POINT('',(-0.0794753528247324,-0.0191235588076802,0.));
#11020=CARTESIAN_POINT('',(-0.079055581769143,-0.0192344713695239,0.));
#11021=CARTESIAN_POINT('',(-0.0793358480727252,-0.0192344713695239,0.));
#11022=CARTESIAN_POINT('',(-0.0794753528247324,-0.0191235588076802,0.));
#11023=CARTESIAN_POINT('',(-0.0794753528247324,-0.0191235588076802,0.));
#11024=CARTESIAN_POINT('',(-0.079055581769143,-0.0192344713695239,0.0004));
#11025=CARTESIAN_POINT('',(-0.0793358480727252,-0.0192344713695239,0.0004));
#11026=CARTESIAN_POINT('',(-0.0794753528247324,-0.0191235588076802,0.0004));
#11027=CARTESIAN_POINT('',(-0.0794753528247324,-0.0191235588076802,0.0004));
#11028=CARTESIAN_POINT('',(-0.0794753528247324,-0.0191235588076802,0.0004));
#11029=CARTESIAN_POINT('',(-0.0794753528247324,-0.0191235588076802,0.0004));
#11030=CARTESIAN_POINT('',(-0.0794753528247324,-0.0191235588076802,0.));
#11031=CARTESIAN_POINT('',(-0.0795683559927373,-0.0190496170997845,0.0004));
#11032=CARTESIAN_POINT('',(-0.0795683559927373,-0.0190496170997845,0.));
#11033=CARTESIAN_POINT('',(-0.0796148575767397,-0.0189420560034546,0.0004));
#11034=CARTESIAN_POINT('',(-0.0796148575767397,-0.0189420560034546,0.));
#11035=CARTESIAN_POINT('',(-0.0796148575767397,-0.0188008755186904,0.0004));
#11036=CARTESIAN_POINT('',(-0.0796148575767397,-0.0188008755186904,0.));
#11037=CARTESIAN_POINT('',(-0.0794753528247324,-0.0191235588076802,0.));
#11038=CARTESIAN_POINT('',(-0.0796148575767397,-0.0190126462458367,0.));
#11039=CARTESIAN_POINT('',(-0.0796148575767397,-0.0188008755186904,0.));
#11040=CARTESIAN_POINT('',(-0.0796148575767397,-0.0188008755186904,0.));
#11041=CARTESIAN_POINT('',(-0.0794753528247324,-0.0191235588076802,0.0004));
#11042=CARTESIAN_POINT('',(-0.0796148575767397,-0.0190126462458367,0.0004));
#11043=CARTESIAN_POINT('',(-0.0796148575767397,-0.0188008755186904,0.0004));
#11044=CARTESIAN_POINT('',(-0.0796148575767397,-0.0188008755186904,0.0004));
#11045=CARTESIAN_POINT('',(-0.0796148575767397,-0.0188008755186904,0.0004));
#11046=CARTESIAN_POINT('',(-0.0796148575767397,-0.0188008755186904,0.0004));
#11047=CARTESIAN_POINT('',(-0.0796148575767397,-0.0188008755186904,0.));
#11048=CARTESIAN_POINT('',(-0.0796148575767397,-0.0186580193011695,0.0004));
#11049=CARTESIAN_POINT('',(-0.0796148575767397,-0.0186580193011695,0.));
#11050=CARTESIAN_POINT('',(-0.0795758967901431,-0.0185525528707856,0.0004));
#11051=CARTESIAN_POINT('',(-0.0795758967901431,-0.0185525528707856,0.));
#11052=CARTESIAN_POINT('',(-0.0794979752169498,-0.0184844762275389,0.0004));
#11053=CARTESIAN_POINT('',(-0.0794979752169498,-0.0184844762275389,0.));
#11054=CARTESIAN_POINT('',(-0.0796148575767397,-0.0188008755186904,0.));
#11055=CARTESIAN_POINT('',(-0.0796148575767397,-0.018586591192409,0.));
#11056=CARTESIAN_POINT('',(-0.0794979752169498,-0.0184844762275389,0.));
#11057=CARTESIAN_POINT('',(-0.0794979752169498,-0.0184844762275389,0.));
#11058=CARTESIAN_POINT('',(-0.0796148575767397,-0.0188008755186904,0.0004));
#11059=CARTESIAN_POINT('',(-0.0796148575767397,-0.018586591192409,0.0004));
#11060=CARTESIAN_POINT('',(-0.0794979752169498,-0.0184844762275389,0.0004));
#11061=CARTESIAN_POINT('',(-0.0794979752169498,-0.0184844762275389,0.0004));
#11062=CARTESIAN_POINT('',(-0.0794979752169498,-0.0184844762275389,0.0004));
#11063=CARTESIAN_POINT('',(-0.0794979752169498,-0.0184844762275389,0.0004));
#11064=CARTESIAN_POINT('',(-0.0794979752169498,-0.0184844762275389,0.));
#11065=CARTESIAN_POINT('',(-0.0794200536437565,-0.0184163995842921,0.0004));
#11066=CARTESIAN_POINT('',(-0.0794200536437565,-0.0184163995842921,0.));
#11067=CARTESIAN_POINT('',(-0.0792979346191015,-0.0183823612626687,0.0004));
#11068=CARTESIAN_POINT('',(-0.0792979346191015,-0.0183823612626687,0.));
#11069=CARTESIAN_POINT('',(-0.0791316181429848,-0.0183823612626687,0.0004));
#11070=CARTESIAN_POINT('',(-0.0791316181429848,-0.0183823612626687,0.));
#11071=CARTESIAN_POINT('',(-0.0794979752169498,-0.0184844762275389,0.));
#11072=CARTESIAN_POINT('',(-0.0793810928571599,-0.0183823612626687,0.));
#11073=CARTESIAN_POINT('',(-0.0791316181429848,-0.0183823612626687,0.));
#11074=CARTESIAN_POINT('',(-0.0791316181429848,-0.0183823612626687,0.));
#11075=CARTESIAN_POINT('',(-0.0794979752169498,-0.0184844762275389,0.0004));
#11076=CARTESIAN_POINT('',(-0.0793810928571599,-0.0183823612626687,0.0004));
#11077=CARTESIAN_POINT('',(-0.0791316181429848,-0.0183823612626687,0.0004));
#11078=CARTESIAN_POINT('',(-0.0791316181429848,-0.0183823612626687,0.0004));
#11079=CARTESIAN_POINT('',(-0.0791316181429848,-0.0183823612626687,0.0004));
#11080=CARTESIAN_POINT('',(-0.0799576496588116,-0.0181083789569246,0.0004));
#11081=CARTESIAN_POINT('',(-0.0799576496588116,-0.0181083789569246,0.));
#11082=CARTESIAN_POINT('',(-0.0801388382631454,-0.0182583570386622,0.0004));
#11083=CARTESIAN_POINT('',(-0.0801388382631454,-0.0182583570386622,0.));
#11084=CARTESIAN_POINT('',(-0.0802294325653123,-0.0184818578951063,0.0004));
#11085=CARTESIAN_POINT('',(-0.0802294325653123,-0.0184818578951063,0.));
#11086=CARTESIAN_POINT('',(-0.0802294325653123,-0.0187788815262569,0.0004));
#11087=CARTESIAN_POINT('',(-0.0802294325653123,-0.0187788815262569,0.));
#11088=CARTESIAN_POINT('',(-0.0799576496588116,-0.0181083789569246,0.0004));
#11089=CARTESIAN_POINT('',(-0.0799576496588116,-0.0181083789569246,0.0004));
#11090=CARTESIAN_POINT('',(-0.0799576496588116,-0.0181083789569246,0.0004));
#11091=CARTESIAN_POINT('',(-0.0802294325653123,-0.0183333460795309,0.0004));
#11092=CARTESIAN_POINT('',(-0.0802294325653123,-0.0187788815262569,0.0004));
#11093=CARTESIAN_POINT('',(-0.0802294325653123,-0.0187788815262569,0.0004));
#11094=CARTESIAN_POINT('',(-0.0802294325653123,-0.0187788815262569,0.0004));
#11095=CARTESIAN_POINT('',(-0.0802294325653123,-0.0187788815262569,0.0004));
#11096=CARTESIAN_POINT('',(-0.0802294325653123,-0.0187788815262569,0.));
#11097=CARTESIAN_POINT('',(-0.0802294325653123,-0.0190880542198946,0.0004));
#11098=CARTESIAN_POINT('',(-0.0802294325653123,-0.0190880542198946,0.));
#11099=CARTESIAN_POINT('',(-0.0801328684651992,-0.019324437271907,0.0004));
#11100=CARTESIAN_POINT('',(-0.0801328684651992,-0.019324437271907,0.));
#11101=CARTESIAN_POINT('',(-0.0799397402649729,-0.0194880306822938,0.0004));
#11102=CARTESIAN_POINT('',(-0.0799397402649729,-0.0194880306822938,0.));
#11103=CARTESIAN_POINT('',(-0.0802294325653123,-0.0187788815262569,0.0004));
#11104=CARTESIAN_POINT('',(-0.0802294325653123,-0.0192426405667135,0.0004));
#11105=CARTESIAN_POINT('',(-0.0799397402649729,-0.0194880306822938,0.0004));
#11106=CARTESIAN_POINT('',(-0.0799397402649729,-0.0194880306822938,0.0004));
#11107=CARTESIAN_POINT('',(-0.0799397402649729,-0.0194880306822938,0.0004));
#11108=CARTESIAN_POINT('',(-0.0799397402649729,-0.0194880306822938,0.0004));
#11109=CARTESIAN_POINT('',(-0.0799397402649729,-0.0194880306822938,0.));
#11110=CARTESIAN_POINT('',(-0.0797466120647466,-0.0196516240926808,0.0004));
#11111=CARTESIAN_POINT('',(-0.0797466120647466,-0.0196516240926808,0.));
#11112=CARTESIAN_POINT('',(-0.0794720013592187,-0.0197334207978743,0.0004));
#11113=CARTESIAN_POINT('',(-0.0794720013592187,-0.0197334207978743,0.));
#11114=CARTESIAN_POINT('',(-0.0791159081483894,-0.0197334207978743,0.0004));
#11115=CARTESIAN_POINT('',(-0.0791159081483894,-0.0197334207978743,0.));
#11116=CARTESIAN_POINT('',(-0.0799397402649729,-0.0194880306822938,0.0004));
#11117=CARTESIAN_POINT('',(-0.0796500479646334,-0.0197334207978743,0.0004));
#11118=CARTESIAN_POINT('',(-0.0791159081483894,-0.0197334207978743,0.0004));
#11119=CARTESIAN_POINT('',(-0.0791159081483893,-0.0197334207978743,0.0004));
#11120=CARTESIAN_POINT('',(-0.0791159081483893,-0.0197334207978743,0.0004));
#11121=CARTESIAN_POINT('',(-0.0789855151932474,-0.0197334207978743,0.0004));
#11122=CARTESIAN_POINT('',(-0.0789855151932474,-0.0197334207978743,0.0004));
#11123=CARTESIAN_POINT('',(-0.0788551222381055,-0.0197334207978743,0.0004));
#11124=CARTESIAN_POINT('',(-0.0788551222381055,-0.0197334207978743,0.0004));
#11125=CARTESIAN_POINT('',(-0.0788551222381055,-0.0202439956222252,0.0004));
#11126=CARTESIAN_POINT('',(-0.0788551222381055,-0.0202439956222252,0.0004));
#11127=CARTESIAN_POINT('',(-0.0788551222381055,-0.0207545704465762,0.0004));
#11128=CARTESIAN_POINT('',(-0.0788551222381055,-0.0207545704465762,0.0004));
#11129=CARTESIAN_POINT('',(-0.0785506625428464,-0.0207545704465762,0.0004));
#11130=CARTESIAN_POINT('',(-0.0785506625428464,-0.0207545704465762,0.0004));
#11131=CARTESIAN_POINT('',(-0.0782462028475872,-0.0207545704465762,0.0004));
#11132=CARTESIAN_POINT('',(-0.0782462028475872,-0.0207545704465762,0.0004));
#11133=CARTESIAN_POINT('',(-0.0782462028475872,-0.0193189911404472,0.0004));
#11134=CARTESIAN_POINT('',(-0.0782462028475872,-0.0193189911404472,0.0004));
#11135=CARTESIAN_POINT('',(-0.0782462028475872,-0.0178834118343183,0.0004));
#11136=CARTESIAN_POINT('',(-0.0782462028475872,-0.0178834118343183,0.0004));
#11137=CARTESIAN_POINT('',(-0.0787046204898814,-0.0178834118343183,0.0004));
#11138=CARTESIAN_POINT('',(-0.0787046204898814,-0.0178834118343183,0.0004));
#11139=CARTESIAN_POINT('',(-0.0791630381321756,-0.0178834118343183,0.0004));
#11140=CARTESIAN_POINT('',(-0.0791630381321756,-0.0178834118343183,0.0004));
#11141=CARTESIAN_POINT('',(-0.0791630381321756,-0.0178834118343183,0.0004));
#11142=CARTESIAN_POINT('',(-0.0791630381321756,-0.0178834118343183,0.));
#11143=CARTESIAN_POINT('',(-0.0795115905455992,-0.0178834118343183,0.0004));
#11144=CARTESIAN_POINT('',(-0.0795115905455992,-0.0178834118343183,0.));
#11145=CARTESIAN_POINT('',(-0.0797764610544779,-0.0179584008751871,0.0004));
#11146=CARTESIAN_POINT('',(-0.0797764610544779,-0.0179584008751871,0.));
#11147=CARTESIAN_POINT('',(-0.0799576496588116,-0.0181083789569246,0.0004));
#11148=CARTESIAN_POINT('',(-0.0799576496588116,-0.0181083789569246,0.));
#11149=CARTESIAN_POINT('',(-0.0791630381321756,-0.0178834118343183,0.0004));
#11150=CARTESIAN_POINT('',(-0.079685866752311,-0.0178834118343183,0.0004));
#11151=CARTESIAN_POINT('',(-0.0799576496588116,-0.0181083789569246,0.0004));
#11152=CARTESIAN_POINT('',(-0.0789933701905451,-0.0183823612626687,0.0004));
#11153=CARTESIAN_POINT('',(-0.0789933701905451,-0.0183823612626687,0.));
#11154=CARTESIAN_POINT('',(-0.0789933701905451,-0.0183823612626687,0.0004));
#11155=CARTESIAN_POINT('',(-0.0975874055937851,-0.0193161633414201,0.0004));
#11156=CARTESIAN_POINT('',(-0.0857794594559801,-0.018432319045482,0.0004));
#11157=CARTESIAN_POINT('',(-0.0857794594559801,-0.018432319045482,0.));
#11158=CARTESIAN_POINT('',(-0.08586450289339,-0.0186214673804108,0.0004));
#11159=CARTESIAN_POINT('',(-0.08586450289339,-0.0186214673804108,0.));
#11160=CARTESIAN_POINT('',(-0.0859070246120949,-0.0188469581695037,0.0004));
#11161=CARTESIAN_POINT('',(-0.0859070246120949,-0.0188469581695037,0.));
#11162=CARTESIAN_POINT('',(-0.0859070246120949,-0.0191087914127606,0.0004));
#11163=CARTESIAN_POINT('',(-0.0859070246120949,-0.0191087914127606,0.));
#11164=CARTESIAN_POINT('',(-0.0857794594559801,-0.018432319045482,0.0004));
#11165=CARTESIAN_POINT('',(-0.0857794594559801,-0.018432319045482,0.0004));
#11166=CARTESIAN_POINT('',(-0.0857794594559801,-0.018432319045482,0.0004));
#11167=CARTESIAN_POINT('',(-0.0859070246120949,-0.0187160415478752,0.0004));
#11168=CARTESIAN_POINT('',(-0.0859070246120949,-0.0191087914127606,0.0004));
#11169=CARTESIAN_POINT('',(-0.0859070246120949,-0.0191087914127606,0.0004));
#11170=CARTESIAN_POINT('',(-0.0859070246120949,-0.0191087914127606,0.0004));
#11171=CARTESIAN_POINT('',(-0.0859070246120949,-0.0191087914127606,0.0004));
#11172=CARTESIAN_POINT('',(-0.0859070246120949,-0.0191087914127606,0.));
#11173=CARTESIAN_POINT('',(-0.0859070246120949,-0.0196743512181955,0.0004));
#11174=CARTESIAN_POINT('',(-0.0859070246120949,-0.0196743512181955,0.));
#11175=CARTESIAN_POINT('',(-0.0857879428530617,-0.0200966358729202,0.0004));
#11176=CARTESIAN_POINT('',(-0.0857879428530617,-0.0200966358729202,0.));
#11177=CARTESIAN_POINT('',(-0.0855497793349952,-0.0203756453769348,0.0004));
#11178=CARTESIAN_POINT('',(-0.0855497793349952,-0.0203756453769348,0.));
#11179=CARTESIAN_POINT('',(-0.0859070246120949,-0.0191087914127606,0.0004));
#11180=CARTESIAN_POINT('',(-0.0859070246120949,-0.0199571311209129,0.0004));
#11181=CARTESIAN_POINT('',(-0.0855497793349952,-0.0203756453769348,0.0004));
#11182=CARTESIAN_POINT('',(-0.0855497793349952,-0.0203756453769348,0.0004));
#11183=CARTESIAN_POINT('',(-0.0855497793349952,-0.0203756453769348,0.0004));
#11184=CARTESIAN_POINT('',(-0.0855497793349952,-0.0203756453769348,0.0004));
#11185=CARTESIAN_POINT('',(-0.0855497793349952,-0.0203756453769348,0.));
#11186=CARTESIAN_POINT('',(-0.0853116158169287,-0.0206546548809493,0.0004));
#11187=CARTESIAN_POINT('',(-0.0853116158169287,-0.0206546548809493,0.));
#11188=CARTESIAN_POINT('',(-0.0849510190743152,-0.0207941596329566,0.0004));
#11189=CARTESIAN_POINT('',(-0.0849510190743152,-0.0207941596329566,0.));
#11190=CARTESIAN_POINT('',(-0.0844679891071549,-0.0207941596329566,0.0004));
#11191=CARTESIAN_POINT('',(-0.0844679891071549,-0.0207941596329566,0.));
#11192=CARTESIAN_POINT('',(-0.0855497793349952,-0.0203756453769348,0.0004));
#11193=CARTESIAN_POINT('',(-0.0851925340578954,-0.0207941596329566,0.0004));
#11194=CARTESIAN_POINT('',(-0.0844679891071549,-0.0207941596329566,0.0004));
#11195=CARTESIAN_POINT('',(-0.0844679891071549,-0.0207941596329566,0.0004));
#11196=CARTESIAN_POINT('',(-0.0844679891071549,-0.0207941596329566,0.0004));
#11197=CARTESIAN_POINT('',(-0.0844679891071549,-0.0207941596329566,0.0004));
#11198=CARTESIAN_POINT('',(-0.0844679891071549,-0.0207941596329566,0.));
#11199=CARTESIAN_POINT('',(-0.084297483299146,-0.0207941596329566,0.0004));
#11200=CARTESIAN_POINT('',(-0.084297483299146,-0.0207941596329566,0.));
#11201=CARTESIAN_POINT('',(-0.0841684518768691,-0.020784943102794,0.0004));
#11202=CARTESIAN_POINT('',(-0.0841684518768691,-0.020784943102794,0.));
#11203=CARTESIAN_POINT('',(-0.084080894840324,-0.0207665100424686,0.0004));
#11204=CARTESIAN_POINT('',(-0.084080894840324,-0.0207665100424686,0.));
#11205=CARTESIAN_POINT('',(-0.0844679891071549,-0.0207941596329566,0.0004));
#11206=CARTESIAN_POINT('',(-0.0842122303951416,-0.0207941596329566,0.0004));
#11207=CARTESIAN_POINT('',(-0.084080894840324,-0.0207665100424686,0.0004));
#11208=CARTESIAN_POINT('',(-0.084080894840324,-0.0207665100424686,0.0004));
#11209=CARTESIAN_POINT('',(-0.084080894840324,-0.0207665100424686,0.0004));
#11210=CARTESIAN_POINT('',(-0.084080894840324,-0.0205230051262397,0.0004));
#11211=CARTESIAN_POINT('',(-0.084080894840324,-0.0205230051262397,0.0004));
#11212=CARTESIAN_POINT('',(-0.084080894840324,-0.0202796025925532,0.0004));
#11213=CARTESIAN_POINT('',(-0.084080894840324,-0.0202796025925532,0.0004));
#11214=CARTESIAN_POINT('',(-0.0844201121023423,-0.0188845056580533,0.0004));
#11215=CARTESIAN_POINT('',(-0.0844201121023423,-0.0188845056580533,0.0004));
#11216=CARTESIAN_POINT('',(-0.0844265147214231,-0.0203203461959589,0.0004));
#11217=CARTESIAN_POINT('',(-0.0844265147214231,-0.0203203461959589,0.0004));
#11218=CARTESIAN_POINT('',(-0.0844265147214231,-0.0203203461959589,0.0004));
#11219=CARTESIAN_POINT('',(-0.0844265147214231,-0.0203203461959589,0.));
#11220=CARTESIAN_POINT('',(-0.0846292783850012,-0.0203203461959589,0.0004));
#11221=CARTESIAN_POINT('',(-0.0846292783850012,-0.0203203461959589,0.));
#11222=CARTESIAN_POINT('',(-0.0847961185276045,-0.0202906019395249,0.0004));
#11223=CARTESIAN_POINT('',(-0.0847961185276045,-0.0202906019395249,0.));
#11224=CARTESIAN_POINT('',(-0.0849270351492329,-0.0202311134266569,0.0004));
#11225=CARTESIAN_POINT('',(-0.0849270351492329,-0.0202311134266569,0.));
#11226=CARTESIAN_POINT('',(-0.0844265147214231,-0.0203203461959589,0.0004));
#11227=CARTESIAN_POINT('',(-0.0847306602167903,-0.0203203461959589,0.0004));
#11228=CARTESIAN_POINT('',(-0.0849270351492329,-0.0202311134266569,0.0004));
#11229=CARTESIAN_POINT('',(-0.0849270351492329,-0.0202311134266569,0.0004));
#11230=CARTESIAN_POINT('',(-0.0849270351492329,-0.0202311134266569,0.0004));
#11231=CARTESIAN_POINT('',(-0.084669927456135,-0.0196544624067859,0.0004));
#11232=CARTESIAN_POINT('',(-0.084669927456135,-0.0196544624067859,0.0004));
#11233=CARTESIAN_POINT('',(-0.0852277244457892,-0.0199505329231828,0.0004));
#11234=CARTESIAN_POINT('',(-0.0852277244457892,-0.0199505329231828,0.0004));
#11235=CARTESIAN_POINT('',(-0.0852277244457892,-0.0199505329231828,0.0004));
#11236=CARTESIAN_POINT('',(-0.0852277244457892,-0.0199505329231828,0.));
#11237=CARTESIAN_POINT('',(-0.0852972673551982,-0.0198229677670681,0.0004));
#11238=CARTESIAN_POINT('',(-0.0852972673551982,-0.0198229677670681,0.));
#11239=CARTESIAN_POINT('',(-0.0853372754747678,-0.0196471205608967,0.0004));
#11240=CARTESIAN_POINT('',(-0.0853372754747678,-0.0196471205608967,0.));
#11241=CARTESIAN_POINT('',(-0.0853477488044981,-0.0194229913046688,0.0004));
#11242=CARTESIAN_POINT('',(-0.0853477488044981,-0.0194229913046688,0.));
#11243=CARTESIAN_POINT('',(-0.0852277244457892,-0.0199505329231828,0.0004));
#11244=CARTESIAN_POINT('',(-0.0853320388099027,-0.0197591851890107,0.0004));
#11245=CARTESIAN_POINT('',(-0.0853477488044981,-0.0194229913046688,0.0004));
#11246=CARTESIAN_POINT('',(-0.0853477488044981,-0.0194229913046688,0.0004));
#11247=CARTESIAN_POINT('',(-0.0853477488044981,-0.0194229913046688,0.0004));
#11248=CARTESIAN_POINT('',(-0.0853358092086056,-0.0194229913046688,0.0004));
#11249=CARTESIAN_POINT('',(-0.0853358092086056,-0.0194229913046688,0.0004));
#11250=CARTESIAN_POINT('',(-0.0853238696127131,-0.0194229913046688,0.0004));
#11251=CARTESIAN_POINT('',(-0.0853238696127131,-0.0194229913046688,0.0004));
#11252=CARTESIAN_POINT('',(-0.0853238696127131,-0.0194229913046688,0.0004));
#11253=CARTESIAN_POINT('',(-0.0853238696127131,-0.0194229913046688,0.));
#11254=CARTESIAN_POINT('',(-0.0852480427054659,-0.0195461576622969,0.0004));
#11255=CARTESIAN_POINT('',(-0.0852480427054659,-0.0195461576622969,0.));
#11256=CARTESIAN_POINT('',(-0.0851603809356235,-0.0196325626325717,0.0004));
#11257=CARTESIAN_POINT('',(-0.0851603809356235,-0.0196325626325717,0.));
#11258=CARTESIAN_POINT('',(-0.0850608843031859,-0.0196822062154932,0.0004));
#11259=CARTESIAN_POINT('',(-0.0850608843031859,-0.0196822062154932,0.));
#11260=CARTESIAN_POINT('',(-0.0853238696127131,-0.0194229913046688,0.0004));
#11261=CARTESIAN_POINT('',(-0.0852101292518423,-0.0196077408411109,0.0004));
#11262=CARTESIAN_POINT('',(-0.0850608843031859,-0.0196822062154932,0.0004));
#11263=CARTESIAN_POINT('',(-0.0850608843031859,-0.0196822062154932,0.0004));
#11264=CARTESIAN_POINT('',(-0.0850608843031859,-0.0196822062154932,0.0004));
#11265=CARTESIAN_POINT('',(-0.0850608843031859,-0.0196822062154932,0.0004));
#11266=CARTESIAN_POINT('',(-0.0850608843031859,-0.0196822062154932,0.));
#11267=CARTESIAN_POINT('',(-0.0849613876707482,-0.0197318497984147,0.0004));
#11268=CARTESIAN_POINT('',(-0.0849613876707482,-0.0197318497984147,0.));
#11269=CARTESIAN_POINT('',(-0.0848370692468498,-0.0197566715898755,0.0004));
#11270=CARTESIAN_POINT('',(-0.0848370692468498,-0.0197566715898755,0.));
#11271=CARTESIAN_POINT('',(-0.0846879290314907,-0.0197566715898755,0.0004));
#11272=CARTESIAN_POINT('',(-0.0846879290314907,-0.0197566715898755,0.));
#11273=CARTESIAN_POINT('',(-0.0850608843031859,-0.0196822062154932,0.0004));
#11274=CARTESIAN_POINT('',(-0.0849116393545294,-0.0197566715898755,0.0004));
#11275=CARTESIAN_POINT('',(-0.0846879290314907,-0.0197566715898755,0.0004));
#11276=CARTESIAN_POINT('',(-0.0846879290314907,-0.0197566715898755,0.0004));
#11277=CARTESIAN_POINT('',(-0.0846879290314907,-0.0197566715898755,0.0004));
#11278=CARTESIAN_POINT('',(-0.0846879290314907,-0.0197566715898755,0.0004));
#11279=CARTESIAN_POINT('',(-0.0846879290314907,-0.0197566715898755,0.));
#11280=CARTESIAN_POINT('',(-0.0844378259175318,-0.0197566715898755,0.0004));
#11281=CARTESIAN_POINT('',(-0.0844378259175318,-0.0197566715898755,0.));
#11282=CARTESIAN_POINT('',(-0.084240717852008,-0.0196765506174388,0.0004));
#11283=CARTESIAN_POINT('',(-0.084240717852008,-0.0196765506174388,0.));
#11284=CARTESIAN_POINT('',(-0.0840966048349194,-0.0195163086725656,0.0004));
#11285=CARTESIAN_POINT('',(-0.0840966048349194,-0.0195163086725656,0.));
#11286=CARTESIAN_POINT('',(-0.0846879290314907,-0.0197566715898755,0.0004));
#11287=CARTESIAN_POINT('',(-0.0843127743605523,-0.0197566715898755,0.0004));
#11288=CARTESIAN_POINT('',(-0.0840966048349194,-0.0195163086725656,0.0004));
#11289=CARTESIAN_POINT('',(-0.0840966048349194,-0.0195163086725656,0.0004));
#11290=CARTESIAN_POINT('',(-0.0840966048349194,-0.0195163086725656,0.0004));
#11291=CARTESIAN_POINT('',(-0.0840966048349194,-0.0195163086725656,0.0004));
#11292=CARTESIAN_POINT('',(-0.0840966048349194,-0.0195163086725656,0.));
#11293=CARTESIAN_POINT('',(-0.0839524918178308,-0.0193560667276924,0.0004));
#11294=CARTESIAN_POINT('',(-0.0839524918178308,-0.0193560667276924,0.));
#11295=CARTESIAN_POINT('',(-0.0838804353092865,-0.0191332990043294,0.0004));
#11296=CARTESIAN_POINT('',(-0.0838804353092865,-0.0191332990043294,0.));
#11297=CARTESIAN_POINT('',(-0.0838804353092865,-0.0188480055024767,0.0004));
#11298=CARTESIAN_POINT('',(-0.0838804353092865,-0.0188480055024767,0.));
#11299=CARTESIAN_POINT('',(-0.0840966048349194,-0.0195163086725656,0.0004));
#11300=CARTESIAN_POINT('',(-0.0838804353092865,-0.0192759457552558,0.0004));
#11301=CARTESIAN_POINT('',(-0.0838804353092865,-0.0188480055024767,0.0004));
#11302=CARTESIAN_POINT('',(-0.0838804353092865,-0.0188480055024767,0.0004));
#11303=CARTESIAN_POINT('',(-0.0838804353092865,-0.0188480055024767,0.0004));
#11304=CARTESIAN_POINT('',(-0.0838804353092865,-0.0188480055024767,0.0004));
#11305=CARTESIAN_POINT('',(-0.0838804353092865,-0.0188480055024767,0.));
#11306=CARTESIAN_POINT('',(-0.0838804353092865,-0.0185400896084066,0.0004));
#11307=CARTESIAN_POINT('',(-0.0838804353092865,-0.0185400896084066,0.));
#11308=CARTESIAN_POINT('',(-0.0839678876125343,-0.0182967941587723,0.0004));
#11309=CARTESIAN_POINT('',(-0.0839678876125343,-0.0182967941587723,0.));
#11310=CARTESIAN_POINT('',(-0.0841427922190299,-0.0181181191535738,0.0004));
#11311=CARTESIAN_POINT('',(-0.0841427922190299,-0.0181181191535738,0.));
#11312=CARTESIAN_POINT('',(-0.0838804353092865,-0.0188480055024767,0.0004));
#11313=CARTESIAN_POINT('',(-0.0838804353092865,-0.0183861316613715,0.0004));
#11314=CARTESIAN_POINT('',(-0.0841427922190299,-0.0181181191535738,0.0004));
#11315=CARTESIAN_POINT('',(-0.0841427922190299,-0.0181181191535738,0.0004));
#11316=CARTESIAN_POINT('',(-0.0841427922190299,-0.0181181191535738,0.0004));
#11317=CARTESIAN_POINT('',(-0.0841427922190299,-0.0181181191535738,0.0004));
#11318=CARTESIAN_POINT('',(-0.0841427922190299,-0.0181181191535738,0.));
#11319=CARTESIAN_POINT('',(-0.0843176968255255,-0.0179394441483753,0.0004));
#11320=CARTESIAN_POINT('',(-0.0843176968255255,-0.0179394441483753,0.));
#11321=CARTESIAN_POINT('',(-0.0845555461437,-0.017850106645776,0.0004));
#11322=CARTESIAN_POINT('',(-0.0845555461437,-0.017850106645776,0.));
#11323=CARTESIAN_POINT('',(-0.0848563401735536,-0.017850106645776,0.0004));
#11324=CARTESIAN_POINT('',(-0.0848563401735536,-0.017850106645776,0.));
#11325=CARTESIAN_POINT('',(-0.0841427922190299,-0.0181181191535738,0.0004));
#11326=CARTESIAN_POINT('',(-0.0844051491287733,-0.017850106645776,0.0004));
#11327=CARTESIAN_POINT('',(-0.0848563401735536,-0.017850106645776,0.0004));
#11328=CARTESIAN_POINT('',(-0.0848563401735536,-0.017850106645776,0.0004));
#11329=CARTESIAN_POINT('',(-0.0848563401735536,-0.017850106645776,0.0004));
#11330=CARTESIAN_POINT('',(-0.0848563401735536,-0.017850106645776,0.0004));
#11331=CARTESIAN_POINT('',(-0.0848563401735536,-0.017850106645776,0.));
#11332=CARTESIAN_POINT('',(-0.0850687393004836,-0.017850106645776,0.0004));
#11333=CARTESIAN_POINT('',(-0.0850687393004836,-0.017850106645776,0.));
#11334=CARTESIAN_POINT('',(-0.0852544314366014,-0.0178998549619948,0.0004));
#11335=CARTESIAN_POINT('',(-0.0852544314366014,-0.0178998549619948,0.));
#11336=CARTESIAN_POINT('',(-0.085413416581907,-0.0179993515944325,0.0004));
#11337=CARTESIAN_POINT('',(-0.085413416581907,-0.0179993515944325,0.));
#11338=CARTESIAN_POINT('',(-0.0848563401735536,-0.017850106645776,0.0004));
#11339=CARTESIAN_POINT('',(-0.0851749388639486,-0.017850106645776,0.0004));
#11340=CARTESIAN_POINT('',(-0.085413416581907,-0.0179993515944325,0.0004));
#11341=CARTESIAN_POINT('',(-0.085413416581907,-0.0179993515944325,0.0004));
#11342=CARTESIAN_POINT('',(-0.085413416581907,-0.0179993515944325,0.0004));
#11343=CARTESIAN_POINT('',(-0.0848714102603879,-0.0187134896742501,0.0004));
#11344=CARTESIAN_POINT('',(-0.0848714102603879,-0.0187134896742501,0.));
#11345=CARTESIAN_POINT('',(-0.0851815370616786,-0.0184983010227828,0.));
#11346=CARTESIAN_POINT('',(-0.0848682797694461,-0.0183371164782339,0.));
#11347=CARTESIAN_POINT('',(-0.0851815370616786,-0.0184983010227828,0.0004));
#11348=CARTESIAN_POINT('',(-0.0851815370616786,-0.0184983010227828,0.0004));
#11349=CARTESIAN_POINT('',(-0.0848714102603879,-0.0187134896742501,0.0004));
#11350=CARTESIAN_POINT('',(-0.0848682797694461,-0.0183371164782339,0.0004));
#11351=CARTESIAN_POINT('',(-0.0848682797694461,-0.0183371164782339,0.0004));
#11352=CARTESIAN_POINT('',(-0.0848682797694461,-0.0183371164782339,0.0004));
#11353=CARTESIAN_POINT('',(-0.0848682797694461,-0.0183371164782339,0.));
#11354=CARTESIAN_POINT('',(-0.0847425998126828,-0.0183371164782339,0.0004));
#11355=CARTESIAN_POINT('',(-0.0847425998126828,-0.0183371164782339,0.));
#11356=CARTESIAN_POINT('',(-0.0846444647131101,-0.0183803713300199,0.0004));
#11357=CARTESIAN_POINT('',(-0.0846444647131101,-0.0183803713300199,0.));
#11358=CARTESIAN_POINT('',(-0.084573874470728,-0.0184668810335919,0.0004));
#11359=CARTESIAN_POINT('',(-0.084573874470728,-0.0184668810335919,0.));
#11360=CARTESIAN_POINT('',(-0.0848682797694461,-0.0183371164782339,0.));
#11361=CARTESIAN_POINT('',(-0.0846797598343011,-0.0183371164782339,0.));
#11362=CARTESIAN_POINT('',(-0.084573874470728,-0.0184668810335919,0.));
#11363=CARTESIAN_POINT('',(-0.084573874470728,-0.0184668810335919,0.));
#11364=CARTESIAN_POINT('',(-0.0848682797694461,-0.0183371164782339,0.0004));
#11365=CARTESIAN_POINT('',(-0.0846797598343011,-0.0183371164782339,0.0004));
#11366=CARTESIAN_POINT('',(-0.084573874470728,-0.0184668810335919,0.0004));
#11367=CARTESIAN_POINT('',(-0.084573874470728,-0.0184668810335919,0.0004));
#11368=CARTESIAN_POINT('',(-0.084573874470728,-0.0184668810335919,0.0004));
#11369=CARTESIAN_POINT('',(-0.084573874470728,-0.0184668810335919,0.0004));
#11370=CARTESIAN_POINT('',(-0.084573874470728,-0.0184668810335919,0.));
#11371=CARTESIAN_POINT('',(-0.0845032842283459,-0.0185533907371641,0.0004));
#11372=CARTESIAN_POINT('',(-0.0845032842283459,-0.0185533907371641,0.));
#11373=CARTESIAN_POINT('',(-0.0844679891071549,-0.0186777091610624,0.0004));
#11374=CARTESIAN_POINT('',(-0.0844679891071549,-0.0186777091610624,0.));
#11375=CARTESIAN_POINT('',(-0.0844679891071549,-0.0188398363052871,0.0004));
#11376=CARTESIAN_POINT('',(-0.0844679891071549,-0.0188398363052871,0.));
#11377=CARTESIAN_POINT('',(-0.084573874470728,-0.0184668810335919,0.));
#11378=CARTESIAN_POINT('',(-0.0844679891071549,-0.0185966455889501,0.));
#11379=CARTESIAN_POINT('',(-0.0844679891071549,-0.0188398363052871,0.));
#11380=CARTESIAN_POINT('',(-0.0844679891071549,-0.0188398363052871,0.));
#11381=CARTESIAN_POINT('',(-0.084573874470728,-0.0184668810335919,0.0004));
#11382=CARTESIAN_POINT('',(-0.0844679891071549,-0.0185966455889501,0.0004));
#11383=CARTESIAN_POINT('',(-0.0844679891071549,-0.0188398363052871,0.0004));
#11384=CARTESIAN_POINT('',(-0.0844679891071549,-0.0188398363052871,0.0004));
#11385=CARTESIAN_POINT('',(-0.0844679891071549,-0.0188398363052871,0.0004));
#11386=CARTESIAN_POINT('',(-0.0844679891071549,-0.0188398363052871,0.0004));
#11387=CARTESIAN_POINT('',(-0.0844679891071549,-0.0188398363052871,0.));
#11388=CARTESIAN_POINT('',(-0.0844679891071549,-0.0189785031909159,0.0004));
#11389=CARTESIAN_POINT('',(-0.0844679891071549,-0.0189785031909159,0.));
#11390=CARTESIAN_POINT('',(-0.0845000374961296,-0.0190884731530838,0.0004));
#11391=CARTESIAN_POINT('',(-0.0845000374961296,-0.0190884731530838,0.));
#11392=CARTESIAN_POINT('',(-0.0845641342740789,-0.0191697461917908,0.0004));
#11393=CARTESIAN_POINT('',(-0.0845641342740789,-0.0191697461917908,0.));
#11394=CARTESIAN_POINT('',(-0.0844679891071549,-0.0188398363052871,0.));
#11395=CARTESIAN_POINT('',(-0.0844679891071549,-0.0190478366337303,0.));
#11396=CARTESIAN_POINT('',(-0.0845641342740789,-0.0191697461917908,0.));
#11397=CARTESIAN_POINT('',(-0.0845641342740789,-0.0191697461917908,0.));
#11398=CARTESIAN_POINT('',(-0.0844679891071549,-0.0188398363052871,0.0004));
#11399=CARTESIAN_POINT('',(-0.0844679891071549,-0.0190478366337303,0.0004));
#11400=CARTESIAN_POINT('',(-0.0845641342740789,-0.0191697461917908,0.0004));
#11401=CARTESIAN_POINT('',(-0.0845641342740789,-0.0191697461917908,0.0004));
#11402=CARTESIAN_POINT('',(-0.0845641342740789,-0.0191697461917908,0.0004));
#11403=CARTESIAN_POINT('',(-0.0845641342740789,-0.0191697461917908,0.0004));
#11404=CARTESIAN_POINT('',(-0.0845641342740789,-0.0191697461917908,0.));
#11405=CARTESIAN_POINT('',(-0.0846282310520282,-0.0192510192304977,0.0004));
#11406=CARTESIAN_POINT('',(-0.0846282310520282,-0.0192510192304977,0.));
#11407=CARTESIAN_POINT('',(-0.0847256330185197,-0.0192916557498512,0.0004));
#11408=CARTESIAN_POINT('',(-0.0847256330185197,-0.0192916557498512,0.));
#11409=CARTESIAN_POINT('',(-0.0848563401735536,-0.0192916557498512,0.0004));
#11410=CARTESIAN_POINT('',(-0.0848563401735536,-0.0192916557498512,0.));
#11411=CARTESIAN_POINT('',(-0.0845641342740789,-0.0191697461917908,0.));
#11412=CARTESIAN_POINT('',(-0.0846602794410028,-0.0192916557498512,0.));
#11413=CARTESIAN_POINT('',(-0.0848563401735536,-0.0192916557498512,0.));
#11414=CARTESIAN_POINT('',(-0.0848563401735536,-0.0192916557498512,0.));
#11415=CARTESIAN_POINT('',(-0.0845641342740789,-0.0191697461917908,0.0004));
#11416=CARTESIAN_POINT('',(-0.0846602794410028,-0.0192916557498512,0.0004));
#11417=CARTESIAN_POINT('',(-0.0848563401735536,-0.0192916557498512,0.0004));
#11418=CARTESIAN_POINT('',(-0.0848563401735536,-0.0192916557498512,0.0004));
#11419=CARTESIAN_POINT('',(-0.0848563401735536,-0.0192916557498512,0.0004));
#11420=CARTESIAN_POINT('',(-0.0848660028944533,-0.0188411415185716,0.0004));
#11421=CARTESIAN_POINT('',(-0.0848660028944533,-0.0188411415185716,0.));
#11422=CARTESIAN_POINT('',(-0.0851727394647052,-0.0191706887914665,0.));
#11423=CARTESIAN_POINT('',(-0.0848660028944533,-0.0188411415185716,0.0004));
#11424=CARTESIAN_POINT('',(-0.0851727394647052,-0.0191706887914665,0.0004));
#11425=CARTESIAN_POINT('',(-0.0851727394647052,-0.0191706887914665,0.0004));
#11426=CARTESIAN_POINT('',(-0.0851727394647052,-0.0191706887914665,0.0004));
#11427=CARTESIAN_POINT('',(-0.0851727394647052,-0.0191706887914665,0.));
#11428=CARTESIAN_POINT('',(-0.0852605059678449,-0.0190900441525434,0.0004));
#11429=CARTESIAN_POINT('',(-0.0852605059678449,-0.0190900441525434,0.));
#11430=CARTESIAN_POINT('',(-0.0853043892194148,-0.0189973551844304,0.0004));
#11431=CARTESIAN_POINT('',(-0.0853043892194148,-0.0189973551844304,0.));
#11432=CARTESIAN_POINT('',(-0.0853043892194148,-0.0188926218871277,0.0004));
#11433=CARTESIAN_POINT('',(-0.0853043892194148,-0.0188926218871277,0.));
#11434=CARTESIAN_POINT('',(-0.0851727394647052,-0.0191706887914665,0.));
#11435=CARTESIAN_POINT('',(-0.0853043892194148,-0.0190497218330818,0.));
#11436=CARTESIAN_POINT('',(-0.0853043892194148,-0.0188926218871277,0.));
#11437=CARTESIAN_POINT('',(-0.0853043892194148,-0.0188926218871277,0.));
#11438=CARTESIAN_POINT('',(-0.0851727394647052,-0.0191706887914665,0.0004));
#11439=CARTESIAN_POINT('',(-0.0853043892194148,-0.0190497218330818,0.0004));
#11440=CARTESIAN_POINT('',(-0.0853043892194148,-0.0188926218871277,0.0004));
#11441=CARTESIAN_POINT('',(-0.0853043892194148,-0.0188926218871277,0.0004));
#11442=CARTESIAN_POINT('',(-0.0853043892194148,-0.0188926218871277,0.0004));
#11443=CARTESIAN_POINT('',(-0.0853043892194148,-0.0188926218871277,0.0004));
#11444=CARTESIAN_POINT('',(-0.0853043892194148,-0.0188926218871277,0.));
#11445=CARTESIAN_POINT('',(-0.0853043892194148,-0.0187371976739304,0.0004));
#11446=CARTESIAN_POINT('',(-0.0853043892194148,-0.0187371976739304,0.));
#11447=CARTESIAN_POINT('',(-0.0852634385001694,-0.0186057573858154,0.0004));
#11448=CARTESIAN_POINT('',(-0.0852634385001694,-0.0186057573858154,0.));
#11449=CARTESIAN_POINT('',(-0.0851815370616786,-0.0184983010227828,0.0004));
#11450=CARTESIAN_POINT('',(-0.0851815370616786,-0.0184983010227828,0.));
#11451=CARTESIAN_POINT('',(-0.0853043892194148,-0.0188926218871277,0.));
#11452=CARTESIAN_POINT('',(-0.0853043892194148,-0.0186594855673318,0.));
#11453=CARTESIAN_POINT('',(-0.0851815370616786,-0.0184983010227828,0.));
#11454=CARTESIAN_POINT('',(-0.0853043892194148,-0.0188926218871277,0.0004));
#11455=CARTESIAN_POINT('',(-0.0853043892194148,-0.0186594855673318,0.0004));
#11456=CARTESIAN_POINT('',(-0.0851815370616786,-0.0184983010227828,0.0004));
#11457=CARTESIAN_POINT('',(-0.0848961170075584,-0.0188044538988548,0.0004));
#11458=CARTESIAN_POINT('',(-0.0848961170075584,-0.0188044538988548,0.0004));
#11459=CARTESIAN_POINT('',(-0.0975874055937851,-0.0193161633414201,0.0004));
#11460=CARTESIAN_POINT('',(-0.0985518490149884,-0.0361401421599228,0.));
#11461=CARTESIAN_POINT('',(-0.0948541807340749,-0.0207545704465762,0.0004));
#11462=CARTESIAN_POINT('',(-0.0951822054212272,-0.0207545704465762,0.0004));
#11463=CARTESIAN_POINT('',(-0.0951822054212272,-0.0207545704465762,0.0004));
#11464=CARTESIAN_POINT('',(-0.0948541807340749,-0.0207545704465762,0.0004));
#11465=CARTESIAN_POINT('',(-0.0945261560469227,-0.0207545704465762,0.0004));
#11466=CARTESIAN_POINT('',(-0.0945261560469227,-0.0207545704465762,0.0004));
#11467=CARTESIAN_POINT('',(-0.0944221558827011,-0.0204127209641799,0.0004));
#11468=CARTESIAN_POINT('',(-0.0944221558827011,-0.0204127209641799,0.0004));
#11469=CARTESIAN_POINT('',(-0.0943181557184794,-0.0200708714817837,0.0004));
#11470=CARTESIAN_POINT('',(-0.0943181557184794,-0.0200708714817837,0.0004));
#11471=CARTESIAN_POINT('',(-0.0937946986985602,-0.0200708714817837,0.0004));
#11472=CARTESIAN_POINT('',(-0.0937946986985602,-0.0200708714817837,0.0004));
#11473=CARTESIAN_POINT('',(-0.0932712416786411,-0.0200708714817837,0.0004));
#11474=CARTESIAN_POINT('',(-0.0932712416786411,-0.0200708714817837,0.0004));
#11475=CARTESIAN_POINT('',(-0.0931672415144194,-0.0204127209641799,0.0004));
#11476=CARTESIAN_POINT('',(-0.0931672415144194,-0.0204127209641799,0.0004));
#11477=CARTESIAN_POINT('',(-0.0930632413501978,-0.0207545704465762,0.0004));
#11478=CARTESIAN_POINT('',(-0.0930632413501978,-0.0207545704465762,0.0004));
#11479=CARTESIAN_POINT('',(-0.0927352166630455,-0.0207545704465762,0.0004));
#11480=CARTESIAN_POINT('',(-0.0927352166630455,-0.0207545704465762,0.0004));
#11481=CARTESIAN_POINT('',(-0.0924071919758933,-0.0207545704465762,0.0004));
#11482=CARTESIAN_POINT('',(-0.0924071919758933,-0.0207545704465762,0.0004));
#11483=CARTESIAN_POINT('',(-0.0929139964015413,-0.019313021342501,0.0004));
#11484=CARTESIAN_POINT('',(-0.0929139964015413,-0.019313021342501,0.0004));
#11485=CARTESIAN_POINT('',(-0.0934208008271894,-0.0178714722384258,0.0004));
#11486=CARTESIAN_POINT('',(-0.0934208008271894,-0.0178714722384258,0.0004));
#11487=CARTESIAN_POINT('',(-0.0937928134992088,-0.0178714722384258,0.0004));
#11488=CARTESIAN_POINT('',(-0.0937928134992088,-0.0178714722384258,0.0004));
#11489=CARTESIAN_POINT('',(-0.0941648261712282,-0.0178714722384258,0.0004));
#11490=CARTESIAN_POINT('',(-0.0941648261712282,-0.0178714722384258,0.0004));
#11491=CARTESIAN_POINT('',(-0.0937984690972631,-0.0195606108573247,0.0004));
#11492=CARTESIAN_POINT('',(-0.0937984690972631,-0.0195606108573247,0.));
#11493=CARTESIAN_POINT('',(-0.0934245712258923,-0.0195606108573247,0.));
#11494=CARTESIAN_POINT('',(-0.0941720562848717,-0.0195606108573247,2.71050543121376E-20));
#11495=CARTESIAN_POINT('',(-0.0934245712258923,-0.0195606108573247,0.0004));
#11496=CARTESIAN_POINT('',(-0.0934245712258923,-0.0195606108573247,0.0004));
#11497=CARTESIAN_POINT('',(-0.0937984690972631,-0.0195606108573247,0.0004));
#11498=CARTESIAN_POINT('',(-0.0941720562848717,-0.0195606108573247,0.0004));
#11499=CARTESIAN_POINT('',(-0.0941720562848717,-0.0195606108573247,0.0004));
#11500=CARTESIAN_POINT('',(-0.0939701379961,-0.0189078688503035,0.000400000002327943));
#11501=CARTESIAN_POINT('',(-0.0939701379961,-0.0189078688503035,0.));
#11502=CARTESIAN_POINT('',(-0.0938473459272653,-0.0185099694575312,0.));
#11503=CARTESIAN_POINT('',(-0.0939701379961,-0.0189078688503035,0.0004));
#11504=CARTESIAN_POINT('',(-0.0938473458859146,-0.0185099693224746,0.000399999999999603));
#11505=CARTESIAN_POINT('',(-0.0938474842804008,-0.0185099264187834,0.0004));
#11506=CARTESIAN_POINT('',(-0.0967972619883776,-0.0176017150010645,0.0004));
#11507=CARTESIAN_POINT('',(-0.0967972619883776,-0.0176017150010645,0.));
#11508=CARTESIAN_POINT('',(-0.0937953270983441,-0.0183176360849355,0.));
#11509=CARTESIAN_POINT('',(-0.0967972619883776,-0.0176017150010645,0.0004));
#11510=CARTESIAN_POINT('',(-0.0937953270983441,-0.0183176360849355,0.0004));
#11511=CARTESIAN_POINT('',(-0.0937953270983441,-0.0183176360849355,0.0004));
#11512=CARTESIAN_POINT('',(-0.0937953270983441,-0.0183176360849355,0.0004));
#11513=CARTESIAN_POINT('',(-0.0937953270983441,-0.0183176360849355,0.));
#11514=CARTESIAN_POINT('',(-0.0937521769798554,-0.0184852093606199,0.0004));
#11515=CARTESIAN_POINT('',(-0.0937521769798554,-0.0184852093606199,0.));
#11516=CARTESIAN_POINT('',(-0.0936285916890381,-0.0188995342847497,0.0004));
#11517=CARTESIAN_POINT('',(-0.0936285916890381,-0.0188995342847497,0.));
#11518=CARTESIAN_POINT('',(-0.0934245712258923,-0.0195606108573247,0.0004));
#11519=CARTESIAN_POINT('',(-0.0934245712258923,-0.0195606108573247,0.));
#11520=CARTESIAN_POINT('',(-0.0937953270983441,-0.0183176360849355,0.));
#11521=CARTESIAN_POINT('',(-0.093730601920611,-0.0185689959984622,0.));
#11522=CARTESIAN_POINT('',(-0.0934245712258923,-0.0195606108573247,0.));
#11523=CARTESIAN_POINT('',(-0.0937953270983441,-0.0183176360849355,0.0004));
#11524=CARTESIAN_POINT('',(-0.093730601920611,-0.0185689959984622,0.0004));
#11525=CARTESIAN_POINT('',(-0.0934245712258923,-0.0195606108573247,0.0004));
#11526=CARTESIAN_POINT('',(-0.0946735157962277,-0.019313021342501,0.0004));
#11527=CARTESIAN_POINT('',(-0.0946735157962277,-0.019313021342501,0.0004));
#11528=CARTESIAN_POINT('',(-0.0975874055937851,-0.0193161633414201,0.0004));
#11529=CARTESIAN_POINT('',(-0.0985518490149884,-0.0361401421599228,0.));
#11530=CARTESIAN_POINT('',(-0.103062338710287,-0.0187700839292834,0.0004));
#11531=CARTESIAN_POINT('',(-0.103062338710287,-0.0187700839292834,0.));
#11532=CARTESIAN_POINT('',(-0.103062338710287,-0.0183823612626687,0.));
#11533=CARTESIAN_POINT('',(-0.103062338710287,-0.0191578065958983,0.));
#11534=CARTESIAN_POINT('',(-0.103062338710287,-0.0183823612626687,0.0004));
#11535=CARTESIAN_POINT('',(-0.103062338710287,-0.0183823612626687,0.0004));
#11536=CARTESIAN_POINT('',(-0.103062338710287,-0.0187700839292834,0.0004));
#11537=CARTESIAN_POINT('',(-0.103062338710287,-0.0191578065958983,0.0004));
#11538=CARTESIAN_POINT('',(-0.103062338710287,-0.0191578065958983,0.0004));
#11539=CARTESIAN_POINT('',(-0.103160369076562,-0.0191578065958983,0.0004));
#11540=CARTESIAN_POINT('',(-0.103160369076562,-0.0191578065958983,0.));
#11541=CARTESIAN_POINT('',(-0.103258399442838,-0.0191578065958983,0.));
#11542=CARTESIAN_POINT('',(-0.103160369076562,-0.0191578065958983,0.0004));
#11543=CARTESIAN_POINT('',(-0.103258399442838,-0.0191578065958983,0.0004));
#11544=CARTESIAN_POINT('',(-0.103258399442838,-0.0191578065958983,0.0004));
#11545=CARTESIAN_POINT('',(-0.103258399442838,-0.0191578065958983,0.0004));
#11546=CARTESIAN_POINT('',(-0.103258399442838,-0.0191578065958983,0.));
#11547=CARTESIAN_POINT('',(-0.103451108709875,-0.0191578065958983,0.0004));
#11548=CARTESIAN_POINT('',(-0.103451108709875,-0.0191578065958983,0.));
#11549=CARTESIAN_POINT('',(-0.103593231794314,-0.0191257582069236,0.0004));
#11550=CARTESIAN_POINT('',(-0.103593231794314,-0.0191257582069236,0.));
#11551=CARTESIAN_POINT('',(-0.103684768696157,-0.0190616614289743,0.0004));
#11552=CARTESIAN_POINT('',(-0.103684768696157,-0.0190616614289743,0.));
#11553=CARTESIAN_POINT('',(-0.103258399442838,-0.0191578065958983,0.));
#11554=CARTESIAN_POINT('',(-0.103547463343393,-0.0191578065958983,0.));
#11555=CARTESIAN_POINT('',(-0.103684768696157,-0.0190616614289743,0.));
#11556=CARTESIAN_POINT('',(-0.103684768696157,-0.0190616614289743,0.));
#11557=CARTESIAN_POINT('',(-0.103258399442838,-0.0191578065958983,0.0004));
#11558=CARTESIAN_POINT('',(-0.103547463343393,-0.0191578065958983,0.0004));
#11559=CARTESIAN_POINT('',(-0.103684768696157,-0.0190616614289743,0.0004));
#11560=CARTESIAN_POINT('',(-0.103684768696157,-0.0190616614289743,0.0004));
#11561=CARTESIAN_POINT('',(-0.103684768696157,-0.0190616614289743,0.0004));
#11562=CARTESIAN_POINT('',(-0.103684768696157,-0.0190616614289743,0.0004));
#11563=CARTESIAN_POINT('',(-0.103684768696157,-0.0190616614289743,0.));
#11564=CARTESIAN_POINT('',(-0.103776305598,-0.0189975646510251,0.0004));
#11565=CARTESIAN_POINT('',(-0.103776305598,-0.0189975646510251,0.));
#11566=CARTESIAN_POINT('',(-0.103822074048921,-0.0188968112190198,0.0004));
#11567=CARTESIAN_POINT('',(-0.103822074048921,-0.0188968112190198,0.));
#11568=CARTESIAN_POINT('',(-0.103822074048921,-0.0187594011329585,0.0004));
#11569=CARTESIAN_POINT('',(-0.103822074048921,-0.0187594011329585,0.));
#11570=CARTESIAN_POINT('',(-0.103684768696157,-0.0190616614289743,0.));
#11571=CARTESIAN_POINT('',(-0.103822074048921,-0.0189655162620504,0.));
#11572=CARTESIAN_POINT('',(-0.103822074048921,-0.0187594011329585,0.));
#11573=CARTESIAN_POINT('',(-0.103822074048921,-0.0187594011329585,0.));
#11574=CARTESIAN_POINT('',(-0.103684768696157,-0.0190616614289743,0.0004));
#11575=CARTESIAN_POINT('',(-0.103822074048921,-0.0189655162620504,0.0004));
#11576=CARTESIAN_POINT('',(-0.103822074048921,-0.0187594011329585,0.0004));
#11577=CARTESIAN_POINT('',(-0.103822074048921,-0.0187594011329585,0.0004));
#11578=CARTESIAN_POINT('',(-0.103822074048921,-0.0187594011329585,0.0004));
#11579=CARTESIAN_POINT('',(-0.103822074048921,-0.0187594011329585,0.0004));
#11580=CARTESIAN_POINT('',(-0.103822074048921,-0.0187594011329585,0.));
#11581=CARTESIAN_POINT('',(-0.103822074048921,-0.018623247846465,0.0004));
#11582=CARTESIAN_POINT('',(-0.103822074048921,-0.018623247846465,0.));
#11583=CARTESIAN_POINT('',(-0.103775258265027,-0.0185263695464599,0.0004));
#11584=CARTESIAN_POINT('',(-0.103775258265027,-0.0185263695464599,0.));
#11585=CARTESIAN_POINT('',(-0.103681626697238,-0.0184687662329434,0.0004));
#11586=CARTESIAN_POINT('',(-0.103681626697238,-0.0184687662329434,0.));
#11587=CARTESIAN_POINT('',(-0.103822074048921,-0.0187594011329585,0.));
#11588=CARTESIAN_POINT('',(-0.103822074048921,-0.0185551712032182,0.));
#11589=CARTESIAN_POINT('',(-0.103681626697238,-0.0184687662329434,0.));
#11590=CARTESIAN_POINT('',(-0.103681626697238,-0.0184687662329434,0.));
#11591=CARTESIAN_POINT('',(-0.103822074048921,-0.0187594011329585,0.0004));
#11592=CARTESIAN_POINT('',(-0.103822074048921,-0.0185551712032182,0.0004));
#11593=CARTESIAN_POINT('',(-0.103681626697238,-0.0184687662329434,0.0004));
#11594=CARTESIAN_POINT('',(-0.103681626697238,-0.0184687662329434,0.0004));
#11595=CARTESIAN_POINT('',(-0.103681626697238,-0.0184687662329434,0.0004));
#11596=CARTESIAN_POINT('',(-0.103681626697238,-0.0184687662329434,0.0004));
#11597=CARTESIAN_POINT('',(-0.103681626697238,-0.0184687662329434,0.));
#11598=CARTESIAN_POINT('',(-0.103587995129449,-0.0184111629194269,0.0004));
#11599=CARTESIAN_POINT('',(-0.103587995129449,-0.0184111629194269,0.));
#11600=CARTESIAN_POINT('',(-0.10344314897928,-0.0183823612626687,0.0004));
#11601=CARTESIAN_POINT('',(-0.10344314897928,-0.0183823612626687,0.));
#11602=CARTESIAN_POINT('',(-0.103247088246729,-0.0183823612626687,0.0004));
#11603=CARTESIAN_POINT('',(-0.103247088246729,-0.0183823612626687,0.));
#11604=CARTESIAN_POINT('',(-0.103681626697238,-0.0184687662329434,0.));
#11605=CARTESIAN_POINT('',(-0.103541179345555,-0.0183823612626687,0.));
#11606=CARTESIAN_POINT('',(-0.103247088246729,-0.0183823612626687,0.));
#11607=CARTESIAN_POINT('',(-0.103247088246729,-0.0183823612626687,0.));
#11608=CARTESIAN_POINT('',(-0.103681626697238,-0.0184687662329434,0.0004));
#11609=CARTESIAN_POINT('',(-0.103541179345555,-0.0183823612626687,0.0004));
#11610=CARTESIAN_POINT('',(-0.103247088246729,-0.0183823612626687,0.0004));
#11611=CARTESIAN_POINT('',(-0.103247088246729,-0.0183823612626687,0.0004));
#11612=CARTESIAN_POINT('',(-0.103247088246729,-0.0183823612626687,0.0004));
#11613=CARTESIAN_POINT('',(-0.10322415165462,-0.0196529856255457,0.0004));
#11614=CARTESIAN_POINT('',(-0.103385964598952,-0.0196529856255457,0.0004));
#11615=CARTESIAN_POINT('',(-0.103385964598952,-0.0196529856255457,0.0004));
#11616=CARTESIAN_POINT('',(-0.10322415165462,-0.0196529856255457,0.0004));
#11617=CARTESIAN_POINT('',(-0.103062338710287,-0.0196529856255457,0.0004));
#11618=CARTESIAN_POINT('',(-0.103062338710287,-0.0196529856255457,0.0004));
#11619=CARTESIAN_POINT('',(-0.103062338710287,-0.0202037780360609,0.0004));
#11620=CARTESIAN_POINT('',(-0.103062338710287,-0.0202037780360609,0.0004));
#11621=CARTESIAN_POINT('',(-0.103062338710287,-0.0207545704465762,0.0004));
#11622=CARTESIAN_POINT('',(-0.103062338710287,-0.0207545704465762,0.0004));
#11623=CARTESIAN_POINT('',(-0.102757879015028,-0.0207545704465762,0.0004));
#11624=CARTESIAN_POINT('',(-0.102757879015028,-0.0207545704465762,0.0004));
#11625=CARTESIAN_POINT('',(-0.102453419319769,-0.0207545704465762,0.0004));
#11626=CARTESIAN_POINT('',(-0.102453419319769,-0.0207545704465762,0.0004));
#11627=CARTESIAN_POINT('',(-0.102453419319769,-0.0193189911404472,0.0004));
#11628=CARTESIAN_POINT('',(-0.102453419319769,-0.0193189911404472,0.0004));
#11629=CARTESIAN_POINT('',(-0.102453419319769,-0.0178834118343183,0.0004));
#11630=CARTESIAN_POINT('',(-0.102453419319769,-0.0178834118343183,0.0004));
#11631=CARTESIAN_POINT('',(-0.102871619375898,-0.0178834118343183,0.0004));
#11632=CARTESIAN_POINT('',(-0.102871619375898,-0.0178834118343183,0.0004));
#11633=CARTESIAN_POINT('',(-0.103289819432028,-0.0178834118343183,0.0004));
#11634=CARTESIAN_POINT('',(-0.103289819432028,-0.0178834118343183,0.0004));
#11635=CARTESIAN_POINT('',(-0.103289819432028,-0.0178834118343183,0.0004));
#11636=CARTESIAN_POINT('',(-0.103289819432028,-0.0178834118343183,0.));
#11637=CARTESIAN_POINT('',(-0.103680265164373,-0.0178834118343183,0.0004));
#11638=CARTESIAN_POINT('',(-0.103680265164373,-0.0178834118343183,0.));
#11639=CARTESIAN_POINT('',(-0.103969014865037,-0.0179544210098896,0.0004));
#11640=CARTESIAN_POINT('',(-0.103969014865037,-0.0179544210098896,0.));
#11641=CARTESIAN_POINT('',(-0.104156068534019,-0.0180964393610321,0.0004));
#11642=CARTESIAN_POINT('',(-0.104156068534019,-0.0180964393610321,0.));
#11643=CARTESIAN_POINT('',(-0.103289819432028,-0.0178834118343183,0.0004));
#11644=CARTESIAN_POINT('',(-0.103875488030545,-0.0178834118343183,0.0004));
#11645=CARTESIAN_POINT('',(-0.104156068534019,-0.0180964393610321,0.0004));
#11646=CARTESIAN_POINT('',(-0.104156068534019,-0.0180964393610321,0.0004));
#11647=CARTESIAN_POINT('',(-0.104156068534019,-0.0180964393610321,0.0004));
#11648=CARTESIAN_POINT('',(-0.104156068534019,-0.0180964393610321,0.0004));
#11649=CARTESIAN_POINT('',(-0.104156068534019,-0.0180964393610321,0.));
#11650=CARTESIAN_POINT('',(-0.104343122203002,-0.0182384577121746,0.0004));
#11651=CARTESIAN_POINT('',(-0.104343122203002,-0.0182384577121746,0.));
#11652=CARTESIAN_POINT('',(-0.104436649037494,-0.0184542083046183,0.0004));
#11653=CARTESIAN_POINT('',(-0.104436649037494,-0.0184542083046183,0.));
#11654=CARTESIAN_POINT('',(-0.104436649037494,-0.0187436911383632,0.0004));
#11655=CARTESIAN_POINT('',(-0.104436649037494,-0.0187436911383632,0.));
#11656=CARTESIAN_POINT('',(-0.104156068534019,-0.0180964393610321,0.0004));
#11657=CARTESIAN_POINT('',(-0.104436649037494,-0.0183094668877459,0.0004));
#11658=CARTESIAN_POINT('',(-0.104436649037494,-0.0187436911383632,0.0004));
#11659=CARTESIAN_POINT('',(-0.104436649037494,-0.0187436911383632,0.0004));
#11660=CARTESIAN_POINT('',(-0.104436649037494,-0.0187436911383632,0.0004));
#11661=CARTESIAN_POINT('',(-0.103674939199869,-0.0187562564139633,0.0004));
#11662=CARTESIAN_POINT('',(-0.103674939199869,-0.0187562564139633,0.0004));
#11663=CARTESIAN_POINT('',(-0.104297791256627,-0.0191944962973676,0.000399999750000003));
#11664=CARTESIAN_POINT('',(-0.104297458485378,-0.0191942537833596,0.0004));
#11665=CARTESIAN_POINT('',(-0.103556153119518,-0.0186487471259175,0.0004));
#11666=CARTESIAN_POINT('',(-0.103556153119518,-0.0186487471259175,0.0004));
#11667=CARTESIAN_POINT('',(-0.103902239188735,-0.0195024755265899,0.0004));
#11668=CARTESIAN_POINT('',(-0.103902239188735,-0.0195024755265898,0.0004));
#11669=CARTESIAN_POINT('',(-0.220950415927972,0.058510597302158,0.0004));
#11670=CARTESIAN_POINT('',(-0.220950415927972,0.058510597302158,0.0004));
#11671=CARTESIAN_POINT('',(-0.104746507250474,-0.0207545704465762,0.0004));
#11672=CARTESIAN_POINT('',(-0.104746507250474,-0.0207545704465762,0.0004));
#11673=CARTESIAN_POINT('',(-0.104409313646898,-0.0207545704465762,0.0004));
#11674=CARTESIAN_POINT('',(-0.104409313646898,-0.0207545704465762,0.0004));
#11675=CARTESIAN_POINT('',(-0.104071548763096,-0.0207545704465762,0.0004));
#11676=CARTESIAN_POINT('',(-0.104071548763096,-0.0207545704465762,0.0004));
#11677=CARTESIAN_POINT('',(-0.103728756681024,-0.0202037780360609,0.0004));
#11678=CARTESIAN_POINT('',(-0.103728756681024,-0.0202037780360609,0.0004));
#11679=CARTESIAN_POINT('',(-0.103154713478508,-0.0183823612626687,0.0004));
#11680=CARTESIAN_POINT('',(-0.103154713478508,-0.0183823612626687,0.));
#11681=CARTESIAN_POINT('',(-0.103154713478508,-0.0183823612626687,0.0004));
#11682=CARTESIAN_POINT('',(-0.0975874055937851,-0.0193161633414201,0.0004));
#11683=CARTESIAN_POINT('',(-0.110918592807561,-0.0182192915187682,0.0004));
#11684=CARTESIAN_POINT('',(-0.110918592807561,-0.0182192915187682,0.));
#11685=CARTESIAN_POINT('',(-0.111152357527141,-0.0184733744980248,0.0004));
#11686=CARTESIAN_POINT('',(-0.111152357527141,-0.0184733744980248,0.));
#11687=CARTESIAN_POINT('',(-0.111269239886931,-0.0188385795057195,0.0004));
#11688=CARTESIAN_POINT('',(-0.111269239886931,-0.0188385795057195,0.));
#11689=CARTESIAN_POINT('',(-0.111269239886931,-0.0193149065418524,0.0004));
#11690=CARTESIAN_POINT('',(-0.111269239886931,-0.0193149065418524,0.));
#11691=CARTESIAN_POINT('',(-0.110918592807561,-0.0182192915187682,0.0004));
#11692=CARTESIAN_POINT('',(-0.110918592807561,-0.0182192915187682,0.0004));
#11693=CARTESIAN_POINT('',(-0.110918592807561,-0.0182192915187682,0.0004));
#11694=CARTESIAN_POINT('',(-0.111269239886931,-0.018600415987653,0.0004));
#11695=CARTESIAN_POINT('',(-0.111269239886931,-0.0193149065418524,0.0004));
#11696=CARTESIAN_POINT('',(-0.111269239886931,-0.0193149065418524,0.0004));
#11697=CARTESIAN_POINT('',(-0.111269239886931,-0.0193149065418524,0.0004));
#11698=CARTESIAN_POINT('',(-0.111269239886931,-0.0193149065418524,0.0004));
#11699=CARTESIAN_POINT('',(-0.111269239886931,-0.0193149065418524,0.));
#11700=CARTESIAN_POINT('',(-0.111269239886931,-0.0197903957116069,0.0004));
#11701=CARTESIAN_POINT('',(-0.111269239886931,-0.0197903957116069,0.));
#11702=CARTESIAN_POINT('',(-0.111151414927465,-0.0201558101858963,0.0004));
#11703=CARTESIAN_POINT('',(-0.111151414927465,-0.0201558101858963,0.));
#11704=CARTESIAN_POINT('',(-0.110915765008534,-0.0204111499647204,0.0004));
#11705=CARTESIAN_POINT('',(-0.110915765008534,-0.0204111499647204,0.));
#11706=CARTESIAN_POINT('',(-0.111269239886931,-0.0193149065418524,0.0004));
#11707=CARTESIAN_POINT('',(-0.111269239886931,-0.0200281402964842,0.0004));
#11708=CARTESIAN_POINT('',(-0.110915765008534,-0.0204111499647204,0.0004));
#11709=CARTESIAN_POINT('',(-0.110915765008534,-0.0204111499647204,0.0004));
#11710=CARTESIAN_POINT('',(-0.110915765008534,-0.0204111499647204,0.0004));
#11711=CARTESIAN_POINT('',(-0.110915765008534,-0.0204111499647204,0.0004));
#11712=CARTESIAN_POINT('',(-0.110915765008534,-0.0204111499647204,0.));
#11713=CARTESIAN_POINT('',(-0.110680115089603,-0.0206664897435445,0.0004));
#11714=CARTESIAN_POINT('',(-0.110680115089603,-0.0206664897435445,0.));
#11715=CARTESIAN_POINT('',(-0.110342350205802,-0.0207941596329566,0.0004));
#11716=CARTESIAN_POINT('',(-0.110342350205802,-0.0207941596329566,0.));
#11717=CARTESIAN_POINT('',(-0.10990247035713,-0.0207941596329566,0.0004));
#11718=CARTESIAN_POINT('',(-0.10990247035713,-0.0207941596329566,0.));
#11719=CARTESIAN_POINT('',(-0.110915765008534,-0.0204111499647204,0.0004));
#11720=CARTESIAN_POINT('',(-0.110562290130137,-0.0207941596329566,0.0004));
#11721=CARTESIAN_POINT('',(-0.10990247035713,-0.0207941596329566,0.0004));
#11722=CARTESIAN_POINT('',(-0.10990247035713,-0.0207941596329566,0.0004));
#11723=CARTESIAN_POINT('',(-0.10990247035713,-0.0207941596329566,0.0004));
#11724=CARTESIAN_POINT('',(-0.10990247035713,-0.0207941596329566,0.0004));
#11725=CARTESIAN_POINT('',(-0.10990247035713,-0.0207941596329566,0.));
#11726=CARTESIAN_POINT('',(-0.109462590508458,-0.0207941596329566,0.0004));
#11727=CARTESIAN_POINT('',(-0.109462590508458,-0.0207941596329566,0.));
#11728=CARTESIAN_POINT('',(-0.109124825624657,-0.0206664897435445,0.0004));
#11729=CARTESIAN_POINT('',(-0.109124825624657,-0.0206664897435445,0.));
#11730=CARTESIAN_POINT('',(-0.108889175705726,-0.0204111499647204,0.0004));
#11731=CARTESIAN_POINT('',(-0.108889175705726,-0.0204111499647204,0.));
#11732=CARTESIAN_POINT('',(-0.10990247035713,-0.0207941596329566,0.0004));
#11733=CARTESIAN_POINT('',(-0.109242650584123,-0.0207941596329566,0.0004));
#11734=CARTESIAN_POINT('',(-0.108889175705726,-0.0204111499647204,0.0004));
#11735=CARTESIAN_POINT('',(-0.108889175705726,-0.0204111499647204,0.0004));
#11736=CARTESIAN_POINT('',(-0.108889175705726,-0.0204111499647204,0.0004));
#11737=CARTESIAN_POINT('',(-0.108889175705726,-0.0204111499647204,0.0004));
#11738=CARTESIAN_POINT('',(-0.108889175705726,-0.0204111499647204,0.));
#11739=CARTESIAN_POINT('',(-0.108653525786795,-0.0201558101858963,0.0004));
#11740=CARTESIAN_POINT('',(-0.108653525786795,-0.0201558101858963,0.));
#11741=CARTESIAN_POINT('',(-0.108535700827329,-0.0197891389120393,0.0004));
#11742=CARTESIAN_POINT('',(-0.108535700827329,-0.0197891389120393,0.));
#11743=CARTESIAN_POINT('',(-0.108535700827329,-0.0193111361431495,0.0004));
#11744=CARTESIAN_POINT('',(-0.108535700827329,-0.0193111361431495,0.));
#11745=CARTESIAN_POINT('',(-0.108889175705726,-0.0204111499647204,0.0004));
#11746=CARTESIAN_POINT('',(-0.108535700827329,-0.0200281402964842,0.0004));
#11747=CARTESIAN_POINT('',(-0.108535700827329,-0.0193111361431495,0.0004));
#11748=CARTESIAN_POINT('',(-0.108535700827329,-0.0193111361431495,0.0004));
#11749=CARTESIAN_POINT('',(-0.108535700827329,-0.0193111361431495,0.0004));
#11750=CARTESIAN_POINT('',(-0.108535700827329,-0.0193111361431495,0.0004));
#11751=CARTESIAN_POINT('',(-0.108535700827329,-0.0193111361431495,0.));
#11752=CARTESIAN_POINT('',(-0.108535700827329,-0.0188331333742597,0.0004));
#11753=CARTESIAN_POINT('',(-0.108535700827329,-0.0188331333742597,0.));
#11754=CARTESIAN_POINT('',(-0.108653839986686,-0.0184681378331596,0.0004));
#11755=CARTESIAN_POINT('',(-0.108653839986686,-0.0184681378331596,0.));
#11756=CARTESIAN_POINT('',(-0.108890118305401,-0.0182161495198492,0.0004));
#11757=CARTESIAN_POINT('',(-0.108890118305401,-0.0182161495198492,0.));
#11758=CARTESIAN_POINT('',(-0.108535700827329,-0.0193111361431495,0.0004));
#11759=CARTESIAN_POINT('',(-0.108535700827329,-0.0185941319898148,0.0004));
#11760=CARTESIAN_POINT('',(-0.108890118305401,-0.0182161495198492,0.0004));
#11761=CARTESIAN_POINT('',(-0.108890118305401,-0.0182161495198492,0.0004));
#11762=CARTESIAN_POINT('',(-0.108890118305401,-0.0182161495198492,0.0004));
#11763=CARTESIAN_POINT('',(-0.108890118305401,-0.0182161495198492,0.0004));
#11764=CARTESIAN_POINT('',(-0.108890118305401,-0.0182161495198492,0.));
#11765=CARTESIAN_POINT('',(-0.109126396624116,-0.0179641612065387,0.0004));
#11766=CARTESIAN_POINT('',(-0.109126396624116,-0.0179641612065387,0.));
#11767=CARTESIAN_POINT('',(-0.109465104107594,-0.0178381670498835,0.0004));
#11768=CARTESIAN_POINT('',(-0.109465104107594,-0.0178381670498835,0.));
#11769=CARTESIAN_POINT('',(-0.109906240755833,-0.0178381670498835,0.0004));
#11770=CARTESIAN_POINT('',(-0.109906240755833,-0.0178381670498835,0.));
#11771=CARTESIAN_POINT('',(-0.108890118305401,-0.0182161495198492,0.0004));
#11772=CARTESIAN_POINT('',(-0.109244535783474,-0.0178381670498835,0.0004));
#11773=CARTESIAN_POINT('',(-0.109906240755833,-0.0178381670498835,0.0004));
#11774=CARTESIAN_POINT('',(-0.109906240755833,-0.0178381670498835,0.0004));
#11775=CARTESIAN_POINT('',(-0.109906240755833,-0.0178381670498835,0.0004));
#11776=CARTESIAN_POINT('',(-0.109358590344237,-0.0185897331913281,0.0004));
#11777=CARTESIAN_POINT('',(-0.109358590344237,-0.0185897331913281,0.));
#11778=CARTESIAN_POINT('',(-0.109235633453203,-0.0187526982019312,0.0004));
#11779=CARTESIAN_POINT('',(-0.109235633453203,-0.0187526982019312,0.));
#11780=CARTESIAN_POINT('',(-0.109174155007687,-0.018994422652106,0.0004));
#11781=CARTESIAN_POINT('',(-0.109174155007687,-0.018994422652106,0.));
#11782=CARTESIAN_POINT('',(-0.109174155007687,-0.0193149065418524,0.0004));
#11783=CARTESIAN_POINT('',(-0.109174155007687,-0.0193149065418524,0.));
#11784=CARTESIAN_POINT('',(-0.109358590344237,-0.0185897331913281,0.));
#11785=CARTESIAN_POINT('',(-0.109174155007687,-0.0188341807072328,0.));
#11786=CARTESIAN_POINT('',(-0.109174155007687,-0.0193149065418524,0.));
#11787=CARTESIAN_POINT('',(-0.109358590344237,-0.0185897331913281,0.));
#11788=CARTESIAN_POINT('',(-0.109174155007687,-0.0193149065418524,0.));
#11789=CARTESIAN_POINT('',(-0.109358590344237,-0.0185897331913281,0.0004));
#11790=CARTESIAN_POINT('',(-0.109358590344237,-0.0185897331913281,0.0004));
#11791=CARTESIAN_POINT('',(-0.109358590344237,-0.0185897331913281,0.0004));
#11792=CARTESIAN_POINT('',(-0.109174155007687,-0.0188341807072328,0.0004));
#11793=CARTESIAN_POINT('',(-0.109174155007687,-0.0193149065418524,0.0004));
#11794=CARTESIAN_POINT('',(-0.109174155007687,-0.0193149065418524,0.0004));
#11795=CARTESIAN_POINT('',(-0.109174155007687,-0.0193149065418524,0.0004));
#11796=CARTESIAN_POINT('',(-0.109174155007687,-0.0193149065418524,0.0004));
#11797=CARTESIAN_POINT('',(-0.109174155007687,-0.0193149065418524,0.));
#11798=CARTESIAN_POINT('',(-0.109174155007687,-0.0196358093647881,0.0004));
#11799=CARTESIAN_POINT('',(-0.109174155007687,-0.0196358093647881,0.));
#11800=CARTESIAN_POINT('',(-0.109235005053419,-0.0198774290816655,0.0004));
#11801=CARTESIAN_POINT('',(-0.109235005053419,-0.0198774290816655,0.));
#11802=CARTESIAN_POINT('',(-0.109356705144885,-0.0200397656924848,0.0004));
#11803=CARTESIAN_POINT('',(-0.109356705144885,-0.0200397656924848,0.));
#11804=CARTESIAN_POINT('',(-0.109174155007687,-0.0193149065418524,0.));
#11805=CARTESIAN_POINT('',(-0.109174155007687,-0.0197962607762559,0.));
#11806=CARTESIAN_POINT('',(-0.109356705144885,-0.0200397656924848,0.));
#11807=CARTESIAN_POINT('',(-0.109356705144885,-0.0200397656924848,0.));
#11808=CARTESIAN_POINT('',(-0.109174155007687,-0.0193149065418524,0.0004));
#11809=CARTESIAN_POINT('',(-0.109174155007687,-0.0197962607762559,0.0004));
#11810=CARTESIAN_POINT('',(-0.109356705144885,-0.0200397656924848,0.0004));
#11811=CARTESIAN_POINT('',(-0.109356705144885,-0.0200397656924848,0.0004));
#11812=CARTESIAN_POINT('',(-0.109356705144885,-0.0200397656924848,0.0004));
#11813=CARTESIAN_POINT('',(-0.109356705144885,-0.0200397656924848,0.0004));
#11814=CARTESIAN_POINT('',(-0.109356705144885,-0.0200397656924848,0.));
#11815=CARTESIAN_POINT('',(-0.109478405236351,-0.0202021023033041,0.0004));
#11816=CARTESIAN_POINT('',(-0.109478405236351,-0.0202021023033041,0.));
#11817=CARTESIAN_POINT('',(-0.109660326973766,-0.0202832706087137,0.0004));
#11818=CARTESIAN_POINT('',(-0.109660326973766,-0.0202832706087137,0.));
#11819=CARTESIAN_POINT('',(-0.10990247035713,-0.0202832706087137,0.0004));
#11820=CARTESIAN_POINT('',(-0.10990247035713,-0.0202832706087137,0.));
#11821=CARTESIAN_POINT('',(-0.109356705144885,-0.0200397656924848,0.));
#11822=CARTESIAN_POINT('',(-0.109539255282084,-0.0202832706087137,0.));
#11823=CARTESIAN_POINT('',(-0.10990247035713,-0.0202832706087137,0.));
#11824=CARTESIAN_POINT('',(-0.10990247035713,-0.0202832706087137,0.));
#11825=CARTESIAN_POINT('',(-0.109356705144885,-0.0200397656924848,0.0004));
#11826=CARTESIAN_POINT('',(-0.109539255282084,-0.0202832706087137,0.0004));
#11827=CARTESIAN_POINT('',(-0.10990247035713,-0.0202832706087137,0.0004));
#11828=CARTESIAN_POINT('',(-0.10990247035713,-0.0202832706087137,0.0004));
#11829=CARTESIAN_POINT('',(-0.10990247035713,-0.0202832706087137,0.0004));
#11830=CARTESIAN_POINT('',(-0.10990247035713,-0.0202832706087137,0.0004));
#11831=CARTESIAN_POINT('',(-0.10990247035713,-0.0202832706087137,0.));
#11832=CARTESIAN_POINT('',(-0.110388013923426,-0.0202832706087137,0.0004));
#11833=CARTESIAN_POINT('',(-0.110388013923426,-0.0202832706087137,0.));
#11834=CARTESIAN_POINT('',(-0.110630785706573,-0.0199604825864266,0.0004));
#11835=CARTESIAN_POINT('',(-0.110630785706573,-0.0199604825864266,0.));
#11836=CARTESIAN_POINT('',(-0.110630785706573,-0.0193149065418524,0.0004));
#11837=CARTESIAN_POINT('',(-0.110630785706573,-0.0193149065418524,0.));
#11838=CARTESIAN_POINT('',(-0.10990247035713,-0.0202832706087137,0.));
#11839=CARTESIAN_POINT('',(-0.110630785706573,-0.0202832706087137,0.));
#11840=CARTESIAN_POINT('',(-0.110630785706573,-0.0193149065418524,0.));
#11841=CARTESIAN_POINT('',(-0.110630785706573,-0.0193149065418524,0.));
#11842=CARTESIAN_POINT('',(-0.10990247035713,-0.0202832706087137,0.0004));
#11843=CARTESIAN_POINT('',(-0.110630785706573,-0.0202832706087137,0.0004));
#11844=CARTESIAN_POINT('',(-0.110630785706573,-0.0193149065418524,0.0004));
#11845=CARTESIAN_POINT('',(-0.110630785706573,-0.0193149065418524,0.0004));
#11846=CARTESIAN_POINT('',(-0.110630785706573,-0.0193149065418524,0.0004));
#11847=CARTESIAN_POINT('',(-0.110630785706573,-0.0193149065418524,0.0004));
#11848=CARTESIAN_POINT('',(-0.110630785706573,-0.0193149065418524,0.));
#11849=CARTESIAN_POINT('',(-0.110630785706573,-0.0186684926308998,0.0004));
#11850=CARTESIAN_POINT('',(-0.110630785706573,-0.0186684926308998,0.));
#11851=CARTESIAN_POINT('',(-0.110389270722993,-0.0183452856754234,0.0004));
#11852=CARTESIAN_POINT('',(-0.110389270722993,-0.0183452856754234,0.));
#11853=CARTESIAN_POINT('',(-0.109906240755833,-0.0183452856754234,0.0004));
#11854=CARTESIAN_POINT('',(-0.109906240755833,-0.0183452856754234,0.));
#11855=CARTESIAN_POINT('',(-0.110630785706573,-0.0193149065418524,0.));
#11856=CARTESIAN_POINT('',(-0.110630785706573,-0.0183452856754234,0.));
#11857=CARTESIAN_POINT('',(-0.109906240755833,-0.0183452856754234,0.));
#11858=CARTESIAN_POINT('',(-0.109906240755833,-0.0183452856754234,0.));
#11859=CARTESIAN_POINT('',(-0.110630785706573,-0.0193149065418524,0.0004));
#11860=CARTESIAN_POINT('',(-0.110630785706573,-0.0183452856754234,0.0004));
#11861=CARTESIAN_POINT('',(-0.109906240755833,-0.0183452856754234,0.0004));
#11862=CARTESIAN_POINT('',(-0.109906240755833,-0.0183452856754234,0.0004));
#11863=CARTESIAN_POINT('',(-0.109906240755833,-0.0183452856754234,0.0004));
#11864=CARTESIAN_POINT('',(-0.109906240755833,-0.0183452856754234,0.0004));
#11865=CARTESIAN_POINT('',(-0.109906240755833,-0.0183452856754234,0.));
#11866=CARTESIAN_POINT('',(-0.109664097372469,-0.0183452856754234,0.0004));
#11867=CARTESIAN_POINT('',(-0.109664097372469,-0.0183452856754234,0.));
#11868=CARTESIAN_POINT('',(-0.10948154723527,-0.018426768180725,0.0004));
#11869=CARTESIAN_POINT('',(-0.10948154723527,-0.018426768180725,0.));
#11870=CARTESIAN_POINT('',(-0.109358590344237,-0.0185897331913281,0.0004));
#11871=CARTESIAN_POINT('',(-0.109358590344237,-0.0185897331913281,0.));
#11872=CARTESIAN_POINT('',(-0.109906240755833,-0.0183452856754234,0.));
#11873=CARTESIAN_POINT('',(-0.109543025680787,-0.0183452856754234,0.));
#11874=CARTESIAN_POINT('',(-0.109358590344237,-0.0185897331913281,0.));
#11875=CARTESIAN_POINT('',(-0.109906240755833,-0.0183452856754234,0.0004));
#11876=CARTESIAN_POINT('',(-0.109543025680787,-0.0183452856754234,0.0004));
#11877=CARTESIAN_POINT('',(-0.109358590344237,-0.0185897331913281,0.0004));
#11878=CARTESIAN_POINT('',(-0.109906240755833,-0.0178381670498835,0.0004));
#11879=CARTESIAN_POINT('',(-0.109906240755833,-0.0178381670498835,0.));
#11880=CARTESIAN_POINT('',(-0.110347377404072,-0.0178381670498835,0.0004));
#11881=CARTESIAN_POINT('',(-0.110347377404072,-0.0178381670498835,0.));
#11882=CARTESIAN_POINT('',(-0.110684828087982,-0.0179652085395117,0.0004));
#11883=CARTESIAN_POINT('',(-0.110684828087982,-0.0179652085395117,0.));
#11884=CARTESIAN_POINT('',(-0.110918592807561,-0.0182192915187682,0.0004));
#11885=CARTESIAN_POINT('',(-0.110918592807561,-0.0182192915187682,0.));
#11886=CARTESIAN_POINT('',(-0.109906240755833,-0.0178381670498835,0.0004));
#11887=CARTESIAN_POINT('',(-0.110567945728192,-0.0178381670498835,0.0004));
#11888=CARTESIAN_POINT('',(-0.110918592807561,-0.0182192915187682,0.0004));
#11889=CARTESIAN_POINT('',(-0.0975874055937851,-0.0193161633414201,0.0004));
#11890=CARTESIAN_POINT('',(-0.0985518490149884,-0.0361401421599228,0.));
#11891=CARTESIAN_POINT('',(-0.0900664027811766,-0.0193189911404472,0.0004));
#11892=CARTESIAN_POINT('',(-0.0900664027811766,-0.0207545704465762,0.0004));
#11893=CARTESIAN_POINT('',(-0.0900664027811766,-0.0207545704465762,0.0004));
#11894=CARTESIAN_POINT('',(-0.0900664027811766,-0.0193189911404472,0.0004));
#11895=CARTESIAN_POINT('',(-0.0900664027811766,-0.0178834118343183,0.0004));
#11896=CARTESIAN_POINT('',(-0.0900664027811766,-0.0178834118343183,0.0004));
#11897=CARTESIAN_POINT('',(-0.0905131950274702,-0.0178834118343183,0.0004));
#11898=CARTESIAN_POINT('',(-0.0905131950274702,-0.0178834118343183,0.0004));
#11899=CARTESIAN_POINT('',(-0.0909599872737638,-0.0178834118343183,0.0004));
#11900=CARTESIAN_POINT('',(-0.0909599872737638,-0.0178834118343183,0.0004));
#11901=CARTESIAN_POINT('',(-0.0909599872737638,-0.0178834118343183,0.0004));
#11902=CARTESIAN_POINT('',(-0.0909599872737638,-0.0178834118343183,0.));
#11903=CARTESIAN_POINT('',(-0.0913671903336769,-0.0178834118343183,0.0004));
#11904=CARTESIAN_POINT('',(-0.0913671903336769,-0.0178834118343183,0.));
#11905=CARTESIAN_POINT('',(-0.0916627476986653,-0.0179413293477267,0.0004));
#11906=CARTESIAN_POINT('',(-0.0916627476986653,-0.0179413293477267,0.));
#11907=CARTESIAN_POINT('',(-0.0918466593687289,-0.0180571643745436,0.0004));
#11908=CARTESIAN_POINT('',(-0.0918466593687289,-0.0180571643745436,0.));
#11909=CARTESIAN_POINT('',(-0.0909599872737638,-0.0178834118343183,0.0004));
#11910=CARTESIAN_POINT('',(-0.0915707918636335,-0.0178834118343183,0.0004));
#11911=CARTESIAN_POINT('',(-0.0918466593687289,-0.0180571643745436,0.0004));
#11912=CARTESIAN_POINT('',(-0.0918466593687289,-0.0180571643745436,0.0004));
#11913=CARTESIAN_POINT('',(-0.0918466593687289,-0.0180571643745436,0.0004));
#11914=CARTESIAN_POINT('',(-0.0918466593687289,-0.0180571643745436,0.0004));
#11915=CARTESIAN_POINT('',(-0.0918466593687289,-0.0180571643745436,0.));
#11916=CARTESIAN_POINT('',(-0.0920305710387926,-0.0181729994013604,0.0004));
#11917=CARTESIAN_POINT('',(-0.0920305710387926,-0.0181729994013604,0.));
#11918=CARTESIAN_POINT('',(-0.0921225268738244,-0.018357225271316,0.0004));
#11919=CARTESIAN_POINT('',(-0.0921225268738244,-0.018357225271316,0.));
#11920=CARTESIAN_POINT('',(-0.0921225268738244,-0.0186098419844102,0.0004));
#11921=CARTESIAN_POINT('',(-0.0921225268738244,-0.0186098419844102,0.));
#11922=CARTESIAN_POINT('',(-0.0918466593687289,-0.0180571643745436,0.0004));
#11923=CARTESIAN_POINT('',(-0.0921225268738244,-0.0182309169147688,0.0004));
#11924=CARTESIAN_POINT('',(-0.0921225268738244,-0.0186098419844102,0.0004));
#11925=CARTESIAN_POINT('',(-0.0921225268738244,-0.0186098419844102,0.0004));
#11926=CARTESIAN_POINT('',(-0.0921225268738244,-0.0186098419844102,0.0004));
#11927=CARTESIAN_POINT('',(-0.0921225268738244,-0.0186098419844102,0.0004));
#11928=CARTESIAN_POINT('',(-0.0921225268738244,-0.0186098419844102,0.));
#11929=CARTESIAN_POINT('',(-0.0921225268738244,-0.0187816045919867,0.0004));
#11930=CARTESIAN_POINT('',(-0.0921225268738244,-0.0187816045919867,0.));
#11931=CARTESIAN_POINT('',(-0.0920823092876601,-0.018922470876859,0.0004));
#11932=CARTESIAN_POINT('',(-0.0920823092876601,-0.018922470876859,0.));
#11933=CARTESIAN_POINT('',(-0.0920018741153316,-0.0190324408390268,0.0004));
#11934=CARTESIAN_POINT('',(-0.0920018741153316,-0.0190324408390268,0.));
#11935=CARTESIAN_POINT('',(-0.0921225268738244,-0.0186098419844102,0.0004));
#11936=CARTESIAN_POINT('',(-0.0921225268738244,-0.018867485895775,0.0004));
#11937=CARTESIAN_POINT('',(-0.0920018741153316,-0.0190324408390268,0.0004));
#11938=CARTESIAN_POINT('',(-0.0920018741153316,-0.0190324408390268,0.0004));
#11939=CARTESIAN_POINT('',(-0.0920018741153316,-0.0190324408390268,0.0004));
#11940=CARTESIAN_POINT('',(-0.0916089093279065,-0.0187553527083145,0.0004));
#11941=CARTESIAN_POINT('',(-0.0916089093279065,-0.0187553527083145,0.0004));
#11942=CARTESIAN_POINT('',(-0.0916807618258014,-0.0192304918636724,0.0004));
#11943=CARTESIAN_POINT('',(-0.0916807618258014,-0.0192304918636724,0.0004));
#11944=CARTESIAN_POINT('',(-0.0916807618258014,-0.0192404411674701,0.0004));
#11945=CARTESIAN_POINT('',(-0.0916807618258014,-0.0192404411674701,0.0004));
#11946=CARTESIAN_POINT('',(-0.0916807618258014,-0.0192501813641193,0.0004));
#11947=CARTESIAN_POINT('',(-0.0916807618258014,-0.0192501813641193,0.0004));
#11948=CARTESIAN_POINT('',(-0.0916807618258014,-0.0192501813641193,0.0004));
#11949=CARTESIAN_POINT('',(-0.0916807618258014,-0.0192501813641193,0.));
#11950=CARTESIAN_POINT('',(-0.0918625788299189,-0.0192908178834728,0.0004));
#11951=CARTESIAN_POINT('',(-0.0918625788299189,-0.0192908178834728,0.));
#11952=CARTESIAN_POINT('',(-0.0919938096514393,-0.0193667495240173,0.0004));
#11953=CARTESIAN_POINT('',(-0.0919938096514393,-0.0193667495240173,0.));
#11954=CARTESIAN_POINT('',(-0.0920744542903624,-0.0194779762857528,0.0004));
#11955=CARTESIAN_POINT('',(-0.0920744542903624,-0.0194779762857528,0.));
#11956=CARTESIAN_POINT('',(-0.0916807618258014,-0.0192501813641193,0.0004));
#11957=CARTESIAN_POINT('',(-0.0919534873319777,-0.0193111361431495,0.0004));
#11958=CARTESIAN_POINT('',(-0.0920744542903624,-0.0194779762857528,0.0004));
#11959=CARTESIAN_POINT('',(-0.0920744542903624,-0.0194779762857528,0.0004));
#11960=CARTESIAN_POINT('',(-0.0920744542903624,-0.0194779762857528,0.0004));
#11961=CARTESIAN_POINT('',(-0.0920744542903624,-0.0194779762857528,0.0004));
#11962=CARTESIAN_POINT('',(-0.0920744542903624,-0.0194779762857528,0.));
#11963=CARTESIAN_POINT('',(-0.0921550989292855,-0.0195892030474883,0.0004));
#11964=CARTESIAN_POINT('',(-0.0921550989292855,-0.0195892030474883,0.));
#11965=CARTESIAN_POINT('',(-0.0921954212487471,-0.0197371911965771,0.0004));
#11966=CARTESIAN_POINT('',(-0.0921954212487471,-0.0197371911965771,0.));
#11967=CARTESIAN_POINT('',(-0.0921954212487471,-0.0199219407330192,0.0004));
#11968=CARTESIAN_POINT('',(-0.0921954212487471,-0.0199219407330192,0.));
#11969=CARTESIAN_POINT('',(-0.0920744542903624,-0.0194779762857528,0.0004));
#11970=CARTESIAN_POINT('',(-0.0921954212487471,-0.0196448164283561,0.0004));
#11971=CARTESIAN_POINT('',(-0.0921954212487471,-0.0199219407330192,0.0004));
#11972=CARTESIAN_POINT('',(-0.0921954212487471,-0.0199219407330192,0.0004));
#11973=CARTESIAN_POINT('',(-0.0921954212487471,-0.0199219407330192,0.0004));
#11974=CARTESIAN_POINT('',(-0.0921954212487471,-0.0199219407330192,0.0004));
#11975=CARTESIAN_POINT('',(-0.0921954212487471,-0.0199219407330192,0.));
#11976=CARTESIAN_POINT('',(-0.0921954212487471,-0.0201837739762761,0.0004));
#11977=CARTESIAN_POINT('',(-0.0921954212487471,-0.0201837739762761,0.));
#11978=CARTESIAN_POINT('',(-0.0921007423479854,-0.0203880039060165,0.0004));
#11979=CARTESIAN_POINT('',(-0.0921007423479854,-0.0203880039060165,0.));
#11980=CARTESIAN_POINT('',(-0.091911384546462,-0.0205346305222403,0.0004));
#11981=CARTESIAN_POINT('',(-0.091911384546462,-0.0205346305222403,0.));
#11982=CARTESIAN_POINT('',(-0.0921954212487471,-0.0199219407330192,0.0004));
#11983=CARTESIAN_POINT('',(-0.0921954212487471,-0.0203146905979045,0.0004));
#11984=CARTESIAN_POINT('',(-0.091911384546462,-0.0205346305222403,0.0004));
#11985=CARTESIAN_POINT('',(-0.091911384546462,-0.0205346305222403,0.0004));
#11986=CARTESIAN_POINT('',(-0.091911384546462,-0.0205346305222403,0.0004));
#11987=CARTESIAN_POINT('',(-0.091911384546462,-0.0205346305222403,0.0004));
#11988=CARTESIAN_POINT('',(-0.091911384546462,-0.0205346305222403,0.));
#11989=CARTESIAN_POINT('',(-0.0917220267449386,-0.0206812571384642,0.0004));
#11990=CARTESIAN_POINT('',(-0.0917220267449386,-0.0206812571384642,0.));
#11991=CARTESIAN_POINT('',(-0.0914650112333576,-0.0207545704465762,0.0004));
#11992=CARTESIAN_POINT('',(-0.0914650112333576,-0.0207545704465762,0.));
#11993=CARTESIAN_POINT('',(-0.0911403380117191,-0.0207545704465762,0.0004));
#11994=CARTESIAN_POINT('',(-0.0911403380117191,-0.0207545704465762,0.));
#11995=CARTESIAN_POINT('',(-0.091911384546462,-0.0205346305222403,0.0004));
#11996=CARTESIAN_POINT('',(-0.0916273478441769,-0.0207545704465762,0.0004));
#11997=CARTESIAN_POINT('',(-0.0911403380117191,-0.0207545704465762,0.0004));
#11998=CARTESIAN_POINT('',(-0.0911403380117191,-0.0207545704465762,0.0004));
#11999=CARTESIAN_POINT('',(-0.0911403380117191,-0.0207545704465762,0.0004));
#12000=CARTESIAN_POINT('',(-0.0908638421068398,-0.0195034264769974,0.0004));
#12001=CARTESIAN_POINT('',(-0.0908638421068398,-0.0195034264769974,0.));
#12002=CARTESIAN_POINT('',(-0.0910523620419848,-0.0195034264769974,0.));
#12003=CARTESIAN_POINT('',(-0.0906753221716949,-0.0195034264769974,0.));
#12004=CARTESIAN_POINT('',(-0.0910523620419848,-0.0195034264769974,0.0004));
#12005=CARTESIAN_POINT('',(-0.0910523620419848,-0.0195034264769974,0.0004));
#12006=CARTESIAN_POINT('',(-0.0908638421068398,-0.0195034264769974,0.0004));
#12007=CARTESIAN_POINT('',(-0.0906753221716949,-0.0195034264769974,0.0004));
#12008=CARTESIAN_POINT('',(-0.0906753221716949,-0.0195034264769974,0.0004));
#12009=CARTESIAN_POINT('',(-0.0906753221716949,-0.0198776385482601,0.0004));
#12010=CARTESIAN_POINT('',(-0.0906753221716949,-0.0198776385482601,0.));
#12011=CARTESIAN_POINT('',(-0.0906753221716949,-0.0202518506195229,0.));
#12012=CARTESIAN_POINT('',(-0.0906753221716949,-0.0198776385482601,0.0004));
#12013=CARTESIAN_POINT('',(-0.0906753221716949,-0.0202518506195229,0.0004));
#12014=CARTESIAN_POINT('',(-0.0906753221716949,-0.0202518506195229,0.0004));
#12015=CARTESIAN_POINT('',(-0.090873582303489,-0.0202518506195229,0.0004));
#12016=CARTESIAN_POINT('',(-0.090873582303489,-0.0202518506195229,0.));
#12017=CARTESIAN_POINT('',(-0.0910718424352831,-0.0202518506195229,0.));
#12018=CARTESIAN_POINT('',(-0.090873582303489,-0.0202518506195229,0.0004));
#12019=CARTESIAN_POINT('',(-0.0910718424352831,-0.0202518506195229,0.0004));
#12020=CARTESIAN_POINT('',(-0.0910718424352831,-0.0202518506195229,0.0004));
#12021=CARTESIAN_POINT('',(-0.0910718424352831,-0.0202518506195229,0.0004));
#12022=CARTESIAN_POINT('',(-0.0910718424352831,-0.0202518506195229,0.));
#12023=CARTESIAN_POINT('',(-0.0912394157109675,-0.0202518506195229,0.0004));
#12024=CARTESIAN_POINT('',(-0.0912394157109675,-0.0202518506195229,0.));
#12025=CARTESIAN_POINT('',(-0.0913631057350821,-0.0202198022305482,0.0004));
#12026=CARTESIAN_POINT('',(-0.0913631057350821,-0.0202198022305482,0.));
#12027=CARTESIAN_POINT('',(-0.0914429125076268,-0.0201557054525989,0.0004));
#12028=CARTESIAN_POINT('',(-0.0914429125076268,-0.0201557054525989,0.));
#12029=CARTESIAN_POINT('',(-0.0910718424352831,-0.0202518506195229,0.));
#12030=CARTESIAN_POINT('',(-0.0913232023488097,-0.0202518506195229,0.));
#12031=CARTESIAN_POINT('',(-0.0914429125076268,-0.0201557054525989,0.));
#12032=CARTESIAN_POINT('',(-0.0914429125076268,-0.0201557054525989,0.));
#12033=CARTESIAN_POINT('',(-0.0910718424352831,-0.0202518506195229,0.0004));
#12034=CARTESIAN_POINT('',(-0.0913232023488097,-0.0202518506195229,0.0004));
#12035=CARTESIAN_POINT('',(-0.0914429125076268,-0.0201557054525989,0.0004));
#12036=CARTESIAN_POINT('',(-0.0914429125076268,-0.0201557054525989,0.0004));
#12037=CARTESIAN_POINT('',(-0.0914429125076268,-0.0201557054525989,0.0004));
#12038=CARTESIAN_POINT('',(-0.0914429125076268,-0.0201557054525989,0.0004));
#12039=CARTESIAN_POINT('',(-0.0914429125076268,-0.0201557054525989,0.));
#12040=CARTESIAN_POINT('',(-0.0915227192801715,-0.0200916086746497,0.0004));
#12041=CARTESIAN_POINT('',(-0.0915227192801715,-0.0200916086746497,0.));
#12042=CARTESIAN_POINT('',(-0.0915626226664438,-0.0199933688417797,0.0004));
#12043=CARTESIAN_POINT('',(-0.0915626226664438,-0.0199933688417797,0.));
#12044=CARTESIAN_POINT('',(-0.0915626226664438,-0.019860985953989,0.0004));
#12045=CARTESIAN_POINT('',(-0.0915626226664438,-0.019860985953989,0.));
#12046=CARTESIAN_POINT('',(-0.0914429125076268,-0.0201557054525989,0.));
#12047=CARTESIAN_POINT('',(-0.0915626226664438,-0.0200595602856751,0.));
#12048=CARTESIAN_POINT('',(-0.0915626226664438,-0.019860985953989,0.));
#12049=CARTESIAN_POINT('',(-0.0915626226664438,-0.019860985953989,0.));
#12050=CARTESIAN_POINT('',(-0.0914429125076268,-0.0201557054525989,0.0004));
#12051=CARTESIAN_POINT('',(-0.0915626226664438,-0.0200595602856751,0.0004));
#12052=CARTESIAN_POINT('',(-0.0915626226664438,-0.019860985953989,0.0004));
#12053=CARTESIAN_POINT('',(-0.0915626226664438,-0.019860985953989,0.0004));
#12054=CARTESIAN_POINT('',(-0.0915626226664438,-0.019860985953989,0.0004));
#12055=CARTESIAN_POINT('',(-0.0906753221716949,-0.0187015883528475,0.0004));
#12056=CARTESIAN_POINT('',(-0.0906753221716949,-0.0187015883528475,0.));
#12057=CARTESIAN_POINT('',(-0.0906753221716949,-0.0183823612626687,0.));
#12058=CARTESIAN_POINT('',(-0.0906753221716949,-0.0190208154430263,0.));
#12059=CARTESIAN_POINT('',(-0.0906753221716949,-0.0183823612626687,0.0004));
#12060=CARTESIAN_POINT('',(-0.0906753221716949,-0.0183823612626687,0.0004));
#12061=CARTESIAN_POINT('',(-0.0906753221716949,-0.0187015883528475,0.0004));
#12062=CARTESIAN_POINT('',(-0.0906753221716949,-0.0190208154430263,0.0004));
#12063=CARTESIAN_POINT('',(-0.0906753221716949,-0.0190208154430263,0.0004));
#12064=CARTESIAN_POINT('',(-0.0908519025109473,-0.0190208154430263,0.0004));
#12065=CARTESIAN_POINT('',(-0.0908519025109473,-0.0190208154430263,0.));
#12066=CARTESIAN_POINT('',(-0.0910284828501998,-0.0190208154430263,0.));
#12067=CARTESIAN_POINT('',(-0.0908519025109473,-0.0190208154430263,0.0004));
#12068=CARTESIAN_POINT('',(-0.0910284828501998,-0.0190208154430263,0.0004));
#12069=CARTESIAN_POINT('',(-0.0910284828501998,-0.0190208154430263,0.0004));
#12070=CARTESIAN_POINT('',(-0.0910284828501998,-0.0190208154430263,0.0004));
#12071=CARTESIAN_POINT('',(-0.0910284828501998,-0.0190208154430263,0.));
#12072=CARTESIAN_POINT('',(-0.0911935425267489,-0.0190208154430263,0.0004));
#12073=CARTESIAN_POINT('',(-0.0911935425267489,-0.0190208154430263,0.));
#12074=CARTESIAN_POINT('',(-0.0913130432189714,-0.0189952605184844,0.0004));
#12075=CARTESIAN_POINT('',(-0.0913130432189714,-0.0189952605184844,0.));
#12076=CARTESIAN_POINT('',(-0.0913869849268671,-0.0189441506694006,0.0004));
#12077=CARTESIAN_POINT('',(-0.0913869849268671,-0.0189441506694006,0.));
#12078=CARTESIAN_POINT('',(-0.0910284828501998,-0.0190208154430263,0.));
#12079=CARTESIAN_POINT('',(-0.0912760723650235,-0.0190208154430263,0.));
#12080=CARTESIAN_POINT('',(-0.0913869849268671,-0.0189441506694006,0.));
#12081=CARTESIAN_POINT('',(-0.0913869849268671,-0.0189441506694006,0.));
#12082=CARTESIAN_POINT('',(-0.0910284828501998,-0.0190208154430263,0.0004));
#12083=CARTESIAN_POINT('',(-0.0912760723650235,-0.0190208154430263,0.0004));
#12084=CARTESIAN_POINT('',(-0.0913869849268671,-0.0189441506694006,0.0004));
#12085=CARTESIAN_POINT('',(-0.0913869849268671,-0.0189441506694006,0.0004));
#12086=CARTESIAN_POINT('',(-0.0913869849268671,-0.0189441506694006,0.0004));
#12087=CARTESIAN_POINT('',(-0.0913869849268671,-0.0189441506694006,0.0004));
#12088=CARTESIAN_POINT('',(-0.0913869849268671,-0.0189441506694006,0.));
#12089=CARTESIAN_POINT('',(-0.0914609266347628,-0.0188930408203169,0.0004));
#12090=CARTESIAN_POINT('',(-0.0914609266347628,-0.0188930408203169,0.));
#12091=CARTESIAN_POINT('',(-0.0914978974887107,-0.0188086257826908,0.0004));
#12092=CARTESIAN_POINT('',(-0.0914978974887107,-0.0188086257826908,0.));
#12093=CARTESIAN_POINT('',(-0.0914978974887107,-0.0186909055565226,0.0004));
#12094=CARTESIAN_POINT('',(-0.0914978974887107,-0.0186909055565226,0.));
#12095=CARTESIAN_POINT('',(-0.0913869849268671,-0.0189441506694006,0.));
#12096=CARTESIAN_POINT('',(-0.0914978974887107,-0.018867485895775,0.));
#12097=CARTESIAN_POINT('',(-0.0914978974887107,-0.0186909055565226,0.));
#12098=CARTESIAN_POINT('',(-0.0914978974887107,-0.0186909055565226,0.));
#12099=CARTESIAN_POINT('',(-0.0913869849268671,-0.0189441506694006,0.0004));
#12100=CARTESIAN_POINT('',(-0.0914978974887107,-0.018867485895775,0.0004));
#12101=CARTESIAN_POINT('',(-0.0914978974887107,-0.0186909055565226,0.0004));
#12102=CARTESIAN_POINT('',(-0.0914978974887107,-0.0186909055565226,0.0004));
#12103=CARTESIAN_POINT('',(-0.0914978974887107,-0.0186909055565226,0.0004));
#12104=CARTESIAN_POINT('',(-0.0914978974887107,-0.0186909055565226,0.0004));
#12105=CARTESIAN_POINT('',(-0.0914978974887107,-0.0186909055565226,0.));
#12106=CARTESIAN_POINT('',(-0.0914978974887107,-0.0185807261277601,0.0004));
#12107=CARTESIAN_POINT('',(-0.0914978974887107,-0.0185807261277601,0.));
#12108=CARTESIAN_POINT('',(-0.0914576799025465,-0.0185017572215938,0.0004));
#12109=CARTESIAN_POINT('',(-0.0914576799025465,-0.0185017572215938,0.));
#12110=CARTESIAN_POINT('',(-0.091377244730218,-0.0184539988380237,0.0004));
#12111=CARTESIAN_POINT('',(-0.091377244730218,-0.0184539988380237,0.));
#12112=CARTESIAN_POINT('',(-0.0914978974887107,-0.0186909055565226,0.));
#12113=CARTESIAN_POINT('',(-0.0914978974887107,-0.0185256364133788,0.));
#12114=CARTESIAN_POINT('',(-0.091377244730218,-0.0184539988380237,0.));
#12115=CARTESIAN_POINT('',(-0.091377244730218,-0.0184539988380237,0.));
#12116=CARTESIAN_POINT('',(-0.0914978974887107,-0.0186909055565226,0.0004));
#12117=CARTESIAN_POINT('',(-0.0914978974887107,-0.0185256364133788,0.0004));
#12118=CARTESIAN_POINT('',(-0.091377244730218,-0.0184539988380237,0.0004));
#12119=CARTESIAN_POINT('',(-0.091377244730218,-0.0184539988380237,0.0004));
#12120=CARTESIAN_POINT('',(-0.091377244730218,-0.0184539988380237,0.0004));
#12121=CARTESIAN_POINT('',(-0.091377244730218,-0.0184539988380237,0.0004));
#12122=CARTESIAN_POINT('',(-0.091377244730218,-0.0184539988380237,0.));
#12123=CARTESIAN_POINT('',(-0.0912968095578894,-0.0184062404544537,0.0004));
#12124=CARTESIAN_POINT('',(-0.0912968095578894,-0.0184062404544537,0.));
#12125=CARTESIAN_POINT('',(-0.0911694538683693,-0.0183823612626687,0.0004));
#12126=CARTESIAN_POINT('',(-0.0911694538683693,-0.0183823612626687,0.));
#12127=CARTESIAN_POINT('',(-0.0909951776616575,-0.0183823612626687,0.0004));
#12128=CARTESIAN_POINT('',(-0.0909951776616575,-0.0183823612626687,0.));
#12129=CARTESIAN_POINT('',(-0.091377244730218,-0.0184539988380237,0.));
#12130=CARTESIAN_POINT('',(-0.0912565919717252,-0.0183823612626687,0.));
#12131=CARTESIAN_POINT('',(-0.0909951776616575,-0.0183823612626687,0.));
#12132=CARTESIAN_POINT('',(-0.0909951776616575,-0.0183823612626687,0.));
#12133=CARTESIAN_POINT('',(-0.091377244730218,-0.0184539988380237,0.0004));
#12134=CARTESIAN_POINT('',(-0.0912565919717252,-0.0183823612626687,0.0004));
#12135=CARTESIAN_POINT('',(-0.0909951776616575,-0.0183823612626687,0.0004));
#12136=CARTESIAN_POINT('',(-0.0909951776616575,-0.0183823612626687,0.0004));
#12137=CARTESIAN_POINT('',(-0.0909951776616575,-0.0183823612626687,0.0004));
#12138=CARTESIAN_POINT('',(-0.0915626226664438,-0.019860985953989,0.0004));
#12139=CARTESIAN_POINT('',(-0.0915626226664438,-0.019860985953989,0.));
#12140=CARTESIAN_POINT('',(-0.0915626226664438,-0.0196226129693279,0.0004));
#12141=CARTESIAN_POINT('',(-0.0915626226664438,-0.0196226129693279,0.));
#12142=CARTESIAN_POINT('',(-0.0913925357916241,-0.0195034264769974,0.0004));
#12143=CARTESIAN_POINT('',(-0.0913925357916241,-0.0195034264769974,0.));
#12144=CARTESIAN_POINT('',(-0.0910523620419848,-0.0195034264769974,0.0004));
#12145=CARTESIAN_POINT('',(-0.0910523620419848,-0.0195034264769974,0.));
#12146=CARTESIAN_POINT('',(-0.0915626226664438,-0.019860985953989,0.));
#12147=CARTESIAN_POINT('',(-0.0915626226664438,-0.0195034264769974,0.));
#12148=CARTESIAN_POINT('',(-0.0910523620419848,-0.0195034264769974,0.));
#12149=CARTESIAN_POINT('',(-0.0915626226664438,-0.019860985953989,0.0004));
#12150=CARTESIAN_POINT('',(-0.0915626226664438,-0.0195034264769974,0.0004));
#12151=CARTESIAN_POINT('',(-0.0910523620419848,-0.0195034264769974,0.0004));
#12152=CARTESIAN_POINT('',(-0.0908352499166762,-0.0183823612626687,0.0004));
#12153=CARTESIAN_POINT('',(-0.0908352499166762,-0.0183823612626687,0.));
#12154=CARTESIAN_POINT('',(-0.0908352499166762,-0.0183823612626687,0.0004));
#12155=CARTESIAN_POINT('',(-0.0906033703964479,-0.0207545704465762,0.0004));
#12156=CARTESIAN_POINT('',(-0.0906033703964479,-0.0207545704465762,0.0004));
#12157=CARTESIAN_POINT('',(-0.0975874055937851,-0.0193161633414201,0.0004));
#12158=CARTESIAN_POINT('',(-0.0985518490149884,-0.0361401421599228,0.));
#12159=CARTESIAN_POINT('',(-0.0985518490149884,-0.0361401421599228,0.));
#12160=CARTESIAN_POINT('',(-0.118002229370633,-0.0184744218309978,0.0004));
#12161=CARTESIAN_POINT('',(-0.117704682072996,-0.0178834118343183,0.0004));
#12162=CARTESIAN_POINT('',(-0.117704682072996,-0.0178834118343183,0.0004));
#12163=CARTESIAN_POINT('',(-0.118002229370633,-0.0184744218309978,0.0004));
#12164=CARTESIAN_POINT('',(-0.118299776668271,-0.0190654318276773,0.0004));
#12165=CARTESIAN_POINT('',(-0.118299776668271,-0.0190654318276773,0.0004));
#12166=CARTESIAN_POINT('',(-0.118599209165259,-0.0184744218309978,0.0004));
#12167=CARTESIAN_POINT('',(-0.118599209165259,-0.0184744218309978,0.0004));
#12168=CARTESIAN_POINT('',(-0.118898641662248,-0.0178834118343183,0.0004));
#12169=CARTESIAN_POINT('',(-0.118898641662248,-0.0178834118343183,0.0004));
#12170=CARTESIAN_POINT('',(-0.1192266663494,-0.0178834118343183,0.0004));
#12171=CARTESIAN_POINT('',(-0.1192266663494,-0.0178834118343183,0.0004));
#12172=CARTESIAN_POINT('',(-0.119554691036552,-0.0178834118343183,0.0004));
#12173=CARTESIAN_POINT('',(-0.119554691036552,-0.0178834118343183,0.0004));
#12174=CARTESIAN_POINT('',(-0.119078364000419,-0.0187603437326343,0.0004));
#12175=CARTESIAN_POINT('',(-0.119078364000419,-0.0187603437326343,0.0004));
#12176=CARTESIAN_POINT('',(-0.118602036964286,-0.0196372756309503,0.0004));
#12177=CARTESIAN_POINT('',(-0.118602036964286,-0.0196372756309503,0.0004));
#12178=CARTESIAN_POINT('',(-0.118602036964286,-0.0201959230387632,0.0004));
#12179=CARTESIAN_POINT('',(-0.118602036964286,-0.0201959230387632,0.0004));
#12180=CARTESIAN_POINT('',(-0.118602036964286,-0.0207545704465762,0.0004));
#12181=CARTESIAN_POINT('',(-0.118602036964286,-0.0207545704465762,0.0004));
#12182=CARTESIAN_POINT('',(-0.118299776668271,-0.0207545704465762,0.0004));
#12183=CARTESIAN_POINT('',(-0.118299776668271,-0.0207545704465762,0.0004));
#12184=CARTESIAN_POINT('',(-0.117997516372255,-0.0207545704465762,0.0004));
#12185=CARTESIAN_POINT('',(-0.117997516372255,-0.0207545704465762,0.0004));
#12186=CARTESIAN_POINT('',(-0.117997516372255,-0.0202056632354124,0.0004));
#12187=CARTESIAN_POINT('',(-0.117997516372255,-0.0202056632354124,0.0004));
#12188=CARTESIAN_POINT('',(-0.117997516372255,-0.0196567560242486,0.0004));
#12189=CARTESIAN_POINT('',(-0.117997516372255,-0.0196567560242486,0.0004));
#12190=CARTESIAN_POINT('',(-0.117521189336122,-0.0187700839292834,0.0004));
#12191=CARTESIAN_POINT('',(-0.117521189336122,-0.0187700839292834,0.0004));
#12192=CARTESIAN_POINT('',(-0.117044862299989,-0.0178834118343183,0.0004));
#12193=CARTESIAN_POINT('',(-0.117044862299989,-0.0178834118343183,0.0004));
#12194=CARTESIAN_POINT('',(-0.117374772186493,-0.0178834118343183,0.0004));
#12195=CARTESIAN_POINT('',(-0.117374772186493,-0.0178834118343183,0.0004));
#12196=CARTESIAN_POINT('',(-0.0975874055937851,-0.0193161633414201,0.0004));
#12197=CARTESIAN_POINT('',(-0.116020570652368,-0.0207545704465762,0.0004));
#12198=CARTESIAN_POINT('',(-0.116907242747333,-0.0207545704465762,0.0004));
#12199=CARTESIAN_POINT('',(-0.116907242747333,-0.0207545704465762,0.0004));
#12200=CARTESIAN_POINT('',(-0.116020570652368,-0.0207545704465762,0.0004));
#12201=CARTESIAN_POINT('',(-0.115133898557403,-0.0207545704465762,0.0004));
#12202=CARTESIAN_POINT('',(-0.115133898557403,-0.0207545704465762,0.0004));
#12203=CARTESIAN_POINT('',(-0.115133898557403,-0.0193189911404472,0.0004));
#12204=CARTESIAN_POINT('',(-0.115133898557403,-0.0193189911404472,0.0004));
#12205=CARTESIAN_POINT('',(-0.115133898557403,-0.0178834118343183,0.0004));
#12206=CARTESIAN_POINT('',(-0.115133898557403,-0.0178834118343183,0.0004));
#12207=CARTESIAN_POINT('',(-0.115438358252662,-0.0178834118343183,0.0004));
#12208=CARTESIAN_POINT('',(-0.115438358252662,-0.0178834118343183,0.0004));
#12209=CARTESIAN_POINT('',(-0.115742817947921,-0.0178834118343183,0.0004));
#12210=CARTESIAN_POINT('',(-0.115742817947921,-0.0178834118343183,0.0004));
#12211=CARTESIAN_POINT('',(-0.115742817947921,-0.0190676312269206,0.0004));
#12212=CARTESIAN_POINT('',(-0.115742817947921,-0.0190676312269206,0.0004));
#12213=CARTESIAN_POINT('',(-0.115742817947921,-0.0202518506195229,0.0004));
#12214=CARTESIAN_POINT('',(-0.115742817947921,-0.0202518506195229,0.0004));
#12215=CARTESIAN_POINT('',(-0.116325030347627,-0.0202518506195229,0.0004));
#12216=CARTESIAN_POINT('',(-0.116325030347627,-0.0202518506195229,0.0004));
#12217=CARTESIAN_POINT('',(-0.116907242747333,-0.0202518506195229,0.0004));
#12218=CARTESIAN_POINT('',(-0.116907242747333,-0.0202518506195229,0.0004));
#12219=CARTESIAN_POINT('',(-0.116907242747333,-0.0205032105330495,0.0004));
#12220=CARTESIAN_POINT('',(-0.116907242747333,-0.0205032105330495,0.0004));
#12221=CARTESIAN_POINT('',(-0.0975874055937851,-0.0193161633414201,0.0004));
#12222=CARTESIAN_POINT('',(-0.114411238806014,-0.0193189911404472,0.0004));
#12223=CARTESIAN_POINT('',(-0.114411238806014,-0.0178834118343183,0.0004));
#12224=CARTESIAN_POINT('',(-0.114411238806014,-0.0178834118343183,0.0004));
#12225=CARTESIAN_POINT('',(-0.114411238806014,-0.0193189911404472,0.0004));
#12226=CARTESIAN_POINT('',(-0.114411238806014,-0.0207545704465762,0.0004));
#12227=CARTESIAN_POINT('',(-0.114411238806014,-0.0207545704465762,0.0004));
#12228=CARTESIAN_POINT('',(-0.114024458739075,-0.0207545704465762,0.0004));
#12229=CARTESIAN_POINT('',(-0.114024458739075,-0.0207545704465762,0.0004));
#12230=CARTESIAN_POINT('',(-0.113637678672136,-0.0207545704465762,0.0004));
#12231=CARTESIAN_POINT('',(-0.113637678672136,-0.0207545704465762,0.0004));
#12232=CARTESIAN_POINT('',(-0.113013049287022,-0.0196686956201412,0.0004));
#12233=CARTESIAN_POINT('',(-0.113013049287022,-0.0196686956201412,0.0004));
#12234=CARTESIAN_POINT('',(-0.112388419901908,-0.0185828207937061,0.0004));
#12235=CARTESIAN_POINT('',(-0.112388419901908,-0.0185828207937061,0.0004));
#12236=CARTESIAN_POINT('',(-0.112379622304935,-0.0185828207937061,0.0004));
#12237=CARTESIAN_POINT('',(-0.112379622304935,-0.0185828207937061,0.0004));
#12238=CARTESIAN_POINT('',(-0.112370824707961,-0.0185828207937061,0.0004));
#12239=CARTESIAN_POINT('',(-0.112370184341383,-0.0185828207937061,0.0004));
#12240=CARTESIAN_POINT('',(-0.0969823615889645,-0.0197296196909422,0.0004));
#12241=CARTESIAN_POINT('',(-0.0969823615889645,-0.0197296196909422,0.0004));
#12242=CARTESIAN_POINT('',(-0.112408970238491,-0.0194035015771522,0.0004));
#12243=CARTESIAN_POINT('',(-0.11240852869499,-0.0194035109113706,0.0004));
#12244=CARTESIAN_POINT('',(-0.11240852869499,-0.0200790406789733,0.0004));
#12245=CARTESIAN_POINT('',(-0.11240852869499,-0.0200790406789733,0.0004));
#12246=CARTESIAN_POINT('',(-0.11240852869499,-0.0207545704465762,0.0004));
#12247=CARTESIAN_POINT('',(-0.11240852869499,-0.0207545704465762,0.0004));
#12248=CARTESIAN_POINT('',(-0.112136431588598,-0.0207545704465762,0.0004));
#12249=CARTESIAN_POINT('',(-0.112136431588598,-0.0207545704465762,0.0004));
#12250=CARTESIAN_POINT('',(-0.111864334482205,-0.0207545704465762,0.0004));
#12251=CARTESIAN_POINT('',(-0.111864334482205,-0.0207545704465762,0.0004));
#12252=CARTESIAN_POINT('',(-0.111864334482205,-0.0193189911404472,0.0004));
#12253=CARTESIAN_POINT('',(-0.111864334482205,-0.0193189911404472,0.0004));
#12254=CARTESIAN_POINT('',(-0.111864334482205,-0.0178834118343183,0.0004));
#12255=CARTESIAN_POINT('',(-0.111864334482205,-0.0178834118343183,0.0004));
#12256=CARTESIAN_POINT('',(-0.112248286750117,-0.0178834118343183,0.0004));
#12257=CARTESIAN_POINT('',(-0.112248286750117,-0.0178834118343183,0.0004));
#12258=CARTESIAN_POINT('',(-0.112632239018029,-0.0178834118343183,0.0004));
#12259=CARTESIAN_POINT('',(-0.112632239018029,-0.0178834118343183,0.0004));
#12260=CARTESIAN_POINT('',(-0.113255611603575,-0.0189586038644284,0.0004));
#12261=CARTESIAN_POINT('',(-0.113255611603575,-0.0189586038644284,0.0004));
#12262=CARTESIAN_POINT('',(-0.113878984189121,-0.0200337958945386,0.0004));
#12263=CARTESIAN_POINT('',(-0.113878984189121,-0.0200337958945386,0.0004));
#12264=CARTESIAN_POINT('',(-0.113885896586743,-0.0200337958945386,0.0004));
#12265=CARTESIAN_POINT('',(-0.113885896586743,-0.0200337958945386,0.0004));
#12266=CARTESIAN_POINT('',(-0.113892808984365,-0.0200337958945386,0.0004));
#12267=CARTESIAN_POINT('',(-0.113893311339036,-0.0200337958945386,0.0004));
#12268=CARTESIAN_POINT('',(-0.132629793222552,-0.0189096479817278,0.0004));
#12269=CARTESIAN_POINT('',(-0.132629793222552,-0.0189096479817278,0.0004));
#12270=CARTESIAN_POINT('',(-0.113862923401884,-0.0192426467911683,0.0004));
#12271=CARTESIAN_POINT('',(-0.113863274194526,-0.0192426405667135,0.0004));
#12272=CARTESIAN_POINT('',(-0.113863274194526,-0.0185630262005159,0.0004));
#12273=CARTESIAN_POINT('',(-0.113863274194526,-0.0185630262005159,0.0004));
#12274=CARTESIAN_POINT('',(-0.113863274194526,-0.0178834118343183,0.0004));
#12275=CARTESIAN_POINT('',(-0.113863274194526,-0.0178834118343183,0.0004));
#12276=CARTESIAN_POINT('',(-0.11413725650027,-0.0178834118343183,0.0004));
#12277=CARTESIAN_POINT('',(-0.11413725650027,-0.0178834118343183,0.0004));
#12278=CARTESIAN_POINT('',(-0.0975874055937851,-0.0193161633414201,0.0004));
#12279=CARTESIAN_POINT('',(-0.105704445601343,-0.0184744218309978,0.0004));
#12280=CARTESIAN_POINT('',(-0.105406898303706,-0.0178834118343183,0.0004));
#12281=CARTESIAN_POINT('',(-0.105406898303706,-0.0178834118343183,0.0004));
#12282=CARTESIAN_POINT('',(-0.105704445601343,-0.0184744218309978,0.0004));
#12283=CARTESIAN_POINT('',(-0.106001992898981,-0.0190654318276773,0.0004));
#12284=CARTESIAN_POINT('',(-0.106001992898981,-0.0190654318276773,0.0004));
#12285=CARTESIAN_POINT('',(-0.106301425395969,-0.0184744218309978,0.0004));
#12286=CARTESIAN_POINT('',(-0.106301425395969,-0.0184744218309978,0.0004));
#12287=CARTESIAN_POINT('',(-0.106600857892958,-0.0178834118343183,0.0004));
#12288=CARTESIAN_POINT('',(-0.106600857892958,-0.0178834118343183,0.0004));
#12289=CARTESIAN_POINT('',(-0.10692888258011,-0.0178834118343183,0.0004));
#12290=CARTESIAN_POINT('',(-0.10692888258011,-0.0178834118343183,0.0004));
#12291=CARTESIAN_POINT('',(-0.107256907267262,-0.0178834118343183,0.0004));
#12292=CARTESIAN_POINT('',(-0.107256907267262,-0.0178834118343183,0.0004));
#12293=CARTESIAN_POINT('',(-0.106780580231129,-0.0187603437326343,0.0004));
#12294=CARTESIAN_POINT('',(-0.106780580231129,-0.0187603437326343,0.0004));
#12295=CARTESIAN_POINT('',(-0.106304253194996,-0.0196372756309503,0.0004));
#12296=CARTESIAN_POINT('',(-0.106304253194996,-0.0196372756309503,0.0004));
#12297=CARTESIAN_POINT('',(-0.106304253194996,-0.0201959230387632,0.0004));
#12298=CARTESIAN_POINT('',(-0.106304253194996,-0.0201959230387632,0.0004));
#12299=CARTESIAN_POINT('',(-0.106304253194996,-0.0207545704465762,0.0004));
#12300=CARTESIAN_POINT('',(-0.106304253194996,-0.0207545704465762,0.0004));
#12301=CARTESIAN_POINT('',(-0.106001992898981,-0.0207545704465762,0.0004));
#12302=CARTESIAN_POINT('',(-0.106001992898981,-0.0207545704465762,0.0004));
#12303=CARTESIAN_POINT('',(-0.105699732602965,-0.0207545704465762,0.0004));
#12304=CARTESIAN_POINT('',(-0.105699732602965,-0.0207545704465762,0.0004));
#12305=CARTESIAN_POINT('',(-0.105699732602965,-0.0202056632354124,0.0004));
#12306=CARTESIAN_POINT('',(-0.105699732602965,-0.0202056632354124,0.0004));
#12307=CARTESIAN_POINT('',(-0.105699732602965,-0.0196567560242486,0.0004));
#12308=CARTESIAN_POINT('',(-0.105699732602965,-0.0196567560242486,0.0004));
#12309=CARTESIAN_POINT('',(-0.105223405566832,-0.0187700839292834,0.0004));
#12310=CARTESIAN_POINT('',(-0.105223405566832,-0.0187700839292834,0.0004));
#12311=CARTESIAN_POINT('',(-0.104747078530699,-0.0178834118343183,0.0004));
#12312=CARTESIAN_POINT('',(-0.104747078530699,-0.0178834118343183,0.0004));
#12313=CARTESIAN_POINT('',(-0.105076988417203,-0.0178834118343183,0.0004));
#12314=CARTESIAN_POINT('',(-0.105076988417203,-0.0178834118343183,0.0004));
#12315=CARTESIAN_POINT('',(-0.0975874055937851,-0.0193161633414201,0.0004));
#12316=CARTESIAN_POINT('',(-0.101854554325791,-0.0205032105330495,0.0004));
#12317=CARTESIAN_POINT('',(-0.101854554325791,-0.0202518506195229,0.0004));
#12318=CARTESIAN_POINT('',(-0.101854554325791,-0.0202518506195229,0.0004));
#12319=CARTESIAN_POINT('',(-0.101854554325791,-0.0205032105330495,0.0004));
#12320=CARTESIAN_POINT('',(-0.101854554325791,-0.0207545704465762,0.0004));
#12321=CARTESIAN_POINT('',(-0.101854554325791,-0.0207545704465762,0.0004));
#12322=CARTESIAN_POINT('',(-0.101027894410181,-0.0207545704465762,0.0004));
#12323=CARTESIAN_POINT('',(-0.101027894410181,-0.0207545704465762,0.0004));
#12324=CARTESIAN_POINT('',(-0.10020123449457,-0.0207545704465762,0.0004));
#12325=CARTESIAN_POINT('',(-0.10020123449457,-0.0207545704465762,0.0004));
#12326=CARTESIAN_POINT('',(-0.10020123449457,-0.0193189911404472,0.0004));
#12327=CARTESIAN_POINT('',(-0.10020123449457,-0.0193189911404472,0.0004));
#12328=CARTESIAN_POINT('',(-0.10020123449457,-0.0178834118343183,0.0004));
#12329=CARTESIAN_POINT('',(-0.10020123449457,-0.0178834118343183,0.0004));
#12330=CARTESIAN_POINT('',(-0.101027894410181,-0.0178834118343183,0.0004));
#12331=CARTESIAN_POINT('',(-0.101027894410181,-0.0178834118343183,0.0004));
#12332=CARTESIAN_POINT('',(-0.101854554325791,-0.0178834118343183,0.0004));
#12333=CARTESIAN_POINT('',(-0.101854554325791,-0.0178834118343183,0.0004));
#12334=CARTESIAN_POINT('',(-0.101854554325791,-0.0181328865484934,0.0004));
#12335=CARTESIAN_POINT('',(-0.101854554325791,-0.0181328865484934,0.0004));
#12336=CARTESIAN_POINT('',(-0.101854554325791,-0.0183823612626687,0.0004));
#12337=CARTESIAN_POINT('',(-0.101854554325791,-0.0183823612626687,0.0004));
#12338=CARTESIAN_POINT('',(-0.10133235410544,-0.0183823612626687,0.0004));
#12339=CARTESIAN_POINT('',(-0.10133235410544,-0.0183823612626687,0.0004));
#12340=CARTESIAN_POINT('',(-0.100810153885088,-0.0183823612626687,0.0004));
#12341=CARTESIAN_POINT('',(-0.100810153885088,-0.0183823612626687,0.0004));
#12342=CARTESIAN_POINT('',(-0.100810153885088,-0.0186975037542527,0.0004));
#12343=CARTESIAN_POINT('',(-0.100810153885088,-0.0186975037542527,0.0004));
#12344=CARTESIAN_POINT('',(-0.100810153885088,-0.0190126462458367,0.0004));
#12345=CARTESIAN_POINT('',(-0.100810153885088,-0.0190126462458367,0.0004));
#12346=CARTESIAN_POINT('',(-0.10129622111787,-0.0190126462458367,0.0004));
#12347=CARTESIAN_POINT('',(-0.10129622111787,-0.0190126462458367,0.0004));
#12348=CARTESIAN_POINT('',(-0.101782288350652,-0.0190126462458367,0.0004));
#12349=CARTESIAN_POINT('',(-0.101782288350652,-0.0190126462458367,0.0004));
#12350=CARTESIAN_POINT('',(-0.101782288350652,-0.0192621209600118,0.0004));
#12351=CARTESIAN_POINT('',(-0.101782288350652,-0.0192621209600118,0.0004));
#12352=CARTESIAN_POINT('',(-0.101782288350652,-0.019511595674187,0.0004));
#12353=CARTESIAN_POINT('',(-0.101782288350652,-0.019511595674187,0.0004));
#12354=CARTESIAN_POINT('',(-0.10129622111787,-0.019511595674187,0.0004));
#12355=CARTESIAN_POINT('',(-0.10129622111787,-0.019511595674187,0.0004));
#12356=CARTESIAN_POINT('',(-0.100810153885088,-0.019511595674187,0.0004));
#12357=CARTESIAN_POINT('',(-0.100810153885088,-0.019511595674187,0.0004));
#12358=CARTESIAN_POINT('',(-0.100810153885088,-0.019881723146855,0.0004));
#12359=CARTESIAN_POINT('',(-0.100810153885088,-0.019881723146855,0.0004));
#12360=CARTESIAN_POINT('',(-0.100810153885088,-0.0202518506195229,0.0004));
#12361=CARTESIAN_POINT('',(-0.100810153885088,-0.0202518506195229,0.0004));
#12362=CARTESIAN_POINT('',(-0.10133235410544,-0.0202518506195229,0.0004));
#12363=CARTESIAN_POINT('',(-0.10133235410544,-0.0202518506195229,0.0004));
#12364=CARTESIAN_POINT('',(-0.0975874055937851,-0.0193161633414201,0.0004));
#12365=CARTESIAN_POINT('',(-0.0989802537146145,-0.0195722362533253,0.0004));
#12366=CARTESIAN_POINT('',(-0.0989802537146145,-0.0183899020600745,0.0004));
#12367=CARTESIAN_POINT('',(-0.0989802537146145,-0.0183899020600745,0.0004));
#12368=CARTESIAN_POINT('',(-0.0989802537146145,-0.0195722362533253,0.0004));
#12369=CARTESIAN_POINT('',(-0.0989802537146145,-0.0207545704465762,0.0004));
#12370=CARTESIAN_POINT('',(-0.0989802537146145,-0.0207545704465762,0.0004));
#12371=CARTESIAN_POINT('',(-0.0986757940193553,-0.0207545704465762,0.0004));
#12372=CARTESIAN_POINT('',(-0.0986757940193553,-0.0207545704465762,0.0004));
#12373=CARTESIAN_POINT('',(-0.0983713343240962,-0.0207545704465762,0.0004));
#12374=CARTESIAN_POINT('',(-0.0983713343240962,-0.0207545704465762,0.0004));
#12375=CARTESIAN_POINT('',(-0.0983713343240962,-0.0195722362533253,0.0004));
#12376=CARTESIAN_POINT('',(-0.0983713343240962,-0.0195722362533253,0.0004));
#12377=CARTESIAN_POINT('',(-0.0983713343240962,-0.0183899020600745,0.0004));
#12378=CARTESIAN_POINT('',(-0.0983713343240962,-0.0183899020600745,0.0004));
#12379=CARTESIAN_POINT('',(-0.097981412258238,-0.0183899020600745,0.0004));
#12380=CARTESIAN_POINT('',(-0.097981412258238,-0.0183899020600745,0.0004));
#12381=CARTESIAN_POINT('',(-0.0975914901923799,-0.0183899020600745,0.0004));
#12382=CARTESIAN_POINT('',(-0.0975914901923799,-0.0183899020600745,0.0004));
#12383=CARTESIAN_POINT('',(-0.0975914901923799,-0.0181366569471964,0.0004));
#12384=CARTESIAN_POINT('',(-0.0975914901923799,-0.0181366569471964,0.0004));
#12385=CARTESIAN_POINT('',(-0.0975914901923799,-0.0178834118343183,0.0004));
#12386=CARTESIAN_POINT('',(-0.0975914901923799,-0.0178834118343183,0.0004));
#12387=CARTESIAN_POINT('',(-0.0986754798194634,-0.0178834118343183,0.0004));
#12388=CARTESIAN_POINT('',(-0.0986754798194634,-0.0178834118343183,0.0004));
#12389=CARTESIAN_POINT('',(-0.099759469446547,-0.0178834118343183,0.0004));
#12390=CARTESIAN_POINT('',(-0.099759469446547,-0.0178834118343183,0.0004));
#12391=CARTESIAN_POINT('',(-0.099759469446547,-0.0181366569471964,0.0004));
#12392=CARTESIAN_POINT('',(-0.099759469446547,-0.0181366569471964,0.0004));
#12393=CARTESIAN_POINT('',(-0.099759469446547,-0.0183899020600745,0.0004));
#12394=CARTESIAN_POINT('',(-0.099759469446547,-0.0183899020600745,0.0004));
#12395=CARTESIAN_POINT('',(-0.0993698615805807,-0.0183899020600745,0.0004));
#12396=CARTESIAN_POINT('',(-0.0993698615805807,-0.0183899020600745,0.0004));
#12397=CARTESIAN_POINT('',(-0.0975874055937851,-0.0193161633414201,0.0004));
#12398=CARTESIAN_POINT('',(-0.0966514041157903,-0.0195722362533253,0.0004));
#12399=CARTESIAN_POINT('',(-0.0966514041157903,-0.0183899020600745,0.0004));
#12400=CARTESIAN_POINT('',(-0.0966514041157903,-0.0183899020600745,0.0004));
#12401=CARTESIAN_POINT('',(-0.0966514041157903,-0.0195722362533253,0.0004));
#12402=CARTESIAN_POINT('',(-0.0966514041157903,-0.0207545704465762,0.0004));
#12403=CARTESIAN_POINT('',(-0.0966514041157903,-0.0207545704465762,0.0004));
#12404=CARTESIAN_POINT('',(-0.0963469444205312,-0.0207545704465762,0.0004));
#12405=CARTESIAN_POINT('',(-0.0963469444205312,-0.0207545704465762,0.0004));
#12406=CARTESIAN_POINT('',(-0.0960424847252721,-0.0207545704465762,0.0004));
#12407=CARTESIAN_POINT('',(-0.0960424847252721,-0.0207545704465762,0.0004));
#12408=CARTESIAN_POINT('',(-0.0960424847252721,-0.0195722362533253,0.0004));
#12409=CARTESIAN_POINT('',(-0.0960424847252721,-0.0195722362533253,0.0004));
#12410=CARTESIAN_POINT('',(-0.096042484725272,-0.0183899020600745,0.0004));
#12411=CARTESIAN_POINT('',(-0.096042484725272,-0.0183899020600745,0.0004));
#12412=CARTESIAN_POINT('',(-0.0956525626594139,-0.0183899020600745,0.0004));
#12413=CARTESIAN_POINT('',(-0.0956525626594139,-0.0183899020600745,0.0004));
#12414=CARTESIAN_POINT('',(-0.0952626405935557,-0.0183899020600745,0.0004));
#12415=CARTESIAN_POINT('',(-0.0952626405935557,-0.0183899020600745,0.0004));
#12416=CARTESIAN_POINT('',(-0.0952626405935557,-0.0181366569471964,0.0004));
#12417=CARTESIAN_POINT('',(-0.0952626405935557,-0.0181366569471964,0.0004));
#12418=CARTESIAN_POINT('',(-0.0952626405935557,-0.0178834118343183,0.0004));
#12419=CARTESIAN_POINT('',(-0.0952626405935557,-0.0178834118343183,0.0004));
#12420=CARTESIAN_POINT('',(-0.0963466302206393,-0.0178834118343183,0.0004));
#12421=CARTESIAN_POINT('',(-0.0963466302206393,-0.0178834118343183,0.0004));
#12422=CARTESIAN_POINT('',(-0.0974306198477228,-0.0178834118343183,0.0004));
#12423=CARTESIAN_POINT('',(-0.0974306198477228,-0.0178834118343183,0.0004));
#12424=CARTESIAN_POINT('',(-0.0974306198477228,-0.0181366569471964,0.0004));
#12425=CARTESIAN_POINT('',(-0.0974306198477228,-0.0181366569471964,0.0004));
#12426=CARTESIAN_POINT('',(-0.0974306198477228,-0.0183899020600745,0.0004));
#12427=CARTESIAN_POINT('',(-0.0974306198477228,-0.0183899020600745,0.0004));
#12428=CARTESIAN_POINT('',(-0.0970410119817566,-0.0183899020600745,0.0004));
#12429=CARTESIAN_POINT('',(-0.0970410119817566,-0.0183899020600745,0.0004));
#12430=CARTESIAN_POINT('',(-0.0975874055937851,-0.0193161633414201,0.0004));
#12431=CARTESIAN_POINT('',(-0.0877736861699219,-0.0187377213404169,0.0004));
#12432=CARTESIAN_POINT('',(-0.0875019032634213,-0.0195920308465155,0.0004));
#12433=CARTESIAN_POINT('',(-0.0875019032634213,-0.0195920308465155,0.0004));
#12434=CARTESIAN_POINT('',(-0.0877736861699219,-0.0187377213404169,0.0004));
#12435=CARTESIAN_POINT('',(-0.0880454690764226,-0.0178834118343183,0.0004));
#12436=CARTESIAN_POINT('',(-0.0880454690764226,-0.0178834118343183,0.0004));
#12437=CARTESIAN_POINT('',(-0.0883527565707089,-0.0178834118343183,0.0004));
#12438=CARTESIAN_POINT('',(-0.0883527565707089,-0.0178834118343183,0.0004));
#12439=CARTESIAN_POINT('',(-0.0886600440649952,-0.0178834118343183,0.0004));
#12440=CARTESIAN_POINT('',(-0.0886600440649952,-0.0178834118343183,0.0004));
#12441=CARTESIAN_POINT('',(-0.0881720916328616,-0.0193189911404472,0.0004));
#12442=CARTESIAN_POINT('',(-0.0881720916328616,-0.0193189911404472,0.0004));
#12443=CARTESIAN_POINT('',(-0.0876841392007281,-0.0207545704465762,0.0004));
#12444=CARTESIAN_POINT('',(-0.0876841392007281,-0.0207545704465762,0.0004));
#12445=CARTESIAN_POINT('',(-0.0873523441148729,-0.0207545704465762,0.0004));
#12446=CARTESIAN_POINT('',(-0.0873523441148729,-0.0207545704465762,0.0004));
#12447=CARTESIAN_POINT('',(-0.0870205490290178,-0.0207545704465762,0.0004));
#12448=CARTESIAN_POINT('',(-0.0870205490290178,-0.0207545704465762,0.0004));
#12449=CARTESIAN_POINT('',(-0.08653353919656,-0.0193189911404472,0.0004));
#12450=CARTESIAN_POINT('',(-0.08653353919656,-0.0193189911404472,0.0004));
#12451=CARTESIAN_POINT('',(-0.0860465293641021,-0.0178834118343183,0.0004));
#12452=CARTESIAN_POINT('',(-0.0860465293641021,-0.0178834118343183,0.0004));
#12453=CARTESIAN_POINT('',(-0.0863538168583884,-0.0178834118343183,0.0004));
#12454=CARTESIAN_POINT('',(-0.0863538168583884,-0.0178834118343183,0.0004));
#12455=CARTESIAN_POINT('',(-0.0866611043526747,-0.0178834118343183,0.0004));
#12456=CARTESIAN_POINT('',(-0.0866611043526747,-0.0178834118343183,0.0004));
#12457=CARTESIAN_POINT('',(-0.0869313162597158,-0.0187377213404169,0.0004));
#12458=CARTESIAN_POINT('',(-0.0869313162597158,-0.0187377213404169,0.0004));
#12459=CARTESIAN_POINT('',(-0.0872015800108025,-0.019592015824713,0.00039999975));
#12460=CARTESIAN_POINT('',(-0.087201528166757,-0.0195920308465155,0.0004));
#12461=CARTESIAN_POINT('',(-0.0800979656324485,-0.021650286768413,0.0004));
#12462=CARTESIAN_POINT('',(-0.0800979656324485,-0.021650286768413,0.0004));
#12463=CARTESIAN_POINT('',(-0.0872943727377927,-0.0199446032849284,0.00039999975000766));
#12464=CARTESIAN_POINT('',(-0.0872945313347618,-0.0199445631252366,0.0004));
#12465=CARTESIAN_POINT('',(-0.0834389535023334,-0.0209251830861727,0.0004));
#12466=CARTESIAN_POINT('',(-0.0834389535023334,-0.0209251830861727,0.0004));
#12467=CARTESIAN_POINT('',(-0.0873542293142244,-0.0202242010290349,0.0004));
#12468=CARTESIAN_POINT('',(-0.0873542293142244,-0.0202242010290349,0.0004));
#12469=CARTESIAN_POINT('',(-0.0873542293142244,-0.0202242010290349,0.0004));
#12470=CARTESIAN_POINT('',(-0.0873542293142244,-0.0202242010290349,0.));
#12471=CARTESIAN_POINT('',(-0.0873688919758468,-0.0201039672037314,0.0004));
#12472=CARTESIAN_POINT('',(-0.0873688919758468,-0.0201039672037314,0.));
#12473=CARTESIAN_POINT('',(-0.0874181166255791,-0.0198932438095582,0.0004));
#12474=CARTESIAN_POINT('',(-0.0874181166255791,-0.0198932438095582,0.));
#12475=CARTESIAN_POINT('',(-0.0875019032634213,-0.0195920308465155,0.0004));
#12476=CARTESIAN_POINT('',(-0.0875019032634213,-0.0195920308465155,0.));
#12477=CARTESIAN_POINT('',(-0.0873542293142244,-0.0202242010290349,0.0004));
#12478=CARTESIAN_POINT('',(-0.087376223306658,-0.0200438502910796,0.0004));
#12479=CARTESIAN_POINT('',(-0.0875019032634213,-0.0195920308465155,0.0004));
#12480=CARTESIAN_POINT('',(-0.0975874055937851,-0.0193161633414201,0.0004));
#12481=CARTESIAN_POINT('',(-0.0985518490149884,-0.0361401421599228,0.));
#12482=CARTESIAN_POINT('',(-0.0985518490149884,-0.0361401421599228,0.));
#12483=CARTESIAN_POINT('',(-0.0985518490149884,-0.0361401421599228,0.));
#12484=CARTESIAN_POINT('',(-0.151051849014988,-0.0361401421599228,0.00671295499503613));
#12485=CARTESIAN_POINT('',(-0.147587747399851,-0.0348133796110749,0.01552213652879));
#12486=CARTESIAN_POINT('',(-0.0500518490149884,-0.0706401421599228,0.018));
#12487=CARTESIAN_POINT('',(-0.0500518490149884,-0.0706401421599228,0.018));
#12488=CARTESIAN_POINT('',(-0.0985518490149884,-0.0361401421599228,0.018));
#12489=CARTESIAN_POINT('',(-0.0500518490149884,-0.0706401421599228,0.018));
#12490=CARTESIAN_POINT('',(-0.0500518490149884,-0.0016401421599228,0.018));
#12491=CARTESIAN_POINT('',(-0.0500518490149884,-0.0016401421599228,0.018));
#12492=CARTESIAN_POINT('',(-0.0985518490149884,-0.0361401421599228,0.018));
#12493=CARTESIAN_POINT('',(-0.0500518490149884,-0.00164014215992281,0.018));
#12494=CARTESIAN_POINT('',(-0.147051849014988,-0.0706401421599228,0.018));
#12495=CARTESIAN_POINT('',(-0.147051849014988,-0.0706401421599228,0.018));
#12496=CARTESIAN_POINT('',(-0.0985518490149884,-0.0361401421599228,0.018));
#12497=CARTESIAN_POINT('',(-0.147051849014988,-0.0706401421599228,0.018));
#12498=CARTESIAN_POINT('',(-0.147051849014988,-0.00164014215992281,0.018));
#12499=CARTESIAN_POINT('',(-0.147051849014988,-0.00164014215992281,0.018));
#12500=CARTESIAN_POINT('',(-0.0985518490149884,-0.0361401421599228,0.018));
#12501=CARTESIAN_POINT('',(-0.147051849014988,-0.00164014215992281,0.018));
#12502=CARTESIAN_POINT('',(-0.145226849014988,-0.00164014215992281,0.018));
#12503=CARTESIAN_POINT('',(-0.147051849014988,-0.00164014215992281,0.018));
#12504=CARTESIAN_POINT('',(-0.147051849014988,-0.00164014215992281,0.024));
#12505=CARTESIAN_POINT('',(-0.145226849014988,-0.0706401421599228,0.018));
#12506=CARTESIAN_POINT('',(-0.147051849014988,-0.0706401421599228,0.018));
#12507=CARTESIAN_POINT('',(-0.147051849014988,-0.0706401421599228,0.024));
#12508=CARTESIAN_POINT('',(-0.0482268490149884,-0.0706401421599228,0.018));
#12509=CARTESIAN_POINT('',(-0.0500518490149884,-0.0706401421599228,0.018));
#12510=CARTESIAN_POINT('',(-0.0500518490149884,-0.0706401421599228,0.024));
#12511=CARTESIAN_POINT('',(-0.0482268490149884,-0.00164014215992281,0.018));
#12512=CARTESIAN_POINT('',(-0.0500518490149884,-0.00164014215992281,0.018));
#12513=CARTESIAN_POINT('',(-0.0500518490149884,-0.00164014215992281,0.024));
#12514=CARTESIAN_POINT('',(-0.0480518490149884,-0.0627901421599228,0.0205));
#12515=CARTESIAN_POINT('',(-0.0515018490149884,-0.0593401421599228,0.0137));
#12516=CARTESIAN_POINT('',(-0.0480518490149884,-0.0524401421599228,0.01025));
#12517=CARTESIAN_POINT('',(-0.0513018490149884,-0.0453401421599228,0.0135));
#12518=CARTESIAN_POINT('',(-0.0460518490149884,-0.0400901421599228,0.024));
#12519=CARTESIAN_POINT('',(-0.0824467782974243,-0.044727818634361,0.004));
#12520=CARTESIAN_POINT('',(-0.0824467782974243,-0.0407778186343611,0.0022));
#12521=CARTESIAN_POINT('',(-0.0824467782974243,-0.0429778186343611,0.0022));
#12522=CARTESIAN_POINT('',(-0.0824467782974243,-0.0429778186343611,0.004));
#12523=CARTESIAN_POINT('',(-0.0824467782974243,-0.046477818634361,0.004));
#12524=CARTESIAN_POINT('',(-0.0824467782974243,-0.046477818634361,0.001));
#12525=CARTESIAN_POINT('',(-0.0824467782974243,-0.047477818634361,0.001));
#12526=CARTESIAN_POINT('',(-0.0764467782974243,-0.0429778186343611,0.004));
#12527=CARTESIAN_POINT('',(-0.0764467782974243,-0.0429778186343611,0.0022));
#12528=CARTESIAN_POINT('',(-0.0704467782974243,-0.0429778186343611,0.0022));
#12529=CARTESIAN_POINT('',(-0.0704467782974243,-0.0429778186343611,0.004));
#12530=CARTESIAN_POINT('',(-0.0704467782974243,-0.044727818634361,0.004));
#12531=CARTESIAN_POINT('',(-0.0704467782974243,-0.047477818634361,0.001));
#12532=CARTESIAN_POINT('',(-0.0704467782974243,-0.046477818634361,0.001));
#12533=CARTESIAN_POINT('',(-0.0704467782974243,-0.046477818634361,0.004));
#12534=CARTESIAN_POINT('',(-0.0704467782974243,-0.0407778186343611,0.0022));
#12535=CARTESIAN_POINT('',(-0.0734467782974243,-0.046477818634361,0.004));
#12536=CARTESIAN_POINT('',(-0.0824467782974243,-0.046477818634361,0.001));
#12537=CARTESIAN_POINT('',(-0.141821778297424,-0.017477818634361,0.004));
#12538=CARTESIAN_POINT('',(-0.139071778297424,-0.017477818634361,0.001));
#12539=CARTESIAN_POINT('',(-0.140071778297424,-0.017477818634361,0.001));
#12540=CARTESIAN_POINT('',(-0.140071778297424,-0.017477818634361,0.004));
#12541=CARTESIAN_POINT('',(-0.143571778297424,-0.017477818634361,0.004));
#12542=CARTESIAN_POINT('',(-0.140071778297424,-0.024977818634361,0.004));
#12543=CARTESIAN_POINT('',(-0.140071778297424,-0.032477818634361,0.001));
#12544=CARTESIAN_POINT('',(-0.140071778297424,-0.032477818634361,0.001));
#12545=CARTESIAN_POINT('',(-0.140071778297424,-0.032477818634361,0.004));
#12546=CARTESIAN_POINT('',(-0.141821778297424,-0.032477818634361,0.004));
#12547=CARTESIAN_POINT('',(-0.143571778297424,-0.032477818634361,0.004));
#12548=CARTESIAN_POINT('',(-0.139071778297424,-0.032477818634361,0.001));
#12549=CARTESIAN_POINT('',(-0.143571778297424,-0.024977818634361,0.004));
#12550=CARTESIAN_POINT('',(-0.0565717782974243,-0.017477818634361,0.004));
#12551=CARTESIAN_POINT('',(-0.0526217782974243,-0.017477818634361,0.0022));
#12552=CARTESIAN_POINT('',(-0.0548217782974243,-0.017477818634361,0.0022));
#12553=CARTESIAN_POINT('',(-0.0548217782974243,-0.017477818634361,0.004));
#12554=CARTESIAN_POINT('',(-0.0583217782974243,-0.017477818634361,0.004));
#12555=CARTESIAN_POINT('',(-0.0548217782974243,-0.024977818634361,0.004));
#12556=CARTESIAN_POINT('',(-0.0548217782974243,-0.024977818634361,0.0022));
#12557=CARTESIAN_POINT('',(-0.0548217782974243,-0.032477818634361,0.0022));
#12558=CARTESIAN_POINT('',(-0.0548217782974243,-0.032477818634361,0.004));
#12559=CARTESIAN_POINT('',(-0.0565717782974243,-0.032477818634361,0.004));
#12560=CARTESIAN_POINT('',(-0.0583217782974243,-0.032477818634361,0.004));
#12561=CARTESIAN_POINT('',(-0.0526217782974243,-0.032477818634361,0.0022));
#12562=CARTESIAN_POINT('',(-0.0583217782974243,-0.024977818634361,0.004));
#12563=CARTESIAN_POINT('',(-0.0794467782974243,-0.00264014215992282,0.004));
#12564=CARTESIAN_POINT('',(-0.0824467782974243,-0.00264014215992282,0.004));
#12565=CARTESIAN_POINT('',(-0.0824467782974243,-0.00264014215992282,0.001));
#12566=CARTESIAN_POINT('',(-0.0704467782974243,-0.00264014215992282,0.001));
#12567=CARTESIAN_POINT('',(-0.0704467782974243,-0.00264014215992281,0.001));
#12568=CARTESIAN_POINT('',(-0.0704467782974243,-0.00264014215992281,0.004));
#12569=CARTESIAN_POINT('',(-0.0704467782974243,-0.00439014215992282,0.004));
#12570=CARTESIAN_POINT('',(-0.0704467782974243,-0.00834014215992281,0.0022));
#12571=CARTESIAN_POINT('',(-0.0704467782974243,-0.00614014215992281,0.0022));
#12572=CARTESIAN_POINT('',(-0.0704467782974243,-0.00614014215992281,0.004));
#12573=CARTESIAN_POINT('',(-0.0704467782974243,-0.00164014215992282,0.001));
#12574=CARTESIAN_POINT('',(-0.0764467782974243,-0.00614014215992281,0.004));
#12575=CARTESIAN_POINT('',(-0.0764467782974243,-0.00614014215992281,0.0022));
#12576=CARTESIAN_POINT('',(-0.0824467782974243,-0.00614014215992281,0.0022));
#12577=CARTESIAN_POINT('',(-0.0824467782974243,-0.00614014215992281,0.004));
#12578=CARTESIAN_POINT('',(-0.0824467782974243,-0.00439014215992281,0.004));
#12579=CARTESIAN_POINT('',(-0.0824467782974243,-0.00164014215992282,0.001));
#12580=CARTESIAN_POINT('',(-0.0824467782974243,-0.00834014215992281,0.0022));
#12581=CARTESIAN_POINT('',(-0.122696778297424,-0.00264014215992281,0.004));
#12582=CARTESIAN_POINT('',(-0.125696778297424,-0.00264014215992281,0.004));
#12583=CARTESIAN_POINT('',(-0.125696778297424,-0.00264014215992281,0.001));
#12584=CARTESIAN_POINT('',(-0.113696778297424,-0.00264014215992281,0.001));
#12585=CARTESIAN_POINT('',(-0.113696778297424,-0.00264014215992282,0.001));
#12586=CARTESIAN_POINT('',(-0.113696778297424,-0.00264014215992282,0.004));
#12587=CARTESIAN_POINT('',(-0.113696778297424,-0.00439014215992282,0.004));
#12588=CARTESIAN_POINT('',(-0.113696778297424,-0.00834014215992282,0.0022));
#12589=CARTESIAN_POINT('',(-0.113696778297424,-0.00614014215992281,0.0022));
#12590=CARTESIAN_POINT('',(-0.113696778297424,-0.00614014215992281,0.004));
#12591=CARTESIAN_POINT('',(-0.113696778297424,-0.00164014215992282,0.001));
#12592=CARTESIAN_POINT('',(-0.119696778297424,-0.00614014215992281,0.004));
#12593=CARTESIAN_POINT('',(-0.125696778297424,-0.00614014215992281,0.0022));
#12594=CARTESIAN_POINT('',(-0.125696778297424,-0.00614014215992281,0.0022));
#12595=CARTESIAN_POINT('',(-0.125696778297424,-0.00614014215992281,0.004));
#12596=CARTESIAN_POINT('',(-0.125696778297424,-0.00439014215992281,0.004));
#12597=CARTESIAN_POINT('',(-0.125696778297424,-0.00164014215992281,0.001));
#12598=CARTESIAN_POINT('',(-0.125696778297424,-0.00834014215992281,0.0022));
#12599=CARTESIAN_POINT('',(-0.116696778297424,-0.046477818634361,0.004));
#12600=CARTESIAN_POINT('',(-0.113696778297424,-0.046477818634361,0.004));
#12601=CARTESIAN_POINT('',(-0.113696778297424,-0.046477818634361,0.001));
#12602=CARTESIAN_POINT('',(-0.125696778297424,-0.046477818634361,0.001));
#12603=CARTESIAN_POINT('',(-0.125696778297424,-0.046477818634361,0.001));
#12604=CARTESIAN_POINT('',(-0.125696778297424,-0.046477818634361,0.004));
#12605=CARTESIAN_POINT('',(-0.125696778297424,-0.044727818634361,0.004));
#12606=CARTESIAN_POINT('',(-0.125696778297424,-0.040777818634361,0.0022));
#12607=CARTESIAN_POINT('',(-0.125696778297424,-0.0429778186343611,0.0022));
#12608=CARTESIAN_POINT('',(-0.125696778297424,-0.0429778186343611,0.004));
#12609=CARTESIAN_POINT('',(-0.125696778297424,-0.047477818634361,0.001));
#12610=CARTESIAN_POINT('',(-0.119696778297424,-0.0429778186343611,0.004));
#12611=CARTESIAN_POINT('',(-0.119696778297424,-0.0429778186343611,0.0022));
#12612=CARTESIAN_POINT('',(-0.113696778297424,-0.0429778186343611,0.0022));
#12613=CARTESIAN_POINT('',(-0.113696778297424,-0.0429778186343611,0.004));
#12614=CARTESIAN_POINT('',(-0.113696778297424,-0.044727818634361,0.004));
#12615=CARTESIAN_POINT('',(-0.113696778297424,-0.047477818634361,0.001));
#12616=CARTESIAN_POINT('',(-0.113696778297424,-0.040777818634361,0.0022));
#12617=CARTESIAN_POINT('',(-0.0950717782974243,-0.046477818634361,0.004));
#12618=CARTESIAN_POINT('',(-0.0920717782974243,-0.046477818634361,0.004));
#12619=CARTESIAN_POINT('',(-0.0920717782974243,-0.046477818634361,0.001));
#12620=CARTESIAN_POINT('',(-0.104071778297424,-0.046477818634361,0.001));
#12621=CARTESIAN_POINT('',(-0.104071778297424,-0.046477818634361,0.001));
#12622=CARTESIAN_POINT('',(-0.104071778297424,-0.046477818634361,0.004));
#12623=CARTESIAN_POINT('',(-0.104071778297424,-0.044727818634361,0.004));
#12624=CARTESIAN_POINT('',(-0.104071778297424,-0.040777818634361,0.0022));
#12625=CARTESIAN_POINT('',(-0.104071778297424,-0.0429778186343611,0.0022));
#12626=CARTESIAN_POINT('',(-0.104071778297424,-0.0429778186343611,0.004));
#12627=CARTESIAN_POINT('',(-0.104071778297424,-0.047477818634361,0.001));
#12628=CARTESIAN_POINT('',(-0.0980717782974243,-0.0429778186343611,0.004));
#12629=CARTESIAN_POINT('',(-0.0980717782974243,-0.0429778186343611,0.0022));
#12630=CARTESIAN_POINT('',(-0.0920717782974243,-0.0429778186343611,0.0022));
#12631=CARTESIAN_POINT('',(-0.0920717782974243,-0.0429778186343611,0.004));
#12632=CARTESIAN_POINT('',(-0.0920717782974243,-0.044727818634361,0.004));
#12633=CARTESIAN_POINT('',(-0.0920717782974243,-0.047477818634361,0.001));
#12634=CARTESIAN_POINT('',(-0.0920717782974243,-0.040777818634361,0.0022));
#12635=CARTESIAN_POINT('',(-0.139071778297424,-0.0361401421599228,0.001));
#12636=CARTESIAN_POINT('',(-0.0764467782974243,-0.0407778186343611,0.0022));
#12637=CARTESIAN_POINT('',(-0.0980717782974243,-0.040777818634361,0.0022));
#12638=CARTESIAN_POINT('',(-0.119696778297424,-0.040777818634361,0.0022));
#12639=CARTESIAN_POINT('',(-0.0764467782974243,-0.00834014215992281,0.0022));
#12640=CARTESIAN_POINT('',(-0.0526217782974243,-0.024977818634361,0.0022));
#12641=CARTESIAN_POINT('',(-0.0985518490149884,-0.00834014215992282,0.0022));
#12642=CARTESIAN_POINT('',(-0.0985518490149884,-0.00164014215992282,0.001));
#12643=CARTESIAN_POINT('',(-0.0985518490149884,-0.047477818634361,0.001));
#12644=CARTESIAN_POINT('',(-0.0985518490149884,-0.047477818634361,0.001));
#12645=CARTESIAN_POINT('',(-0.0985518490149884,-0.047477818634361,0.001));
#12646=CARTESIAN_POINT('',(-0.0985518490149884,-0.00164014215992282,0.001));
#12647=CARTESIAN_POINT('',(-0.0933661581893477,-0.00464014215992281,0.00949966007130686));
#12648=MECHANICAL_DESIGN_GEOMETRIC_PRESENTATION_REPRESENTATION('',(#7459),#12649);
#12649=(
GEOMETRIC_REPRESENTATION_CONTEXT(3)
GLOBAL_UNCERTAINTY_ASSIGNED_CONTEXT((#12650))
GLOBAL_UNIT_ASSIGNED_CONTEXT((#12653,#12652,#12651))
REPRESENTATION_CONTEXT('Casemain','TOP_LEVEL_ASSEMBLY_PART')
);
#12650=UNCERTAINTY_MEASURE_WITH_UNIT(LENGTH_MEASURE(2.1E-05),#12653,'DISTANCE_ACCURACY_VALUE','Maximum Tolerance applied to model');
#12651=(
NAMED_UNIT(*)
SI_UNIT($,.STERADIAN.)
SOLID_ANGLE_UNIT()
);
#12652=(
NAMED_UNIT(*)
PLANE_ANGLE_UNIT()
SI_UNIT($,.RADIAN.)
);
#12653=(
LENGTH_UNIT()
NAMED_UNIT(*)
SI_UNIT($,.METRE.)
);
#12654=PRODUCT_DEFINITION_SHAPE('','',#12655);
#12655=PRODUCT_DEFINITION('','',#12657,#12656);
#12656=PRODUCT_DEFINITION_CONTEXT('',#12663,'design');
#12657=PRODUCT_DEFINITION_FORMATION_WITH_SPECIFIED_SOURCE('','',#12659,.NOT_KNOWN.);
#12658=PRODUCT_RELATED_PRODUCT_CATEGORY('','',(#12659));
#12659=PRODUCT('Casemain','Casemain','Casemain',(#12661));
#12660=PRODUCT_CATEGORY('','');
#12661=PRODUCT_CONTEXT('',#12663,'mechanical');
#12662=APPLICATION_PROTOCOL_DEFINITION('international standard','ap242_managed_model_based_3d_engineering',2020,#12663);
#12663=APPLICATION_CONTEXT('managed model based 3d engineering');
#12664=COMPOSITE_SHAPE_ASPECT('hole_callout.FIHIHMOZj60Yby8_390.JID.0',$,#12654,$);
#12665=SHAPE_ASPECT('hole_callout.FIHIHMOZj60Yby8_390.JID.0',$,#12654,.T.);
#12666=GEOMETRIC_ITEM_SPECIFIC_USAGE('','',#12665,#11,#7407);
#12667=SHAPE_ASPECT_RELATIONSHIP('','',#12664,#12665);
#12668=SHAPE_ASPECT('hole_callout.FIHIHMOZj60Yby8_390.JID.0',$,#12654,.T.);
#12669=GEOMETRIC_ITEM_SPECIFIC_USAGE('','',#12668,#11,#7406);
#12670=SHAPE_ASPECT_RELATIONSHIP('','',#12664,#12668);
#12671=SHAPE_ASPECT('hole_callout.FIHIHMOZj60Yby8_390.JID.0',$,#12654,.T.);
#12672=GEOMETRIC_ITEM_SPECIFIC_USAGE('','',#12671,#11,#7413);
#12673=SHAPE_ASPECT_RELATIONSHIP('','',#12664,#12671);
#12674=SHAPE_ASPECT('hole_callout.FIHIHMOZj60Yby8_390.JID.0',$,#12654,.T.);
#12675=GEOMETRIC_ITEM_SPECIFIC_USAGE('','',#12674,#11,#7412);
#12676=SHAPE_ASPECT_RELATIONSHIP('','',#12664,#12674);
#12677=SHAPE_ASPECT('hole_callout.FIHIHMOZj60Yby8_390.JID.0',$,#12654,.T.);
#12678=GEOMETRIC_ITEM_SPECIFIC_USAGE('','',#12677,#11,#7411);
#12679=SHAPE_ASPECT_RELATIONSHIP('','',#12664,#12677);
#12680=SHAPE_ASPECT('hole_callout.FIHIHMOZj60Yby8_390.JID.0',$,#12654,.T.);
#12681=GEOMETRIC_ITEM_SPECIFIC_USAGE('','',#12680,#11,#7410);
#12682=SHAPE_ASPECT_RELATIONSHIP('','',#12664,#12680);
#12683=SHAPE_ASPECT('hole_callout.FIHIHMOZj60Yby8_390.JID.0',$,#12654,.T.);
#12684=GEOMETRIC_ITEM_SPECIFIC_USAGE('','',#12683,#11,#7409);
#12685=SHAPE_ASPECT_RELATIONSHIP('','',#12664,#12683);
#12686=SHAPE_ASPECT('hole_callout.FIHIHMOZj60Yby8_390.JID.0',$,#12654,.T.);
#12687=GEOMETRIC_ITEM_SPECIFIC_USAGE('','',#12686,#11,#7408);
#12688=SHAPE_ASPECT_RELATIONSHIP('','',#12664,#12686);
#12689=DIMENSIONAL_SIZE(#12664,'depth');
#12690=(
LENGTH_UNIT()
NAMED_UNIT(*)
SI_UNIT(.MILLI.,.METRE.)
);
#12692=PRECISION_QUALIFIER(3);
#12691=(
LENGTH_MEASURE_WITH_UNIT()
MEASURE_REPRESENTATION_ITEM()
MEASURE_WITH_UNIT(POSITIVE_LENGTH_MEASURE(6.),#12690)
QUALIFIED_REPRESENTATION_ITEM((#12692))
REPRESENTATION_ITEM('nominal value')
);
#12693=COMPOUND_REPRESENTATION_ITEM('modifiers',SET_REPRESENTATION_ITEM((#12694)));
#12694=DESCRIPTIVE_REPRESENTATION_ITEM('dimensional note','depth');
#12695=SHAPE_DIMENSION_REPRESENTATION('',(#12691,#12693),#12649);
#12696=DIMENSIONAL_CHARACTERISTIC_REPRESENTATION(#12689,#12695);
#12697=DIMENSIONAL_SIZE(#12664,'diameter');
#12698=(
LENGTH_UNIT()
NAMED_UNIT(*)
SI_UNIT(.MILLI.,.METRE.)
);
#12700=PRECISION_QUALIFIER(3);
#12699=(
LENGTH_MEASURE_WITH_UNIT()
MEASURE_REPRESENTATION_ITEM()
MEASURE_WITH_UNIT(POSITIVE_LENGTH_MEASURE(3.65),#12698)
QUALIFIED_REPRESENTATION_ITEM((#12700))
REPRESENTATION_ITEM('nominal value')
);
#12701=COMPOUND_REPRESENTATION_ITEM('modifiers',SET_REPRESENTATION_ITEM((#12702)));
#12702=DESCRIPTIVE_REPRESENTATION_ITEM('dimensional note','diameter');
#12703=SHAPE_DIMENSION_REPRESENTATION('',(#12699,#12701),#12649);
#12704=DIMENSIONAL_CHARACTERISTIC_REPRESENTATION(#12697,#12703);
#12705=PRESENTATION_STYLE_ASSIGNMENT((NULL_STYLE(.NULL.)));
#12706=CARTESIAN_POINT('',(-0.147051849014988,-0.00164014215992281,0.024));
#12707=DIRECTION('',(0.,0.,1.));
#12708=DIRECTION('',(1.,0.,0.));
#12709=AXIS2_PLACEMENT_3D('',#12706,#12707,#12708);
#12710=PLANE('',#12709);
#12711=ANNOTATION_PLANE('',(#12705),#12710,(#12738));
#12712=CARTESIAN_POINT('',(0.,0.,0.));
#12713=DIRECTION('',(0.,0.,1.));
#12714=DIRECTION('',(1.,0.,0.));
#12715=AXIS2_PLACEMENT_3D('',#12712,#12713,#12714);
#12716=CARTESIAN_POINT('',(0.,0.,0.));
#12717=DIRECTION('',(0.,0.,1.));
#12718=DIRECTION('',(1.,0.,0.));
#12719=AXIS2_PLACEMENT_3D('',#12716,#12717,#12718);
#12720=SHAPE_REPRESENTATION('',(#12719,#7467),#12649);
#12721=REPRESENTATION_MAP(#12715,#12720);
#12722=MAPPED_ITEM('',#12721,#12715);
#12723=PRESENTATION_STYLE_ASSIGNMENT((NULL_STYLE(.NULL.)));
#12724=STYLED_ITEM('',(#12723),#12722);
#12725=DRAUGHTING_MODEL('',(#12711,#12715,#12722,#12724,#12766,#12770,#12777,#12779),#12649);
#12726=DRAUGHTING_PRE_DEFINED_CURVE_FONT('continuous');
#12727=COLOUR_RGB('',0.,0.,0.);
#12728=CURVE_STYLE('',#12726,POSITIVE_LENGTH_MEASURE(0.02),#12727);
#12729=PRESENTATION_STYLE_ASSIGNMENT((#12728));
#12730=COORDINATES_LIST('coordinates',2595,((-0.1457614,-0.0003497,0.0240000),(-0.1443472,0.0024788,0.0240000),(-0.1429330,0.0010645,0.0240000),(-0.1340704,0.0078091,0.0240000),(-0.1339733,0.0077684,0.0240000),(-0.1338753,0.0077331,0.0240000),(-0.1340704,0.0078091,0.0240000),(-0.1338753,0.0077331,0.0240000),(-0.1337763,0.0077033,0.0240000),(-0.1340704,0.0078091,0.0240000),(-0.1337763,0.0077033,0.0240000),(-0.1336764,0.0076789,0.0240000),(-0.1340704,0.0078091,0.0240000),(-0.1336764,0.0076789,0.0240000),(-0.1335755,0.0076599,0.0240000),(-0.1340704,0.0078091,0.0240000),(-0.1335755,0.0076599,0.0240000),(-0.1334737,0.0076463,0.0240000),(-0.1340704,0.0078091,0.0240000),(-0.1334737,0.0076463,0.0240000),(-0.1333708,0.0076382,0.0240000),(-0.1340704,0.0078091,0.0240000),(-0.1333708,0.0076382,0.0240000),(-0.1332671,0.0076355,0.0240000),(-0.1340704,0.0078091,0.0240000),(-0.1332671,0.0076355,0.0240000),(-0.1331313,0.0076398,0.0240000),(-0.1340704,0.0078091,0.0240000),(-0.1331313,0.0076398,0.0240000),(-0.1329981,0.0076528,0.0240000),(-0.1340704,0.0078091,0.0240000),(-0.1329981,0.0076528,0.0240000),(-0.1328674,0.0076743,0.0240000),(-0.1340704,0.0078091,0.0240000),(-0.1328674,0.0076743,0.0240000),(-0.1327392,0.0077046,0.0240000),(-0.1340704,0.0078091,0.0240000),(-0.1327392,0.0077046,0.0240000),(-0.1326136,0.0077434,0.0240000),(-0.1340704,0.0078091,0.0240000),(-0.1326136,0.0077434,0.0240000),(-0.1324906,0.0077909,0.0240000),(-0.1340704,0.0078091,0.0240000),(-0.1324906,0.0077909,0.0240000),(-0.1323701,0.0078470,0.0240000),(-0.1340704,0.0078091,0.0240000),(-0.1323701,0.0078470,0.0240000),(-0.1322521,0.0079117,0.0240000),(-0.1340704,0.0078091,0.0240000),(-0.1322521,0.0079117,0.0240000),(-0.1321386,0.0079841,0.0240000),(-0.1340704,0.0078091,0.0240000),(-0.1321386,0.0079841,0.0240000),(-0.1320312,0.0080627,0.0240000),(-0.1340704,0.0078091,0.0240000),(-0.1320312,0.0080627,0.0240000),(-0.1319301,0.0081474,0.0240000),(-0.1340704,0.0078091,0.0240000),(-0.1319301,0.0081474,0.0240000),(-0.1318352,0.0082382,0.0240000),(-0.1340704,0.0078091,0.0240000),(-0.1318352,0.0082382,0.0240000),(-0.1317465,0.0083352,0.0240000),(-0.1317465,0.0083352,0.0240000),(-0.1316640,0.0084384,0.0240000),(-0.1315877,0.0085477,0.0240000),(-0.1317465,0.0083352,0.0240000),(-0.1315877,0.0085477,0.0240000),(-0.1315177,0.0086631,0.0240000),(-0.1317465,0.0083352,0.0240000),(-0.1315177,0.0086631,0.0240000),(-0.1314547,0.0087829,0.0240000),(-0.1317465,0.0083352,0.0240000),(-0.1314547,0.0087829,0.0240000),(-0.1314000,0.0089052,0.0240000),(-0.1317465,0.0083352,0.0240000),(-0.1314000,0.0089052,0.0240000),(-0.1313538,0.0090299,0.0240000),(-0.1317465,0.0083352,0.0240000),(-0.1313538,0.0090299,0.0240000),(-0.1313160,0.0091571,0.0240000),(-0.1317465,0.0083352,0.0240000),(-0.1313160,0.0091571,0.0240000),(-0.1312866,0.0092868,0.0240000),(-0.1317465,0.0083352,0.0240000),(-0.1312866,0.0092868,0.0240000),(-0.1312656,0.0094190,0.0240000),(-0.1317465,0.0083352,0.0240000),(-0.1312656,0.0094190,0.0240000),(-0.1312530,0.0095536,0.0240000),(-0.1317465,0.0083352,0.0240000),(-0.1312530,0.0095536,0.0240000),(-0.1312488,0.0096908,0.0240000),(-0.1317465,0.0083352,0.0240000),(-0.1312488,0.0096908,0.0240000),(-0.1312530,0.0098224,0.0240000),(-0.1317465,0.0083352,0.0240000),(-0.1312530,0.0098224,0.0240000),(-0.1312656,0.0099532,0.0240000),(-0.1317465,0.0083352,0.0240000),(-0.1312656,0.0099532,0.0240000),(-0.1312866,0.0100833,0.0240000),(-0.1317465,0.0083352,0.0240000),(-0.1312866,0.0100833,0.0240000),(-0.1313160,0.0102125,0.0240000),(-0.1317465,0.0083352,0.0240000),(-0.1313160,0.0102125,0.0240000),(-0.1313538,0.0103410,0.0240000),(-0.1317465,0.0083352,0.0240000),(-0.1313538,0.0103410,0.0240000),(-0.1314000,0.0104687,0.0240000),(-0.1314000,0.0104687,0.0240000),(-0.1317918,0.0103272,0.0240000),(-0.1317553,0.0102293,0.0240000),(-0.1314000,0.0104687,0.0240000),(-0.1317553,0.0102293,0.0240000),(-0.1317254,0.0101281,0.0240000),(-0.1314000,0.0104687,0.0240000),(-0.1317254,0.0101281,0.0240000),(-0.1317021,0.0100237,0.0240000),(-0.1314000,0.0104687,0.0240000),(-0.1317021,0.0100237,0.0240000),(-0.1316855,0.0099160,0.0240000),(-0.1314000,0.0104687,0.0240000),(-0.1316855,0.0099160,0.0240000),(-0.1316755,0.0098050,0.0240000),(-0.1314000,0.0104687,0.0240000),(-0.1316755,0.0098050,0.0240000),(-0.1316722,0.0096908,0.0240000),(-0.1314000,0.0104687,0.0240000),(-0.1316722,0.0096908,0.0240000),(-0.1316755,0.0095807,0.0240000),(-0.1317465,0.0083352,0.0240000),(-0.1314000,0.0104687,0.0240000),(-0.1316755,0.0095807,0.0240000),(-0.1317465,0.0083352,0.0240000),(-0.1316755,0.0095807,0.0240000),(-0.1316856,0.0094729,0.0240000),(-0.1317465,0.0083352,0.0240000),(-0.1316856,0.0094729,0.0240000),(-0.1317024,0.0093672,0.0240000),(-0.1317465,0.0083352,0.0240000),(-0.1317024,0.0093672,0.0240000),(-0.1317259,0.0092637,0.0240000),(-0.1317465,0.0083352,0.0240000),(-0.1317259,0.0092637,0.0240000),(-0.1317561,0.0091624,0.0240000),(-0.1317465,0.0083352,0.0240000),(-0.1317561,0.0091624,0.0240000),(-0.1317930,0.0090633,0.0240000),(-0.1317465,0.0083352,0.0240000),(-0.1317930,0.0090633,0.0240000),(-0.1318367,0.0089664,0.0240000),(-0.1317465,0.0083352,0.0240000),(-0.1318367,0.0089664,0.0240000),(-0.1318870,0.0088716,0.0240000),(-0.1317465,0.0083352,0.0240000),(-0.1318870,0.0088716,0.0240000),(-0.1319429,0.0087804,0.0240000),(-0.1317465,0.0083352,0.0240000),(-0.1319429,0.0087804,0.0240000),(-0.1320035,0.0086941,0.0240000),(-0.1317465,0.0083352,0.0240000),(-0.1320035,0.0086941,0.0240000),(-0.1320689,0.0086127,0.0240000),(-0.1317465,0.0083352,0.0240000),(-0.1320689,0.0086127,0.0240000),(-0.1321392,0.0085361,0.0240000),(-0.1317465,0.0083352,0.0240000),(-0.1321392,0.0085361,0.0240000),(-0.1322142,0.0084645,0.0240000),(-0.1317465,0.0083352,0.0240000),(-0.1322142,0.0084645,0.0240000),(-0.1322940,0.0083978,0.0240000),(-0.1317465,0.0083352,0.0240000),(-0.1322940,0.0083978,0.0240000),(-0.1323786,0.0083359,0.0240000),(-0.1317465,0.0083352,0.0240000),(-0.1323786,0.0083359,0.0240000),(-0.1324680,0.0082790,0.0240000),(-0.1317465,0.0083352,0.0240000),(-0.1324680,0.0082790,0.0240000),(-0.1325606,0.0082279,0.0240000),(-0.1317465,0.0083352,0.0240000),(-0.1325606,0.0082279,0.0240000),(-0.1326553,0.0081836,0.0240000),(-0.1317465,0.0083352,0.0240000),(-0.1326553,0.0081836,0.0240000),(-0.1327521,0.0081461,0.0240000),(-0.1317465,0.0083352,0.0240000),(-0.1327521,0.0081461,0.0240000),(-0.1328509,0.0081154,0.0240000),(-0.1340704,0.0078091,0.0240000),(-0.1317465,0.0083352,0.0240000),(-0.1328509,0.0081154,0.0240000),(-0.1340704,0.0078091,0.0240000),(-0.1328509,0.0081154,0.0240000),(-0.1329518,0.0080916,0.0240000),(-0.1340704,0.0078091,0.0240000),(-0.1329518,0.0080916,0.0240000),(-0.1330548,0.0080746,0.0240000),(-0.1340704,0.0078091,0.0240000),(-0.1330548,0.0080746,0.0240000),(-0.1331599,0.0080644,0.0240000),(-0.1340704,0.0078091,0.0240000),(-0.1331599,0.0080644,0.0240000),(-0.1332671,0.0080609,0.0240000),(-0.1340704,0.0078091,0.0240000),(-0.1332671,0.0080609,0.0240000),(-0.1334207,0.0080680,0.0240000),(-0.1340704,0.0078091,0.0240000),(-0.1334207,0.0080680,0.0240000),(-0.1335703,0.0080893,0.0240000),(-0.1340704,0.0078091,0.0240000),(-0.1335703,0.0080893,0.0240000),(-0.1337159,0.0081246,0.0240000),(-0.1340704,0.0078091,0.0240000),(-0.1337159,0.0081246,0.0240000),(-0.1338576,0.0081742,0.0240000),(-0.1340704,0.0078091,0.0240000),(-0.1338576,0.0081742,0.0240000),(-0.1322606,0.0109576,0.0240000),(-0.1346313,0.0068343,0.0240000),(-0.1340704,0.0078091,0.0240000),(-0.1322606,0.0109576,0.0240000),(-0.1318350,0.0104218,0.0240000),(-0.1317918,0.0103272,0.0240000),(-0.1314000,0.0104687,0.0240000),(-0.1318849,0.0105131,0.0240000),(-0.1318350,0.0104218,0.0240000),(-0.1314000,0.0104687,0.0240000),(-0.1319528,0.0106171,0.0240000),(-0.1318849,0.0105131,0.0240000),(-0.1314000,0.0104687,0.0240000),(-0.1320381,0.0107258,0.0240000),(-0.1319528,0.0106171,0.0240000),(-0.1314000,0.0104687,0.0240000),(-0.1320872,0.0107820,0.0240000),(-0.1320381,0.0107258,0.0240000),(-0.1314000,0.0104687,0.0240000),(-0.1321407,0.0108393,0.0240000),(-0.1320872,0.0107820,0.0240000),(-0.1314000,0.0104687,0.0240000),(-0.1321985,0.0108979,0.0240000),(-0.1321407,0.0108393,0.0240000),(-0.1314000,0.0104687,0.0240000),(-0.1322606,0.0109576,0.0240000),(-0.1321985,0.0108979,0.0240000),(-0.1314000,0.0104687,0.0240000),(-0.1322606,0.0109576,0.0240000),(-0.1314000,0.0104687,0.0240000),(-0.1314547,0.0105955,0.0240000),(-0.1322606,0.0109576,0.0240000),(-0.1314547,0.0105955,0.0240000),(-0.1315177,0.0107216,0.0240000),(-0.1322606,0.0109576,0.0240000),(-0.1315177,0.0107216,0.0240000),(-0.1315678,0.0108083,0.0240000),(-0.1322606,0.0109576,0.0240000),(-0.1315678,0.0108083,0.0240000),(-0.1316226,0.0108917,0.0240000),(-0.1322606,0.0109576,0.0240000),(-0.1316226,0.0108917,0.0240000),(-0.1316820,0.0109718,0.0240000),(-0.1322606,0.0109576,0.0240000),(-0.1316820,0.0109718,0.0240000),(-0.1317460,0.0110486,0.0240000),(-0.1322606,0.0109576,0.0240000),(-0.1317460,0.0110486,0.0240000),(-0.1318146,0.0111221,0.0240000),(-0.1322606,0.0109576,0.0240000),(-0.1318146,0.0111221,0.0240000),(-0.1318877,0.0111923,0.0240000),(-0.1322606,0.0109576,0.0240000),(-0.1318877,0.0111923,0.0240000),(-0.1319655,0.0112592,0.0240000),(-0.1322606,0.0109576,0.0240000),(-0.1319655,0.0112592,0.0240000),(-0.1320479,0.0113227,0.0240000),(-0.1322606,0.0109576,0.0240000),(-0.1320479,0.0113227,0.0240000),(-0.1315060,0.0122752,0.0240000),(-0.1346313,0.0068343,0.0240000),(-0.1322606,0.0109576,0.0240000),(-0.1315060,0.0122752,0.0240000),(-0.1346313,0.0068343,0.0240000),(-0.1315060,0.0122752,0.0240000),(-0.1314774,0.0123789,0.0240000),(-0.1346313,0.0068343,0.0240000),(-0.1314774,0.0123789,0.0240000),(-0.1314848,0.0124393,0.0240000),(-0.1346313,0.0068343,0.0240000),(-0.1314848,0.0124393,0.0240000),(-0.1315235,0.0125144,0.0240000),(-0.1346313,0.0068343,0.0240000),(-0.1315235,0.0125144,0.0240000),(-0.1315886,0.0125684,0.0240000),(-0.1346313,0.0068343,0.0240000),(-0.1315886,0.0125684,0.0240000),(-0.1316912,0.0125991,0.0240000),(-0.1346313,0.0068343,0.0240000),(-0.1316912,0.0125991,0.0240000),(-0.1317515,0.0125917,0.0240000),(-0.1346313,0.0068343,0.0240000),(-0.1317515,0.0125917,0.0240000),(-0.1318272,0.0125530,0.0240000),(-0.1346313,0.0068343,0.0240000),(-0.1318272,0.0125530,0.0240000),(-0.1318828,0.0124880,0.0240000),(-0.1346313,0.0068343,0.0240000),(-0.1318828,0.0124880,0.0240000),(-0.1324183,0.0115598,0.0240000),(-0.1324183,0.0115598,0.0240000),(-0.1325189,0.0116042,0.0240000),(-0.1326228,0.0116427,0.0240000),(-0.1324183,0.0115598,0.0240000),(-0.1326228,0.0116427,0.0240000),(-0.1327300,0.0116752,0.0240000),(-0.1324183,0.0115598,0.0240000),(-0.1327300,0.0116752,0.0240000),(-0.1328406,0.0117019,0.0240000),(-0.1324183,0.0115598,0.0240000),(-0.1328406,0.0117019,0.0240000),(-0.1329544,0.0117226,0.0240000),(-0.1324183,0.0115598,0.0240000),(-0.1329544,0.0117226,0.0240000),(-0.1330716,0.0117374,0.0240000),(-0.1324183,0.0115598,0.0240000),(-0.1330716,0.0117374,0.0240000),(-0.1331920,0.0117463,0.0240000),(-0.1324183,0.0115598,0.0240000),(-0.1331920,0.0117463,0.0240000),(-0.1333158,0.0117492,0.0240000),(-0.1324183,0.0115598,0.0240000),(-0.1333158,0.0117492,0.0240000),(-0.1334404,0.0117449,0.0240000),(-0.1324183,0.0115598,0.0240000),(-0.1334404,0.0117449,0.0240000),(-0.1335639,0.0117319,0.0240000),(-0.1324183,0.0115598,0.0240000),(-0.1335639,0.0117319,0.0240000),(-0.1336863,0.0117102,0.0240000),(-0.1324183,0.0115598,0.0240000),(-0.1336863,0.0117102,0.0240000),(-0.1338076,0.0116799,0.0240000),(-0.1324183,0.0115598,0.0240000),(-0.1338076,0.0116799,0.0240000),(-0.1339279,0.0116409,0.0240000),(-0.1324183,0.0115598,0.0240000),(-0.1339279,0.0116409,0.0240000),(-0.1340470,0.0115933,0.0240000),(-0.1324183,0.0115598,0.0240000),(-0.1340470,0.0115933,0.0240000),(-0.1341651,0.0115369,0.0240000),(-0.1324183,0.0115598,0.0240000),(-0.1341651,0.0115369,0.0240000),(-0.1342820,0.0114720,0.0240000),(-0.1324183,0.0115598,0.0240000),(-0.1342820,0.0114720,0.0240000),(-0.1343951,0.0113998,0.0240000),(-0.1324183,0.0115598,0.0240000),(-0.1343951,0.0113998,0.0240000),(-0.1345022,0.0113214,0.0240000),(-0.1324183,0.0115598,0.0240000),(-0.1345022,0.0113214,0.0240000),(-0.1346031,0.0112368,0.0240000),(-0.1324183,0.0115598,0.0240000),(-0.1346031,0.0112368,0.0240000),(-0.1346979,0.0111460,0.0240000),(-0.1324183,0.0115598,0.0240000),(-0.1346979,0.0111460,0.0240000),(-0.1347867,0.0110490,0.0240000),(-0.1347867,0.0110490,0.0240000),(-0.1348694,0.0109457,0.0240000),(-0.1349460,0.0108362,0.0240000),(-0.1347867,0.0110490,0.0240000),(-0.1349460,0.0108362,0.0240000),(-0.1350165,0.0107205,0.0240000),(-0.1347867,0.0110490,0.0240000),(-0.1350165,0.0107205,0.0240000),(-0.1350798,0.0106007,0.0240000),(-0.1347867,0.0110490,0.0240000),(-0.1350798,0.0106007,0.0240000),(-0.1351346,0.0104784,0.0240000),(-0.1347867,0.0110490,0.0240000),(-0.1351346,0.0104784,0.0240000),(-0.1351810,0.0103535,0.0240000),(-0.1347867,0.0110490,0.0240000),(-0.1351810,0.0103535,0.0240000),(-0.1352189,0.0102260,0.0240000),(-0.1347867,0.0110490,0.0240000),(-0.1352189,0.0102260,0.0240000),(-0.1352484,0.0100960,0.0240000),(-0.1347867,0.0110490,0.0240000),(-0.1352484,0.0100960,0.0240000),(-0.1352695,0.0099635,0.0240000),(-0.1347867,0.0110490,0.0240000),(-0.1352695,0.0099635,0.0240000),(-0.1352822,0.0098284,0.0240000),(-0.1347867,0.0110490,0.0240000),(-0.1352822,0.0098284,0.0240000),(-0.1352864,0.0096908,0.0240000),(-0.1347867,0.0110490,0.0240000),(-0.1352864,0.0096908,0.0240000),(-0.1352822,0.0095527,0.0240000),(-0.1347867,0.0110490,0.0240000),(-0.1352822,0.0095527,0.0240000),(-0.1352696,0.0094174,0.0240000),(-0.1347867,0.0110490,0.0240000),(-0.1352696,0.0094174,0.0240000),(-0.1352486,0.0092848,0.0240000),(-0.1347867,0.0110490,0.0240000),(-0.1352486,0.0092848,0.0240000),(-0.1352192,0.0091550,0.0240000),(-0.1347867,0.0110490,0.0240000),(-0.1352192,0.0091550,0.0240000),(-0.1351814,0.0090279,0.0240000),(-0.1347867,0.0110490,0.0240000),(-0.1351814,0.0090279,0.0240000),(-0.1351352,0.0089036,0.0240000),(-0.1347867,0.0110490,0.0240000),(-0.1351352,0.0089036,0.0240000),(-0.1350806,0.0087820,0.0240000),(-0.1347867,0.0110490,0.0240000),(-0.1350806,0.0087820,0.0240000),(-0.1350176,0.0086631,0.0240000),(-0.1350176,0.0086631,0.0240000),(-0.1346493,0.0088716,0.0240000),(-0.1346986,0.0089664,0.0240000),(-0.1350176,0.0086631,0.0240000),(-0.1346986,0.0089664,0.0240000),(-0.1347414,0.0090633,0.0240000),(-0.1350176,0.0086631,0.0240000),(-0.1347414,0.0090633,0.0240000),(-0.1347776,0.0091623,0.0240000),(-0.1350176,0.0086631,0.0240000),(-0.1347776,0.0091623,0.0240000),(-0.1348072,0.0092635,0.0240000),(-0.1350176,0.0086631,0.0240000),(-0.1348072,0.0092635,0.0240000),(-0.1348303,0.0093668,0.0240000),(-0.1350176,0.0086631,0.0240000),(-0.1348303,0.0093668,0.0240000),(-0.1348467,0.0094723,0.0240000),(-0.1350176,0.0086631,0.0240000),(-0.1348467,0.0094723,0.0240000),(-0.1348566,0.0095799,0.0240000),(-0.1350176,0.0086631,0.0240000),(-0.1348566,0.0095799,0.0240000),(-0.1348599,0.0096897,0.0240000),(-0.1350176,0.0086631,0.0240000),(-0.1348599,0.0096897,0.0240000),(-0.1348565,0.0097995,0.0240000),(-0.1347867,0.0110490,0.0240000),(-0.1350176,0.0086631,0.0240000),(-0.1348565,0.0097995,0.0240000),(-0.1347867,0.0110490,0.0240000),(-0.1348565,0.0097995,0.0240000),(-0.1348465,0.0099073,0.0240000),(-0.1347867,0.0110490,0.0240000),(-0.1348465,0.0099073,0.0240000),(-0.1348298,0.0100129,0.0240000),(-0.1347867,0.0110490,0.0240000),(-0.1348298,0.0100129,0.0240000),(-0.1348064,0.0101165,0.0240000),(-0.1347867,0.0110490,0.0240000),(-0.1348064,0.0101165,0.0240000),(-0.1347764,0.0102180,0.0240000),(-0.1347867,0.0110490,0.0240000),(-0.1347764,0.0102180,0.0240000),(-0.1347396,0.0103174,0.0240000),(-0.1347867,0.0110490,0.0240000),(-0.1347396,0.0103174,0.0240000),(-0.1346962,0.0104147,0.0240000),(-0.1347867,0.0110490,0.0240000),(-0.1346962,0.0104147,0.0240000),(-0.1346461,0.0105099,0.0240000),(-0.1347867,0.0110490,0.0240000),(-0.1346461,0.0105099,0.0240000),(-0.1345902,0.0106019,0.0240000),(-0.1347867,0.0110490,0.0240000),(-0.1345902,0.0106019,0.0240000),(-0.1345296,0.0106888,0.0240000),(-0.1347867,0.0110490,0.0240000),(-0.1345296,0.0106888,0.0240000),(-0.1344642,0.0107707,0.0240000),(-0.1347867,0.0110490,0.0240000),(-0.1344642,0.0107707,0.0240000),(-0.1343939,0.0108475,0.0240000),(-0.1347867,0.0110490,0.0240000),(-0.1343939,0.0108475,0.0240000),(-0.1343189,0.0109194,0.0240000),(-0.1347867,0.0110490,0.0240000),(-0.1343189,0.0109194,0.0240000),(-0.1342391,0.0109862,0.0240000),(-0.1347867,0.0110490,0.0240000),(-0.1342391,0.0109862,0.0240000),(-0.1341545,0.0110480,0.0240000),(-0.1347867,0.0110490,0.0240000),(-0.1341545,0.0110480,0.0240000),(-0.1340651,0.0111047,0.0240000),(-0.1347867,0.0110490,0.0240000),(-0.1340651,0.0111047,0.0240000),(-0.1339730,0.0111558,0.0240000),(-0.1347867,0.0110490,0.0240000),(-0.1339730,0.0111558,0.0240000),(-0.1338804,0.0112001,0.0240000),(-0.1347867,0.0110490,0.0240000),(-0.1338804,0.0112001,0.0240000),(-0.1337872,0.0112376,0.0240000),(-0.1347867,0.0110490,0.0240000),(-0.1337872,0.0112376,0.0240000),(-0.1336936,0.0112682,0.0240000),(-0.1347867,0.0110490,0.0240000),(-0.1336936,0.0112682,0.0240000),(-0.1335994,0.0112921,0.0240000),(-0.1324183,0.0115598,0.0240000),(-0.1347867,0.0110490,0.0240000),(-0.1335994,0.0112921,0.0240000),(-0.1324183,0.0115598,0.0240000),(-0.1335994,0.0112921,0.0240000),(-0.1335047,0.0113091,0.0240000),(-0.1324183,0.0115598,0.0240000),(-0.1335047,0.0113091,0.0240000),(-0.1334094,0.0113193,0.0240000),(-0.1324183,0.0115598,0.0240000),(-0.1334094,0.0113193,0.0240000),(-0.1333136,0.0113227,0.0240000),(-0.1324183,0.0115598,0.0240000),(-0.1333136,0.0113227,0.0240000),(-0.1333073,0.0113227,0.0240000),(-0.1324183,0.0115598,0.0240000),(-0.1333073,0.0113227,0.0240000),(-0.1332136,0.0113206,0.0240000),(-0.1324183,0.0115598,0.0240000),(-0.1332136,0.0113206,0.0240000),(-0.1331224,0.0113144,0.0240000),(-0.1324183,0.0115598,0.0240000),(-0.1331224,0.0113144,0.0240000),(-0.1330338,0.0113040,0.0240000),(-0.1324183,0.0115598,0.0240000),(-0.1330338,0.0113040,0.0240000),(-0.1329477,0.0112894,0.0240000),(-0.1324183,0.0115598,0.0240000),(-0.1329477,0.0112894,0.0240000),(-0.1328642,0.0112706,0.0240000),(-0.1324183,0.0115598,0.0240000),(-0.1328642,0.0112706,0.0240000),(-0.1327832,0.0112477,0.0240000),(-0.1324183,0.0115598,0.0240000),(-0.1327832,0.0112477,0.0240000),(-0.1327048,0.0112206,0.0240000),(-0.1324183,0.0115598,0.0240000),(-0.1327048,0.0112206,0.0240000),(-0.1326289,0.0111894,0.0240000),(-0.1346313,0.0068343,0.0240000),(-0.1324183,0.0115598,0.0240000),(-0.1326289,0.0111894,0.0240000),(-0.1346313,0.0068343,0.0240000),(-0.1326289,0.0111894,0.0240000),(-0.1342333,0.0083943,0.0240000),(-0.1346313,0.0068343,0.0240000),(-0.1342333,0.0083943,0.0240000),(-0.1343538,0.0084972,0.0240000),(-0.1346069,0.0088024,0.0240000),(-0.1346493,0.0088716,0.0240000),(-0.1350176,0.0086631,0.0240000),(-0.1345618,0.0087358,0.0240000),(-0.1346069,0.0088024,0.0240000),(-0.1350176,0.0086631,0.0240000),(-0.1344633,0.0086110,0.0240000),(-0.1345618,0.0087358,0.0240000),(-0.1350176,0.0086631,0.0240000),(-0.1343538,0.0084972,0.0240000),(-0.1344633,0.0086110,0.0240000),(-0.1350176,0.0086631,0.0240000),(-0.1343538,0.0084972,0.0240000),(-0.1350176,0.0086631,0.0240000),(-0.1349596,0.0085681,0.0240000),(-0.1343538,0.0084972,0.0240000),(-0.1349596,0.0085681,0.0240000),(-0.1348980,0.0084771,0.0240000),(-0.1343538,0.0084972,0.0240000),(-0.1348980,0.0084771,0.0240000),(-0.1348326,0.0083903,0.0240000),(-0.1343538,0.0084972,0.0240000),(-0.1348326,0.0083903,0.0240000),(-0.1347636,0.0083075,0.0240000),(-0.1343538,0.0084972,0.0240000),(-0.1347636,0.0083075,0.0240000),(-0.1346908,0.0082289,0.0240000),(-0.1343538,0.0084972,0.0240000),(-0.1346908,0.0082289,0.0240000),(-0.1346143,0.0081543,0.0240000),(-0.1343538,0.0084972,0.0240000),(-0.1346143,0.0081543,0.0240000),(-0.1345342,0.0080839,0.0240000),(-0.1343538,0.0084972,0.0240000),(-0.1345342,0.0080839,0.0240000),(-0.1344503,0.0080176,0.0240000),(-0.1346313,0.0068343,0.0240000),(-0.1343538,0.0084972,0.0240000),(-0.1344503,0.0080176,0.0240000),(-0.1346313,0.0068343,0.0240000),(-0.1344503,0.0080176,0.0240000),(-0.1350059,0.0070471,0.0240000),(-0.1346313,0.0068343,0.0240000),(-0.1350059,0.0070471,0.0240000),(-0.1350334,0.0069455,0.0240000),(-0.1346313,0.0068343,0.0240000),(-0.1350334,0.0069455,0.0240000),(-0.1350271,0.0068851,0.0240000),(-0.1346313,0.0068343,0.0240000),(-0.1350271,0.0068851,0.0240000),(-0.1349879,0.0068081,0.0240000),(-0.1346313,0.0068343,0.0240000),(-0.1349879,0.0068081,0.0240000),(-0.1349255,0.0067528,0.0240000),(-0.1346313,0.0068343,0.0240000),(-0.1349255,0.0067528,0.0240000),(-0.1348207,0.0067253,0.0240000),(-0.1346313,0.0068343,0.0240000),(-0.1348207,0.0067253,0.0240000),(-0.1347604,0.0067327,0.0240000),(-0.1346313,0.0068343,0.0240000),(-0.1347604,0.0067327,0.0240000),(-0.1346879,0.0067682,0.0240000),(-0.1250788,0.0087508,0.0240000),(-0.1250735,0.0088854,0.0240000),(-0.1250748,0.0089887,0.0240000),(-0.1250788,0.0087508,0.0240000),(-0.1250748,0.0089887,0.0240000),(-0.1250786,0.0090879,0.0240000),(-0.1250788,0.0087508,0.0240000),(-0.1250786,0.0090879,0.0240000),(-0.1250851,0.0091831,0.0240000),(-0.1250788,0.0087508,0.0240000),(-0.1250851,0.0091831,0.0240000),(-0.1250941,0.0092743,0.0240000),(-0.1250788,0.0087508,0.0240000),(-0.1250941,0.0092743,0.0240000),(-0.1251057,0.0093614,0.0240000),(-0.1250788,0.0087508,0.0240000),(-0.1251057,0.0093614,0.0240000),(-0.1251199,0.0094444,0.0240000),(-0.1250788,0.0087508,0.0240000),(-0.1251199,0.0094444,0.0240000),(-0.1251367,0.0095235,0.0240000),(-0.1250788,0.0087508,0.0240000),(-0.1251367,0.0095235,0.0240000),(-0.1251560,0.0095984,0.0240000),(-0.1250788,0.0087508,0.0240000),(-0.1251560,0.0095984,0.0240000),(-0.1252024,0.0097363,0.0240000),(-0.1250788,0.0087508,0.0240000),(-0.1252024,0.0097363,0.0240000),(-0.1252592,0.0098579,0.0240000),(-0.1250788,0.0087508,0.0240000),(-0.1252592,0.0098579,0.0240000),(-0.1253263,0.0099634,0.0240000),(-0.1250788,0.0087508,0.0240000),(-0.1253263,0.0099634,0.0240000),(-0.1254037,0.0100527,0.0240000),(-0.1250788,0.0087508,0.0240000),(-0.1254037,0.0100527,0.0240000),(-0.1254832,0.0101222,0.0240000),(-0.1250788,0.0087508,0.0240000),(-0.1254832,0.0101222,0.0240000),(-0.1255650,0.0101824,0.0240000),(-0.1250788,0.0087508,0.0240000),(-0.1255650,0.0101824,0.0240000),(-0.1256492,0.0102333,0.0240000),(-0.1250788,0.0087508,0.0240000),(-0.1256492,0.0102333,0.0240000),(-0.1257357,0.0102750,0.0240000),(-0.1250788,0.0087508,0.0240000),(-0.1257357,0.0102750,0.0240000),(-0.1258246,0.0103074,0.0240000),(-0.1250788,0.0087508,0.0240000),(-0.1258246,0.0103074,0.0240000),(-0.1259158,0.0103305,0.0240000),(-0.1250788,0.0087508,0.0240000),(-0.1259158,0.0103305,0.0240000),(-0.1260094,0.0103444,0.0240000),(-0.1260094,0.0103444,0.0240000),(-0.1261053,0.0103491,0.0240000),(-0.1261940,0.0103455,0.0240000),(-0.1260094,0.0103444,0.0240000),(-0.1261940,0.0103455,0.0240000),(-0.1262794,0.0103348,0.0240000),(-0.1260094,0.0103444,0.0240000),(-0.1262794,0.0103348,0.0240000),(-0.1263617,0.0103171,0.0240000),(-0.1260094,0.0103444,0.0240000),(-0.1263617,0.0103171,0.0240000),(-0.1264408,0.0102922,0.0240000),(-0.1260094,0.0103444,0.0240000),(-0.1264408,0.0102922,0.0240000),(-0.1265168,0.0102602,0.0240000),(-0.1260094,0.0103444,0.0240000),(-0.1265168,0.0102602,0.0240000),(-0.1265895,0.0102211,0.0240000),(-0.1260094,0.0103444,0.0240000),(-0.1265895,0.0102211,0.0240000),(-0.1266591,0.0101748,0.0240000),(-0.1260094,0.0103444,0.0240000),(-0.1266591,0.0101748,0.0240000),(-0.1267255,0.0101215,0.0240000),(-0.1256145,0.0110224,0.0240000),(-0.1255476,0.0108835,0.0240000),(-0.1254645,0.0107883,0.0240000),(-0.1256145,0.0110224,0.0240000),(-0.1254645,0.0107883,0.0240000),(-0.1253486,0.0107354,0.0240000),(-0.1257095,0.0111428,0.0240000),(-0.1256145,0.0110224,0.0240000),(-0.1253486,0.0107354,0.0240000),(-0.1257095,0.0111428,0.0240000),(-0.1253486,0.0107354,0.0240000),(-0.1252726,0.0107669,0.0240000),(-0.1257095,0.0111428,0.0240000),(-0.1252726,0.0107669,0.0240000),(-0.1252118,0.0108129,0.0240000),(-0.1258026,0.0112215,0.0240000),(-0.1257095,0.0111428,0.0240000),(-0.1252118,0.0108129,0.0240000),(-0.1258026,0.0112215,0.0240000),(-0.1252118,0.0108129,0.0240000),(-0.1251359,0.0109481,0.0240000),(-0.1259008,0.0112777,0.0240000),(-0.1258026,0.0112215,0.0240000),(-0.1251359,0.0109481,0.0240000),(-0.1259008,0.0112777,0.0240000),(-0.1251359,0.0109481,0.0240000),(-0.1251423,0.0110222,0.0240000),(-0.1259008,0.0112777,0.0240000),(-0.1251423,0.0110222,0.0240000),(-0.1251913,0.0111390,0.0240000),(-0.1260042,0.0113115,0.0240000),(-0.1259008,0.0112777,0.0240000),(-0.1251913,0.0111390,0.0240000),(-0.1260042,0.0113115,0.0240000),(-0.1251913,0.0111390,0.0240000),(-0.1252528,0.0112481,0.0240000),(-0.1261127,0.0113227,0.0240000),(-0.1260042,0.0113115,0.0240000),(-0.1252528,0.0112481,0.0240000),(-0.1261127,0.0113227,0.0240000),(-0.1252528,0.0112481,0.0240000),(-0.1253268,0.0113496,0.0240000),(-0.1261127,0.0113227,0.0240000),(-0.1253268,0.0113496,0.0240000),(-0.1254132,0.0114434,0.0240000),(-0.1262081,0.0113108,0.0240000),(-0.1261127,0.0113227,0.0240000),(-0.1254132,0.0114434,0.0240000),(-0.1262081,0.0113108,0.0240000),(-0.1254132,0.0114434,0.0240000),(-0.1254899,0.0115151,0.0240000),(-0.1262081,0.0113108,0.0240000),(-0.1254899,0.0115151,0.0240000),(-0.1255696,0.0115772,0.0240000),(-0.1263088,0.0112748,0.0240000),(-0.1262081,0.0113108,0.0240000),(-0.1255696,0.0115772,0.0240000),(-0.1263088,0.0112748,0.0240000),(-0.1255696,0.0115772,0.0240000),(-0.1256525,0.0116298,0.0240000),(-0.1263088,0.0112748,0.0240000),(-0.1256525,0.0116298,0.0240000),(-0.1257384,0.0116728,0.0240000),(-0.1264150,0.0112150,0.0240000),(-0.1263088,0.0112748,0.0240000),(-0.1257384,0.0116728,0.0240000),(-0.1264150,0.0112150,0.0240000),(-0.1257384,0.0116728,0.0240000),(-0.1258273,0.0117062,0.0240000),(-0.1265266,0.0111312,0.0240000),(-0.1264150,0.0112150,0.0240000),(-0.1258273,0.0117062,0.0240000),(-0.1265266,0.0111312,0.0240000),(-0.1258273,0.0117062,0.0240000),(-0.1259194,0.0117301,0.0240000),(-0.1265266,0.0111312,0.0240000),(-0.1259194,0.0117301,0.0240000),(-0.1260145,0.0117445,0.0240000),(-0.1266136,0.0110349,0.0240000),(-0.1265266,0.0111312,0.0240000),(-0.1260145,0.0117445,0.0240000),(-0.1266136,0.0110349,0.0240000),(-0.1260145,0.0117445,0.0240000),(-0.1261127,0.0117492,0.0240000),(-0.1266136,0.0110349,0.0240000),(-0.1261127,0.0117492,0.0240000),(-0.1261979,0.0117446,0.0240000),(-0.1266136,0.0110349,0.0240000),(-0.1261979,0.0117446,0.0240000),(-0.1262834,0.0117308,0.0240000),(-0.1266758,0.0109079,0.0240000),(-0.1266136,0.0110349,0.0240000),(-0.1262834,0.0117308,0.0240000),(-0.1266758,0.0109079,0.0240000),(-0.1262834,0.0117308,0.0240000),(-0.1263693,0.0117079,0.0240000),(-0.1266758,0.0109079,0.0240000),(-0.1263693,0.0117079,0.0240000),(-0.1264556,0.0116757,0.0240000),(-0.1266975,0.0108329,0.0240000),(-0.1266758,0.0109079,0.0240000),(-0.1264556,0.0116757,0.0240000),(-0.1266975,0.0108329,0.0240000),(-0.1264556,0.0116757,0.0240000),(-0.1265424,0.0116343,0.0240000),(-0.1266975,0.0108329,0.0240000),(-0.1265424,0.0116343,0.0240000),(-0.1266295,0.0115837,0.0240000),(-0.1267131,0.0107502,0.0240000),(-0.1266975,0.0108329,0.0240000),(-0.1266295,0.0115837,0.0240000),(-0.1267224,0.0106598,0.0240000),(-0.1267131,0.0107502,0.0240000),(-0.1266295,0.0115837,0.0240000),(-0.1267224,0.0106598,0.0240000),(-0.1266295,0.0115837,0.0240000),(-0.1267170,0.0115240,0.0240000),(-0.1267255,0.0105618,0.0240000),(-0.1267224,0.0106598,0.0240000),(-0.1267170,0.0115240,0.0240000),(-0.1267255,0.0105618,0.0240000),(-0.1267170,0.0115240,0.0240000),(-0.1268049,0.0114550,0.0240000),(-0.1267255,0.0101215,0.0240000),(-0.1267255,0.0105618,0.0240000),(-0.1268049,0.0114550,0.0240000),(-0.1267255,0.0101215,0.0240000),(-0.1268049,0.0114550,0.0240000),(-0.1268868,0.0113785,0.0240000),(-0.1267255,0.0101215,0.0240000),(-0.1268868,0.0113785,0.0240000),(-0.1269577,0.0112924,0.0240000),(-0.1267255,0.0101215,0.0240000),(-0.1269577,0.0112924,0.0240000),(-0.1270177,0.0111966,0.0240000),(-0.1267255,0.0101215,0.0240000),(-0.1270177,0.0111966,0.0240000),(-0.1270668,0.0110912,0.0240000),(-0.1267255,0.0101215,0.0240000),(-0.1270668,0.0110912,0.0240000),(-0.1271050,0.0109762,0.0240000),(-0.1267255,0.0101215,0.0240000),(-0.1271050,0.0109762,0.0240000),(-0.1271323,0.0108516,0.0240000),(-0.1267255,0.0101215,0.0240000),(-0.1271323,0.0108516,0.0240000),(-0.1271487,0.0107173,0.0240000),(-0.1267255,0.0101215,0.0240000),(-0.1271487,0.0107173,0.0240000),(-0.1271541,0.0105734,0.0240000),(-0.1267255,0.0101215,0.0240000),(-0.1271541,0.0105734,0.0240000),(-0.1271541,0.0092537,0.0240000),(-0.1260094,0.0103444,0.0240000),(-0.1267255,0.0101215,0.0240000),(-0.1271541,0.0092537,0.0240000),(-0.1271541,0.0092537,0.0240000),(-0.1267583,0.0092600,0.0240000),(-0.1267429,0.0093853,0.0240000),(-0.1271541,0.0092537,0.0240000),(-0.1267429,0.0093853,0.0240000),(-0.1266964,0.0095082,0.0240000),(-0.1271541,0.0092537,0.0240000),(-0.1266964,0.0095082,0.0240000),(-0.1266190,0.0096287,0.0240000),(-0.1260094,0.0103444,0.0240000),(-0.1271541,0.0092537,0.0240000),(-0.1266190,0.0096287,0.0240000),(-0.1260094,0.0103444,0.0240000),(-0.1266190,0.0096287,0.0240000),(-0.1265107,0.0097469,0.0240000),(-0.1260094,0.0103444,0.0240000),(-0.1265107,0.0097469,0.0240000),(-0.1264151,0.0098247,0.0240000),(-0.1260094,0.0103444,0.0240000),(-0.1264151,0.0098247,0.0240000),(-0.1263157,0.0098802,0.0240000),(-0.1260094,0.0103444,0.0240000),(-0.1263157,0.0098802,0.0240000),(-0.1262124,0.0099136,0.0240000),(-0.1260094,0.0103444,0.0240000),(-0.1262124,0.0099136,0.0240000),(-0.1261053,0.0099247,0.0240000),(-0.1260094,0.0103444,0.0240000),(-0.1261053,0.0099247,0.0240000),(-0.1259996,0.0099136,0.0240000),(-0.1260094,0.0103444,0.0240000),(-0.1259996,0.0099136,0.0240000),(-0.1258974,0.0098802,0.0240000),(-0.1260094,0.0103444,0.0240000),(-0.1258974,0.0098802,0.0240000),(-0.1257986,0.0098247,0.0240000),(-0.1260094,0.0103444,0.0240000),(-0.1257986,0.0098247,0.0240000),(-0.1257032,0.0097469,0.0240000),(-0.1260094,0.0103444,0.0240000),(-0.1257032,0.0097469,0.0240000),(-0.1256147,0.0096183,0.0240000),(-0.1250788,0.0087508,0.0240000),(-0.1260094,0.0103444,0.0240000),(-0.1256147,0.0096183,0.0240000),(-0.1250788,0.0087508,0.0240000),(-0.1256147,0.0096183,0.0240000),(-0.1255800,0.0095322,0.0240000),(-0.1250788,0.0087508,0.0240000),(-0.1255800,0.0095322,0.0240000),(-0.1255516,0.0094315,0.0240000),(-0.1250788,0.0087508,0.0240000),(-0.1255516,0.0094315,0.0240000),(-0.1255295,0.0093163,0.0240000),(-0.1250788,0.0087508,0.0240000),(-0.1255295,0.0093163,0.0240000),(-0.1255137,0.0091865,0.0240000),(-0.1250788,0.0087508,0.0240000),(-0.1255137,0.0091865,0.0240000),(-0.1255042,0.0090422,0.0240000),(-0.1250788,0.0087508,0.0240000),(-0.1255042,0.0090422,0.0240000),(-0.1255010,0.0088833,0.0240000),(-0.1250788,0.0087508,0.0240000),(-0.1255010,0.0088833,0.0240000),(-0.1255044,0.0087918,0.0240000),(-0.1250788,0.0087508,0.0240000),(-0.1255044,0.0087918,0.0240000),(-0.1255145,0.0087053,0.0240000),(-0.1250788,0.0087508,0.0240000),(-0.1255145,0.0087053,0.0240000),(-0.1255314,0.0086238,0.0240000),(-0.1250788,0.0087508,0.0240000),(-0.1255314,0.0086238,0.0240000),(-0.1255550,0.0085472,0.0240000),(-0.1250788,0.0087508,0.0240000),(-0.1255550,0.0085472,0.0240000),(-0.1256225,0.0084090,0.0240000),(-0.1250788,0.0087508,0.0240000),(-0.1256225,0.0084090,0.0240000),(-0.1257169,0.0082906,0.0240000),(-0.1250788,0.0087508,0.0240000),(-0.1257169,0.0082906,0.0240000),(-0.1258082,0.0082147,0.0240000),(-0.1267574,0.0091698,0.0240000),(-0.1267583,0.0092600,0.0240000),(-0.1271541,0.0092537,0.0240000),(-0.1267546,0.0090836,0.0240000),(-0.1267574,0.0091698,0.0240000),(-0.1271541,0.0092537,0.0240000),(-0.1267434,0.0089232,0.0240000),(-0.1267546,0.0090836,0.0240000),(-0.1271541,0.0092537,0.0240000),(-0.1267248,0.0087788,0.0240000),(-0.1267434,0.0089232,0.0240000),(-0.1271541,0.0092537,0.0240000),(-0.1266988,0.0086504,0.0240000),(-0.1267248,0.0087788,0.0240000),(-0.1271541,0.0092537,0.0240000),(-0.1266653,0.0085381,0.0240000),(-0.1266988,0.0086504,0.0240000),(-0.1271541,0.0092537,0.0240000),(-0.1266244,0.0084417,0.0240000),(-0.1266653,0.0085381,0.0240000),(-0.1271541,0.0092537,0.0240000),(-0.1265760,0.0083613,0.0240000),(-0.1266244,0.0084417,0.0240000),(-0.1271541,0.0092537,0.0240000),(-0.1265760,0.0083613,0.0240000),(-0.1271541,0.0092537,0.0240000),(-0.1271528,0.0091380,0.0240000),(-0.1265760,0.0083613,0.0240000),(-0.1271528,0.0091380,0.0240000),(-0.1271488,0.0090272,0.0240000),(-0.1265760,0.0083613,0.0240000),(-0.1271488,0.0090272,0.0240000),(-0.1271421,0.0089213,0.0240000),(-0.1265202,0.0082970,0.0240000),(-0.1265760,0.0083613,0.0240000),(-0.1271421,0.0089213,0.0240000),(-0.1265202,0.0082970,0.0240000),(-0.1271421,0.0089213,0.0240000),(-0.1271327,0.0088202,0.0240000),(-0.1265202,0.0082970,0.0240000),(-0.1271327,0.0088202,0.0240000),(-0.1271207,0.0087241,0.0240000),(-0.1264232,0.0082182,0.0240000),(-0.1265202,0.0082970,0.0240000),(-0.1271207,0.0087241,0.0240000),(-0.1264232,0.0082182,0.0240000),(-0.1271207,0.0087241,0.0240000),(-0.1271059,0.0086328,0.0240000),(-0.1264232,0.0082182,0.0240000),(-0.1271059,0.0086328,0.0240000),(-0.1270885,0.0085465,0.0240000),(-0.1263226,0.0081620,0.0240000),(-0.1264232,0.0082182,0.0240000),(-0.1270885,0.0085465,0.0240000),(-0.1263226,0.0081620,0.0240000),(-0.1270885,0.0085465,0.0240000),(-0.1270684,0.0084650,0.0240000),(-0.1263226,0.0081620,0.0240000),(-0.1270684,0.0084650,0.0240000),(-0.1270457,0.0083884,0.0240000),(-0.1262184,0.0081283,0.0240000),(-0.1263226,0.0081620,0.0240000),(-0.1270457,0.0083884,0.0240000),(-0.1262184,0.0081283,0.0240000),(-0.1270457,0.0083884,0.0240000),(-0.1270202,0.0083166,0.0240000),(-0.1262184,0.0081283,0.0240000),(-0.1270202,0.0083166,0.0240000),(-0.1269613,0.0081879,0.0240000),(-0.1261106,0.0081170,0.0240000),(-0.1262184,0.0081283,0.0240000),(-0.1269613,0.0081879,0.0240000),(-0.1261106,0.0081170,0.0240000),(-0.1269613,0.0081879,0.0240000),(-0.1268916,0.0080787,0.0240000),(-0.1261106,0.0081170,0.0240000),(-0.1268916,0.0080787,0.0240000),(-0.1268112,0.0079890,0.0240000),(-0.1260051,0.0081279,0.0240000),(-0.1261106,0.0081170,0.0240000),(-0.1268112,0.0079890,0.0240000),(-0.1260051,0.0081279,0.0240000),(-0.1268112,0.0079890,0.0240000),(-0.1267319,0.0079195,0.0240000),(-0.1260051,0.0081279,0.0240000),(-0.1267319,0.0079195,0.0240000),(-0.1266499,0.0078593,0.0240000),(-0.1259043,0.0081604,0.0240000),(-0.1260051,0.0081279,0.0240000),(-0.1266499,0.0078593,0.0240000),(-0.1259043,0.0081604,0.0240000),(-0.1266499,0.0078593,0.0240000),(-0.1265653,0.0078084,0.0240000),(-0.1259043,0.0081604,0.0240000),(-0.1265653,0.0078084,0.0240000),(-0.1264781,0.0077667,0.0240000),(-0.1258082,0.0082147,0.0240000),(-0.1259043,0.0081604,0.0240000),(-0.1264781,0.0077667,0.0240000),(-0.1258082,0.0082147,0.0240000),(-0.1264781,0.0077667,0.0240000),(-0.1263883,0.0077343,0.0240000),(-0.1250788,0.0087508,0.0240000),(-0.1258082,0.0082147,0.0240000),(-0.1263883,0.0077343,0.0240000),(-0.1250788,0.0087508,0.0240000),(-0.1263883,0.0077343,0.0240000),(-0.1262959,0.0077112,0.0240000),(-0.1250788,0.0087508,0.0240000),(-0.1262959,0.0077112,0.0240000),(-0.1262009,0.0076973,0.0240000),(-0.1250788,0.0087508,0.0240000),(-0.1262009,0.0076973,0.0240000),(-0.1261032,0.0076926,0.0240000),(-0.1250788,0.0087508,0.0240000),(-0.1261032,0.0076926,0.0240000),(-0.1260080,0.0076974,0.0240000),(-0.1250788,0.0087508,0.0240000),(-0.1260080,0.0076974,0.0240000),(-0.1259154,0.0077115,0.0240000),(-0.1250788,0.0087508,0.0240000),(-0.1259154,0.0077115,0.0240000),(-0.1258254,0.0077351,0.0240000),(-0.1250788,0.0087508,0.0240000),(-0.1258254,0.0077351,0.0240000),(-0.1257381,0.0077681,0.0240000),(-0.1250788,0.0087508,0.0240000),(-0.1257381,0.0077681,0.0240000),(-0.1256534,0.0078105,0.0240000),(-0.1250788,0.0087508,0.0240000),(-0.1256534,0.0078105,0.0240000),(-0.1255714,0.0078623,0.0240000),(-0.1250788,0.0087508,0.0240000),(-0.1255714,0.0078623,0.0240000),(-0.1254920,0.0079236,0.0240000),(-0.1250788,0.0087508,0.0240000),(-0.1254920,0.0079236,0.0240000),(-0.1254153,0.0079943,0.0240000),(-0.1250788,0.0087508,0.0240000),(-0.1254153,0.0079943,0.0240000),(-0.1253352,0.0080825,0.0240000),(-0.1250788,0.0087508,0.0240000),(-0.1253352,0.0080825,0.0240000),(-0.1252657,0.0081774,0.0240000),(-0.1250788,0.0087508,0.0240000),(-0.1252657,0.0081774,0.0240000),(-0.1252070,0.0082788,0.0240000),(-0.1250788,0.0087508,0.0240000),(-0.1252070,0.0082788,0.0240000),(-0.1251589,0.0083869,0.0240000),(-0.1250788,0.0087508,0.0240000),(-0.1251589,0.0083869,0.0240000),(-0.1251215,0.0085016,0.0240000),(-0.1250788,0.0087508,0.0240000),(-0.1251215,0.0085016,0.0240000),(-0.1250948,0.0086229,0.0240000),(-0.1244057,0.0086123,0.0240000),(-0.1244035,0.0085637,0.0240000),(-0.1243796,0.0084716,0.0240000),(-0.1244057,0.0086123,0.0240000),(-0.1243796,0.0084716,0.0240000),(-0.1243517,0.0083853,0.0240000),(-0.1244057,0.0086123,0.0240000),(-0.1243517,0.0083853,0.0240000),(-0.1243199,0.0083047,0.0240000),(-0.1244057,0.0086123,0.0240000),(-0.1243199,0.0083047,0.0240000),(-0.1242842,0.0082300,0.0240000),(-0.1244057,0.0086123,0.0240000),(-0.1242842,0.0082300,0.0240000),(-0.1242445,0.0081611,0.0240000),(-0.1244057,0.0086123,0.0240000),(-0.1242445,0.0081611,0.0240000),(-0.1242009,0.0080979,0.0240000),(-0.1244057,0.0086123,0.0240000),(-0.1242009,0.0080979,0.0240000),(-0.1241019,0.0079890,0.0240000),(-0.1244057,0.0086123,0.0240000),(-0.1241019,0.0079890,0.0240000),(-0.1240209,0.0079195,0.0240000),(-0.1244057,0.0086123,0.0240000),(-0.1240209,0.0079195,0.0240000),(-0.1239378,0.0078593,0.0240000),(-0.1244057,0.0086123,0.0240000),(-0.1239378,0.0078593,0.0240000),(-0.1238525,0.0078084,0.0240000),(-0.1244057,0.0086123,0.0240000),(-0.1238525,0.0078084,0.0240000),(-0.1237651,0.0077667,0.0240000),(-0.1244057,0.0086123,0.0240000),(-0.1237651,0.0077667,0.0240000),(-0.1236755,0.0077343,0.0240000),(-0.1244057,0.0086123,0.0240000),(-0.1236755,0.0077343,0.0240000),(-0.1235838,0.0077112,0.0240000),(-0.1244057,0.0086123,0.0240000),(-0.1235838,0.0077112,0.0240000),(-0.1234899,0.0076973,0.0240000),(-0.1244057,0.0086123,0.0240000),(-0.1234899,0.0076973,0.0240000),(-0.1233939,0.0076926,0.0240000),(-0.1244057,0.0086123,0.0240000),(-0.1233939,0.0076926,0.0240000),(-0.1232986,0.0076974,0.0240000),(-0.1244057,0.0086123,0.0240000),(-0.1232986,0.0076974,0.0240000),(-0.1232060,0.0077115,0.0240000),(-0.1244057,0.0086123,0.0240000),(-0.1232060,0.0077115,0.0240000),(-0.1231161,0.0077351,0.0240000),(-0.1244057,0.0086123,0.0240000),(-0.1231161,0.0077351,0.0240000),(-0.1230288,0.0077681,0.0240000),(-0.1230288,0.0077681,0.0240000),(-0.1229441,0.0078105,0.0240000),(-0.1228621,0.0078623,0.0240000),(-0.1230288,0.0077681,0.0240000),(-0.1228621,0.0078623,0.0240000),(-0.1227827,0.0079236,0.0240000),(-0.1230288,0.0077681,0.0240000),(-0.1227827,0.0079236,0.0240000),(-0.1227060,0.0079943,0.0240000),(-0.1230288,0.0077681,0.0240000),(-0.1227060,0.0079943,0.0240000),(-0.1226259,0.0080825,0.0240000),(-0.1230288,0.0077681,0.0240000),(-0.1226259,0.0080825,0.0240000),(-0.1225564,0.0081774,0.0240000),(-0.1230288,0.0077681,0.0240000),(-0.1225564,0.0081774,0.0240000),(-0.1224977,0.0082788,0.0240000),(-0.1230288,0.0077681,0.0240000),(-0.1224977,0.0082788,0.0240000),(-0.1224496,0.0083869,0.0240000),(-0.1230288,0.0077681,0.0240000),(-0.1224496,0.0083869,0.0240000),(-0.1224122,0.0085016,0.0240000),(-0.1230288,0.0077681,0.0240000),(-0.1224122,0.0085016,0.0240000),(-0.1223855,0.0086229,0.0240000),(-0.1230288,0.0077681,0.0240000),(-0.1223855,0.0086229,0.0240000),(-0.1223695,0.0087508,0.0240000),(-0.1230288,0.0077681,0.0240000),(-0.1223695,0.0087508,0.0240000),(-0.1223641,0.0088854,0.0240000),(-0.1230288,0.0077681,0.0240000),(-0.1223641,0.0088854,0.0240000),(-0.1223654,0.0089887,0.0240000),(-0.1230288,0.0077681,0.0240000),(-0.1223654,0.0089887,0.0240000),(-0.1223693,0.0090879,0.0240000),(-0.1230288,0.0077681,0.0240000),(-0.1223693,0.0090879,0.0240000),(-0.1223757,0.0091831,0.0240000),(-0.1230288,0.0077681,0.0240000),(-0.1223757,0.0091831,0.0240000),(-0.1223848,0.0092743,0.0240000),(-0.1230288,0.0077681,0.0240000),(-0.1223848,0.0092743,0.0240000),(-0.1223964,0.0093614,0.0240000),(-0.1230288,0.0077681,0.0240000),(-0.1223964,0.0093614,0.0240000),(-0.1224106,0.0094444,0.0240000),(-0.1230288,0.0077681,0.0240000),(-0.1224106,0.0094444,0.0240000),(-0.1224273,0.0095235,0.0240000),(-0.1230288,0.0077681,0.0240000),(-0.1224273,0.0095235,0.0240000),(-0.1224467,0.0095984,0.0240000),(-0.1230288,0.0077681,0.0240000),(-0.1224467,0.0095984,0.0240000),(-0.1224931,0.0097363,0.0240000),(-0.1224931,0.0097363,0.0240000),(-0.1225499,0.0098579,0.0240000),(-0.1226169,0.0099634,0.0240000),(-0.1224931,0.0097363,0.0240000),(-0.1226169,0.0099634,0.0240000),(-0.1226943,0.0100527,0.0240000),(-0.1224931,0.0097363,0.0240000),(-0.1226943,0.0100527,0.0240000),(-0.1227738,0.0101222,0.0240000),(-0.1224931,0.0097363,0.0240000),(-0.1227738,0.0101222,0.0240000),(-0.1228557,0.0101824,0.0240000),(-0.1224931,0.0097363,0.0240000),(-0.1228557,0.0101824,0.0240000),(-0.1229398,0.0102333,0.0240000),(-0.1224931,0.0097363,0.0240000),(-0.1229398,0.0102333,0.0240000),(-0.1230264,0.0102750,0.0240000),(-0.1224931,0.0097363,0.0240000),(-0.1230264,0.0102750,0.0240000),(-0.1231153,0.0103074,0.0240000),(-0.1224931,0.0097363,0.0240000),(-0.1231153,0.0103074,0.0240000),(-0.1232065,0.0103305,0.0240000),(-0.1224931,0.0097363,0.0240000),(-0.1232065,0.0103305,0.0240000),(-0.1233001,0.0103444,0.0240000),(-0.1224931,0.0097363,0.0240000),(-0.1233001,0.0103444,0.0240000),(-0.1233960,0.0103491,0.0240000),(-0.1224931,0.0097363,0.0240000),(-0.1233960,0.0103491,0.0240000),(-0.1234813,0.0103458,0.0240000),(-0.1224931,0.0097363,0.0240000),(-0.1234813,0.0103458,0.0240000),(-0.1235637,0.0103360,0.0240000),(-0.1224931,0.0097363,0.0240000),(-0.1235637,0.0103360,0.0240000),(-0.1236431,0.0103197,0.0240000),(-0.1224931,0.0097363,0.0240000),(-0.1236431,0.0103197,0.0240000),(-0.1237196,0.0102969,0.0240000),(-0.1224931,0.0097363,0.0240000),(-0.1237196,0.0102969,0.0240000),(-0.1238637,0.0102318,0.0240000),(-0.1224931,0.0097363,0.0240000),(-0.1238637,0.0102318,0.0240000),(-0.1239961,0.0101406,0.0240000),(-0.1239537,0.0113185,0.0240000),(-0.1226785,0.0113185,0.0240000),(-0.1225970,0.0113344,0.0240000),(-0.1239537,0.0113185,0.0240000),(-0.1225970,0.0113344,0.0240000),(-0.1225282,0.0113820,0.0240000),(-0.1239537,0.0113185,0.0240000),(-0.1225282,0.0113820,0.0240000),(-0.1224813,0.0114513,0.0240000),(-0.1239537,0.0113185,0.0240000),(-0.1224813,0.0114513,0.0240000),(-0.1224657,0.0115323,0.0240000),(-0.1239537,0.0113185,0.0240000),(-0.1224657,0.0115323,0.0240000),(-0.1224813,0.0116130,0.0240000),(-0.1239537,0.0113185,0.0240000),(-0.1224813,0.0116130,0.0240000),(-0.1225282,0.0116815,0.0240000),(-0.1239537,0.0113185,0.0240000),(-0.1225282,0.0116815,0.0240000),(-0.1225970,0.0117291,0.0240000),(-0.1239537,0.0113185,0.0240000),(-0.1225970,0.0117291,0.0240000),(-0.1226785,0.0117450,0.0240000),(-0.1239537,0.0113185,0.0240000),(-0.1226785,0.0117450,0.0240000),(-0.1241506,0.0117450,0.0240000),(-0.1239961,0.0101406,0.0240000),(-0.1239537,0.0113185,0.0240000),(-0.1241506,0.0117450,0.0240000),(-0.1239961,0.0101406,0.0240000),(-0.1241506,0.0117450,0.0240000),(-0.1242310,0.0117310,0.0240000),(-0.1239961,0.0101406,0.0240000),(-0.1242310,0.0117310,0.0240000),(-0.1243009,0.0116889,0.0240000),(-0.1239961,0.0101406,0.0240000),(-0.1243009,0.0116889,0.0240000),(-0.1243485,0.0116238,0.0240000),(-0.1239961,0.0101406,0.0240000),(-0.1243485,0.0116238,0.0240000),(-0.1243644,0.0115450,0.0240000),(-0.1239961,0.0101406,0.0240000),(-0.1243644,0.0115450,0.0240000),(-0.1244448,0.0094802,0.0240000),(-0.1239961,0.0101406,0.0240000),(-0.1244448,0.0094802,0.0240000),(-0.1244316,0.0094008,0.0240000),(-0.1239961,0.0101406,0.0240000),(-0.1244316,0.0094008,0.0240000),(-0.1243919,0.0093299,0.0240000),(-0.1239961,0.0101406,0.0240000),(-0.1243919,0.0093299,0.0240000),(-0.1243268,0.0092759,0.0240000),(-0.1239961,0.0101406,0.0240000),(-0.1243268,0.0092759,0.0240000),(-0.1242437,0.0092579,0.0240000),(-0.1239961,0.0101406,0.0240000),(-0.1242437,0.0092579,0.0240000),(-0.1241625,0.0092714,0.0240000),(-0.1239961,0.0101406,0.0240000),(-0.1241625,0.0092714,0.0240000),(-0.1240903,0.0093119,0.0240000),(-0.1239961,0.0101406,0.0240000),(-0.1240903,0.0093119,0.0240000),(-0.1240278,0.0094135,0.0240000),(-0.1239961,0.0101406,0.0240000),(-0.1240278,0.0094135,0.0240000),(-0.1239938,0.0094986,0.0240000),(-0.1239961,0.0101406,0.0240000),(-0.1239938,0.0094986,0.0240000),(-0.1239447,0.0095826,0.0240000),(-0.1239961,0.0101406,0.0240000),(-0.1239447,0.0095826,0.0240000),(-0.1238806,0.0096653,0.0240000),(-0.1239961,0.0101406,0.0240000),(-0.1238806,0.0096653,0.0240000),(-0.1238013,0.0097469,0.0240000),(-0.1239961,0.0101406,0.0240000),(-0.1238013,0.0097469,0.0240000),(-0.1237058,0.0098247,0.0240000),(-0.1239961,0.0101406,0.0240000),(-0.1237058,0.0098247,0.0240000),(-0.1236063,0.0098802,0.0240000),(-0.1239961,0.0101406,0.0240000),(-0.1236063,0.0098802,0.0240000),(-0.1235031,0.0099136,0.0240000),(-0.1239961,0.0101406,0.0240000),(-0.1235031,0.0099136,0.0240000),(-0.1233960,0.0099247,0.0240000),(-0.1239961,0.0101406,0.0240000),(-0.1233960,0.0099247,0.0240000),(-0.1232895,0.0099136,0.0240000),(-0.1224931,0.0097363,0.0240000),(-0.1239961,0.0101406,0.0240000),(-0.1232895,0.0099136,0.0240000),(-0.1224931,0.0097363,0.0240000),(-0.1232895,0.0099136,0.0240000),(-0.1231870,0.0098802,0.0240000),(-0.1224931,0.0097363,0.0240000),(-0.1231870,0.0098802,0.0240000),(-0.1230884,0.0098247,0.0240000),(-0.1224931,0.0097363,0.0240000),(-0.1230884,0.0098247,0.0240000),(-0.1229938,0.0097469,0.0240000),(-0.1224931,0.0097363,0.0240000),(-0.1229938,0.0097469,0.0240000),(-0.1229035,0.0096183,0.0240000),(-0.1224931,0.0097363,0.0240000),(-0.1229035,0.0096183,0.0240000),(-0.1228681,0.0095322,0.0240000),(-0.1224931,0.0097363,0.0240000),(-0.1228681,0.0095322,0.0240000),(-0.1228391,0.0094315,0.0240000),(-0.1224931,0.0097363,0.0240000),(-0.1228391,0.0094315,0.0240000),(-0.1228165,0.0093163,0.0240000),(-0.1224931,0.0097363,0.0240000),(-0.1228165,0.0093163,0.0240000),(-0.1228004,0.0091865,0.0240000),(-0.1224931,0.0097363,0.0240000),(-0.1228004,0.0091865,0.0240000),(-0.1227907,0.0090422,0.0240000),(-0.1224931,0.0097363,0.0240000),(-0.1227907,0.0090422,0.0240000),(-0.1227875,0.0088833,0.0240000),(-0.1224931,0.0097363,0.0240000),(-0.1227875,0.0088833,0.0240000),(-0.1227909,0.0087918,0.0240000),(-0.1224931,0.0097363,0.0240000),(-0.1227909,0.0087918,0.0240000),(-0.1228012,0.0087053,0.0240000),(-0.1224931,0.0097363,0.0240000),(-0.1228012,0.0087053,0.0240000),(-0.1228184,0.0086238,0.0240000),(-0.1230288,0.0077681,0.0240000),(-0.1224931,0.0097363,0.0240000),(-0.1228184,0.0086238,0.0240000),(-0.1230288,0.0077681,0.0240000),(-0.1228184,0.0086238,0.0240000),(-0.1228425,0.0085472,0.0240000),(-0.1230288,0.0077681,0.0240000),(-0.1228425,0.0085472,0.0240000),(-0.1229113,0.0084090,0.0240000),(-0.1230288,0.0077681,0.0240000),(-0.1229113,0.0084090,0.0240000),(-0.1230076,0.0082906,0.0240000),(-0.1230288,0.0077681,0.0240000),(-0.1230076,0.0082906,0.0240000),(-0.1230989,0.0082147,0.0240000),(-0.1230288,0.0077681,0.0240000),(-0.1230989,0.0082147,0.0240000),(-0.1231949,0.0081604,0.0240000),(-0.1230288,0.0077681,0.0240000),(-0.1231949,0.0081604,0.0240000),(-0.1232957,0.0081279,0.0240000),(-0.1230288,0.0077681,0.0240000),(-0.1232957,0.0081279,0.0240000),(-0.1234013,0.0081170,0.0240000),(-0.1230288,0.0077681,0.0240000),(-0.1234013,0.0081170,0.0240000),(-0.1235039,0.0081283,0.0240000),(-0.1230288,0.0077681,0.0240000),(-0.1235039,0.0081283,0.0240000),(-0.1236063,0.0081620,0.0240000),(-0.1230288,0.0077681,0.0240000),(-0.1236063,0.0081620,0.0240000),(-0.1237087,0.0082182,0.0240000),(-0.1244057,0.0086123,0.0240000),(-0.1230288,0.0077681,0.0240000),(-0.1237087,0.0082182,0.0240000),(-0.1244057,0.0086123,0.0240000),(-0.1237087,0.0082182,0.0240000),(-0.1238109,0.0082970,0.0240000),(-0.1244057,0.0086123,0.0240000),(-0.1238109,0.0082970,0.0240000),(-0.1239130,0.0084398,0.0240000),(-0.1244057,0.0086123,0.0240000),(-0.1239130,0.0084398,0.0240000),(-0.1239526,0.0085398,0.0240000),(-0.1244057,0.0086123,0.0240000),(-0.1239526,0.0085398,0.0240000),(-0.1239844,0.0086589,0.0240000),(-0.1244057,0.0086123,0.0240000),(-0.1239844,0.0086589,0.0240000),(-0.1240285,0.0087316,0.0240000),(-0.1244057,0.0086123,0.0240000),(-0.1240285,0.0087316,0.0240000),(-0.1240770,0.0087835,0.0240000),(-0.1244057,0.0086123,0.0240000),(-0.1240770,0.0087835,0.0240000),(-0.1241876,0.0088251,0.0240000),(-0.1244057,0.0086123,0.0240000),(-0.1241876,0.0088251,0.0240000),(-0.1241950,0.0088251,0.0240000),(-0.1244057,0.0086123,0.0240000),(-0.1241950,0.0088251,0.0240000),(-0.1242689,0.0088094,0.0240000),(-0.1244057,0.0086123,0.0240000),(-0.1242689,0.0088094,0.0240000),(-0.1243287,0.0087687,0.0240000),(-0.1291184,0.0099808,0.0240000),(-0.1290708,0.0100294,0.0240000),(-0.1290147,0.0101070,0.0240000),(-0.1291184,0.0099808,0.0240000),(-0.1290147,0.0101070,0.0240000),(-0.1289661,0.0101884,0.0240000),(-0.1291184,0.0099808,0.0240000),(-0.1289661,0.0101884,0.0240000),(-0.1289250,0.0102736,0.0240000),(-0.1291184,0.0099808,0.0240000),(-0.1289250,0.0102736,0.0240000),(-0.1288914,0.0103626,0.0240000),(-0.1291184,0.0099808,0.0240000),(-0.1288914,0.0103626,0.0240000),(-0.1288652,0.0104553,0.0240000),(-0.1291184,0.0099808,0.0240000),(-0.1288652,0.0104553,0.0240000),(-0.1288466,0.0105519,0.0240000),(-0.1291184,0.0099808,0.0240000),(-0.1288466,0.0105519,0.0240000),(-0.1288353,0.0106523,0.0240000),(-0.1291184,0.0099808,0.0240000),(-0.1288353,0.0106523,0.0240000),(-0.1288316,0.0107565,0.0240000),(-0.1291184,0.0099808,0.0240000),(-0.1288316,0.0107565,0.0240000),(-0.1288353,0.0108606,0.0240000),(-0.1291184,0.0099808,0.0240000),(-0.1288353,0.0108606,0.0240000),(-0.1288465,0.0109602,0.0240000),(-0.1291184,0.0099808,0.0240000),(-0.1288465,0.0109602,0.0240000),(-0.1288651,0.0110554,0.0240000),(-0.1291184,0.0099808,0.0240000),(-0.1288651,0.0110554,0.0240000),(-0.1288911,0.0111460,0.0240000),(-0.1291184,0.0099808,0.0240000),(-0.1288911,0.0111460,0.0240000),(-0.1289246,0.0112321,0.0240000),(-0.1291184,0.0099808,0.0240000),(-0.1289246,0.0112321,0.0240000),(-0.1289655,0.0113137,0.0240000),(-0.1291184,0.0099808,0.0240000),(-0.1289655,0.0113137,0.0240000),(-0.1290139,0.0113909,0.0240000),(-0.1291184,0.0099808,0.0240000),(-0.1290139,0.0113909,0.0240000),(-0.1290697,0.0114635,0.0240000),(-0.1291184,0.0099808,0.0240000),(-0.1290697,0.0114635,0.0240000),(-0.1291315,0.0115295,0.0240000),(-0.1291184,0.0099808,0.0240000),(-0.1291315,0.0115295,0.0240000),(-0.1291982,0.0115866,0.0240000),(-0.1291184,0.0099808,0.0240000),(-0.1291982,0.0115866,0.0240000),(-0.1292699,0.0116350,0.0240000),(-0.1291184,0.0099808,0.0240000),(-0.1292699,0.0116350,0.0240000),(-0.1293465,0.0116746,0.0240000),(-0.1293465,0.0116746,0.0240000),(-0.1294281,0.0117054,0.0240000),(-0.1295146,0.0117274,0.0240000),(-0.1293465,0.0116746,0.0240000),(-0.1295146,0.0117274,0.0240000),(-0.1296061,0.0117406,0.0240000),(-0.1293465,0.0116746,0.0240000),(-0.1296061,0.0117406,0.0240000),(-0.1297026,0.0117450,0.0240000),(-0.1293465,0.0116746,0.0240000),(-0.1297026,0.0117450,0.0240000),(-0.1297981,0.0117406,0.0240000),(-0.1293465,0.0116746,0.0240000),(-0.1297981,0.0117406,0.0240000),(-0.1298894,0.0117275,0.0240000),(-0.1293465,0.0116746,0.0240000),(-0.1298894,0.0117275,0.0240000),(-0.1299765,0.0117056,0.0240000),(-0.1293465,0.0116746,0.0240000),(-0.1299765,0.0117056,0.0240000),(-0.1300593,0.0116749,0.0240000),(-0.1293465,0.0116746,0.0240000),(-0.1300593,0.0116749,0.0240000),(-0.1301379,0.0116354,0.0240000),(-0.1293465,0.0116746,0.0240000),(-0.1301379,0.0116354,0.0240000),(-0.1302122,0.0115872,0.0240000),(-0.1293465,0.0116746,0.0240000),(-0.1302122,0.0115872,0.0240000),(-0.1302823,0.0115303,0.0240000),(-0.1293465,0.0116746,0.0240000),(-0.1302823,0.0115303,0.0240000),(-0.1303482,0.0114645,0.0240000),(-0.1293465,0.0116746,0.0240000),(-0.1303482,0.0114645,0.0240000),(-0.1304080,0.0113921,0.0240000),(-0.1293465,0.0116746,0.0240000),(-0.1304080,0.0113921,0.0240000),(-0.1304598,0.0113151,0.0240000),(-0.1293465,0.0116746,0.0240000),(-0.1304598,0.0113151,0.0240000),(-0.1305036,0.0112335,0.0240000),(-0.1293465,0.0116746,0.0240000),(-0.1305036,0.0112335,0.0240000),(-0.1305395,0.0111473,0.0240000),(-0.1293465,0.0116746,0.0240000),(-0.1305395,0.0111473,0.0240000),(-0.1305674,0.0110565,0.0240000),(-0.1293465,0.0116746,0.0240000),(-0.1305674,0.0110565,0.0240000),(-0.1305873,0.0109611,0.0240000),(-0.1293465,0.0116746,0.0240000),(-0.1305873,0.0109611,0.0240000),(-0.1305993,0.0108611,0.0240000),(-0.1305993,0.0108611,0.0240000),(-0.1306033,0.0107565,0.0240000),(-0.1305879,0.0106742,0.0240000),(-0.1305993,0.0108611,0.0240000),(-0.1305879,0.0106742,0.0240000),(-0.1305419,0.0106052,0.0240000),(-0.1305993,0.0108611,0.0240000),(-0.1305419,0.0106052,0.0240000),(-0.1304736,0.0105583,0.0240000),(-0.1305993,0.0108611,0.0240000),(-0.1304736,0.0105583,0.0240000),(-0.1303916,0.0105427,0.0240000),(-0.1305993,0.0108611,0.0240000),(-0.1303916,0.0105427,0.0240000),(-0.1303088,0.0105583,0.0240000),(-0.1305993,0.0108611,0.0240000),(-0.1303088,0.0105583,0.0240000),(-0.1302402,0.0106052,0.0240000),(-0.1305993,0.0108611,0.0240000),(-0.1302402,0.0106052,0.0240000),(-0.1301942,0.0106742,0.0240000),(-0.1305993,0.0108611,0.0240000),(-0.1301942,0.0106742,0.0240000),(-0.1301789,0.0107565,0.0240000),(-0.1305993,0.0108611,0.0240000),(-0.1301789,0.0107565,0.0240000),(-0.1301702,0.0108828,0.0240000),(-0.1305993,0.0108611,0.0240000),(-0.1301702,0.0108828,0.0240000),(-0.1301442,0.0109939,0.0240000),(-0.1305993,0.0108611,0.0240000),(-0.1301442,0.0109939,0.0240000),(-0.1301009,0.0110897,0.0240000),(-0.1305993,0.0108611,0.0240000),(-0.1301009,0.0110897,0.0240000),(-0.1300402,0.0111703,0.0240000),(-0.1305993,0.0108611,0.0240000),(-0.1300402,0.0111703,0.0240000),(-0.1299687,0.0112352,0.0240000),(-0.1293465,0.0116746,0.0240000),(-0.1305993,0.0108611,0.0240000),(-0.1299687,0.0112352,0.0240000),(-0.1293465,0.0116746,0.0240000),(-0.1299687,0.0112352,0.0240000),(-0.1298886,0.0112815,0.0240000),(-0.1293465,0.0116746,0.0240000),(-0.1298886,0.0112815,0.0240000),(-0.1297999,0.0113092,0.0240000),(-0.1293465,0.0116746,0.0240000),(-0.1297999,0.0113092,0.0240000),(-0.1297026,0.0113185,0.0240000),(-0.1293465,0.0116746,0.0240000),(-0.1297026,0.0113185,0.0240000),(-0.1296088,0.0113093,0.0240000),(-0.1293465,0.0116746,0.0240000),(-0.1296088,0.0113093,0.0240000),(-0.1295240,0.0112817,0.0240000),(-0.1293465,0.0116746,0.0240000),(-0.1295240,0.0112817,0.0240000),(-0.1294484,0.0112357,0.0240000),(-0.1293465,0.0116746,0.0240000),(-0.1294484,0.0112357,0.0240000),(-0.1293819,0.0111714,0.0240000),(-0.1293465,0.0116746,0.0240000),(-0.1293819,0.0111714,0.0240000),(-0.1293278,0.0110903,0.0240000),(-0.1293465,0.0116746,0.0240000),(-0.1293278,0.0110903,0.0240000),(-0.1292891,0.0109941,0.0240000),(-0.1293465,0.0116746,0.0240000),(-0.1292891,0.0109941,0.0240000),(-0.1292659,0.0108829,0.0240000),(-0.1291184,0.0099808,0.0240000),(-0.1293465,0.0116746,0.0240000),(-0.1292659,0.0108829,0.0240000),(-0.1291184,0.0099808,0.0240000),(-0.1292659,0.0108829,0.0240000),(-0.1292581,0.0107565,0.0240000),(-0.1291184,0.0099808,0.0240000),(-0.1292581,0.0107565,0.0240000),(-0.1292658,0.0106285,0.0240000),(-0.1291184,0.0099808,0.0240000),(-0.1292658,0.0106285,0.0240000),(-0.1292888,0.0105131,0.0240000),(-0.1291184,0.0099808,0.0240000),(-0.1292888,0.0105131,0.0240000),(-0.1293272,0.0104104,0.0240000),(-0.1291184,0.0099808,0.0240000),(-0.1293272,0.0104104,0.0240000),(-0.1293809,0.0103205,0.0240000),(-0.1291184,0.0099808,0.0240000),(-0.1293809,0.0103205,0.0240000),(-0.1294431,0.0102557,0.0240000),(-0.1290340,0.0099046,0.0240000),(-0.1291184,0.0099808,0.0240000),(-0.1294431,0.0102557,0.0240000),(-0.1290340,0.0099046,0.0240000),(-0.1294431,0.0102557,0.0240000),(-0.1295124,0.0102094,0.0240000),(-0.1290340,0.0099046,0.0240000),(-0.1295124,0.0102094,0.0240000),(-0.1295886,0.0101816,0.0240000),(-0.1290340,0.0099046,0.0240000),(-0.1295886,0.0101816,0.0240000),(-0.1296719,0.0101723,0.0240000),(-0.1290340,0.0099046,0.0240000),(-0.1296719,0.0101723,0.0240000),(-0.1297143,0.0101723,0.0240000),(-0.1290340,0.0099046,0.0240000),(-0.1297143,0.0101723,0.0240000),(-0.1297809,0.0101723,0.0240000),(-0.1290340,0.0099046,0.0240000),(-0.1297809,0.0101723,0.0240000),(-0.1298624,0.0101567,0.0240000),(-0.1290340,0.0099046,0.0240000),(-0.1298624,0.0101567,0.0240000),(-0.1299312,0.0101099,0.0240000),(-0.1290340,0.0099046,0.0240000),(-0.1299312,0.0101099,0.0240000),(-0.1299780,0.0100414,0.0240000),(-0.1290340,0.0099046,0.0240000),(-0.1299780,0.0100414,0.0240000),(-0.1299937,0.0099607,0.0240000),(-0.1290340,0.0099046,0.0240000),(-0.1299937,0.0099607,0.0240000),(-0.1299780,0.0098797,0.0240000),(-0.1290340,0.0099046,0.0240000),(-0.1299780,0.0098797,0.0240000),(-0.1299312,0.0098104,0.0240000),(-0.1290340,0.0099046,0.0240000),(-0.1299312,0.0098104,0.0240000),(-0.1298624,0.0097627,0.0240000),(-0.1290340,0.0099046,0.0240000),(-0.1298624,0.0097627,0.0240000),(-0.1297809,0.0097469,0.0240000),(-0.1290340,0.0099046,0.0240000),(-0.1297809,0.0097469,0.0240000),(-0.1297143,0.0097469,0.0240000),(-0.1290340,0.0099046,0.0240000),(-0.1297143,0.0097469,0.0240000),(-0.1295839,0.0097329,0.0240000),(-0.1290340,0.0099046,0.0240000),(-0.1295839,0.0097329,0.0240000),(-0.1294658,0.0096910,0.0240000),(-0.1290340,0.0099046,0.0240000),(-0.1294658,0.0096910,0.0240000),(-0.1293600,0.0096213,0.0240000),(-0.1290340,0.0099046,0.0240000),(-0.1293600,0.0096213,0.0240000),(-0.1292666,0.0095236,0.0240000),(-0.1290340,0.0099046,0.0240000),(-0.1292666,0.0095236,0.0240000),(-0.1291897,0.0094024,0.0240000),(-0.1290340,0.0099046,0.0240000),(-0.1291897,0.0094024,0.0240000),(-0.1291348,0.0092622,0.0240000),(-0.1290340,0.0099046,0.0240000),(-0.1291348,0.0092622,0.0240000),(-0.1291019,0.0091029,0.0240000),(-0.1290340,0.0099046,0.0240000),(-0.1291019,0.0091029,0.0240000),(-0.1290936,0.0090161,0.0240000),(-0.1290340,0.0099046,0.0240000),(-0.1290936,0.0090161,0.0240000),(-0.1290909,0.0089245,0.0240000),(-0.1290340,0.0099046,0.0240000),(-0.1290909,0.0089245,0.0240000),(-0.1290937,0.0088339,0.0240000),(-0.1303127,0.0088890,0.0240000),(-0.1303154,0.0089891,0.0240000),(-0.1303313,0.0090711,0.0240000),(-0.1303045,0.0087947,0.0240000),(-0.1303127,0.0088890,0.0240000),(-0.1303313,0.0090711,0.0240000),(-0.1303045,0.0087947,0.0240000),(-0.1303313,0.0090711,0.0240000),(-0.1303789,0.0091394,0.0240000),(-0.1302910,0.0087061,0.0240000),(-0.1303045,0.0087947,0.0240000),(-0.1303789,0.0091394,0.0240000),(-0.1302910,0.0087061,0.0240000),(-0.1303789,0.0091394,0.0240000),(-0.1304482,0.0091854,0.0240000),(-0.1302720,0.0086232,0.0240000),(-0.1302910,0.0087061,0.0240000),(-0.1304482,0.0091854,0.0240000),(-0.1302720,0.0086232,0.0240000),(-0.1304482,0.0091854,0.0240000),(-0.1305313,0.0092008,0.0240000),(-0.1302178,0.0084746,0.0240000),(-0.1302720,0.0086232,0.0240000),(-0.1305313,0.0092008,0.0240000),(-0.1302178,0.0084746,0.0240000),(-0.1305313,0.0092008,0.0240000),(-0.1306141,0.0091854,0.0240000),(-0.1302178,0.0084746,0.0240000),(-0.1306141,0.0091854,0.0240000),(-0.1306826,0.0091394,0.0240000),(-0.1301418,0.0083488,0.0240000),(-0.1302178,0.0084746,0.0240000),(-0.1306826,0.0091394,0.0240000),(-0.1301418,0.0083488,0.0240000),(-0.1306826,0.0091394,0.0240000),(-0.1307287,0.0090711,0.0240000),(-0.1301418,0.0083488,0.0240000),(-0.1307287,0.0090711,0.0240000),(-0.1307440,0.0089891,0.0240000),(-0.1300513,0.0082493,0.0240000),(-0.1301418,0.0083488,0.0240000),(-0.1307440,0.0089891,0.0240000),(-0.1300513,0.0082493,0.0240000),(-0.1307440,0.0089891,0.0240000),(-0.1307396,0.0088521,0.0240000),(-0.1300513,0.0082493,0.0240000),(-0.1307396,0.0088521,0.0240000),(-0.1307264,0.0087211,0.0240000),(-0.1300513,0.0082493,0.0240000),(-0.1307264,0.0087211,0.0240000),(-0.1307043,0.0085961,0.0240000),(-0.1299479,0.0081782,0.0240000),(-0.1300513,0.0082493,0.0240000),(-0.1307043,0.0085961,0.0240000),(-0.1299479,0.0081782,0.0240000),(-0.1307043,0.0085961,0.0240000),(-0.1306734,0.0084771,0.0240000),(-0.1299479,0.0081782,0.0240000),(-0.1306734,0.0084771,0.0240000),(-0.1306336,0.0083641,0.0240000),(-0.1298317,0.0081355,0.0240000),(-0.1299479,0.0081782,0.0240000),(-0.1306336,0.0083641,0.0240000),(-0.1298317,0.0081355,0.0240000),(-0.1306336,0.0083641,0.0240000),(-0.1305851,0.0082571,0.0240000),(-0.1298317,0.0081355,0.0240000),(-0.1305851,0.0082571,0.0240000),(-0.1305277,0.0081560,0.0240000),(-0.1297026,0.0081213,0.0240000),(-0.1298317,0.0081355,0.0240000),(-0.1305277,0.0081560,0.0240000),(-0.1297026,0.0081213,0.0240000),(-0.1305277,0.0081560,0.0240000),(-0.1304614,0.0080609,0.0240000),(-0.1297026,0.0081213,0.0240000),(-0.1304614,0.0080609,0.0240000),(-0.1303894,0.0079754,0.0240000),(-0.1295791,0.0081347,0.0240000),(-0.1297026,0.0081213,0.0240000),(-0.1303894,0.0079754,0.0240000),(-0.1295791,0.0081347,0.0240000),(-0.1303894,0.0079754,0.0240000),(-0.1303108,0.0079012,0.0240000),(-0.1295791,0.0081347,0.0240000),(-0.1303108,0.0079012,0.0240000),(-0.1302257,0.0078384,0.0240000),(-0.1294655,0.0081750,0.0240000),(-0.1295791,0.0081347,0.0240000),(-0.1302257,0.0078384,0.0240000),(-0.1294655,0.0081750,0.0240000),(-0.1302257,0.0078384,0.0240000),(-0.1301341,0.0077871,0.0240000),(-0.1294655,0.0081750,0.0240000),(-0.1301341,0.0077871,0.0240000),(-0.1300360,0.0077472,0.0240000),(-0.1293621,0.0082421,0.0240000),(-0.1294655,0.0081750,0.0240000),(-0.1300360,0.0077472,0.0240000),(-0.1293621,0.0082421,0.0240000),(-0.1300360,0.0077472,0.0240000),(-0.1299314,0.0077186,0.0240000),(-0.1293621,0.0082421,0.0240000),(-0.1299314,0.0077186,0.0240000),(-0.1298203,0.0077015,0.0240000),(-0.1292687,0.0083361,0.0240000),(-0.1293621,0.0082421,0.0240000),(-0.1298203,0.0077015,0.0240000),(-0.1292687,0.0083361,0.0240000),(-0.1298203,0.0077015,0.0240000),(-0.1297026,0.0076958,0.0240000),(-0.1292687,0.0083361,0.0240000),(-0.1297026,0.0076958,0.0240000),(-0.1295895,0.0077013,0.0240000),(-0.1291909,0.0084539,0.0240000),(-0.1292687,0.0083361,0.0240000),(-0.1295895,0.0077013,0.0240000),(-0.1291909,0.0084539,0.0240000),(-0.1295895,0.0077013,0.0240000),(-0.1294819,0.0077178,0.0240000),(-0.1291353,0.0085912,0.0240000),(-0.1291909,0.0084539,0.0240000),(-0.1294819,0.0077178,0.0240000),(-0.1291353,0.0085912,0.0240000),(-0.1294819,0.0077178,0.0240000),(-0.1293798,0.0077452,0.0240000),(-0.1291353,0.0085912,0.0240000),(-0.1293798,0.0077452,0.0240000),(-0.1292832,0.0077837,0.0240000),(-0.1291159,0.0086672,0.0240000),(-0.1291353,0.0085912,0.0240000),(-0.1292832,0.0077837,0.0240000),(-0.1291159,0.0086672,0.0240000),(-0.1292832,0.0077837,0.0240000),(-0.1291922,0.0078331,0.0240000),(-0.1291020,0.0087481,0.0240000),(-0.1291159,0.0086672,0.0240000),(-0.1291922,0.0078331,0.0240000),(-0.1291020,0.0087481,0.0240000),(-0.1291922,0.0078331,0.0240000),(-0.1291067,0.0078935,0.0240000),(-0.1290937,0.0088339,0.0240000),(-0.1291020,0.0087481,0.0240000),(-0.1291067,0.0078935,0.0240000),(-0.1290340,0.0099046,0.0240000),(-0.1290937,0.0088339,0.0240000),(-0.1291067,0.0078935,0.0240000),(-0.1290340,0.0099046,0.0240000),(-0.1291067,0.0078935,0.0240000),(-0.1290267,0.0079648,0.0240000),(-0.1290340,0.0099046,0.0240000),(-0.1290267,0.0079648,0.0240000),(-0.1289523,0.0080472,0.0240000),(-0.1290340,0.0099046,0.0240000),(-0.1289523,0.0080472,0.0240000),(-0.1288845,0.0081385,0.0240000),(-0.1290340,0.0099046,0.0240000),(-0.1288845,0.0081385,0.0240000),(-0.1288258,0.0082350,0.0240000),(-0.1290340,0.0099046,0.0240000),(-0.1288258,0.0082350,0.0240000),(-0.1287762,0.0083368,0.0240000),(-0.1290340,0.0099046,0.0240000),(-0.1287762,0.0083368,0.0240000),(-0.1287356,0.0084438,0.0240000),(-0.1290340,0.0099046,0.0240000),(-0.1287356,0.0084438,0.0240000),(-0.1287040,0.0085561,0.0240000),(-0.1290340,0.0099046,0.0240000),(-0.1287040,0.0085561,0.0240000),(-0.1286814,0.0086737,0.0240000),(-0.1290340,0.0099046,0.0240000),(-0.1286814,0.0086737,0.0240000),(-0.1286678,0.0087965,0.0240000),(-0.1290340,0.0099046,0.0240000),(-0.1286678,0.0087965,0.0240000),(-0.1286633,0.0089245,0.0240000),(-0.1290340,0.0099046,0.0240000),(-0.1286633,0.0089245,0.0240000),(-0.1286678,0.0090539,0.0240000),(-0.1290340,0.0099046,0.0240000),(-0.1286678,0.0090539,0.0240000),(-0.1286813,0.0091780,0.0240000),(-0.1290340,0.0099046,0.0240000),(-0.1286813,0.0091780,0.0240000),(-0.1287037,0.0092968,0.0240000),(-0.1290340,0.0099046,0.0240000),(-0.1287037,0.0092968,0.0240000),(-0.1287350,0.0094103,0.0240000),(-0.1290340,0.0099046,0.0240000),(-0.1287350,0.0094103,0.0240000),(-0.1287754,0.0095185,0.0240000),(-0.1290340,0.0099046,0.0240000),(-0.1287754,0.0095185,0.0240000),(-0.1288247,0.0096215,0.0240000),(-0.1290340,0.0099046,0.0240000),(-0.1288247,0.0096215,0.0240000),(-0.1288829,0.0097191,0.0240000),(-0.1290340,0.0099046,0.0240000),(-0.1288829,0.0097191,0.0240000),(-0.1289501,0.0098114,0.0240000),(-0.1282051,0.0077231,0.0240000),(-0.1281320,0.0076164,0.0240000),(-0.1280254,0.0075434,0.0240000),(-0.1282051,0.0077231,0.0240000),(-0.1280254,0.0075434,0.0240000),(-0.1279003,0.0075191,0.0240000),(-0.1282051,0.0077231,0.0240000),(-0.1279003,0.0075191,0.0240000),(-0.1277754,0.0075434,0.0240000),(-0.1282051,0.0077231,0.0240000),(-0.1277754,0.0075434,0.0240000),(-0.1276696,0.0076164,0.0240000),(-0.1282051,0.0077231,0.0240000),(-0.1276696,0.0076164,0.0240000),(-0.1275965,0.0077231,0.0240000),(-0.1282051,0.0077231,0.0240000),(-0.1275965,0.0077231,0.0240000),(-0.1275722,0.0078482,0.0240000),(-0.1282051,0.0077231,0.0240000),(-0.1275722,0.0078482,0.0240000),(-0.1275965,0.0079734,0.0240000),(-0.1282051,0.0077231,0.0240000),(-0.1275965,0.0079734,0.0240000),(-0.1276696,0.0080800,0.0240000),(-0.1282051,0.0077231,0.0240000),(-0.1276696,0.0080800,0.0240000),(-0.1277754,0.0081530,0.0240000),(-0.1282051,0.0077231,0.0240000),(-0.1277754,0.0081530,0.0240000),(-0.1279003,0.0081774,0.0240000),(-0.1282051,0.0077231,0.0240000),(-0.1279003,0.0081774,0.0240000),(-0.1280254,0.0081530,0.0240000),(-0.1282051,0.0077231,0.0240000),(-0.1280254,0.0081530,0.0240000),(-0.1281320,0.0080800,0.0240000),(-0.1282051,0.0077231,0.0240000),(-0.1281320,0.0080800,0.0240000),(-0.1282051,0.0079734,0.0240000),(-0.1282051,0.0077231,0.0240000),(-0.1282051,0.0079734,0.0240000),(-0.1282294,0.0078482,0.0240000),(-0.1133322,0.0087217,0.0240000),(-0.1133268,0.0088563,0.0240000),(-0.1133281,0.0089596,0.0240000),(-0.1133322,0.0087217,0.0240000),(-0.1133281,0.0089596,0.0240000),(-0.1133320,0.0090588,0.0240000),(-0.1133322,0.0087217,0.0240000),(-0.1133320,0.0090588,0.0240000),(-0.1133384,0.0091540,0.0240000),(-0.1133322,0.0087217,0.0240000),(-0.1133384,0.0091540,0.0240000),(-0.1133475,0.0092452,0.0240000),(-0.1133322,0.0087217,0.0240000),(-0.1133475,0.0092452,0.0240000),(-0.1133591,0.0093323,0.0240000),(-0.1133322,0.0087217,0.0240000),(-0.1133591,0.0093323,0.0240000),(-0.1133733,0.0094153,0.0240000),(-0.1133322,0.0087217,0.0240000),(-0.1133733,0.0094153,0.0240000),(-0.1133900,0.0094944,0.0240000),(-0.1133322,0.0087217,0.0240000),(-0.1133900,0.0094944,0.0240000),(-0.1134094,0.0095693,0.0240000),(-0.1133322,0.0087217,0.0240000),(-0.1134094,0.0095693,0.0240000),(-0.1134558,0.0097072,0.0240000),(-0.1133322,0.0087217,0.0240000),(-0.1134558,0.0097072,0.0240000),(-0.1135126,0.0098288,0.0240000),(-0.1133322,0.0087217,0.0240000),(-0.1135126,0.0098288,0.0240000),(-0.1135796,0.0099343,0.0240000),(-0.1133322,0.0087217,0.0240000),(-0.1135796,0.0099343,0.0240000),(-0.1136570,0.0100236,0.0240000),(-0.1133322,0.0087217,0.0240000),(-0.1136570,0.0100236,0.0240000),(-0.1137365,0.0100931,0.0240000),(-0.1133322,0.0087217,0.0240000),(-0.1137365,0.0100931,0.0240000),(-0.1138184,0.0101533,0.0240000),(-0.1133322,0.0087217,0.0240000),(-0.1138184,0.0101533,0.0240000),(-0.1139026,0.0102042,0.0240000),(-0.1133322,0.0087217,0.0240000),(-0.1139026,0.0102042,0.0240000),(-0.1139891,0.0102459,0.0240000),(-0.1133322,0.0087217,0.0240000),(-0.1139891,0.0102459,0.0240000),(-0.1140780,0.0102783,0.0240000),(-0.1133322,0.0087217,0.0240000),(-0.1140780,0.0102783,0.0240000),(-0.1141692,0.0103014,0.0240000),(-0.1133322,0.0087217,0.0240000),(-0.1141692,0.0103014,0.0240000),(-0.1142628,0.0103153,0.0240000),(-0.1142628,0.0103153,0.0240000),(-0.1143587,0.0103200,0.0240000),(-0.1144473,0.0103164,0.0240000),(-0.1142628,0.0103153,0.0240000),(-0.1144473,0.0103164,0.0240000),(-0.1145328,0.0103057,0.0240000),(-0.1142628,0.0103153,0.0240000),(-0.1145328,0.0103057,0.0240000),(-0.1146151,0.0102880,0.0240000),(-0.1142628,0.0103153,0.0240000),(-0.1146151,0.0102880,0.0240000),(-0.1146942,0.0102631,0.0240000),(-0.1142628,0.0103153,0.0240000),(-0.1146942,0.0102631,0.0240000),(-0.1147701,0.0102311,0.0240000),(-0.1142628,0.0103153,0.0240000),(-0.1147701,0.0102311,0.0240000),(-0.1148429,0.0101920,0.0240000),(-0.1142628,0.0103153,0.0240000),(-0.1148429,0.0101920,0.0240000),(-0.1149125,0.0101457,0.0240000),(-0.1142628,0.0103153,0.0240000),(-0.1149125,0.0101457,0.0240000),(-0.1149789,0.0100924,0.0240000),(-0.1138679,0.0109933,0.0240000),(-0.1138010,0.0108544,0.0240000),(-0.1137179,0.0107592,0.0240000),(-0.1138679,0.0109933,0.0240000),(-0.1137179,0.0107592,0.0240000),(-0.1136020,0.0107062,0.0240000),(-0.1139629,0.0111137,0.0240000),(-0.1138679,0.0109933,0.0240000),(-0.1136020,0.0107062,0.0240000),(-0.1139629,0.0111137,0.0240000),(-0.1136020,0.0107062,0.0240000),(-0.1135260,0.0107378,0.0240000),(-0.1139629,0.0111137,0.0240000),(-0.1135260,0.0107378,0.0240000),(-0.1134652,0.0107838,0.0240000),(-0.1140560,0.0111924,0.0240000),(-0.1139629,0.0111137,0.0240000),(-0.1134652,0.0107838,0.0240000),(-0.1140560,0.0111924,0.0240000),(-0.1134652,0.0107838,0.0240000),(-0.1133893,0.0109190,0.0240000),(-0.1141542,0.0112486,0.0240000),(-0.1140560,0.0111924,0.0240000),(-0.1133893,0.0109190,0.0240000),(-0.1141542,0.0112486,0.0240000),(-0.1133893,0.0109190,0.0240000),(-0.1133956,0.0109931,0.0240000),(-0.1141542,0.0112486,0.0240000),(-0.1133956,0.0109931,0.0240000),(-0.1134447,0.0111099,0.0240000),(-0.1142576,0.0112824,0.0240000),(-0.1141542,0.0112486,0.0240000),(-0.1134447,0.0111099,0.0240000),(-0.1142576,0.0112824,0.0240000),(-0.1134447,0.0111099,0.0240000),(-0.1135062,0.0112190,0.0240000),(-0.1143661,0.0112936,0.0240000),(-0.1142576,0.0112824,0.0240000),(-0.1135062,0.0112190,0.0240000),(-0.1143661,0.0112936,0.0240000),(-0.1135062,0.0112190,0.0240000),(-0.1135802,0.0113205,0.0240000),(-0.1143661,0.0112936,0.0240000),(-0.1135802,0.0113205,0.0240000),(-0.1136666,0.0114143,0.0240000),(-0.1144614,0.0112817,0.0240000),(-0.1143661,0.0112936,0.0240000),(-0.1136666,0.0114143,0.0240000),(-0.1144614,0.0112817,0.0240000),(-0.1136666,0.0114143,0.0240000),(-0.1137432,0.0114860,0.0240000),(-0.1144614,0.0112817,0.0240000),(-0.1137432,0.0114860,0.0240000),(-0.1138230,0.0115481,0.0240000),(-0.1145622,0.0112457,0.0240000),(-0.1144614,0.0112817,0.0240000),(-0.1138230,0.0115481,0.0240000),(-0.1145622,0.0112457,0.0240000),(-0.1138230,0.0115481,0.0240000),(-0.1139058,0.0116007,0.0240000),(-0.1145622,0.0112457,0.0240000),(-0.1139058,0.0116007,0.0240000),(-0.1139917,0.0116437,0.0240000),(-0.1146683,0.0111859,0.0240000),(-0.1145622,0.0112457,0.0240000),(-0.1139917,0.0116437,0.0240000),(-0.1146683,0.0111859,0.0240000),(-0.1139917,0.0116437,0.0240000),(-0.1140807,0.0116771,0.0240000),(-0.1147799,0.0111021,0.0240000),(-0.1146683,0.0111859,0.0240000),(-0.1140807,0.0116771,0.0240000),(-0.1147799,0.0111021,0.0240000),(-0.1140807,0.0116771,0.0240000),(-0.1141728,0.0117010,0.0240000),(-0.1147799,0.0111021,0.0240000),(-0.1141728,0.0117010,0.0240000),(-0.1142679,0.0117154,0.0240000),(-0.1148670,0.0110058,0.0240000),(-0.1147799,0.0111021,0.0240000),(-0.1142679,0.0117154,0.0240000),(-0.1148670,0.0110058,0.0240000),(-0.1142679,0.0117154,0.0240000),(-0.1143661,0.0117201,0.0240000),(-0.1148670,0.0110058,0.0240000),(-0.1143661,0.0117201,0.0240000),(-0.1144513,0.0117155,0.0240000),(-0.1148670,0.0110058,0.0240000),(-0.1144513,0.0117155,0.0240000),(-0.1145368,0.0117017,0.0240000),(-0.1149292,0.0108788,0.0240000),(-0.1148670,0.0110058,0.0240000),(-0.1145368,0.0117017,0.0240000),(-0.1149292,0.0108788,0.0240000),(-0.1145368,0.0117017,0.0240000),(-0.1146227,0.0116788,0.0240000),(-0.1149292,0.0108788,0.0240000),(-0.1146227,0.0116788,0.0240000),(-0.1147090,0.0116466,0.0240000),(-0.1149509,0.0108037,0.0240000),(-0.1149292,0.0108788,0.0240000),(-0.1147090,0.0116466,0.0240000),(-0.1149509,0.0108037,0.0240000),(-0.1147090,0.0116466,0.0240000),(-0.1147957,0.0116052,0.0240000),(-0.1149509,0.0108037,0.0240000),(-0.1147957,0.0116052,0.0240000),(-0.1148829,0.0115546,0.0240000),(-0.1149665,0.0107211,0.0240000),(-0.1149509,0.0108037,0.0240000),(-0.1148829,0.0115546,0.0240000),(-0.1149758,0.0106307,0.0240000),(-0.1149665,0.0107211,0.0240000),(-0.1148829,0.0115546,0.0240000),(-0.1149758,0.0106307,0.0240000),(-0.1148829,0.0115546,0.0240000),(-0.1149704,0.0114949,0.0240000),(-0.1149789,0.0105327,0.0240000),(-0.1149758,0.0106307,0.0240000),(-0.1149704,0.0114949,0.0240000),(-0.1149789,0.0105327,0.0240000),(-0.1149704,0.0114949,0.0240000),(-0.1150583,0.0114259,0.0240000),(-0.1149789,0.0100924,0.0240000),(-0.1149789,0.0105327,0.0240000),(-0.1150583,0.0114259,0.0240000),(-0.1149789,0.0100924,0.0240000),(-0.1150583,0.0114259,0.0240000),(-0.1151401,0.0113494,0.0240000),(-0.1149789,0.0100924,0.0240000),(-0.1151401,0.0113494,0.0240000),(-0.1152111,0.0112633,0.0240000),(-0.1149789,0.0100924,0.0240000),(-0.1152111,0.0112633,0.0240000),(-0.1152711,0.0111675,0.0240000),(-0.1149789,0.0100924,0.0240000),(-0.1152711,0.0111675,0.0240000),(-0.1153202,0.0110621,0.0240000),(-0.1149789,0.0100924,0.0240000),(-0.1153202,0.0110621,0.0240000),(-0.1153584,0.0109471,0.0240000),(-0.1149789,0.0100924,0.0240000),(-0.1153584,0.0109471,0.0240000),(-0.1153857,0.0108225,0.0240000),(-0.1149789,0.0100924,0.0240000),(-0.1153857,0.0108225,0.0240000),(-0.1154021,0.0106882,0.0240000),(-0.1149789,0.0100924,0.0240000),(-0.1154021,0.0106882,0.0240000),(-0.1154075,0.0105443,0.0240000),(-0.1149789,0.0100924,0.0240000),(-0.1154075,0.0105443,0.0240000),(-0.1154075,0.0092246,0.0240000),(-0.1142628,0.0103153,0.0240000),(-0.1149789,0.0100924,0.0240000),(-0.1154075,0.0092246,0.0240000),(-0.1154075,0.0092246,0.0240000),(-0.1150117,0.0092309,0.0240000),(-0.1149962,0.0093562,0.0240000),(-0.1154075,0.0092246,0.0240000),(-0.1149962,0.0093562,0.0240000),(-0.1149498,0.0094791,0.0240000),(-0.1154075,0.0092246,0.0240000),(-0.1149498,0.0094791,0.0240000),(-0.1148724,0.0095996,0.0240000),(-0.1142628,0.0103153,0.0240000),(-0.1154075,0.0092246,0.0240000),(-0.1148724,0.0095996,0.0240000),(-0.1142628,0.0103153,0.0240000),(-0.1148724,0.0095996,0.0240000),(-0.1147641,0.0097178,0.0240000),(-0.1142628,0.0103153,0.0240000),(-0.1147641,0.0097178,0.0240000),(-0.1146685,0.0097956,0.0240000),(-0.1142628,0.0103153,0.0240000),(-0.1146685,0.0097956,0.0240000),(-0.1145691,0.0098511,0.0240000),(-0.1142628,0.0103153,0.0240000),(-0.1145691,0.0098511,0.0240000),(-0.1144658,0.0098845,0.0240000),(-0.1142628,0.0103153,0.0240000),(-0.1144658,0.0098845,0.0240000),(-0.1143587,0.0098956,0.0240000),(-0.1142628,0.0103153,0.0240000),(-0.1143587,0.0098956,0.0240000),(-0.1142530,0.0098845,0.0240000),(-0.1142628,0.0103153,0.0240000),(-0.1142530,0.0098845,0.0240000),(-0.1141507,0.0098511,0.0240000),(-0.1142628,0.0103153,0.0240000),(-0.1141507,0.0098511,0.0240000),(-0.1140519,0.0097956,0.0240000),(-0.1142628,0.0103153,0.0240000),(-0.1140519,0.0097956,0.0240000),(-0.1139565,0.0097178,0.0240000),(-0.1142628,0.0103153,0.0240000),(-0.1139565,0.0097178,0.0240000),(-0.1138681,0.0095892,0.0240000),(-0.1133322,0.0087217,0.0240000),(-0.1142628,0.0103153,0.0240000),(-0.1138681,0.0095892,0.0240000),(-0.1133322,0.0087217,0.0240000),(-0.1138681,0.0095892,0.0240000),(-0.1138334,0.0095031,0.0240000),(-0.1133322,0.0087217,0.0240000),(-0.1138334,0.0095031,0.0240000),(-0.1138049,0.0094024,0.0240000),(-0.1133322,0.0087217,0.0240000),(-0.1138049,0.0094024,0.0240000),(-0.1137828,0.0092872,0.0240000),(-0.1133322,0.0087217,0.0240000),(-0.1137828,0.0092872,0.0240000),(-0.1137670,0.0091574,0.0240000),(-0.1133322,0.0087217,0.0240000),(-0.1137670,0.0091574,0.0240000),(-0.1137576,0.0090130,0.0240000),(-0.1133322,0.0087217,0.0240000),(-0.1137576,0.0090130,0.0240000),(-0.1137544,0.0088542,0.0240000),(-0.1133322,0.0087217,0.0240000),(-0.1137544,0.0088542,0.0240000),(-0.1137578,0.0087627,0.0240000),(-0.1133322,0.0087217,0.0240000),(-0.1137578,0.0087627,0.0240000),(-0.1137679,0.0086762,0.0240000),(-0.1133322,0.0087217,0.0240000),(-0.1137679,0.0086762,0.0240000),(-0.1137848,0.0085947,0.0240000),(-0.1133322,0.0087217,0.0240000),(-0.1137848,0.0085947,0.0240000),(-0.1138084,0.0085181,0.0240000),(-0.1133322,0.0087217,0.0240000),(-0.1138084,0.0085181,0.0240000),(-0.1138758,0.0083799,0.0240000),(-0.1133322,0.0087217,0.0240000),(-0.1138758,0.0083799,0.0240000),(-0.1139703,0.0082615,0.0240000),(-0.1133322,0.0087217,0.0240000),(-0.1139703,0.0082615,0.0240000),(-0.1140616,0.0081856,0.0240000),(-0.1150108,0.0091407,0.0240000),(-0.1150117,0.0092309,0.0240000),(-0.1154075,0.0092246,0.0240000),(-0.1150080,0.0090545,0.0240000),(-0.1150108,0.0091407,0.0240000),(-0.1154075,0.0092246,0.0240000),(-0.1149968,0.0088941,0.0240000),(-0.1150080,0.0090545,0.0240000),(-0.1154075,0.0092246,0.0240000),(-0.1149782,0.0087497,0.0240000),(-0.1149968,0.0088941,0.0240000),(-0.1154075,0.0092246,0.0240000),(-0.1149522,0.0086213,0.0240000),(-0.1149782,0.0087497,0.0240000),(-0.1154075,0.0092246,0.0240000),(-0.1149187,0.0085090,0.0240000),(-0.1149522,0.0086213,0.0240000),(-0.1154075,0.0092246,0.0240000),(-0.1148778,0.0084126,0.0240000),(-0.1149187,0.0085090,0.0240000),(-0.1154075,0.0092246,0.0240000),(-0.1148294,0.0083322,0.0240000),(-0.1148778,0.0084126,0.0240000),(-0.1154075,0.0092246,0.0240000),(-0.1148294,0.0083322,0.0240000),(-0.1154075,0.0092246,0.0240000),(-0.1154062,0.0091089,0.0240000),(-0.1148294,0.0083322,0.0240000),(-0.1154062,0.0091089,0.0240000),(-0.1154022,0.0089981,0.0240000),(-0.1148294,0.0083322,0.0240000),(-0.1154022,0.0089981,0.0240000),(-0.1153955,0.0088922,0.0240000),(-0.1147736,0.0082678,0.0240000),(-0.1148294,0.0083322,0.0240000),(-0.1153955,0.0088922,0.0240000),(-0.1147736,0.0082678,0.0240000),(-0.1153955,0.0088922,0.0240000),(-0.1153861,0.0087911,0.0240000),(-0.1147736,0.0082678,0.0240000),(-0.1153861,0.0087911,0.0240000),(-0.1153740,0.0086950,0.0240000),(-0.1146765,0.0081891,0.0240000),(-0.1147736,0.0082678,0.0240000),(-0.1153740,0.0086950,0.0240000),(-0.1146765,0.0081891,0.0240000),(-0.1153740,0.0086950,0.0240000),(-0.1153593,0.0086037,0.0240000),(-0.1146765,0.0081891,0.0240000),(-0.1153593,0.0086037,0.0240000),(-0.1153419,0.0085173,0.0240000),(-0.1145759,0.0081329,0.0240000),(-0.1146765,0.0081891,0.0240000),(-0.1153419,0.0085173,0.0240000),(-0.1145759,0.0081329,0.0240000),(-0.1153419,0.0085173,0.0240000),(-0.1153218,0.0084359,0.0240000),(-0.1145759,0.0081329,0.0240000),(-0.1153218,0.0084359,0.0240000),(-0.1152990,0.0083593,0.0240000),(-0.1144718,0.0080992,0.0240000),(-0.1145759,0.0081329,0.0240000),(-0.1152990,0.0083593,0.0240000),(-0.1144718,0.0080992,0.0240000),(-0.1152990,0.0083593,0.0240000),(-0.1152736,0.0082875,0.0240000),(-0.1144718,0.0080992,0.0240000),(-0.1152736,0.0082875,0.0240000),(-0.1152146,0.0081588,0.0240000),(-0.1143640,0.0080879,0.0240000),(-0.1144718,0.0080992,0.0240000),(-0.1152146,0.0081588,0.0240000),(-0.1143640,0.0080879,0.0240000),(-0.1152146,0.0081588,0.0240000),(-0.1151450,0.0080496,0.0240000),(-0.1143640,0.0080879,0.0240000),(-0.1151450,0.0080496,0.0240000),(-0.1150646,0.0079599,0.0240000),(-0.1142584,0.0080988,0.0240000),(-0.1143640,0.0080879,0.0240000),(-0.1150646,0.0079599,0.0240000),(-0.1142584,0.0080988,0.0240000),(-0.1150646,0.0079599,0.0240000),(-0.1149853,0.0078904,0.0240000),(-0.1142584,0.0080988,0.0240000),(-0.1149853,0.0078904,0.0240000),(-0.1149033,0.0078302,0.0240000),(-0.1141576,0.0081313,0.0240000),(-0.1142584,0.0080988,0.0240000),(-0.1149033,0.0078302,0.0240000),(-0.1141576,0.0081313,0.0240000),(-0.1149033,0.0078302,0.0240000),(-0.1148187,0.0077793,0.0240000),(-0.1141576,0.0081313,0.0240000),(-0.1148187,0.0077793,0.0240000),(-0.1147315,0.0077376,0.0240000),(-0.1140616,0.0081856,0.0240000),(-0.1141576,0.0081313,0.0240000),(-0.1147315,0.0077376,0.0240000),(-0.1140616,0.0081856,0.0240000),(-0.1147315,0.0077376,0.0240000),(-0.1146417,0.0077052,0.0240000),(-0.1133322,0.0087217,0.0240000),(-0.1140616,0.0081856,0.0240000),(-0.1146417,0.0077052,0.0240000),(-0.1133322,0.0087217,0.0240000),(-0.1146417,0.0077052,0.0240000),(-0.1145493,0.0076821,0.0240000),(-0.1133322,0.0087217,0.0240000),(-0.1145493,0.0076821,0.0240000),(-0.1144542,0.0076682,0.0240000),(-0.1133322,0.0087217,0.0240000),(-0.1144542,0.0076682,0.0240000),(-0.1143566,0.0076635,0.0240000),(-0.1133322,0.0087217,0.0240000),(-0.1143566,0.0076635,0.0240000),(-0.1142613,0.0076683,0.0240000),(-0.1133322,0.0087217,0.0240000),(-0.1142613,0.0076683,0.0240000),(-0.1141687,0.0076824,0.0240000),(-0.1133322,0.0087217,0.0240000),(-0.1141687,0.0076824,0.0240000),(-0.1140788,0.0077060,0.0240000),(-0.1133322,0.0087217,0.0240000),(-0.1140788,0.0077060,0.0240000),(-0.1139915,0.0077389,0.0240000),(-0.1133322,0.0087217,0.0240000),(-0.1139915,0.0077389,0.0240000),(-0.1139068,0.0077814,0.0240000),(-0.1133322,0.0087217,0.0240000),(-0.1139068,0.0077814,0.0240000),(-0.1138248,0.0078332,0.0240000),(-0.1133322,0.0087217,0.0240000),(-0.1138248,0.0078332,0.0240000),(-0.1137454,0.0078945,0.0240000),(-0.1133322,0.0087217,0.0240000),(-0.1137454,0.0078945,0.0240000),(-0.1136687,0.0079652,0.0240000),(-0.1133322,0.0087217,0.0240000),(-0.1136687,0.0079652,0.0240000),(-0.1135886,0.0080534,0.0240000),(-0.1133322,0.0087217,0.0240000),(-0.1135886,0.0080534,0.0240000),(-0.1135191,0.0081483,0.0240000),(-0.1133322,0.0087217,0.0240000),(-0.1135191,0.0081483,0.0240000),(-0.1134604,0.0082497,0.0240000),(-0.1133322,0.0087217,0.0240000),(-0.1134604,0.0082497,0.0240000),(-0.1134123,0.0083578,0.0240000),(-0.1133322,0.0087217,0.0240000),(-0.1134123,0.0083578,0.0240000),(-0.1133749,0.0084725,0.0240000),(-0.1133322,0.0087217,0.0240000),(-0.1133749,0.0084725,0.0240000),(-0.1133482,0.0085938,0.0240000),(-0.1186312,0.0077408,0.0240000),(-0.1185317,0.0076318,0.0240000),(-0.1184185,0.0076043,0.0240000),(-0.1186312,0.0077408,0.0240000),(-0.1184185,0.0076043,0.0240000),(-0.1183174,0.0076297,0.0240000),(-0.1186312,0.0077408,0.0240000),(-0.1183174,0.0076297,0.0240000),(-0.1182407,0.0077059,0.0240000),(-0.1186312,0.0077408,0.0240000),(-0.1182407,0.0077059,0.0240000),(-0.1182333,0.0077122,0.0240000),(-0.1186312,0.0077408,0.0240000),(-0.1182333,0.0077122,0.0240000),(-0.1169876,0.0098797,0.0240000),(-0.1186312,0.0077408,0.0240000),(-0.1169876,0.0098797,0.0240000),(-0.1169601,0.0099866,0.0240000),(-0.1186312,0.0077408,0.0240000),(-0.1169601,0.0099866,0.0240000),(-0.1169879,0.0100959,0.0240000),(-0.1186312,0.0077408,0.0240000),(-0.1169879,0.0100959,0.0240000),(-0.1170712,0.0101739,0.0240000),(-0.1186312,0.0077408,0.0240000),(-0.1170712,0.0101739,0.0240000),(-0.1171781,0.0102035,0.0240000),(-0.1186312,0.0077408,0.0240000),(-0.1171781,0.0102035,0.0240000),(-0.1172869,0.0101758,0.0240000),(-0.1186312,0.0077408,0.0240000),(-0.1172869,0.0101758,0.0240000),(-0.1173633,0.0100924,0.0240000),(-0.1186312,0.0077408,0.0240000),(-0.1173633,0.0100924,0.0240000),(-0.1182058,0.0086266,0.0240000),(-0.1186312,0.0077408,0.0240000),(-0.1182058,0.0086266,0.0240000),(-0.1182058,0.0112344,0.0240000),(-0.1182058,0.0112344,0.0240000),(-0.1166193,0.0112344,0.0240000),(-0.1165344,0.0112502,0.0240000),(-0.1182058,0.0112344,0.0240000),(-0.1165344,0.0112502,0.0240000),(-0.1164637,0.0112979,0.0240000),(-0.1182058,0.0112344,0.0240000),(-0.1164637,0.0112979,0.0240000),(-0.1164161,0.0113674,0.0240000),(-0.1182058,0.0112344,0.0240000),(-0.1164161,0.0113674,0.0240000),(-0.1164002,0.0114492,0.0240000),(-0.1182058,0.0112344,0.0240000),(-0.1164002,0.0114492,0.0240000),(-0.1164161,0.0115312,0.0240000),(-0.1182058,0.0112344,0.0240000),(-0.1164161,0.0115312,0.0240000),(-0.1164637,0.0116016,0.0240000),(-0.1182058,0.0112344,0.0240000),(-0.1164637,0.0116016,0.0240000),(-0.1165344,0.0116508,0.0240000),(-0.1182058,0.0112344,0.0240000),(-0.1165344,0.0116508,0.0240000),(-0.1166193,0.0116672,0.0240000),(-0.1182058,0.0112344,0.0240000),(-0.1166193,0.0116672,0.0240000),(-0.1184259,0.0116672,0.0240000),(-0.1186312,0.0077408,0.0240000),(-0.1182058,0.0112344,0.0240000),(-0.1184259,0.0116672,0.0240000),(-0.1184259,0.0116672,0.0240000),(-0.1202314,0.0116672,0.0240000),(-0.1203142,0.0116508,0.0240000),(-0.1184259,0.0116672,0.0240000),(-0.1203142,0.0116508,0.0240000),(-0.1203827,0.0116016,0.0240000),(-0.1184259,0.0116672,0.0240000),(-0.1203827,0.0116016,0.0240000),(-0.1204288,0.0115312,0.0240000),(-0.1184259,0.0116672,0.0240000),(-0.1204288,0.0115312,0.0240000),(-0.1204441,0.0114492,0.0240000),(-0.1184259,0.0116672,0.0240000),(-0.1204441,0.0114492,0.0240000),(-0.1204288,0.0113674,0.0240000),(-0.1184259,0.0116672,0.0240000),(-0.1204288,0.0113674,0.0240000),(-0.1203827,0.0112979,0.0240000),(-0.1184259,0.0116672,0.0240000),(-0.1203827,0.0112979,0.0240000),(-0.1203142,0.0112502,0.0240000),(-0.1184259,0.0116672,0.0240000),(-0.1203142,0.0112502,0.0240000),(-0.1202314,0.0112344,0.0240000),(-0.1184259,0.0116672,0.0240000),(-0.1202314,0.0112344,0.0240000),(-0.1186386,0.0112344,0.0240000),(-0.1186312,0.0077408,0.0240000),(-0.1184259,0.0116672,0.0240000),(-0.1186386,0.0112344,0.0240000),(-0.1186312,0.0077408,0.0240000),(-0.1186386,0.0112344,0.0240000),(-0.1186386,0.0086224,0.0240000),(-0.1186312,0.0077408,0.0240000),(-0.1186386,0.0086224,0.0240000),(-0.1194948,0.0101115,0.0240000),(-0.1186312,0.0077408,0.0240000),(-0.1194948,0.0101115,0.0240000),(-0.1195744,0.0101908,0.0240000),(-0.1186312,0.0077408,0.0240000),(-0.1195744,0.0101908,0.0240000),(-0.1196821,0.0102173,0.0240000),(-0.1186312,0.0077408,0.0240000),(-0.1196821,0.0102173,0.0240000),(-0.1197933,0.0101898,0.0240000),(-0.1186312,0.0077408,0.0240000),(-0.1197933,0.0101898,0.0240000),(-0.1198750,0.0101101,0.0240000),(-0.1186312,0.0077408,0.0240000),(-0.1198750,0.0101101,0.0240000),(-0.1199023,0.0100003,0.0240000),(-0.1186312,0.0077408,0.0240000),(-0.1199023,0.0100003,0.0240000),(-0.1198705,0.0098913,0.0240000)));
#12731=COMPLEX_TRIANGULATED_SURFACE_SET('surface set',#12730,2595,(),(),(),((1,2,3),(4,5,6),(7,8,9),(10,11,12),(13,14,15),(16,17,18),(19,20,21),(22,23,24),(25,26,27),(28,29,30),(31,32,33),(34,35,36),(37,38,39),(40,41,42),(43,44,45),(46,47,48),(49,50,51),(52,53,54),(55,56,57),(58,59,60),(61,62,63),(64,65,66),(67,68,69),(70,71,72),(73,74,75),(76,77,78),(79,80,81),(82,83,84),(85,86,87),(88,89,90),(91,92,93),(94,95,96),(97,98,99),(100,101,102),(103,104,105),(106,107,108),(109,110,111),(112,113,114),(115,116,117),(118,119,120),(121,122,123),(124,125,126),(127,128,129),(130,131,132),(133,134,135),(136,137,138),(139,140,141),(142,143,144),(145,146,147),(148,149,150),(151,152,153),(154,155,156),(157,158,159),(160,161,162),(163,164,165),(166,167,168),(169,170,171),(172,173,174),(175,176,177),(178,179,180),(181,182,183),(184,185,186),(187,188,189),(190,191,192),(193,194,195),(196,197,198),(199,200,201),(202,203,204),(205,206,207),(208,209,210),(211,212,213),(214,215,216),(217,218,219),(220,221,222),(223,224,225),(226,227,228),(229,230,231),(232,233,234),(235,236,237),(238,239,240),(241,242,243),(244,245,246),(247,248,249),(250,251,252),(253,254,255),(256,257,258),(259,260,261),(262,263,264),(265,266,267),(268,269,270),(271,272,273),(274,275,276),(277,278,279),(280,281,282),(283,284,285),(286,287,288),(289,290,291),(292,293,294),(295,296,297),(298,299,300),(301,302,303),(304,305,306),(307,308,309),(310,311,312),(313,314,315),(316,317,318),(319,320,321),(322,323,324),(325,326,327),(328,329,330),(331,332,333),(334,335,336),(337,338,339),(340,341,342),(343,344,345),(346,347,348),(349,350,351),(352,353,354),(355,356,357),(358,359,360),(361,362,363),(364,365,366),(367,368,369),(370,371,372),(373,374,375),(376,377,378),(379,380,381),(382,383,384),(385,386,387),(388,389,390),(391,392,393),(394,395,396),(397,398,399),(400,401,402),(403,404,405),(406,407,408),(409,410,411),(412,413,414),(415,416,417),(418,419,420),(421,422,423),(424,425,426),(427,428,429),(430,431,432),(433,434,435),(436,437,438),(439,440,441),(442,443,444),(445,446,447),(448,449,450),(451,452,453),(454,455,456),(457,458,459),(460,461,462),(463,464,465),(466,467,468),(469,470,471),(472,473,474),(475,476,477),(478,479,480),(481,482,483),(484,485,486),(487,488,489),(490,491,492),(493,494,495),(496,497,498),(499,500,501),(502,503,504),(505,506,507),(508,509,510),(511,512,513),(514,515,516),(517,518,519),(520,521,522),(523,524,525),(526,527,528),(529,530,531),(532,533,534),(535,536,537),(538,539,540),(541,542,543),(544,545,546),(547,548,549),(550,551,552),(553,554,555),(556,557,558),(559,560,561),(562,563,564),(565,566,567),(568,569,570),(571,572,573),(574,575,576),(577,578,579),(580,581,582),(583,584,585),(586,587,588),(589,590,591),(592,593,594),(595,596,597),(598,599,600),(601,602,603),(604,605,606),(607,608,609),(610,611,612),(613,614,615),(616,617,618),(619,620,621),(622,623,624),(625,626,627),(628,629,630),(631,632,633),(634,635,636),(637,638,639),(640,641,642),(643,644,645),(646,647,648),(649,650,651),(652,653,654),(655,656,657),(658,659,660),(661,662,663),(664,665,666),(667,668,669),(670,671,672),(673,674,675),(676,677,678),(679,680,681),(682,683,684),(685,686,687),(688,689,690),(691,692,693),(694,695,696),(697,698,699),(700,701,702),(703,704,705),(706,707,708),(709,710,711),(712,713,714),(715,716,717),(718,719,720),(721,722,723),(724,725,726),(727,728,729),(730,731,732),(733,734,735),(736,737,738),(739,740,741),(742,743,744),(745,746,747),(748,749,750),(751,752,753),(754,755,756),(757,758,759),(760,761,762),(763,764,765),(766,767,768),(769,770,771),(772,773,774),(775,776,777),(778,779,780),(781,782,783),(784,785,786),(787,788,789),(790,791,792),(793,794,795),(796,797,798),(799,800,801),(802,803,804),(805,806,807),(808,809,810),(811,812,813),(814,815,816),(817,818,819),(820,821,822),(823,824,825),(826,827,828),(829,830,831),(832,833,834),(835,836,837),(838,839,840),(841,842,843),(844,845,846),(847,848,849),(850,851,852),(853,854,855),(856,857,858),(859,860,861),(862,863,864),(865,866,867),(868,869,870),(871,872,873),(874,875,876),(877,878,879),(880,881,882),(883,884,885),(886,887,888),(889,890,891),(892,893,894),(895,896,897),(898,899,900),(901,902,903),(904,905,906),(907,908,909),(910,911,912),(913,914,915),(916,917,918),(919,920,921),(922,923,924),(925,926,927),(928,929,930),(931,932,933),(934,935,936),(937,938,939),(940,941,942),(943,944,945),(946,947,948),(949,950,951),(952,953,954),(955,956,957),(958,959,960),(961,962,963),(964,965,966),(967,968,969),(970,971,972),(973,974,975),(976,977,978),(979,980,981),(982,983,984),(985,986,987),(988,989,990),(991,992,993),(994,995,996),(997,998,999),(1000,1001,1002),(1003,1004,1005),(1006,1007,1008),(1009,1010,1011),(1012,1013,1014),(1015,1016,1017),(1018,1019,1020),(1021,1022,1023),(1024,1025,1026),(1027,1028,1029),(1030,1031,1032),(1033,1034,1035),(1036,1037,1038),(1039,1040,1041),(1042,1043,1044),(1045,1046,1047),(1048,1049,1050),(1051,1052,1053),(1054,1055,1056),(1057,1058,1059),(1060,1061,1062),(1063,1064,1065),(1066,1067,1068),(1069,1070,1071),(1072,1073,1074),(1075,1076,1077),(1078,1079,1080),(1081,1082,1083),(1084,1085,1086),(1087,1088,1089),(1090,1091,1092),(1093,1094,1095),(1096,1097,1098),(1099,1100,1101),(1102,1103,1104),(1105,1106,1107),(1108,1109,1110),(1111,1112,1113),(1114,1115,1116),(1117,1118,1119),(1120,1121,1122),(1123,1124,1125),(1126,1127,1128),(1129,1130,1131),(1132,1133,1134),(1135,1136,1137),(1138,1139,1140),(1141,1142,1143),(1144,1145,1146),(1147,1148,1149),(1150,1151,1152),(1153,1154,1155),(1156,1157,1158),(1159,1160,1161),(1162,1163,1164),(1165,1166,1167),(1168,1169,1170),(1171,1172,1173),(1174,1175,1176),(1177,1178,1179),(1180,1181,1182),(1183,1184,1185),(1186,1187,1188),(1189,1190,1191),(1192,1193,1194),(1195,1196,1197),(1198,1199,1200),(1201,1202,1203),(1204,1205,1206),(1207,1208,1209),(1210,1211,1212),(1213,1214,1215),(1216,1217,1218),(1219,1220,1221),(1222,1223,1224),(1225,1226,1227),(1228,1229,1230),(1231,1232,1233),(1234,1235,1236),(1237,1238,1239),(1240,1241,1242),(1243,1244,1245),(1246,1247,1248),(1249,1250,1251),(1252,1253,1254),(1255,1256,1257),(1258,1259,1260),(1261,1262,1263),(1264,1265,1266),(1267,1268,1269),(1270,1271,1272),(1273,1274,1275),(1276,1277,1278),(1279,1280,1281),(1282,1283,1284),(1285,1286,1287),(1288,1289,1290),(1291,1292,1293),(1294,1295,1296),(1297,1298,1299),(1300,1301,1302),(1303,1304,1305),(1306,1307,1308),(1309,1310,1311),(1312,1313,1314),(1315,1316,1317),(1318,1319,1320),(1321,1322,1323),(1324,1325,1326),(1327,1328,1329),(1330,1331,1332),(1333,1334,1335),(1336,1337,1338),(1339,1340,1341),(1342,1343,1344),(1345,1346,1347),(1348,1349,1350),(1351,1352,1353),(1354,1355,1356),(1357,1358,1359),(1360,1361,1362),(1363,1364,1365),(1366,1367,1368),(1369,1370,1371),(1372,1373,1374),(1375,1376,1377),(1378,1379,1380),(1381,1382,1383),(1384,1385,1386),(1387,1388,1389),(1390,1391,1392),(1393,1394,1395),(1396,1397,1398),(1399,1400,1401),(1402,1403,1404),(1405,1406,1407),(1408,1409,1410),(1411,1412,1413),(1414,1415,1416),(1417,1418,1419),(1420,1421,1422),(1423,1424,1425),(1426,1427,1428),(1429,1430,1431),(1432,1433,1434),(1435,1436,1437),(1438,1439,1440),(1441,1442,1443),(1444,1445,1446),(1447,1448,1449),(1450,1451,1452),(1453,1454,1455),(1456,1457,1458),(1459,1460,1461),(1462,1463,1464),(1465,1466,1467),(1468,1469,1470),(1471,1472,1473),(1474,1475,1476),(1477,1478,1479),(1480,1481,1482),(1483,1484,1485),(1486,1487,1488),(1489,1490,1491),(1492,1493,1494),(1495,1496,1497),(1498,1499,1500),(1501,1502,1503),(1504,1505,1506),(1507,1508,1509),(1510,1511,1512),(1513,1514,1515),(1516,1517,1518),(1519,1520,1521),(1522,1523,1524),(1525,1526,1527),(1528,1529,1530),(1531,1532,1533),(1534,1535,1536),(1537,1538,1539),(1540,1541,1542),(1543,1544,1545),(1546,1547,1548),(1549,1550,1551),(1552,1553,1554),(1555,1556,1557),(1558,1559,1560),(1561,1562,1563),(1564,1565,1566),(1567,1568,1569),(1570,1571,1572),(1573,1574,1575),(1576,1577,1578),(1579,1580,1581),(1582,1583,1584),(1585,1586,1587),(1588,1589,1590),(1591,1592,1593),(1594,1595,1596),(1597,1598,1599),(1600,1601,1602),(1603,1604,1605),(1606,1607,1608),(1609,1610,1611),(1612,1613,1614),(1615,1616,1617),(1618,1619,1620),(1621,1622,1623),(1624,1625,1626),(1627,1628,1629),(1630,1631,1632),(1633,1634,1635),(1636,1637,1638),(1639,1640,1641),(1642,1643,1644),(1645,1646,1647),(1648,1649,1650),(1651,1652,1653),(1654,1655,1656),(1657,1658,1659),(1660,1661,1662),(1663,1664,1665),(1666,1667,1668),(1669,1670,1671),(1672,1673,1674),(1675,1676,1677),(1678,1679,1680),(1681,1682,1683),(1684,1685,1686),(1687,1688,1689),(1690,1691,1692),(1693,1694,1695),(1696,1697,1698),(1699,1700,1701),(1702,1703,1704),(1705,1706,1707),(1708,1709,1710),(1711,1712,1713),(1714,1715,1716),(1717,1718,1719),(1720,1721,1722),(1723,1724,1725),(1726,1727,1728),(1729,1730,1731),(1732,1733,1734),(1735,1736,1737),(1738,1739,1740),(1741,1742,1743),(1744,1745,1746),(1747,1748,1749),(1750,1751,1752),(1753,1754,1755),(1756,1757,1758),(1759,1760,1761),(1762,1763,1764),(1765,1766,1767),(1768,1769,1770),(1771,1772,1773),(1774,1775,1776),(1777,1778,1779),(1780,1781,1782),(1783,1784,1785),(1786,1787,1788),(1789,1790,1791),(1792,1793,1794),(1795,1796,1797),(1798,1799,1800),(1801,1802,1803),(1804,1805,1806),(1807,1808,1809),(1810,1811,1812),(1813,1814,1815),(1816,1817,1818),(1819,1820,1821),(1822,1823,1824),(1825,1826,1827),(1828,1829,1830),(1831,1832,1833),(1834,1835,1836),(1837,1838,1839),(1840,1841,1842),(1843,1844,1845),(1846,1847,1848),(1849,1850,1851),(1852,1853,1854),(1855,1856,1857),(1858,1859,1860),(1861,1862,1863),(1864,1865,1866),(1867,1868,1869),(1870,1871,1872),(1873,1874,1875),(1876,1877,1878),(1879,1880,1881),(1882,1883,1884),(1885,1886,1887),(1888,1889,1890),(1891,1892,1893),(1894,1895,1896),(1897,1898,1899),(1900,1901,1902),(1903,1904,1905),(1906,1907,1908),(1909,1910,1911),(1912,1913,1914),(1915,1916,1917),(1918,1919,1920),(1921,1922,1923),(1924,1925,1926),(1927,1928,1929),(1930,1931,1932),(1933,1934,1935),(1936,1937,1938),(1939,1940,1941),(1942,1943,1944),(1945,1946,1947),(1948,1949,1950),(1951,1952,1953),(1954,1955,1956),(1957,1958,1959),(1960,1961,1962),(1963,1964,1965),(1966,1967,1968),(1969,1970,1971),(1972,1973,1974),(1975,1976,1977),(1978,1979,1980),(1981,1982,1983),(1984,1985,1986),(1987,1988,1989),(1990,1991,1992),(1993,1994,1995),(1996,1997,1998),(1999,2000,2001),(2002,2003,2004),(2005,2006,2007),(2008,2009,2010),(2011,2012,2013),(2014,2015,2016),(2017,2018,2019),(2020,2021,2022),(2023,2024,2025),(2026,2027,2028),(2029,2030,2031),(2032,2033,2034),(2035,2036,2037),(2038,2039,2040),(2041,2042,2043),(2044,2045,2046),(2047,2048,2049),(2050,2051,2052),(2053,2054,2055),(2056,2057,2058),(2059,2060,2061),(2062,2063,2064),(2065,2066,2067),(2068,2069,2070),(2071,2072,2073),(2074,2075,2076),(2077,2078,2079),(2080,2081,2082),(2083,2084,2085),(2086,2087,2088),(2089,2090,2091),(2092,2093,2094),(2095,2096,2097),(2098,2099,2100),(2101,2102,2103),(2104,2105,2106),(2107,2108,2109),(2110,2111,2112),(2113,2114,2115),(2116,2117,2118),(2119,2120,2121),(2122,2123,2124),(2125,2126,2127),(2128,2129,2130),(2131,2132,2133),(2134,2135,2136),(2137,2138,2139),(2140,2141,2142),(2143,2144,2145),(2146,2147,2148),(2149,2150,2151),(2152,2153,2154),(2155,2156,2157),(2158,2159,2160),(2161,2162,2163),(2164,2165,2166),(2167,2168,2169),(2170,2171,2172),(2173,2174,2175),(2176,2177,2178),(2179,2180,2181),(2182,2183,2184),(2185,2186,2187),(2188,2189,2190),(2191,2192,2193),(2194,2195,2196),(2197,2198,2199),(2200,2201,2202),(2203,2204,2205),(2206,2207,2208),(2209,2210,2211),(2212,2213,2214),(2215,2216,2217),(2218,2219,2220),(2221,2222,2223),(2224,2225,2226),(2227,2228,2229),(2230,2231,2232),(2233,2234,2235),(2236,2237,2238),(2239,2240,2241),(2242,2243,2244),(2245,2246,2247),(2248,2249,2250),(2251,2252,2253),(2254,2255,2256),(2257,2258,2259),(2260,2261,2262),(2263,2264,2265),(2266,2267,2268),(2269,2270,2271),(2272,2273,2274),(2275,2276,2277),(2278,2279,2280),(2281,2282,2283),(2284,2285,2286),(2287,2288,2289),(2290,2291,2292),(2293,2294,2295),(2296,2297,2298),(2299,2300,2301),(2302,2303,2304),(2305,2306,2307),(2308,2309,2310),(2311,2312,2313),(2314,2315,2316),(2317,2318,2319),(2320,2321,2322),(2323,2324,2325),(2326,2327,2328),(2329,2330,2331),(2332,2333,2334),(2335,2336,2337),(2338,2339,2340),(2341,2342,2343),(2344,2345,2346),(2347,2348,2349),(2350,2351,2352),(2353,2354,2355),(2356,2357,2358),(2359,2360,2361),(2362,2363,2364),(2365,2366,2367),(2368,2369,2370),(2371,2372,2373),(2374,2375,2376),(2377,2378,2379),(2380,2381,2382),(2383,2384,2385),(2386,2387,2388),(2389,2390,2391),(2392,2393,2394),(2395,2396,2397),(2398,2399,2400),(2401,2402,2403),(2404,2405,2406),(2407,2408,2409),(2410,2411,2412),(2413,2414,2415),(2416,2417,2418),(2419,2420,2421),(2422,2423,2424),(2425,2426,2427),(2428,2429,2430),(2431,2432,2433),(2434,2435,2436),(2437,2438,2439),(2440,2441,2442),(2443,2444,2445),(2446,2447,2448),(2449,2450,2451),(2452,2453,2454),(2455,2456,2457),(2458,2459,2460),(2461,2462,2463),(2464,2465,2466),(2467,2468,2469),(2470,2471,2472),(2473,2474,2475),(2476,2477,2478),(2479,2480,2481),(2482,2483,2484),(2485,2486,2487),(2488,2489,2490),(2491,2492,2493),(2494,2495,2496),(2497,2498,2499),(2500,2501,2502),(2503,2504,2505),(2506,2507,2508),(2509,2510,2511),(2512,2513,2514),(2515,2516,2517),(2518,2519,2520),(2521,2522,2523),(2524,2525,2526),(2527,2528,2529),(2530,2531,2532),(2533,2534,2535),(2536,2537,2538),(2539,2540,2541),(2542,2543,2544),(2545,2546,2547),(2548,2549,2550),(2551,2552,2553),(2554,2555,2556),(2557,2558,2559),(2560,2561,2562),(2563,2564,2565),(2566,2567,2568),(2569,2570,2571),(2572,2573,2574),(2575,2576,2577),(2578,2579,2580),(2581,2582,2583),(2584,2585,2586),(2587,2588,2589),(2590,2591,2592),(2593,2594,2595)));
#12732=TESSELLATED_GEOMETRIC_SET('hole callout',(#12731));
#12733=COORDINATES_LIST('coordinates',5,((-0.1352864,0.0051253,0.0240000),(-0.1126868,0.0051253,0.0240000),(-0.1457614,-0.0003497,0.0240000),(-0.1402864,0.0051253,0.0240000),(-0.1352864,0.0051253,0.0240000)));
#12734=TESSELLATED_CURVE_SET('curve set',#12733,((1,2),(3,4,5)));
#12735=TESSELLATED_GEOMETRIC_SET('hole callout',(#12734));
#12736=TESSELLATED_ANNOTATION_OCCURRENCE('hole callout',(#12729),#12732);
#12737=TESSELLATED_ANNOTATION_OCCURRENCE('hole callout',(#12729),#12735);
#12738=DRAUGHTING_CALLOUT('hole callout',(#12736,#12737));
#12739=DRAUGHTING_MODEL_ITEM_ASSOCIATION('','',#12689,#12725,#12738);
#12740=DRAUGHTING_MODEL_ITEM_ASSOCIATION('','',#12697,#12725,#12738);
#12741=DRAUGHTING_MODEL_ITEM_ASSOCIATION('','',#12664,#12725,#12738);
#12742=COMPOSITE_SHAPE_ASPECT('hole_callout.FXIazDOW2kWF7Om_380.JID.1',$,#12654,$);
#12743=SHAPE_ASPECT('hole_callout.FXIazDOW2kWF7Om_380.JID.1',$,#12654,.T.);
#12744=GEOMETRIC_ITEM_SPECIFIC_USAGE('','',#12743,#11,#7139);
#12745=SHAPE_ASPECT_RELATIONSHIP('','',#12742,#12743);
#12746=SHAPE_ASPECT('hole_callout.FXIazDOW2kWF7Om_380.JID.1',$,#12654,.T.);
#12747=GEOMETRIC_ITEM_SPECIFIC_USAGE('','',#12746,#11,#7135);
#12748=SHAPE_ASPECT_RELATIONSHIP('','',#12742,#12746);
#12749=SHAPE_ASPECT('hole_callout.FXIazDOW2kWF7Om_380.JID.1',$,#12654,.T.);
#12750=GEOMETRIC_ITEM_SPECIFIC_USAGE('','',#12749,#11,#7137);
#12751=SHAPE_ASPECT_RELATIONSHIP('','',#12742,#12749);
#12752=DIMENSIONAL_SIZE(#12742,'diameter');
#12753=(
LENGTH_UNIT()
NAMED_UNIT(*)
SI_UNIT(.MILLI.,.METRE.)
);
#12755=PRECISION_QUALIFIER(3);
#12754=(
LENGTH_MEASURE_WITH_UNIT()
MEASURE_REPRESENTATION_ITEM()
MEASURE_WITH_UNIT(POSITIVE_LENGTH_MEASURE(3.65),#12753)
QUALIFIED_REPRESENTATION_ITEM((#12755))
REPRESENTATION_ITEM('nominal value')
);
#12756=COMPOUND_REPRESENTATION_ITEM('modifiers',SET_REPRESENTATION_ITEM((#12757)));
#12757=DESCRIPTIVE_REPRESENTATION_ITEM('dimensional note','diameter');
#12758=SHAPE_DIMENSION_REPRESENTATION('',(#12754,#12756),#12649);
#12759=DIMENSIONAL_CHARACTERISTIC_REPRESENTATION(#12752,#12758);
#12760=PRESENTATION_STYLE_ASSIGNMENT((NULL_STYLE(.NULL.)));
#12761=CARTESIAN_POINT('',(-0.143308415848847,-0.0656854376363896,0.004));
#12762=DIRECTION('',(0.,0.,-1.));
#12763=DIRECTION('',(1.,0.,0.));
#12764=AXIS2_PLACEMENT_3D('',#12761,#12762,#12763);
#12765=PLANE('',#12764);
#12766=ANNOTATION_PLANE('',(#12760),#12765,(#12792));
#12767=CARTESIAN_POINT('',(0.,0.,0.));
#12768=DIRECTION('',(0.,0.,1.));
#12769=DIRECTION('',(1.,0.,0.));
#12770=AXIS2_PLACEMENT_3D('',#12767,#12768,#12769);
#12771=CARTESIAN_POINT('',(0.,0.,0.));
#12772=DIRECTION('',(0.,0.,1.));
#12773=DIRECTION('',(1.,0.,0.));
#12774=AXIS2_PLACEMENT_3D('',#12771,#12772,#12773);
#12775=SHAPE_REPRESENTATION('',(#12774,#7467),#12649);
#12776=REPRESENTATION_MAP(#12770,#12775);
#12777=MAPPED_ITEM('',#12776,#12770);
#12778=PRESENTATION_STYLE_ASSIGNMENT((NULL_STYLE(.NULL.)));
#12779=STYLED_ITEM('',(#12778),#12777);
#12780=DRAUGHTING_PRE_DEFINED_CURVE_FONT('continuous');
#12781=COLOUR_RGB('',0.,0.,0.);
#12782=CURVE_STYLE('',#12780,POSITIVE_LENGTH_MEASURE(0.02),#12781);
#12783=PRESENTATION_STYLE_ASSIGNMENT((#12782));
#12784=COORDINATES_LIST('coordinates',2652,((-0.1420179,-0.0669759,0.0040000),(-0.1406037,-0.0698043,0.0040000),(-0.1391895,-0.0683901,0.0040000),(-0.1303269,-0.0751346,0.0040000),(-0.1302299,-0.0750940,0.0040000),(-0.1301319,-0.0750587,0.0040000),(-0.1303269,-0.0751346,0.0040000),(-0.1301319,-0.0750587,0.0040000),(-0.1300329,-0.0750289,0.0040000),(-0.1303269,-0.0751346,0.0040000),(-0.1300329,-0.0750289,0.0040000),(-0.1299330,-0.0750045,0.0040000),(-0.1303269,-0.0751346,0.0040000),(-0.1299330,-0.0750045,0.0040000),(-0.1298321,-0.0749855,0.0040000),(-0.1303269,-0.0751346,0.0040000),(-0.1298321,-0.0749855,0.0040000),(-0.1297302,-0.0749719,0.0040000),(-0.1303269,-0.0751346,0.0040000),(-0.1297302,-0.0749719,0.0040000),(-0.1296274,-0.0749638,0.0040000),(-0.1303269,-0.0751346,0.0040000),(-0.1296274,-0.0749638,0.0040000),(-0.1295236,-0.0749611,0.0040000),(-0.1303269,-0.0751346,0.0040000),(-0.1295236,-0.0749611,0.0040000),(-0.1293879,-0.0749654,0.0040000),(-0.1303269,-0.0751346,0.0040000),(-0.1293879,-0.0749654,0.0040000),(-0.1292546,-0.0749783,0.0040000),(-0.1303269,-0.0751346,0.0040000),(-0.1292546,-0.0749783,0.0040000),(-0.1291239,-0.0749999,0.0040000),(-0.1303269,-0.0751346,0.0040000),(-0.1291239,-0.0749999,0.0040000),(-0.1289958,-0.0750301,0.0040000),(-0.1303269,-0.0751346,0.0040000),(-0.1289958,-0.0750301,0.0040000),(-0.1288702,-0.0750690,0.0040000),(-0.1303269,-0.0751346,0.0040000),(-0.1288702,-0.0750690,0.0040000),(-0.1287472,-0.0751165,0.0040000),(-0.1303269,-0.0751346,0.0040000),(-0.1287472,-0.0751165,0.0040000),(-0.1286267,-0.0751726,0.0040000),(-0.1303269,-0.0751346,0.0040000),(-0.1286267,-0.0751726,0.0040000),(-0.1285087,-0.0752373,0.0040000),(-0.1303269,-0.0751346,0.0040000),(-0.1285087,-0.0752373,0.0040000),(-0.1283951,-0.0753097,0.0040000),(-0.1303269,-0.0751346,0.0040000),(-0.1283951,-0.0753097,0.0040000),(-0.1282878,-0.0753882,0.0040000),(-0.1303269,-0.0751346,0.0040000),(-0.1282878,-0.0753882,0.0040000),(-0.1281866,-0.0754729,0.0040000),(-0.1303269,-0.0751346,0.0040000),(-0.1281866,-0.0754729,0.0040000),(-0.1280917,-0.0755638,0.0040000),(-0.1303269,-0.0751346,0.0040000),(-0.1280917,-0.0755638,0.0040000),(-0.1280030,-0.0756608,0.0040000),(-0.1280030,-0.0756608,0.0040000),(-0.1279205,-0.0757640,0.0040000),(-0.1278443,-0.0758733,0.0040000),(-0.1280030,-0.0756608,0.0040000),(-0.1278443,-0.0758733,0.0040000),(-0.1277742,-0.0759887,0.0040000),(-0.1280030,-0.0756608,0.0040000),(-0.1277742,-0.0759887,0.0040000),(-0.1277112,-0.0761085,0.0040000),(-0.1280030,-0.0756608,0.0040000),(-0.1277112,-0.0761085,0.0040000),(-0.1276566,-0.0762307,0.0040000),(-0.1280030,-0.0756608,0.0040000),(-0.1276566,-0.0762307,0.0040000),(-0.1276104,-0.0763555,0.0040000),(-0.1280030,-0.0756608,0.0040000),(-0.1276104,-0.0763555,0.0040000),(-0.1275726,-0.0764827,0.0040000),(-0.1280030,-0.0756608,0.0040000),(-0.1275726,-0.0764827,0.0040000),(-0.1275432,-0.0766124,0.0040000),(-0.1280030,-0.0756608,0.0040000),(-0.1275432,-0.0766124,0.0040000),(-0.1275222,-0.0767446,0.0040000),(-0.1280030,-0.0756608,0.0040000),(-0.1275222,-0.0767446,0.0040000),(-0.1275096,-0.0768792,0.0040000),(-0.1280030,-0.0756608,0.0040000),(-0.1275096,-0.0768792,0.0040000),(-0.1275054,-0.0770164,0.0040000),(-0.1280030,-0.0756608,0.0040000),(-0.1275054,-0.0770164,0.0040000),(-0.1275096,-0.0771480,0.0040000),(-0.1280030,-0.0756608,0.0040000),(-0.1275096,-0.0771480,0.0040000),(-0.1275222,-0.0772788,0.0040000),(-0.1280030,-0.0756608,0.0040000),(-0.1275222,-0.0772788,0.0040000),(-0.1275432,-0.0774089,0.0040000),(-0.1280030,-0.0756608,0.0040000),(-0.1275432,-0.0774089,0.0040000),(-0.1275726,-0.0775381,0.0040000),(-0.1280030,-0.0756608,0.0040000),(-0.1275726,-0.0775381,0.0040000),(-0.1276104,-0.0776666,0.0040000),(-0.1280030,-0.0756608,0.0040000),(-0.1276104,-0.0776666,0.0040000),(-0.1276566,-0.0777942,0.0040000),(-0.1276566,-0.0777942,0.0040000),(-0.1280484,-0.0776527,0.0040000),(-0.1280118,-0.0775549,0.0040000),(-0.1276566,-0.0777942,0.0040000),(-0.1280118,-0.0775549,0.0040000),(-0.1279819,-0.0774537,0.0040000),(-0.1276566,-0.0777942,0.0040000),(-0.1279819,-0.0774537,0.0040000),(-0.1279587,-0.0773493,0.0040000),(-0.1276566,-0.0777942,0.0040000),(-0.1279587,-0.0773493,0.0040000),(-0.1279420,-0.0772416,0.0040000),(-0.1276566,-0.0777942,0.0040000),(-0.1279420,-0.0772416,0.0040000),(-0.1279321,-0.0771306,0.0040000),(-0.1276566,-0.0777942,0.0040000),(-0.1279321,-0.0771306,0.0040000),(-0.1279287,-0.0770164,0.0040000),(-0.1276566,-0.0777942,0.0040000),(-0.1279287,-0.0770164,0.0040000),(-0.1279321,-0.0769063,0.0040000),(-0.1280030,-0.0756608,0.0040000),(-0.1276566,-0.0777942,0.0040000),(-0.1279321,-0.0769063,0.0040000),(-0.1280030,-0.0756608,0.0040000),(-0.1279321,-0.0769063,0.0040000),(-0.1279422,-0.0767985,0.0040000),(-0.1280030,-0.0756608,0.0040000),(-0.1279422,-0.0767985,0.0040000),(-0.1279589,-0.0766928,0.0040000),(-0.1280030,-0.0756608,0.0040000),(-0.1279589,-0.0766928,0.0040000),(-0.1279824,-0.0765893,0.0040000),(-0.1280030,-0.0756608,0.0040000),(-0.1279824,-0.0765893,0.0040000),(-0.1280127,-0.0764880,0.0040000),(-0.1280030,-0.0756608,0.0040000),(-0.1280127,-0.0764880,0.0040000),(-0.1280496,-0.0763889,0.0040000),(-0.1280030,-0.0756608,0.0040000),(-0.1280496,-0.0763889,0.0040000),(-0.1280932,-0.0762920,0.0040000),(-0.1280030,-0.0756608,0.0040000),(-0.1280932,-0.0762920,0.0040000),(-0.1281436,-0.0761972,0.0040000),(-0.1280030,-0.0756608,0.0040000),(-0.1281436,-0.0761972,0.0040000),(-0.1281994,-0.0761060,0.0040000),(-0.1280030,-0.0756608,0.0040000),(-0.1281994,-0.0761060,0.0040000),(-0.1282601,-0.0760197,0.0040000),(-0.1280030,-0.0756608,0.0040000),(-0.1282601,-0.0760197,0.0040000),(-0.1283255,-0.0759382,0.0040000),(-0.1280030,-0.0756608,0.0040000),(-0.1283255,-0.0759382,0.0040000),(-0.1283957,-0.0758617,0.0040000),(-0.1280030,-0.0756608,0.0040000),(-0.1283957,-0.0758617,0.0040000),(-0.1284708,-0.0757901,0.0040000),(-0.1280030,-0.0756608,0.0040000),(-0.1284708,-0.0757901,0.0040000),(-0.1285506,-0.0757233,0.0040000),(-0.1280030,-0.0756608,0.0040000),(-0.1285506,-0.0757233,0.0040000),(-0.1286352,-0.0756615,0.0040000),(-0.1280030,-0.0756608,0.0040000),(-0.1286352,-0.0756615,0.0040000),(-0.1287246,-0.0756045,0.0040000),(-0.1280030,-0.0756608,0.0040000),(-0.1287246,-0.0756045,0.0040000),(-0.1288172,-0.0755534,0.0040000),(-0.1280030,-0.0756608,0.0040000),(-0.1288172,-0.0755534,0.0040000),(-0.1289119,-0.0755092,0.0040000),(-0.1280030,-0.0756608,0.0040000),(-0.1289119,-0.0755092,0.0040000),(-0.1290086,-0.0754717,0.0040000),(-0.1280030,-0.0756608,0.0040000),(-0.1290086,-0.0754717,0.0040000),(-0.1291075,-0.0754410,0.0040000),(-0.1303269,-0.0751346,0.0040000),(-0.1280030,-0.0756608,0.0040000),(-0.1291075,-0.0754410,0.0040000),(-0.1303269,-0.0751346,0.0040000),(-0.1291075,-0.0754410,0.0040000),(-0.1292084,-0.0754172,0.0040000),(-0.1303269,-0.0751346,0.0040000),(-0.1292084,-0.0754172,0.0040000),(-0.1293114,-0.0754002,0.0040000),(-0.1303269,-0.0751346,0.0040000),(-0.1293114,-0.0754002,0.0040000),(-0.1294165,-0.0753899,0.0040000),(-0.1303269,-0.0751346,0.0040000),(-0.1294165,-0.0753899,0.0040000),(-0.1295236,-0.0753865,0.0040000),(-0.1303269,-0.0751346,0.0040000),(-0.1295236,-0.0753865,0.0040000),(-0.1296772,-0.0753936,0.0040000),(-0.1303269,-0.0751346,0.0040000),(-0.1296772,-0.0753936,0.0040000),(-0.1298269,-0.0754148,0.0040000),(-0.1303269,-0.0751346,0.0040000),(-0.1298269,-0.0754148,0.0040000),(-0.1299725,-0.0754502,0.0040000),(-0.1303269,-0.0751346,0.0040000),(-0.1299725,-0.0754502,0.0040000),(-0.1301142,-0.0754998,0.0040000),(-0.1303269,-0.0751346,0.0040000),(-0.1301142,-0.0754998,0.0040000),(-0.1285172,-0.0782832,0.0040000),(-0.1308878,-0.0741599,0.0040000),(-0.1303269,-0.0751346,0.0040000),(-0.1285172,-0.0782832,0.0040000),(-0.1280916,-0.0777474,0.0040000),(-0.1280484,-0.0776527,0.0040000),(-0.1276566,-0.0777942,0.0040000),(-0.1281415,-0.0778387,0.0040000),(-0.1280916,-0.0777474,0.0040000),(-0.1276566,-0.0777942,0.0040000),(-0.1282094,-0.0779427,0.0040000),(-0.1281415,-0.0778387,0.0040000),(-0.1276566,-0.0777942,0.0040000),(-0.1282947,-0.0780514,0.0040000),(-0.1282094,-0.0779427,0.0040000),(-0.1276566,-0.0777942,0.0040000),(-0.1283438,-0.0781076,0.0040000),(-0.1282947,-0.0780514,0.0040000),(-0.1276566,-0.0777942,0.0040000),(-0.1283972,-0.0781649,0.0040000),(-0.1283438,-0.0781076,0.0040000),(-0.1276566,-0.0777942,0.0040000),(-0.1284550,-0.0782235,0.0040000),(-0.1283972,-0.0781649,0.0040000),(-0.1276566,-0.0777942,0.0040000),(-0.1285172,-0.0782832,0.0040000),(-0.1284550,-0.0782235,0.0040000),(-0.1276566,-0.0777942,0.0040000),(-0.1285172,-0.0782832,0.0040000),(-0.1276566,-0.0777942,0.0040000),(-0.1277112,-0.0779211,0.0040000),(-0.1285172,-0.0782832,0.0040000),(-0.1277112,-0.0779211,0.0040000),(-0.1277742,-0.0780472,0.0040000),(-0.1285172,-0.0782832,0.0040000),(-0.1277742,-0.0780472,0.0040000),(-0.1278244,-0.0781339,0.0040000),(-0.1285172,-0.0782832,0.0040000),(-0.1278244,-0.0781339,0.0040000),(-0.1278792,-0.0782173,0.0040000),(-0.1285172,-0.0782832,0.0040000),(-0.1278792,-0.0782173,0.0040000),(-0.1279386,-0.0782974,0.0040000),(-0.1285172,-0.0782832,0.0040000),(-0.1279386,-0.0782974,0.0040000),(-0.1280026,-0.0783742,0.0040000),(-0.1285172,-0.0782832,0.0040000),(-0.1280026,-0.0783742,0.0040000),(-0.1280711,-0.0784477,0.0040000),(-0.1285172,-0.0782832,0.0040000),(-0.1280711,-0.0784477,0.0040000),(-0.1281443,-0.0785179,0.0040000),(-0.1285172,-0.0782832,0.0040000),(-0.1281443,-0.0785179,0.0040000),(-0.1282221,-0.0785847,0.0040000),(-0.1285172,-0.0782832,0.0040000),(-0.1282221,-0.0785847,0.0040000),(-0.1283044,-0.0786483,0.0040000),(-0.1285172,-0.0782832,0.0040000),(-0.1283044,-0.0786483,0.0040000),(-0.1277626,-0.0796008,0.0040000),(-0.1308878,-0.0741599,0.0040000),(-0.1285172,-0.0782832,0.0040000),(-0.1277626,-0.0796008,0.0040000),(-0.1308878,-0.0741599,0.0040000),(-0.1277626,-0.0796008,0.0040000),(-0.1277340,-0.0797045,0.0040000),(-0.1308878,-0.0741599,0.0040000),(-0.1277340,-0.0797045,0.0040000),(-0.1277414,-0.0797648,0.0040000),(-0.1308878,-0.0741599,0.0040000),(-0.1277414,-0.0797648,0.0040000),(-0.1277800,-0.0798400,0.0040000),(-0.1308878,-0.0741599,0.0040000),(-0.1277800,-0.0798400,0.0040000),(-0.1278451,-0.0798940,0.0040000),(-0.1308878,-0.0741599,0.0040000),(-0.1278451,-0.0798940,0.0040000),(-0.1279478,-0.0799247,0.0040000),(-0.1308878,-0.0741599,0.0040000),(-0.1279478,-0.0799247,0.0040000),(-0.1280081,-0.0799172,0.0040000),(-0.1308878,-0.0741599,0.0040000),(-0.1280081,-0.0799172,0.0040000),(-0.1280838,-0.0798786,0.0040000),(-0.1308878,-0.0741599,0.0040000),(-0.1280838,-0.0798786,0.0040000),(-0.1281393,-0.0798135,0.0040000),(-0.1308878,-0.0741599,0.0040000),(-0.1281393,-0.0798135,0.0040000),(-0.1286749,-0.0788854,0.0040000),(-0.1286749,-0.0788854,0.0040000),(-0.1287755,-0.0789298,0.0040000),(-0.1288794,-0.0789683,0.0040000),(-0.1286749,-0.0788854,0.0040000),(-0.1288794,-0.0789683,0.0040000),(-0.1289866,-0.0790008,0.0040000),(-0.1286749,-0.0788854,0.0040000),(-0.1289866,-0.0790008,0.0040000),(-0.1290971,-0.0790275,0.0040000),(-0.1286749,-0.0788854,0.0040000),(-0.1290971,-0.0790275,0.0040000),(-0.1292110,-0.0790482,0.0040000),(-0.1286749,-0.0788854,0.0040000),(-0.1292110,-0.0790482,0.0040000),(-0.1293281,-0.0790630,0.0040000),(-0.1286749,-0.0788854,0.0040000),(-0.1293281,-0.0790630,0.0040000),(-0.1294486,-0.0790719,0.0040000),(-0.1286749,-0.0788854,0.0040000),(-0.1294486,-0.0790719,0.0040000),(-0.1295723,-0.0790748,0.0040000),(-0.1286749,-0.0788854,0.0040000),(-0.1295723,-0.0790748,0.0040000),(-0.1296969,-0.0790705,0.0040000),(-0.1286749,-0.0788854,0.0040000),(-0.1296969,-0.0790705,0.0040000),(-0.1298204,-0.0790575,0.0040000),(-0.1286749,-0.0788854,0.0040000),(-0.1298204,-0.0790575,0.0040000),(-0.1299429,-0.0790358,0.0040000),(-0.1286749,-0.0788854,0.0040000),(-0.1299429,-0.0790358,0.0040000),(-0.1300642,-0.0790055,0.0040000),(-0.1286749,-0.0788854,0.0040000),(-0.1300642,-0.0790055,0.0040000),(-0.1301844,-0.0789665,0.0040000),(-0.1286749,-0.0788854,0.0040000),(-0.1301844,-0.0789665,0.0040000),(-0.1303036,-0.0789188,0.0040000),(-0.1286749,-0.0788854,0.0040000),(-0.1303036,-0.0789188,0.0040000),(-0.1304216,-0.0788625,0.0040000),(-0.1286749,-0.0788854,0.0040000),(-0.1304216,-0.0788625,0.0040000),(-0.1305386,-0.0787975,0.0040000),(-0.1286749,-0.0788854,0.0040000),(-0.1305386,-0.0787975,0.0040000),(-0.1306517,-0.0787254,0.0040000),(-0.1286749,-0.0788854,0.0040000),(-0.1306517,-0.0787254,0.0040000),(-0.1307587,-0.0786470,0.0040000),(-0.1286749,-0.0788854,0.0040000),(-0.1307587,-0.0786470,0.0040000),(-0.1308597,-0.0785624,0.0040000),(-0.1286749,-0.0788854,0.0040000),(-0.1308597,-0.0785624,0.0040000),(-0.1309545,-0.0784716,0.0040000),(-0.1286749,-0.0788854,0.0040000),(-0.1309545,-0.0784716,0.0040000),(-0.1310433,-0.0783745,0.0040000),(-0.1310433,-0.0783745,0.0040000),(-0.1311260,-0.0782713,0.0040000),(-0.1312026,-0.0781618,0.0040000),(-0.1310433,-0.0783745,0.0040000),(-0.1312026,-0.0781618,0.0040000),(-0.1312731,-0.0780461,0.0040000),(-0.1310433,-0.0783745,0.0040000),(-0.1312731,-0.0780461,0.0040000),(-0.1313363,-0.0779263,0.0040000),(-0.1310433,-0.0783745,0.0040000),(-0.1313363,-0.0779263,0.0040000),(-0.1313911,-0.0778040,0.0040000),(-0.1310433,-0.0783745,0.0040000),(-0.1313911,-0.0778040,0.0040000),(-0.1314375,-0.0776791,0.0040000),(-0.1310433,-0.0783745,0.0040000),(-0.1314375,-0.0776791,0.0040000),(-0.1314755,-0.0775516,0.0040000),(-0.1310433,-0.0783745,0.0040000),(-0.1314755,-0.0775516,0.0040000),(-0.1315050,-0.0774216,0.0040000),(-0.1310433,-0.0783745,0.0040000),(-0.1315050,-0.0774216,0.0040000),(-0.1315261,-0.0772891,0.0040000),(-0.1310433,-0.0783745,0.0040000),(-0.1315261,-0.0772891,0.0040000),(-0.1315387,-0.0771540,0.0040000),(-0.1310433,-0.0783745,0.0040000),(-0.1315387,-0.0771540,0.0040000),(-0.1315429,-0.0770164,0.0040000),(-0.1310433,-0.0783745,0.0040000),(-0.1315429,-0.0770164,0.0040000),(-0.1315387,-0.0768783,0.0040000),(-0.1310433,-0.0783745,0.0040000),(-0.1315387,-0.0768783,0.0040000),(-0.1315261,-0.0767430,0.0040000),(-0.1310433,-0.0783745,0.0040000),(-0.1315261,-0.0767430,0.0040000),(-0.1315051,-0.0766104,0.0040000),(-0.1310433,-0.0783745,0.0040000),(-0.1315051,-0.0766104,0.0040000),(-0.1314757,-0.0764806,0.0040000),(-0.1310433,-0.0783745,0.0040000),(-0.1314757,-0.0764806,0.0040000),(-0.1314379,-0.0763535,0.0040000),(-0.1310433,-0.0783745,0.0040000),(-0.1314379,-0.0763535,0.0040000),(-0.1313917,-0.0762292,0.0040000),(-0.1310433,-0.0783745,0.0040000),(-0.1313917,-0.0762292,0.0040000),(-0.1313371,-0.0761076,0.0040000),(-0.1310433,-0.0783745,0.0040000),(-0.1313371,-0.0761076,0.0040000),(-0.1312741,-0.0759887,0.0040000),(-0.1312741,-0.0759887,0.0040000),(-0.1309058,-0.0761972,0.0040000),(-0.1309552,-0.0762919,0.0040000),(-0.1312741,-0.0759887,0.0040000),(-0.1309552,-0.0762919,0.0040000),(-0.1309980,-0.0763888,0.0040000),(-0.1312741,-0.0759887,0.0040000),(-0.1309980,-0.0763888,0.0040000),(-0.1310342,-0.0764879,0.0040000),(-0.1312741,-0.0759887,0.0040000),(-0.1310342,-0.0764879,0.0040000),(-0.1310638,-0.0765891,0.0040000),(-0.1312741,-0.0759887,0.0040000),(-0.1310638,-0.0765891,0.0040000),(-0.1310868,-0.0766924,0.0040000),(-0.1312741,-0.0759887,0.0040000),(-0.1310868,-0.0766924,0.0040000),(-0.1311033,-0.0767979,0.0040000),(-0.1312741,-0.0759887,0.0040000),(-0.1311033,-0.0767979,0.0040000),(-0.1311131,-0.0769055,0.0040000),(-0.1312741,-0.0759887,0.0040000),(-0.1311131,-0.0769055,0.0040000),(-0.1311164,-0.0770153,0.0040000),(-0.1312741,-0.0759887,0.0040000),(-0.1311164,-0.0770153,0.0040000),(-0.1311131,-0.0771251,0.0040000),(-0.1310433,-0.0783745,0.0040000),(-0.1312741,-0.0759887,0.0040000),(-0.1311131,-0.0771251,0.0040000),(-0.1310433,-0.0783745,0.0040000),(-0.1311131,-0.0771251,0.0040000),(-0.1311031,-0.0772329,0.0040000),(-0.1310433,-0.0783745,0.0040000),(-0.1311031,-0.0772329,0.0040000),(-0.1310864,-0.0773385,0.0040000),(-0.1310433,-0.0783745,0.0040000),(-0.1310864,-0.0773385,0.0040000),(-0.1310630,-0.0774421,0.0040000),(-0.1310433,-0.0783745,0.0040000),(-0.1310630,-0.0774421,0.0040000),(-0.1310329,-0.0775436,0.0040000),(-0.1310433,-0.0783745,0.0040000),(-0.1310329,-0.0775436,0.0040000),(-0.1309962,-0.0776430,0.0040000),(-0.1310433,-0.0783745,0.0040000),(-0.1309962,-0.0776430,0.0040000),(-0.1309528,-0.0777403,0.0040000),(-0.1310433,-0.0783745,0.0040000),(-0.1309528,-0.0777403,0.0040000),(-0.1309027,-0.0778355,0.0040000),(-0.1310433,-0.0783745,0.0040000),(-0.1309027,-0.0778355,0.0040000),(-0.1308468,-0.0779275,0.0040000),(-0.1310433,-0.0783745,0.0040000),(-0.1308468,-0.0779275,0.0040000),(-0.1307862,-0.0780144,0.0040000),(-0.1310433,-0.0783745,0.0040000),(-0.1307862,-0.0780144,0.0040000),(-0.1307207,-0.0780963,0.0040000),(-0.1310433,-0.0783745,0.0040000),(-0.1307207,-0.0780963,0.0040000),(-0.1306505,-0.0781731,0.0040000),(-0.1310433,-0.0783745,0.0040000),(-0.1306505,-0.0781731,0.0040000),(-0.1305755,-0.0782450,0.0040000),(-0.1310433,-0.0783745,0.0040000),(-0.1305755,-0.0782450,0.0040000),(-0.1304957,-0.0783118,0.0040000),(-0.1310433,-0.0783745,0.0040000),(-0.1304957,-0.0783118,0.0040000),(-0.1304110,-0.0783735,0.0040000),(-0.1310433,-0.0783745,0.0040000),(-0.1304110,-0.0783735,0.0040000),(-0.1303216,-0.0784303,0.0040000),(-0.1310433,-0.0783745,0.0040000),(-0.1303216,-0.0784303,0.0040000),(-0.1302296,-0.0784814,0.0040000),(-0.1310433,-0.0783745,0.0040000),(-0.1302296,-0.0784814,0.0040000),(-0.1301370,-0.0785257,0.0040000),(-0.1310433,-0.0783745,0.0040000),(-0.1301370,-0.0785257,0.0040000),(-0.1300438,-0.0785631,0.0040000),(-0.1310433,-0.0783745,0.0040000),(-0.1300438,-0.0785631,0.0040000),(-0.1299502,-0.0785938,0.0040000),(-0.1310433,-0.0783745,0.0040000),(-0.1299502,-0.0785938,0.0040000),(-0.1298560,-0.0786176,0.0040000),(-0.1286749,-0.0788854,0.0040000),(-0.1310433,-0.0783745,0.0040000),(-0.1298560,-0.0786176,0.0040000),(-0.1286749,-0.0788854,0.0040000),(-0.1298560,-0.0786176,0.0040000),(-0.1297612,-0.0786347,0.0040000),(-0.1286749,-0.0788854,0.0040000),(-0.1297612,-0.0786347,0.0040000),(-0.1296660,-0.0786449,0.0040000),(-0.1286749,-0.0788854,0.0040000),(-0.1296660,-0.0786449,0.0040000),(-0.1295702,-0.0786483,0.0040000),(-0.1286749,-0.0788854,0.0040000),(-0.1295702,-0.0786483,0.0040000),(-0.1295639,-0.0786483,0.0040000),(-0.1286749,-0.0788854,0.0040000),(-0.1295639,-0.0786483,0.0040000),(-0.1294702,-0.0786462,0.0040000),(-0.1286749,-0.0788854,0.0040000),(-0.1294702,-0.0786462,0.0040000),(-0.1293790,-0.0786400,0.0040000),(-0.1286749,-0.0788854,0.0040000),(-0.1293790,-0.0786400,0.0040000),(-0.1292904,-0.0786296,0.0040000),(-0.1286749,-0.0788854,0.0040000),(-0.1292904,-0.0786296,0.0040000),(-0.1292043,-0.0786150,0.0040000),(-0.1286749,-0.0788854,0.0040000),(-0.1292043,-0.0786150,0.0040000),(-0.1291208,-0.0785962,0.0040000),(-0.1286749,-0.0788854,0.0040000),(-0.1291208,-0.0785962,0.0040000),(-0.1290398,-0.0785733,0.0040000),(-0.1286749,-0.0788854,0.0040000),(-0.1290398,-0.0785733,0.0040000),(-0.1289614,-0.0785462,0.0040000),(-0.1286749,-0.0788854,0.0040000),(-0.1289614,-0.0785462,0.0040000),(-0.1288855,-0.0785150,0.0040000),(-0.1308878,-0.0741599,0.0040000),(-0.1286749,-0.0788854,0.0040000),(-0.1288855,-0.0785150,0.0040000),(-0.1308878,-0.0741599,0.0040000),(-0.1288855,-0.0785150,0.0040000),(-0.1304899,-0.0757199,0.0040000),(-0.1308878,-0.0741599,0.0040000),(-0.1304899,-0.0757199,0.0040000),(-0.1306104,-0.0758228,0.0040000),(-0.1308634,-0.0761279,0.0040000),(-0.1309058,-0.0761972,0.0040000),(-0.1312741,-0.0759887,0.0040000),(-0.1308183,-0.0760614,0.0040000),(-0.1308634,-0.0761279,0.0040000),(-0.1312741,-0.0759887,0.0040000),(-0.1307198,-0.0759366,0.0040000),(-0.1308183,-0.0760614,0.0040000),(-0.1312741,-0.0759887,0.0040000),(-0.1306104,-0.0758228,0.0040000),(-0.1307198,-0.0759366,0.0040000),(-0.1312741,-0.0759887,0.0040000),(-0.1306104,-0.0758228,0.0040000),(-0.1312741,-0.0759887,0.0040000),(-0.1312162,-0.0758937,0.0040000),(-0.1306104,-0.0758228,0.0040000),(-0.1312162,-0.0758937,0.0040000),(-0.1311545,-0.0758027,0.0040000),(-0.1306104,-0.0758228,0.0040000),(-0.1311545,-0.0758027,0.0040000),(-0.1310892,-0.0757159,0.0040000),(-0.1306104,-0.0758228,0.0040000),(-0.1310892,-0.0757159,0.0040000),(-0.1310201,-0.0756331,0.0040000),(-0.1306104,-0.0758228,0.0040000),(-0.1310201,-0.0756331,0.0040000),(-0.1309474,-0.0755545,0.0040000),(-0.1306104,-0.0758228,0.0040000),(-0.1309474,-0.0755545,0.0040000),(-0.1308709,-0.0754799,0.0040000),(-0.1306104,-0.0758228,0.0040000),(-0.1308709,-0.0754799,0.0040000),(-0.1307907,-0.0754095,0.0040000),(-0.1306104,-0.0758228,0.0040000),(-0.1307907,-0.0754095,0.0040000),(-0.1307069,-0.0753431,0.0040000),(-0.1308878,-0.0741599,0.0040000),(-0.1306104,-0.0758228,0.0040000),(-0.1307069,-0.0753431,0.0040000),(-0.1308878,-0.0741599,0.0040000),(-0.1307069,-0.0753431,0.0040000),(-0.1312625,-0.0743726,0.0040000),(-0.1308878,-0.0741599,0.0040000),(-0.1312625,-0.0743726,0.0040000),(-0.1312900,-0.0742710,0.0040000),(-0.1308878,-0.0741599,0.0040000),(-0.1312900,-0.0742710,0.0040000),(-0.1312837,-0.0742107,0.0040000),(-0.1308878,-0.0741599,0.0040000),(-0.1312837,-0.0742107,0.0040000),(-0.1312445,-0.0741337,0.0040000),(-0.1308878,-0.0741599,0.0040000),(-0.1312445,-0.0741337,0.0040000),(-0.1311821,-0.0740784,0.0040000),(-0.1308878,-0.0741599,0.0040000),(-0.1311821,-0.0740784,0.0040000),(-0.1310773,-0.0740509,0.0040000),(-0.1308878,-0.0741599,0.0040000),(-0.1310773,-0.0740509,0.0040000),(-0.1310170,-0.0740583,0.0040000),(-0.1308878,-0.0741599,0.0040000),(-0.1310170,-0.0740583,0.0040000),(-0.1309445,-0.0740938,0.0040000),(-0.1213354,-0.0760764,0.0040000),(-0.1213300,-0.0762110,0.0040000),(-0.1213313,-0.0763142,0.0040000),(-0.1213354,-0.0760764,0.0040000),(-0.1213313,-0.0763142,0.0040000),(-0.1213352,-0.0764135,0.0040000),(-0.1213354,-0.0760764,0.0040000),(-0.1213352,-0.0764135,0.0040000),(-0.1213416,-0.0765087,0.0040000),(-0.1213354,-0.0760764,0.0040000),(-0.1213416,-0.0765087,0.0040000),(-0.1213507,-0.0765998,0.0040000),(-0.1213354,-0.0760764,0.0040000),(-0.1213507,-0.0765998,0.0040000),(-0.1213623,-0.0766869,0.0040000),(-0.1213354,-0.0760764,0.0040000),(-0.1213623,-0.0766869,0.0040000),(-0.1213765,-0.0767700,0.0040000),(-0.1213354,-0.0760764,0.0040000),(-0.1213765,-0.0767700,0.0040000),(-0.1213932,-0.0768490,0.0040000),(-0.1213354,-0.0760764,0.0040000),(-0.1213932,-0.0768490,0.0040000),(-0.1214126,-0.0769240,0.0040000),(-0.1213354,-0.0760764,0.0040000),(-0.1214126,-0.0769240,0.0040000),(-0.1214590,-0.0770618,0.0040000),(-0.1213354,-0.0760764,0.0040000),(-0.1214590,-0.0770618,0.0040000),(-0.1215158,-0.0771835,0.0040000),(-0.1213354,-0.0760764,0.0040000),(-0.1215158,-0.0771835,0.0040000),(-0.1215828,-0.0772890,0.0040000),(-0.1213354,-0.0760764,0.0040000),(-0.1215828,-0.0772890,0.0040000),(-0.1216602,-0.0773783,0.0040000),(-0.1213354,-0.0760764,0.0040000),(-0.1216602,-0.0773783,0.0040000),(-0.1217397,-0.0774478,0.0040000),(-0.1213354,-0.0760764,0.0040000),(-0.1217397,-0.0774478,0.0040000),(-0.1218216,-0.0775080,0.0040000),(-0.1213354,-0.0760764,0.0040000),(-0.1218216,-0.0775080,0.0040000),(-0.1219057,-0.0775589,0.0040000),(-0.1213354,-0.0760764,0.0040000),(-0.1219057,-0.0775589,0.0040000),(-0.1219923,-0.0776006,0.0040000),(-0.1213354,-0.0760764,0.0040000),(-0.1219923,-0.0776006,0.0040000),(-0.1220812,-0.0776330,0.0040000),(-0.1213354,-0.0760764,0.0040000),(-0.1220812,-0.0776330,0.0040000),(-0.1221724,-0.0776561,0.0040000),(-0.1213354,-0.0760764,0.0040000),(-0.1221724,-0.0776561,0.0040000),(-0.1222660,-0.0776700,0.0040000),(-0.1222660,-0.0776700,0.0040000),(-0.1223619,-0.0776746,0.0040000),(-0.1224505,-0.0776711,0.0040000),(-0.1222660,-0.0776700,0.0040000),(-0.1224505,-0.0776711,0.0040000),(-0.1225360,-0.0776604,0.0040000),(-0.1222660,-0.0776700,0.0040000),(-0.1225360,-0.0776604,0.0040000),(-0.1226183,-0.0776426,0.0040000),(-0.1222660,-0.0776700,0.0040000),(-0.1226183,-0.0776426,0.0040000),(-0.1226974,-0.0776178,0.0040000),(-0.1222660,-0.0776700,0.0040000),(-0.1226974,-0.0776178,0.0040000),(-0.1227733,-0.0775858,0.0040000),(-0.1222660,-0.0776700,0.0040000),(-0.1227733,-0.0775858,0.0040000),(-0.1228461,-0.0775466,0.0040000),(-0.1222660,-0.0776700,0.0040000),(-0.1228461,-0.0775466,0.0040000),(-0.1229157,-0.0775004,0.0040000),(-0.1222660,-0.0776700,0.0040000),(-0.1229157,-0.0775004,0.0040000),(-0.1229821,-0.0774471,0.0040000),(-0.1218711,-0.0783480,0.0040000),(-0.1218042,-0.0782091,0.0040000),(-0.1217211,-0.0781138,0.0040000),(-0.1218711,-0.0783480,0.0040000),(-0.1217211,-0.0781138,0.0040000),(-0.1216052,-0.0780609,0.0040000),(-0.1219661,-0.0784684,0.0040000),(-0.1218711,-0.0783480,0.0040000),(-0.1216052,-0.0780609,0.0040000),(-0.1219661,-0.0784684,0.0040000),(-0.1216052,-0.0780609,0.0040000),(-0.1215292,-0.0780925,0.0040000),(-0.1219661,-0.0784684,0.0040000),(-0.1215292,-0.0780925,0.0040000),(-0.1214684,-0.0781385,0.0040000),(-0.1220592,-0.0785471,0.0040000),(-0.1219661,-0.0784684,0.0040000),(-0.1214684,-0.0781385,0.0040000),(-0.1220592,-0.0785471,0.0040000),(-0.1214684,-0.0781385,0.0040000),(-0.1213925,-0.0782737,0.0040000),(-0.1221574,-0.0786033,0.0040000),(-0.1220592,-0.0785471,0.0040000),(-0.1213925,-0.0782737,0.0040000),(-0.1221574,-0.0786033,0.0040000),(-0.1213925,-0.0782737,0.0040000),(-0.1213988,-0.0783477,0.0040000),(-0.1221574,-0.0786033,0.0040000),(-0.1213988,-0.0783477,0.0040000),(-0.1214479,-0.0784646,0.0040000),(-0.1222608,-0.0786371,0.0040000),(-0.1221574,-0.0786033,0.0040000),(-0.1214479,-0.0784646,0.0040000),(-0.1222608,-0.0786371,0.0040000),(-0.1214479,-0.0784646,0.0040000),(-0.1215094,-0.0785737,0.0040000),(-0.1223693,-0.0786483,0.0040000),(-0.1222608,-0.0786371,0.0040000),(-0.1215094,-0.0785737,0.0040000),(-0.1223693,-0.0786483,0.0040000),(-0.1215094,-0.0785737,0.0040000),(-0.1215834,-0.0786752,0.0040000),(-0.1223693,-0.0786483,0.0040000),(-0.1215834,-0.0786752,0.0040000),(-0.1216698,-0.0787690,0.0040000),(-0.1224646,-0.0786363,0.0040000),(-0.1223693,-0.0786483,0.0040000),(-0.1216698,-0.0787690,0.0040000),(-0.1224646,-0.0786363,0.0040000),(-0.1216698,-0.0787690,0.0040000),(-0.1217464,-0.0788406,0.0040000),(-0.1224646,-0.0786363,0.0040000),(-0.1217464,-0.0788406,0.0040000),(-0.1218262,-0.0789028,0.0040000),(-0.1225654,-0.0786004,0.0040000),(-0.1224646,-0.0786363,0.0040000),(-0.1218262,-0.0789028,0.0040000),(-0.1225654,-0.0786004,0.0040000),(-0.1218262,-0.0789028,0.0040000),(-0.1219090,-0.0789553,0.0040000),(-0.1225654,-0.0786004,0.0040000),(-0.1219090,-0.0789553,0.0040000),(-0.1219949,-0.0789984,0.0040000),(-0.1226715,-0.0785406,0.0040000),(-0.1225654,-0.0786004,0.0040000),(-0.1219949,-0.0789984,0.0040000),(-0.1226715,-0.0785406,0.0040000),(-0.1219949,-0.0789984,0.0040000),(-0.1220839,-0.0790318,0.0040000),(-0.1227831,-0.0784567,0.0040000),(-0.1226715,-0.0785406,0.0040000),(-0.1220839,-0.0790318,0.0040000),(-0.1227831,-0.0784567,0.0040000),(-0.1220839,-0.0790318,0.0040000),(-0.1221760,-0.0790557,0.0040000),(-0.1227831,-0.0784567,0.0040000),(-0.1221760,-0.0790557,0.0040000),(-0.1222711,-0.0790700,0.0040000),(-0.1228702,-0.0783604,0.0040000),(-0.1227831,-0.0784567,0.0040000),(-0.1222711,-0.0790700,0.0040000),(-0.1228702,-0.0783604,0.0040000),(-0.1222711,-0.0790700,0.0040000),(-0.1223693,-0.0790748,0.0040000),(-0.1228702,-0.0783604,0.0040000),(-0.1223693,-0.0790748,0.0040000),(-0.1224544,-0.0790702,0.0040000),(-0.1228702,-0.0783604,0.0040000),(-0.1224544,-0.0790702,0.0040000),(-0.1225400,-0.0790564,0.0040000),(-0.1229323,-0.0782334,0.0040000),(-0.1228702,-0.0783604,0.0040000),(-0.1225400,-0.0790564,0.0040000),(-0.1229323,-0.0782334,0.0040000),(-0.1225400,-0.0790564,0.0040000),(-0.1226259,-0.0790334,0.0040000),(-0.1229323,-0.0782334,0.0040000),(-0.1226259,-0.0790334,0.0040000),(-0.1227122,-0.0790013,0.0040000),(-0.1229541,-0.0781584,0.0040000),(-0.1229323,-0.0782334,0.0040000),(-0.1227122,-0.0790013,0.0040000),(-0.1229541,-0.0781584,0.0040000),(-0.1227122,-0.0790013,0.0040000),(-0.1227989,-0.0789599,0.0040000),(-0.1229541,-0.0781584,0.0040000),(-0.1227989,-0.0789599,0.0040000),(-0.1228860,-0.0789093,0.0040000),(-0.1229697,-0.0780757,0.0040000),(-0.1229541,-0.0781584,0.0040000),(-0.1228860,-0.0789093,0.0040000),(-0.1229790,-0.0779854,0.0040000),(-0.1229697,-0.0780757,0.0040000),(-0.1228860,-0.0789093,0.0040000),(-0.1229790,-0.0779854,0.0040000),(-0.1228860,-0.0789093,0.0040000),(-0.1229736,-0.0788496,0.0040000),(-0.1229821,-0.0778874,0.0040000),(-0.1229790,-0.0779854,0.0040000),(-0.1229736,-0.0788496,0.0040000),(-0.1229821,-0.0778874,0.0040000),(-0.1229736,-0.0788496,0.0040000),(-0.1230615,-0.0787806,0.0040000),(-0.1229821,-0.0774471,0.0040000),(-0.1229821,-0.0778874,0.0040000),(-0.1230615,-0.0787806,0.0040000),(-0.1229821,-0.0774471,0.0040000),(-0.1230615,-0.0787806,0.0040000),(-0.1231433,-0.0787041,0.0040000),(-0.1229821,-0.0774471,0.0040000),(-0.1231433,-0.0787041,0.0040000),(-0.1232143,-0.0786179,0.0040000),(-0.1229821,-0.0774471,0.0040000),(-0.1232143,-0.0786179,0.0040000),(-0.1232743,-0.0785222,0.0040000),(-0.1229821,-0.0774471,0.0040000),(-0.1232743,-0.0785222,0.0040000),(-0.1233234,-0.0784168,0.0040000),(-0.1229821,-0.0774471,0.0040000),(-0.1233234,-0.0784168,0.0040000),(-0.1233616,-0.0783018,0.0040000),(-0.1229821,-0.0774471,0.0040000),(-0.1233616,-0.0783018,0.0040000),(-0.1233889,-0.0781772,0.0040000),(-0.1229821,-0.0774471,0.0040000),(-0.1233889,-0.0781772,0.0040000),(-0.1234053,-0.0780429,0.0040000),(-0.1229821,-0.0774471,0.0040000),(-0.1234053,-0.0780429,0.0040000),(-0.1234107,-0.0778990,0.0040000),(-0.1229821,-0.0774471,0.0040000),(-0.1234107,-0.0778990,0.0040000),(-0.1234107,-0.0765793,0.0040000),(-0.1222660,-0.0776700,0.0040000),(-0.1229821,-0.0774471,0.0040000),(-0.1234107,-0.0765793,0.0040000),(-0.1234107,-0.0765793,0.0040000),(-0.1230149,-0.0765856,0.0040000),(-0.1229994,-0.0767109,0.0040000),(-0.1234107,-0.0765793,0.0040000),(-0.1229994,-0.0767109,0.0040000),(-0.1229530,-0.0768338,0.0040000),(-0.1234107,-0.0765793,0.0040000),(-0.1229530,-0.0768338,0.0040000),(-0.1228756,-0.0769543,0.0040000),(-0.1222660,-0.0776700,0.0040000),(-0.1234107,-0.0765793,0.0040000),(-0.1228756,-0.0769543,0.0040000),(-0.1222660,-0.0776700,0.0040000),(-0.1228756,-0.0769543,0.0040000),(-0.1227672,-0.0770724,0.0040000),(-0.1222660,-0.0776700,0.0040000),(-0.1227672,-0.0770724,0.0040000),(-0.1226717,-0.0771502,0.0040000),(-0.1222660,-0.0776700,0.0040000),(-0.1226717,-0.0771502,0.0040000),(-0.1225722,-0.0772058,0.0040000),(-0.1222660,-0.0776700,0.0040000),(-0.1225722,-0.0772058,0.0040000),(-0.1224690,-0.0772391,0.0040000),(-0.1222660,-0.0776700,0.0040000),(-0.1224690,-0.0772391,0.0040000),(-0.1223619,-0.0772502,0.0040000),(-0.1222660,-0.0776700,0.0040000),(-0.1223619,-0.0772502,0.0040000),(-0.1222562,-0.0772391,0.0040000),(-0.1222660,-0.0776700,0.0040000),(-0.1222562,-0.0772391,0.0040000),(-0.1221539,-0.0772058,0.0040000),(-0.1222660,-0.0776700,0.0040000),(-0.1221539,-0.0772058,0.0040000),(-0.1220551,-0.0771502,0.0040000),(-0.1222660,-0.0776700,0.0040000),(-0.1220551,-0.0771502,0.0040000),(-0.1219597,-0.0770724,0.0040000),(-0.1222660,-0.0776700,0.0040000),(-0.1219597,-0.0770724,0.0040000),(-0.1218713,-0.0769439,0.0040000),(-0.1213354,-0.0760764,0.0040000),(-0.1222660,-0.0776700,0.0040000),(-0.1218713,-0.0769439,0.0040000),(-0.1213354,-0.0760764,0.0040000),(-0.1218713,-0.0769439,0.0040000),(-0.1218366,-0.0768577,0.0040000),(-0.1213354,-0.0760764,0.0040000),(-0.1218366,-0.0768577,0.0040000),(-0.1218081,-0.0767571,0.0040000),(-0.1213354,-0.0760764,0.0040000),(-0.1218081,-0.0767571,0.0040000),(-0.1217860,-0.0766418,0.0040000),(-0.1213354,-0.0760764,0.0040000),(-0.1217860,-0.0766418,0.0040000),(-0.1217702,-0.0765121,0.0040000),(-0.1213354,-0.0760764,0.0040000),(-0.1217702,-0.0765121,0.0040000),(-0.1217608,-0.0763677,0.0040000),(-0.1213354,-0.0760764,0.0040000),(-0.1217608,-0.0763677,0.0040000),(-0.1217576,-0.0762088,0.0040000),(-0.1213354,-0.0760764,0.0040000),(-0.1217576,-0.0762088,0.0040000),(-0.1217610,-0.0761174,0.0040000),(-0.1213354,-0.0760764,0.0040000),(-0.1217610,-0.0761174,0.0040000),(-0.1217711,-0.0760309,0.0040000),(-0.1213354,-0.0760764,0.0040000),(-0.1217711,-0.0760309,0.0040000),(-0.1217880,-0.0759494,0.0040000),(-0.1213354,-0.0760764,0.0040000),(-0.1217880,-0.0759494,0.0040000),(-0.1218116,-0.0758728,0.0040000),(-0.1213354,-0.0760764,0.0040000),(-0.1218116,-0.0758728,0.0040000),(-0.1218790,-0.0757346,0.0040000),(-0.1213354,-0.0760764,0.0040000),(-0.1218790,-0.0757346,0.0040000),(-0.1219735,-0.0756162,0.0040000),(-0.1213354,-0.0760764,0.0040000),(-0.1219735,-0.0756162,0.0040000),(-0.1220648,-0.0755402,0.0040000),(-0.1230140,-0.0764954,0.0040000),(-0.1230149,-0.0765856,0.0040000),(-0.1234107,-0.0765793,0.0040000),(-0.1230112,-0.0764092,0.0040000),(-0.1230140,-0.0764954,0.0040000),(-0.1234107,-0.0765793,0.0040000),(-0.1230000,-0.0762488,0.0040000),(-0.1230112,-0.0764092,0.0040000),(-0.1234107,-0.0765793,0.0040000),(-0.1229814,-0.0761044,0.0040000),(-0.1230000,-0.0762488,0.0040000),(-0.1234107,-0.0765793,0.0040000),(-0.1229554,-0.0759760,0.0040000),(-0.1229814,-0.0761044,0.0040000),(-0.1234107,-0.0765793,0.0040000),(-0.1229219,-0.0758636,0.0040000),(-0.1229554,-0.0759760,0.0040000),(-0.1234107,-0.0765793,0.0040000),(-0.1228810,-0.0757673,0.0040000),(-0.1229219,-0.0758636,0.0040000),(-0.1234107,-0.0765793,0.0040000),(-0.1228326,-0.0756869,0.0040000),(-0.1228810,-0.0757673,0.0040000),(-0.1234107,-0.0765793,0.0040000),(-0.1228326,-0.0756869,0.0040000),(-0.1234107,-0.0765793,0.0040000),(-0.1234094,-0.0764636,0.0040000),(-0.1228326,-0.0756869,0.0040000),(-0.1234094,-0.0764636,0.0040000),(-0.1234054,-0.0763528,0.0040000),(-0.1228326,-0.0756869,0.0040000),(-0.1234054,-0.0763528,0.0040000),(-0.1233987,-0.0762468,0.0040000),(-0.1227768,-0.0756225,0.0040000),(-0.1228326,-0.0756869,0.0040000),(-0.1233987,-0.0762468,0.0040000),(-0.1227768,-0.0756225,0.0040000),(-0.1233987,-0.0762468,0.0040000),(-0.1233893,-0.0761458,0.0040000),(-0.1227768,-0.0756225,0.0040000),(-0.1233893,-0.0761458,0.0040000),(-0.1233772,-0.0760497,0.0040000),(-0.1226797,-0.0755438,0.0040000),(-0.1227768,-0.0756225,0.0040000),(-0.1233772,-0.0760497,0.0040000),(-0.1226797,-0.0755438,0.0040000),(-0.1233772,-0.0760497,0.0040000),(-0.1233625,-0.0759584,0.0040000),(-0.1226797,-0.0755438,0.0040000),(-0.1233625,-0.0759584,0.0040000),(-0.1233451,-0.0758720,0.0040000),(-0.1225791,-0.0754876,0.0040000),(-0.1226797,-0.0755438,0.0040000),(-0.1233451,-0.0758720,0.0040000),(-0.1225791,-0.0754876,0.0040000),(-0.1233451,-0.0758720,0.0040000),(-0.1233250,-0.0757905,0.0040000),(-0.1225791,-0.0754876,0.0040000),(-0.1233250,-0.0757905,0.0040000),(-0.1233022,-0.0757139,0.0040000),(-0.1224749,-0.0754539,0.0040000),(-0.1225791,-0.0754876,0.0040000),(-0.1233022,-0.0757139,0.0040000),(-0.1224749,-0.0754539,0.0040000),(-0.1233022,-0.0757139,0.0040000),(-0.1232768,-0.0756422,0.0040000),(-0.1224749,-0.0754539,0.0040000),(-0.1232768,-0.0756422,0.0040000),(-0.1232178,-0.0755135,0.0040000),(-0.1223672,-0.0754426,0.0040000),(-0.1224749,-0.0754539,0.0040000),(-0.1232178,-0.0755135,0.0040000),(-0.1223672,-0.0754426,0.0040000),(-0.1232178,-0.0755135,0.0040000),(-0.1231482,-0.0754042,0.0040000),(-0.1223672,-0.0754426,0.0040000),(-0.1231482,-0.0754042,0.0040000),(-0.1230678,-0.0753146,0.0040000),(-0.1222616,-0.0754535,0.0040000),(-0.1223672,-0.0754426,0.0040000),(-0.1230678,-0.0753146,0.0040000),(-0.1222616,-0.0754535,0.0040000),(-0.1230678,-0.0753146,0.0040000),(-0.1229885,-0.0752451,0.0040000),(-0.1222616,-0.0754535,0.0040000),(-0.1229885,-0.0752451,0.0040000),(-0.1229065,-0.0751849,0.0040000),(-0.1221608,-0.0754860,0.0040000),(-0.1222616,-0.0754535,0.0040000),(-0.1229065,-0.0751849,0.0040000),(-0.1221608,-0.0754860,0.0040000),(-0.1229065,-0.0751849,0.0040000),(-0.1228219,-0.0751340,0.0040000),(-0.1221608,-0.0754860,0.0040000),(-0.1228219,-0.0751340,0.0040000),(-0.1227347,-0.0750923,0.0040000),(-0.1220648,-0.0755402,0.0040000),(-0.1221608,-0.0754860,0.0040000),(-0.1227347,-0.0750923,0.0040000),(-0.1220648,-0.0755402,0.0040000),(-0.1227347,-0.0750923,0.0040000),(-0.1226449,-0.0750599,0.0040000),(-0.1213354,-0.0760764,0.0040000),(-0.1220648,-0.0755402,0.0040000),(-0.1226449,-0.0750599,0.0040000),(-0.1213354,-0.0760764,0.0040000),(-0.1226449,-0.0750599,0.0040000),(-0.1225525,-0.0750367,0.0040000),(-0.1213354,-0.0760764,0.0040000),(-0.1225525,-0.0750367,0.0040000),(-0.1224574,-0.0750229,0.0040000),(-0.1213354,-0.0760764,0.0040000),(-0.1224574,-0.0750229,0.0040000),(-0.1223598,-0.0750182,0.0040000),(-0.1213354,-0.0760764,0.0040000),(-0.1223598,-0.0750182,0.0040000),(-0.1222645,-0.0750229,0.0040000),(-0.1213354,-0.0760764,0.0040000),(-0.1222645,-0.0750229,0.0040000),(-0.1221719,-0.0750371,0.0040000),(-0.1213354,-0.0760764,0.0040000),(-0.1221719,-0.0750371,0.0040000),(-0.1220820,-0.0750606,0.0040000),(-0.1213354,-0.0760764,0.0040000),(-0.1220820,-0.0750606,0.0040000),(-0.1219947,-0.0750936,0.0040000),(-0.1213354,-0.0760764,0.0040000),(-0.1219947,-0.0750936,0.0040000),(-0.1219100,-0.0751360,0.0040000),(-0.1213354,-0.0760764,0.0040000),(-0.1219100,-0.0751360,0.0040000),(-0.1218280,-0.0751879,0.0040000),(-0.1213354,-0.0760764,0.0040000),(-0.1218280,-0.0751879,0.0040000),(-0.1217486,-0.0752492,0.0040000),(-0.1213354,-0.0760764,0.0040000),(-0.1217486,-0.0752492,0.0040000),(-0.1216719,-0.0753198,0.0040000),(-0.1213354,-0.0760764,0.0040000),(-0.1216719,-0.0753198,0.0040000),(-0.1215918,-0.0754081,0.0040000),(-0.1213354,-0.0760764,0.0040000),(-0.1215918,-0.0754081,0.0040000),(-0.1215223,-0.0755029,0.0040000),(-0.1213354,-0.0760764,0.0040000),(-0.1215223,-0.0755029,0.0040000),(-0.1214636,-0.0756044,0.0040000),(-0.1213354,-0.0760764,0.0040000),(-0.1214636,-0.0756044,0.0040000),(-0.1214155,-0.0757125,0.0040000),(-0.1213354,-0.0760764,0.0040000),(-0.1214155,-0.0757125,0.0040000),(-0.1213781,-0.0758272,0.0040000),(-0.1213354,-0.0760764,0.0040000),(-0.1213781,-0.0758272,0.0040000),(-0.1213514,-0.0759485,0.0040000),(-0.1206622,-0.0759379,0.0040000),(-0.1206601,-0.0758892,0.0040000),(-0.1206362,-0.0757971,0.0040000),(-0.1206622,-0.0759379,0.0040000),(-0.1206362,-0.0757971,0.0040000),(-0.1206083,-0.0757108,0.0040000),(-0.1206622,-0.0759379,0.0040000),(-0.1206083,-0.0757108,0.0040000),(-0.1205765,-0.0756303,0.0040000),(-0.1206622,-0.0759379,0.0040000),(-0.1205765,-0.0756303,0.0040000),(-0.1205408,-0.0755556,0.0040000),(-0.1206622,-0.0759379,0.0040000),(-0.1205408,-0.0755556,0.0040000),(-0.1205011,-0.0754867,0.0040000),(-0.1206622,-0.0759379,0.0040000),(-0.1205011,-0.0754867,0.0040000),(-0.1204575,-0.0754235,0.0040000),(-0.1206622,-0.0759379,0.0040000),(-0.1204575,-0.0754235,0.0040000),(-0.1203585,-0.0753146,0.0040000),(-0.1206622,-0.0759379,0.0040000),(-0.1203585,-0.0753146,0.0040000),(-0.1202775,-0.0752451,0.0040000),(-0.1206622,-0.0759379,0.0040000),(-0.1202775,-0.0752451,0.0040000),(-0.1201944,-0.0751849,0.0040000),(-0.1206622,-0.0759379,0.0040000),(-0.1201944,-0.0751849,0.0040000),(-0.1201091,-0.0751340,0.0040000),(-0.1206622,-0.0759379,0.0040000),(-0.1201091,-0.0751340,0.0040000),(-0.1200217,-0.0750923,0.0040000),(-0.1206622,-0.0759379,0.0040000),(-0.1200217,-0.0750923,0.0040000),(-0.1199321,-0.0750599,0.0040000),(-0.1206622,-0.0759379,0.0040000),(-0.1199321,-0.0750599,0.0040000),(-0.1198404,-0.0750367,0.0040000),(-0.1206622,-0.0759379,0.0040000),(-0.1198404,-0.0750367,0.0040000),(-0.1197465,-0.0750229,0.0040000),(-0.1206622,-0.0759379,0.0040000),(-0.1197465,-0.0750229,0.0040000),(-0.1196505,-0.0750182,0.0040000),(-0.1206622,-0.0759379,0.0040000),(-0.1196505,-0.0750182,0.0040000),(-0.1195552,-0.0750229,0.0040000),(-0.1206622,-0.0759379,0.0040000),(-0.1195552,-0.0750229,0.0040000),(-0.1194626,-0.0750371,0.0040000),(-0.1206622,-0.0759379,0.0040000),(-0.1194626,-0.0750371,0.0040000),(-0.1193726,-0.0750606,0.0040000),(-0.1206622,-0.0759379,0.0040000),(-0.1193726,-0.0750606,0.0040000),(-0.1192853,-0.0750936,0.0040000),(-0.1192853,-0.0750936,0.0040000),(-0.1192007,-0.0751360,0.0040000),(-0.1191186,-0.0751879,0.0040000),(-0.1192853,-0.0750936,0.0040000),(-0.1191186,-0.0751879,0.0040000),(-0.1190393,-0.0752492,0.0040000),(-0.1192853,-0.0750936,0.0040000),(-0.1190393,-0.0752492,0.0040000),(-0.1189625,-0.0753198,0.0040000),(-0.1192853,-0.0750936,0.0040000),(-0.1189625,-0.0753198,0.0040000),(-0.1188824,-0.0754081,0.0040000),(-0.1192853,-0.0750936,0.0040000),(-0.1188824,-0.0754081,0.0040000),(-0.1188130,-0.0755029,0.0040000),(-0.1192853,-0.0750936,0.0040000),(-0.1188130,-0.0755029,0.0040000),(-0.1187542,-0.0756044,0.0040000),(-0.1192853,-0.0750936,0.0040000),(-0.1187542,-0.0756044,0.0040000),(-0.1187062,-0.0757125,0.0040000),(-0.1192853,-0.0750936,0.0040000),(-0.1187062,-0.0757125,0.0040000),(-0.1186688,-0.0758272,0.0040000),(-0.1192853,-0.0750936,0.0040000),(-0.1186688,-0.0758272,0.0040000),(-0.1186421,-0.0759485,0.0040000),(-0.1192853,-0.0750936,0.0040000),(-0.1186421,-0.0759485,0.0040000),(-0.1186260,-0.0760764,0.0040000),(-0.1192853,-0.0750936,0.0040000),(-0.1186260,-0.0760764,0.0040000),(-0.1186207,-0.0762110,0.0040000),(-0.1192853,-0.0750936,0.0040000),(-0.1186207,-0.0762110,0.0040000),(-0.1186220,-0.0763142,0.0040000),(-0.1192853,-0.0750936,0.0040000),(-0.1186220,-0.0763142,0.0040000),(-0.1186259,-0.0764135,0.0040000),(-0.1192853,-0.0750936,0.0040000),(-0.1186259,-0.0764135,0.0040000),(-0.1186323,-0.0765087,0.0040000),(-0.1192853,-0.0750936,0.0040000),(-0.1186323,-0.0765087,0.0040000),(-0.1186413,-0.0765998,0.0040000),(-0.1192853,-0.0750936,0.0040000),(-0.1186413,-0.0765998,0.0040000),(-0.1186529,-0.0766869,0.0040000),(-0.1192853,-0.0750936,0.0040000),(-0.1186529,-0.0766869,0.0040000),(-0.1186671,-0.0767700,0.0040000),(-0.1192853,-0.0750936,0.0040000),(-0.1186671,-0.0767700,0.0040000),(-0.1186839,-0.0768490,0.0040000),(-0.1192853,-0.0750936,0.0040000),(-0.1186839,-0.0768490,0.0040000),(-0.1187032,-0.0769240,0.0040000),(-0.1192853,-0.0750936,0.0040000),(-0.1187032,-0.0769240,0.0040000),(-0.1187497,-0.0770618,0.0040000),(-0.1187497,-0.0770618,0.0040000),(-0.1188064,-0.0771835,0.0040000),(-0.1188735,-0.0772890,0.0040000),(-0.1187497,-0.0770618,0.0040000),(-0.1188735,-0.0772890,0.0040000),(-0.1189509,-0.0773783,0.0040000),(-0.1187497,-0.0770618,0.0040000),(-0.1189509,-0.0773783,0.0040000),(-0.1190304,-0.0774478,0.0040000),(-0.1187497,-0.0770618,0.0040000),(-0.1190304,-0.0774478,0.0040000),(-0.1191122,-0.0775080,0.0040000),(-0.1187497,-0.0770618,0.0040000),(-0.1191122,-0.0775080,0.0040000),(-0.1191964,-0.0775589,0.0040000),(-0.1187497,-0.0770618,0.0040000),(-0.1191964,-0.0775589,0.0040000),(-0.1192829,-0.0776006,0.0040000),(-0.1187497,-0.0770618,0.0040000),(-0.1192829,-0.0776006,0.0040000),(-0.1193718,-0.0776330,0.0040000),(-0.1187497,-0.0770618,0.0040000),(-0.1193718,-0.0776330,0.0040000),(-0.1194631,-0.0776561,0.0040000),(-0.1187497,-0.0770618,0.0040000),(-0.1194631,-0.0776561,0.0040000),(-0.1195566,-0.0776700,0.0040000),(-0.1187497,-0.0770618,0.0040000),(-0.1195566,-0.0776700,0.0040000),(-0.1196526,-0.0776746,0.0040000),(-0.1187497,-0.0770618,0.0040000),(-0.1196526,-0.0776746,0.0040000),(-0.1197379,-0.0776714,0.0040000),(-0.1187497,-0.0770618,0.0040000),(-0.1197379,-0.0776714,0.0040000),(-0.1198203,-0.0776616,0.0040000),(-0.1187497,-0.0770618,0.0040000),(-0.1198203,-0.0776616,0.0040000),(-0.1198997,-0.0776453,0.0040000),(-0.1187497,-0.0770618,0.0040000),(-0.1198997,-0.0776453,0.0040000),(-0.1199762,-0.0776225,0.0040000),(-0.1187497,-0.0770618,0.0040000),(-0.1199762,-0.0776225,0.0040000),(-0.1201203,-0.0775574,0.0040000),(-0.1187497,-0.0770618,0.0040000),(-0.1201203,-0.0775574,0.0040000),(-0.1202526,-0.0774661,0.0040000),(-0.1202103,-0.0786441,0.0040000),(-0.1189350,-0.0786441,0.0040000),(-0.1188535,-0.0786599,0.0040000),(-0.1202103,-0.0786441,0.0040000),(-0.1188535,-0.0786599,0.0040000),(-0.1187847,-0.0787076,0.0040000),(-0.1202103,-0.0786441,0.0040000),(-0.1187847,-0.0787076,0.0040000),(-0.1187379,-0.0787769,0.0040000),(-0.1202103,-0.0786441,0.0040000),(-0.1187379,-0.0787769,0.0040000),(-0.1187223,-0.0788579,0.0040000),(-0.1202103,-0.0786441,0.0040000),(-0.1187223,-0.0788579,0.0040000),(-0.1187379,-0.0789386,0.0040000),(-0.1202103,-0.0786441,0.0040000),(-0.1187379,-0.0789386,0.0040000),(-0.1187847,-0.0790071,0.0040000),(-0.1202103,-0.0786441,0.0040000),(-0.1187847,-0.0790071,0.0040000),(-0.1188535,-0.0790547,0.0040000),(-0.1202103,-0.0786441,0.0040000),(-0.1188535,-0.0790547,0.0040000),(-0.1189350,-0.0790706,0.0040000),(-0.1202103,-0.0786441,0.0040000),(-0.1189350,-0.0790706,0.0040000),(-0.1204072,-0.0790706,0.0040000),(-0.1202526,-0.0774661,0.0040000),(-0.1202103,-0.0786441,0.0040000),(-0.1204072,-0.0790706,0.0040000),(-0.1202526,-0.0774661,0.0040000),(-0.1204072,-0.0790706,0.0040000),(-0.1204876,-0.0790566,0.0040000),(-0.1202526,-0.0774661,0.0040000),(-0.1204876,-0.0790566,0.0040000),(-0.1205574,-0.0790145,0.0040000),(-0.1202526,-0.0774661,0.0040000),(-0.1205574,-0.0790145,0.0040000),(-0.1206051,-0.0789494,0.0040000),(-0.1202526,-0.0774661,0.0040000),(-0.1206051,-0.0789494,0.0040000),(-0.1206209,-0.0788706,0.0040000),(-0.1202526,-0.0774661,0.0040000),(-0.1206209,-0.0788706,0.0040000),(-0.1207014,-0.0768057,0.0040000),(-0.1202526,-0.0774661,0.0040000),(-0.1207014,-0.0768057,0.0040000),(-0.1206882,-0.0767264,0.0040000),(-0.1202526,-0.0774661,0.0040000),(-0.1206882,-0.0767264,0.0040000),(-0.1206485,-0.0766555,0.0040000),(-0.1202526,-0.0774661,0.0040000),(-0.1206485,-0.0766555,0.0040000),(-0.1205834,-0.0766015,0.0040000),(-0.1202526,-0.0774661,0.0040000),(-0.1205834,-0.0766015,0.0040000),(-0.1205003,-0.0765835,0.0040000),(-0.1202526,-0.0774661,0.0040000),(-0.1205003,-0.0765835,0.0040000),(-0.1204191,-0.0765970,0.0040000),(-0.1202526,-0.0774661,0.0040000),(-0.1204191,-0.0765970,0.0040000),(-0.1203468,-0.0766375,0.0040000),(-0.1202526,-0.0774661,0.0040000),(-0.1203468,-0.0766375,0.0040000),(-0.1202844,-0.0767391,0.0040000),(-0.1202526,-0.0774661,0.0040000),(-0.1202844,-0.0767391,0.0040000),(-0.1202504,-0.0768242,0.0040000),(-0.1202526,-0.0774661,0.0040000),(-0.1202504,-0.0768242,0.0040000),(-0.1202013,-0.0769081,0.0040000),(-0.1202526,-0.0774661,0.0040000),(-0.1202013,-0.0769081,0.0040000),(-0.1201372,-0.0769909,0.0040000),(-0.1202526,-0.0774661,0.0040000),(-0.1201372,-0.0769909,0.0040000),(-0.1200579,-0.0770724,0.0040000),(-0.1202526,-0.0774661,0.0040000),(-0.1200579,-0.0770724,0.0040000),(-0.1199623,-0.0771502,0.0040000),(-0.1202526,-0.0774661,0.0040000),(-0.1199623,-0.0771502,0.0040000),(-0.1198629,-0.0772058,0.0040000),(-0.1202526,-0.0774661,0.0040000),(-0.1198629,-0.0772058,0.0040000),(-0.1197597,-0.0772391,0.0040000),(-0.1202526,-0.0774661,0.0040000),(-0.1197597,-0.0772391,0.0040000),(-0.1196526,-0.0772502,0.0040000),(-0.1202526,-0.0774661,0.0040000),(-0.1196526,-0.0772502,0.0040000),(-0.1195461,-0.0772391,0.0040000),(-0.1187497,-0.0770618,0.0040000),(-0.1202526,-0.0774661,0.0040000),(-0.1195461,-0.0772391,0.0040000),(-0.1187497,-0.0770618,0.0040000),(-0.1195461,-0.0772391,0.0040000),(-0.1194436,-0.0772058,0.0040000),(-0.1187497,-0.0770618,0.0040000),(-0.1194436,-0.0772058,0.0040000),(-0.1193450,-0.0771502,0.0040000),(-0.1187497,-0.0770618,0.0040000),(-0.1193450,-0.0771502,0.0040000),(-0.1192504,-0.0770724,0.0040000),(-0.1187497,-0.0770618,0.0040000),(-0.1192504,-0.0770724,0.0040000),(-0.1191601,-0.0769439,0.0040000),(-0.1187497,-0.0770618,0.0040000),(-0.1191601,-0.0769439,0.0040000),(-0.1191246,-0.0768577,0.0040000),(-0.1187497,-0.0770618,0.0040000),(-0.1191246,-0.0768577,0.0040000),(-0.1190956,-0.0767571,0.0040000),(-0.1187497,-0.0770618,0.0040000),(-0.1190956,-0.0767571,0.0040000),(-0.1190731,-0.0766418,0.0040000),(-0.1187497,-0.0770618,0.0040000),(-0.1190731,-0.0766418,0.0040000),(-0.1190569,-0.0765121,0.0040000),(-0.1187497,-0.0770618,0.0040000),(-0.1190569,-0.0765121,0.0040000),(-0.1190473,-0.0763677,0.0040000),(-0.1187497,-0.0770618,0.0040000),(-0.1190473,-0.0763677,0.0040000),(-0.1190440,-0.0762088,0.0040000),(-0.1187497,-0.0770618,0.0040000),(-0.1190440,-0.0762088,0.0040000),(-0.1190475,-0.0761174,0.0040000),(-0.1187497,-0.0770618,0.0040000),(-0.1190475,-0.0761174,0.0040000),(-0.1190578,-0.0760309,0.0040000),(-0.1187497,-0.0770618,0.0040000),(-0.1190578,-0.0760309,0.0040000),(-0.1190750,-0.0759494,0.0040000),(-0.1192853,-0.0750936,0.0040000),(-0.1187497,-0.0770618,0.0040000),(-0.1190750,-0.0759494,0.0040000),(-0.1192853,-0.0750936,0.0040000),(-0.1190750,-0.0759494,0.0040000),(-0.1190991,-0.0758728,0.0040000),(-0.1192853,-0.0750936,0.0040000),(-0.1190991,-0.0758728,0.0040000),(-0.1191679,-0.0757346,0.0040000),(-0.1192853,-0.0750936,0.0040000),(-0.1191679,-0.0757346,0.0040000),(-0.1192642,-0.0756162,0.0040000),(-0.1192853,-0.0750936,0.0040000),(-0.1192642,-0.0756162,0.0040000),(-0.1193554,-0.0755402,0.0040000),(-0.1192853,-0.0750936,0.0040000),(-0.1193554,-0.0755402,0.0040000),(-0.1194515,-0.0754860,0.0040000),(-0.1192853,-0.0750936,0.0040000),(-0.1194515,-0.0754860,0.0040000),(-0.1195523,-0.0754535,0.0040000),(-0.1192853,-0.0750936,0.0040000),(-0.1195523,-0.0754535,0.0040000),(-0.1196579,-0.0754426,0.0040000),(-0.1192853,-0.0750936,0.0040000),(-0.1196579,-0.0754426,0.0040000),(-0.1197605,-0.0754539,0.0040000),(-0.1192853,-0.0750936,0.0040000),(-0.1197605,-0.0754539,0.0040000),(-0.1198629,-0.0754876,0.0040000),(-0.1192853,-0.0750936,0.0040000),(-0.1198629,-0.0754876,0.0040000),(-0.1199652,-0.0755438,0.0040000),(-0.1206622,-0.0759379,0.0040000),(-0.1192853,-0.0750936,0.0040000),(-0.1199652,-0.0755438,0.0040000),(-0.1206622,-0.0759379,0.0040000),(-0.1199652,-0.0755438,0.0040000),(-0.1200674,-0.0756225,0.0040000),(-0.1206622,-0.0759379,0.0040000),(-0.1200674,-0.0756225,0.0040000),(-0.1201696,-0.0757654,0.0040000),(-0.1206622,-0.0759379,0.0040000),(-0.1201696,-0.0757654,0.0040000),(-0.1202091,-0.0758654,0.0040000),(-0.1206622,-0.0759379,0.0040000),(-0.1202091,-0.0758654,0.0040000),(-0.1202410,-0.0759845,0.0040000),(-0.1206622,-0.0759379,0.0040000),(-0.1202410,-0.0759845,0.0040000),(-0.1202851,-0.0760572,0.0040000),(-0.1206622,-0.0759379,0.0040000),(-0.1202851,-0.0760572,0.0040000),(-0.1203336,-0.0761091,0.0040000),(-0.1206622,-0.0759379,0.0040000),(-0.1203336,-0.0761091,0.0040000),(-0.1204442,-0.0761506,0.0040000),(-0.1206622,-0.0759379,0.0040000),(-0.1204442,-0.0761506,0.0040000),(-0.1204516,-0.0761506,0.0040000),(-0.1206622,-0.0759379,0.0040000),(-0.1204516,-0.0761506,0.0040000),(-0.1205255,-0.0761350,0.0040000),(-0.1206622,-0.0759379,0.0040000),(-0.1205255,-0.0761350,0.0040000),(-0.1205852,-0.0760943,0.0040000),(-0.1253750,-0.0773063,0.0040000),(-0.1253274,-0.0773550,0.0040000),(-0.1252713,-0.0774326,0.0040000),(-0.1253750,-0.0773063,0.0040000),(-0.1252713,-0.0774326,0.0040000),(-0.1252227,-0.0775140,0.0040000),(-0.1253750,-0.0773063,0.0040000),(-0.1252227,-0.0775140,0.0040000),(-0.1251816,-0.0775992,0.0040000),(-0.1253750,-0.0773063,0.0040000),(-0.1251816,-0.0775992,0.0040000),(-0.1251480,-0.0776881,0.0040000),(-0.1253750,-0.0773063,0.0040000),(-0.1251480,-0.0776881,0.0040000),(-0.1251218,-0.0777809,0.0040000),(-0.1253750,-0.0773063,0.0040000),(-0.1251218,-0.0777809,0.0040000),(-0.1251031,-0.0778775,0.0040000),(-0.1253750,-0.0773063,0.0040000),(-0.1251031,-0.0778775,0.0040000),(-0.1250919,-0.0779779,0.0040000),(-0.1253750,-0.0773063,0.0040000),(-0.1250919,-0.0779779,0.0040000),(-0.1250882,-0.0780821,0.0040000),(-0.1253750,-0.0773063,0.0040000),(-0.1250882,-0.0780821,0.0040000),(-0.1250919,-0.0781862,0.0040000),(-0.1253750,-0.0773063,0.0040000),(-0.1250919,-0.0781862,0.0040000),(-0.1251031,-0.0782858,0.0040000),(-0.1253750,-0.0773063,0.0040000),(-0.1251031,-0.0782858,0.0040000),(-0.1251217,-0.0783809,0.0040000),(-0.1253750,-0.0773063,0.0040000),(-0.1251217,-0.0783809,0.0040000),(-0.1251477,-0.0784716,0.0040000),(-0.1253750,-0.0773063,0.0040000),(-0.1251477,-0.0784716,0.0040000),(-0.1251812,-0.0785577,0.0040000),(-0.1253750,-0.0773063,0.0040000),(-0.1251812,-0.0785577,0.0040000),(-0.1252221,-0.0786393,0.0040000),(-0.1253750,-0.0773063,0.0040000),(-0.1252221,-0.0786393,0.0040000),(-0.1252705,-0.0787164,0.0040000),(-0.1253750,-0.0773063,0.0040000),(-0.1252705,-0.0787164,0.0040000),(-0.1253263,-0.0787891,0.0040000),(-0.1253750,-0.0773063,0.0040000),(-0.1253263,-0.0787891,0.0040000),(-0.1253880,-0.0788550,0.0040000),(-0.1253750,-0.0773063,0.0040000),(-0.1253880,-0.0788550,0.0040000),(-0.1254548,-0.0789122,0.0040000),(-0.1253750,-0.0773063,0.0040000),(-0.1254548,-0.0789122,0.0040000),(-0.1255264,-0.0789606,0.0040000),(-0.1253750,-0.0773063,0.0040000),(-0.1255264,-0.0789606,0.0040000),(-0.1256031,-0.0790002,0.0040000),(-0.1256031,-0.0790002,0.0040000),(-0.1256846,-0.0790310,0.0040000),(-0.1257712,-0.0790530,0.0040000),(-0.1256031,-0.0790002,0.0040000),(-0.1257712,-0.0790530,0.0040000),(-0.1258627,-0.0790662,0.0040000),(-0.1256031,-0.0790002,0.0040000),(-0.1258627,-0.0790662,0.0040000),(-0.1259592,-0.0790706,0.0040000),(-0.1256031,-0.0790002,0.0040000),(-0.1259592,-0.0790706,0.0040000),(-0.1260547,-0.0790662,0.0040000),(-0.1256031,-0.0790002,0.0040000),(-0.1260547,-0.0790662,0.0040000),(-0.1261460,-0.0790531,0.0040000),(-0.1256031,-0.0790002,0.0040000),(-0.1261460,-0.0790531,0.0040000),(-0.1262330,-0.0790311,0.0040000),(-0.1256031,-0.0790002,0.0040000),(-0.1262330,-0.0790311,0.0040000),(-0.1263158,-0.0790005,0.0040000),(-0.1256031,-0.0790002,0.0040000),(-0.1263158,-0.0790005,0.0040000),(-0.1263944,-0.0789610,0.0040000),(-0.1256031,-0.0790002,0.0040000),(-0.1263944,-0.0789610,0.0040000),(-0.1264688,-0.0789128,0.0040000),(-0.1256031,-0.0790002,0.0040000),(-0.1264688,-0.0789128,0.0040000),(-0.1265389,-0.0788559,0.0040000),(-0.1256031,-0.0790002,0.0040000),(-0.1265389,-0.0788559,0.0040000),(-0.1266048,-0.0787901,0.0040000),(-0.1256031,-0.0790002,0.0040000),(-0.1266048,-0.0787901,0.0040000),(-0.1266645,-0.0787177,0.0040000),(-0.1256031,-0.0790002,0.0040000),(-0.1266645,-0.0787177,0.0040000),(-0.1267164,-0.0786407,0.0040000),(-0.1256031,-0.0790002,0.0040000),(-0.1267164,-0.0786407,0.0040000),(-0.1267602,-0.0785591,0.0040000),(-0.1256031,-0.0790002,0.0040000),(-0.1267602,-0.0785591,0.0040000),(-0.1267961,-0.0784729,0.0040000),(-0.1256031,-0.0790002,0.0040000),(-0.1267961,-0.0784729,0.0040000),(-0.1268240,-0.0783821,0.0040000),(-0.1256031,-0.0790002,0.0040000),(-0.1268240,-0.0783821,0.0040000),(-0.1268439,-0.0782867,0.0040000),(-0.1256031,-0.0790002,0.0040000),(-0.1268439,-0.0782867,0.0040000),(-0.1268558,-0.0781867,0.0040000),(-0.1268558,-0.0781867,0.0040000),(-0.1268598,-0.0780821,0.0040000),(-0.1268445,-0.0779998,0.0040000),(-0.1268558,-0.0781867,0.0040000),(-0.1268445,-0.0779998,0.0040000),(-0.1267984,-0.0779308,0.0040000),(-0.1268558,-0.0781867,0.0040000),(-0.1267984,-0.0779308,0.0040000),(-0.1267302,-0.0778839,0.0040000),(-0.1268558,-0.0781867,0.0040000),(-0.1267302,-0.0778839,0.0040000),(-0.1266482,-0.0778683,0.0040000),(-0.1268558,-0.0781867,0.0040000),(-0.1266482,-0.0778683,0.0040000),(-0.1265653,-0.0778839,0.0040000),(-0.1268558,-0.0781867,0.0040000),(-0.1265653,-0.0778839,0.0040000),(-0.1264968,-0.0779308,0.0040000),(-0.1268558,-0.0781867,0.0040000),(-0.1264968,-0.0779308,0.0040000),(-0.1264508,-0.0779998,0.0040000),(-0.1268558,-0.0781867,0.0040000),(-0.1264508,-0.0779998,0.0040000),(-0.1264354,-0.0780821,0.0040000),(-0.1268558,-0.0781867,0.0040000),(-0.1264354,-0.0780821,0.0040000),(-0.1264268,-0.0782084,0.0040000),(-0.1268558,-0.0781867,0.0040000),(-0.1264268,-0.0782084,0.0040000),(-0.1264008,-0.0783194,0.0040000),(-0.1268558,-0.0781867,0.0040000),(-0.1264008,-0.0783194,0.0040000),(-0.1263574,-0.0784153,0.0040000),(-0.1268558,-0.0781867,0.0040000),(-0.1263574,-0.0784153,0.0040000),(-0.1262968,-0.0784959,0.0040000),(-0.1268558,-0.0781867,0.0040000),(-0.1262968,-0.0784959,0.0040000),(-0.1262253,-0.0785607,0.0040000),(-0.1256031,-0.0790002,0.0040000),(-0.1268558,-0.0781867,0.0040000),(-0.1262253,-0.0785607,0.0040000),(-0.1256031,-0.0790002,0.0040000),(-0.1262253,-0.0785607,0.0040000),(-0.1261452,-0.0786070,0.0040000),(-0.1256031,-0.0790002,0.0040000),(-0.1261452,-0.0786070,0.0040000),(-0.1260565,-0.0786348,0.0040000),(-0.1256031,-0.0790002,0.0040000),(-0.1260565,-0.0786348,0.0040000),(-0.1259592,-0.0786441,0.0040000),(-0.1256031,-0.0790002,0.0040000),(-0.1259592,-0.0786441,0.0040000),(-0.1258653,-0.0786349,0.0040000),(-0.1256031,-0.0790002,0.0040000),(-0.1258653,-0.0786349,0.0040000),(-0.1257806,-0.0786073,0.0040000),(-0.1256031,-0.0790002,0.0040000),(-0.1257806,-0.0786073,0.0040000),(-0.1257050,-0.0785613,0.0040000),(-0.1256031,-0.0790002,0.0040000),(-0.1257050,-0.0785613,0.0040000),(-0.1256385,-0.0784970,0.0040000),(-0.1256031,-0.0790002,0.0040000),(-0.1256385,-0.0784970,0.0040000),(-0.1255843,-0.0784159,0.0040000),(-0.1256031,-0.0790002,0.0040000),(-0.1255843,-0.0784159,0.0040000),(-0.1255456,-0.0783197,0.0040000),(-0.1256031,-0.0790002,0.0040000),(-0.1255456,-0.0783197,0.0040000),(-0.1255224,-0.0782084,0.0040000),(-0.1253750,-0.0773063,0.0040000),(-0.1256031,-0.0790002,0.0040000),(-0.1255224,-0.0782084,0.0040000),(-0.1253750,-0.0773063,0.0040000),(-0.1255224,-0.0782084,0.0040000),(-0.1255147,-0.0780821,0.0040000),(-0.1253750,-0.0773063,0.0040000),(-0.1255147,-0.0780821,0.0040000),(-0.1255224,-0.0779540,0.0040000),(-0.1253750,-0.0773063,0.0040000),(-0.1255224,-0.0779540,0.0040000),(-0.1255454,-0.0778387,0.0040000),(-0.1253750,-0.0773063,0.0040000),(-0.1255454,-0.0778387,0.0040000),(-0.1255837,-0.0777360,0.0040000),(-0.1253750,-0.0773063,0.0040000),(-0.1255837,-0.0777360,0.0040000),(-0.1256374,-0.0776461,0.0040000),(-0.1253750,-0.0773063,0.0040000),(-0.1256374,-0.0776461,0.0040000),(-0.1256997,-0.0775812,0.0040000),(-0.1252906,-0.0772301,0.0040000),(-0.1253750,-0.0773063,0.0040000),(-0.1256997,-0.0775812,0.0040000),(-0.1252906,-0.0772301,0.0040000),(-0.1256997,-0.0775812,0.0040000),(-0.1257689,-0.0775349,0.0040000),(-0.1252906,-0.0772301,0.0040000),(-0.1257689,-0.0775349,0.0040000),(-0.1258452,-0.0775072,0.0040000),(-0.1252906,-0.0772301,0.0040000),(-0.1258452,-0.0775072,0.0040000),(-0.1259285,-0.0774979,0.0040000),(-0.1252906,-0.0772301,0.0040000),(-0.1259285,-0.0774979,0.0040000),(-0.1259708,-0.0774979,0.0040000),(-0.1252906,-0.0772301,0.0040000),(-0.1259708,-0.0774979,0.0040000),(-0.1260375,-0.0774979,0.0040000),(-0.1252906,-0.0772301,0.0040000),(-0.1260375,-0.0774979,0.0040000),(-0.1261190,-0.0774823,0.0040000),(-0.1252906,-0.0772301,0.0040000),(-0.1261190,-0.0774823,0.0040000),(-0.1261878,-0.0774355,0.0040000),(-0.1252906,-0.0772301,0.0040000),(-0.1261878,-0.0774355,0.0040000),(-0.1262346,-0.0773669,0.0040000),(-0.1252906,-0.0772301,0.0040000),(-0.1262346,-0.0773669,0.0040000),(-0.1262502,-0.0772862,0.0040000),(-0.1252906,-0.0772301,0.0040000),(-0.1262502,-0.0772862,0.0040000),(-0.1262346,-0.0772053,0.0040000),(-0.1252906,-0.0772301,0.0040000),(-0.1262346,-0.0772053,0.0040000),(-0.1261878,-0.0771359,0.0040000),(-0.1252906,-0.0772301,0.0040000),(-0.1261878,-0.0771359,0.0040000),(-0.1261190,-0.0770883,0.0040000),(-0.1252906,-0.0772301,0.0040000),(-0.1261190,-0.0770883,0.0040000),(-0.1260375,-0.0770724,0.0040000),(-0.1252906,-0.0772301,0.0040000),(-0.1260375,-0.0770724,0.0040000),(-0.1259708,-0.0770724,0.0040000),(-0.1252906,-0.0772301,0.0040000),(-0.1259708,-0.0770724,0.0040000),(-0.1258404,-0.0770585,0.0040000),(-0.1252906,-0.0772301,0.0040000),(-0.1258404,-0.0770585,0.0040000),(-0.1257224,-0.0770166,0.0040000),(-0.1252906,-0.0772301,0.0040000),(-0.1257224,-0.0770166,0.0040000),(-0.1256166,-0.0769468,0.0040000),(-0.1252906,-0.0772301,0.0040000),(-0.1256166,-0.0769468,0.0040000),(-0.1255231,-0.0768491,0.0040000),(-0.1252906,-0.0772301,0.0040000),(-0.1255231,-0.0768491,0.0040000),(-0.1254463,-0.0767280,0.0040000),(-0.1252906,-0.0772301,0.0040000),(-0.1254463,-0.0767280,0.0040000),(-0.1253914,-0.0765877,0.0040000),(-0.1252906,-0.0772301,0.0040000),(-0.1253914,-0.0765877,0.0040000),(-0.1253584,-0.0764285,0.0040000),(-0.1252906,-0.0772301,0.0040000),(-0.1253584,-0.0764285,0.0040000),(-0.1253502,-0.0763417,0.0040000),(-0.1252906,-0.0772301,0.0040000),(-0.1253502,-0.0763417,0.0040000),(-0.1253475,-0.0762501,0.0040000),(-0.1252906,-0.0772301,0.0040000),(-0.1253475,-0.0762501,0.0040000),(-0.1253502,-0.0761594,0.0040000),(-0.1265692,-0.0762146,0.0040000),(-0.1265720,-0.0763147,0.0040000),(-0.1265878,-0.0763967,0.0040000),(-0.1265611,-0.0761203,0.0040000),(-0.1265692,-0.0762146,0.0040000),(-0.1265878,-0.0763967,0.0040000),(-0.1265611,-0.0761203,0.0040000),(-0.1265878,-0.0763967,0.0040000),(-0.1266355,-0.0764650,0.0040000),(-0.1265475,-0.0760317,0.0040000),(-0.1265611,-0.0761203,0.0040000),(-0.1266355,-0.0764650,0.0040000),(-0.1265475,-0.0760317,0.0040000),(-0.1266355,-0.0764650,0.0040000),(-0.1267048,-0.0765110,0.0040000),(-0.1265286,-0.0759488,0.0040000),(-0.1265475,-0.0760317,0.0040000),(-0.1267048,-0.0765110,0.0040000),(-0.1265286,-0.0759488,0.0040000),(-0.1267048,-0.0765110,0.0040000),(-0.1267879,-0.0765263,0.0040000),(-0.1264743,-0.0758001,0.0040000),(-0.1265286,-0.0759488,0.0040000),(-0.1267879,-0.0765263,0.0040000),(-0.1264743,-0.0758001,0.0040000),(-0.1267879,-0.0765263,0.0040000),(-0.1268707,-0.0765110,0.0040000),(-0.1264743,-0.0758001,0.0040000),(-0.1268707,-0.0765110,0.0040000),(-0.1269392,-0.0764650,0.0040000),(-0.1263984,-0.0756744,0.0040000),(-0.1264743,-0.0758001,0.0040000),(-0.1269392,-0.0764650,0.0040000),(-0.1263984,-0.0756744,0.0040000),(-0.1269392,-0.0764650,0.0040000),(-0.1269852,-0.0763967,0.0040000),(-0.1263984,-0.0756744,0.0040000),(-0.1269852,-0.0763967,0.0040000),(-0.1270006,-0.0763147,0.0040000),(-0.1263078,-0.0755748,0.0040000),(-0.1263984,-0.0756744,0.0040000),(-0.1270006,-0.0763147,0.0040000),(-0.1263078,-0.0755748,0.0040000),(-0.1270006,-0.0763147,0.0040000),(-0.1269962,-0.0761777,0.0040000),(-0.1263078,-0.0755748,0.0040000),(-0.1269962,-0.0761777,0.0040000),(-0.1269829,-0.0760467,0.0040000),(-0.1263078,-0.0755748,0.0040000),(-0.1269829,-0.0760467,0.0040000),(-0.1269608,-0.0759217,0.0040000),(-0.1262044,-0.0755037,0.0040000),(-0.1263078,-0.0755748,0.0040000),(-0.1269608,-0.0759217,0.0040000),(-0.1262044,-0.0755037,0.0040000),(-0.1269608,-0.0759217,0.0040000),(-0.1269299,-0.0758027,0.0040000),(-0.1262044,-0.0755037,0.0040000),(-0.1269299,-0.0758027,0.0040000),(-0.1268902,-0.0756897,0.0040000),(-0.1260882,-0.0754611,0.0040000),(-0.1262044,-0.0755037,0.0040000),(-0.1268902,-0.0756897,0.0040000),(-0.1260882,-0.0754611,0.0040000),(-0.1268902,-0.0756897,0.0040000),(-0.1268416,-0.0755826,0.0040000),(-0.1260882,-0.0754611,0.0040000),(-0.1268416,-0.0755826,0.0040000),(-0.1267842,-0.0754816,0.0040000),(-0.1259592,-0.0754468,0.0040000),(-0.1260882,-0.0754611,0.0040000),(-0.1267842,-0.0754816,0.0040000),(-0.1259592,-0.0754468,0.0040000),(-0.1267842,-0.0754816,0.0040000),(-0.1267180,-0.0753865,0.0040000),(-0.1259592,-0.0754468,0.0040000),(-0.1267180,-0.0753865,0.0040000),(-0.1266460,-0.0753009,0.0040000),(-0.1258356,-0.0754603,0.0040000),(-0.1259592,-0.0754468,0.0040000),(-0.1266460,-0.0753009,0.0040000),(-0.1258356,-0.0754603,0.0040000),(-0.1266460,-0.0753009,0.0040000),(-0.1265674,-0.0752268,0.0040000),(-0.1258356,-0.0754603,0.0040000),(-0.1265674,-0.0752268,0.0040000),(-0.1264823,-0.0751640,0.0040000),(-0.1257221,-0.0755006,0.0040000),(-0.1258356,-0.0754603,0.0040000),(-0.1264823,-0.0751640,0.0040000),(-0.1257221,-0.0755006,0.0040000),(-0.1264823,-0.0751640,0.0040000),(-0.1263907,-0.0751127,0.0040000),(-0.1257221,-0.0755006,0.0040000),(-0.1263907,-0.0751127,0.0040000),(-0.1262926,-0.0750727,0.0040000),(-0.1256187,-0.0755677,0.0040000),(-0.1257221,-0.0755006,0.0040000),(-0.1262926,-0.0750727,0.0040000),(-0.1256187,-0.0755677,0.0040000),(-0.1262926,-0.0750727,0.0040000),(-0.1261880,-0.0750442,0.0040000),(-0.1256187,-0.0755677,0.0040000),(-0.1261880,-0.0750442,0.0040000),(-0.1260768,-0.0750271,0.0040000),(-0.1255253,-0.0756617,0.0040000),(-0.1256187,-0.0755677,0.0040000),(-0.1260768,-0.0750271,0.0040000),(-0.1255253,-0.0756617,0.0040000),(-0.1260768,-0.0750271,0.0040000),(-0.1259592,-0.0750214,0.0040000),(-0.1255253,-0.0756617,0.0040000),(-0.1259592,-0.0750214,0.0040000),(-0.1258461,-0.0750269,0.0040000),(-0.1254475,-0.0757794,0.0040000),(-0.1255253,-0.0756617,0.0040000),(-0.1258461,-0.0750269,0.0040000),(-0.1254475,-0.0757794,0.0040000),(-0.1258461,-0.0750269,0.0040000),(-0.1257385,-0.0750434,0.0040000),(-0.1253919,-0.0759167,0.0040000),(-0.1254475,-0.0757794,0.0040000),(-0.1257385,-0.0750434,0.0040000),(-0.1253919,-0.0759167,0.0040000),(-0.1257385,-0.0750434,0.0040000),(-0.1256364,-0.0750708,0.0040000),(-0.1253919,-0.0759167,0.0040000),(-0.1256364,-0.0750708,0.0040000),(-0.1255398,-0.0751092,0.0040000),(-0.1253725,-0.0759928,0.0040000),(-0.1253919,-0.0759167,0.0040000),(-0.1255398,-0.0751092,0.0040000),(-0.1253725,-0.0759928,0.0040000),(-0.1255398,-0.0751092,0.0040000),(-0.1254488,-0.0751587,0.0040000),(-0.1253586,-0.0760736,0.0040000),(-0.1253725,-0.0759928,0.0040000),(-0.1254488,-0.0751587,0.0040000),(-0.1253586,-0.0760736,0.0040000),(-0.1254488,-0.0751587,0.0040000),(-0.1253633,-0.0752190,0.0040000),(-0.1253502,-0.0761594,0.0040000),(-0.1253586,-0.0760736,0.0040000),(-0.1253633,-0.0752190,0.0040000),(-0.1252906,-0.0772301,0.0040000),(-0.1253502,-0.0761594,0.0040000),(-0.1253633,-0.0752190,0.0040000),(-0.1252906,-0.0772301,0.0040000),(-0.1253633,-0.0752190,0.0040000),(-0.1252833,-0.0752904,0.0040000),(-0.1252906,-0.0772301,0.0040000),(-0.1252833,-0.0752904,0.0040000),(-0.1252088,-0.0753728,0.0040000),(-0.1252906,-0.0772301,0.0040000),(-0.1252088,-0.0753728,0.0040000),(-0.1251411,-0.0754640,0.0040000),(-0.1252906,-0.0772301,0.0040000),(-0.1251411,-0.0754640,0.0040000),(-0.1250824,-0.0755606,0.0040000),(-0.1252906,-0.0772301,0.0040000),(-0.1250824,-0.0755606,0.0040000),(-0.1250328,-0.0756623,0.0040000),(-0.1252906,-0.0772301,0.0040000),(-0.1250328,-0.0756623,0.0040000),(-0.1249921,-0.0757694,0.0040000),(-0.1252906,-0.0772301,0.0040000),(-0.1249921,-0.0757694,0.0040000),(-0.1249605,-0.0758817,0.0040000),(-0.1252906,-0.0772301,0.0040000),(-0.1249605,-0.0758817,0.0040000),(-0.1249380,-0.0759992,0.0040000),(-0.1252906,-0.0772301,0.0040000),(-0.1249380,-0.0759992,0.0040000),(-0.1249244,-0.0761220,0.0040000),(-0.1252906,-0.0772301,0.0040000),(-0.1249244,-0.0761220,0.0040000),(-0.1249199,-0.0762501,0.0040000),(-0.1252906,-0.0772301,0.0040000),(-0.1249199,-0.0762501,0.0040000),(-0.1249244,-0.0763795,0.0040000),(-0.1252906,-0.0772301,0.0040000),(-0.1249244,-0.0763795,0.0040000),(-0.1249378,-0.0765036,0.0040000),(-0.1252906,-0.0772301,0.0040000),(-0.1249378,-0.0765036,0.0040000),(-0.1249602,-0.0766224,0.0040000),(-0.1252906,-0.0772301,0.0040000),(-0.1249602,-0.0766224,0.0040000),(-0.1249916,-0.0767359,0.0040000),(-0.1252906,-0.0772301,0.0040000),(-0.1249916,-0.0767359,0.0040000),(-0.1250319,-0.0768441,0.0040000),(-0.1252906,-0.0772301,0.0040000),(-0.1250319,-0.0768441,0.0040000),(-0.1250812,-0.0769470,0.0040000),(-0.1252906,-0.0772301,0.0040000),(-0.1250812,-0.0769470,0.0040000),(-0.1251395,-0.0770447,0.0040000),(-0.1252906,-0.0772301,0.0040000),(-0.1251395,-0.0770447,0.0040000),(-0.1252067,-0.0771370,0.0040000),(-0.1244616,-0.0750487,0.0040000),(-0.1243886,-0.0749420,0.0040000),(-0.1242820,-0.0748690,0.0040000),(-0.1244616,-0.0750487,0.0040000),(-0.1242820,-0.0748690,0.0040000),(-0.1241568,-0.0748447,0.0040000),(-0.1244616,-0.0750487,0.0040000),(-0.1241568,-0.0748447,0.0040000),(-0.1240320,-0.0748690,0.0040000),(-0.1244616,-0.0750487,0.0040000),(-0.1240320,-0.0748690,0.0040000),(-0.1239261,-0.0749420,0.0040000),(-0.1244616,-0.0750487,0.0040000),(-0.1239261,-0.0749420,0.0040000),(-0.1238531,-0.0750487,0.0040000),(-0.1244616,-0.0750487,0.0040000),(-0.1238531,-0.0750487,0.0040000),(-0.1238288,-0.0751738,0.0040000),(-0.1244616,-0.0750487,0.0040000),(-0.1238288,-0.0751738,0.0040000),(-0.1238531,-0.0752989,0.0040000),(-0.1244616,-0.0750487,0.0040000),(-0.1238531,-0.0752989,0.0040000),(-0.1239261,-0.0754056,0.0040000),(-0.1244616,-0.0750487,0.0040000),(-0.1239261,-0.0754056,0.0040000),(-0.1240320,-0.0754786,0.0040000),(-0.1244616,-0.0750487,0.0040000),(-0.1240320,-0.0754786,0.0040000),(-0.1241568,-0.0755029,0.0040000),(-0.1244616,-0.0750487,0.0040000),(-0.1241568,-0.0755029,0.0040000),(-0.1242820,-0.0754786,0.0040000),(-0.1244616,-0.0750487,0.0040000),(-0.1242820,-0.0754786,0.0040000),(-0.1243886,-0.0754056,0.0040000),(-0.1244616,-0.0750487,0.0040000),(-0.1243886,-0.0754056,0.0040000),(-0.1244616,-0.0752989,0.0040000),(-0.1244616,-0.0750487,0.0040000),(-0.1244616,-0.0752989,0.0040000),(-0.1244860,-0.0751738,0.0040000),(-0.1082330,-0.0768010,0.0040000),(-0.1068508,-0.0750113,0.0040000),(-0.1067786,-0.0749494,0.0040000),(-0.1082330,-0.0768010,0.0040000),(-0.1067786,-0.0749494,0.0040000),(-0.1066867,-0.0749288,0.0040000),(-0.1082330,-0.0768010,0.0040000),(-0.1066867,-0.0749288,0.0040000),(-0.1065545,-0.0749743,0.0040000),(-0.1082330,-0.0768010,0.0040000),(-0.1065545,-0.0749743,0.0040000),(-0.1064902,-0.0750479,0.0040000),(-0.1082330,-0.0768010,0.0040000),(-0.1064902,-0.0750479,0.0040000),(-0.1064687,-0.0751436,0.0040000),(-0.1082330,-0.0768010,0.0040000),(-0.1064687,-0.0751436,0.0040000),(-0.1065132,-0.0752759,0.0040000),(-0.1082330,-0.0768010,0.0040000),(-0.1065132,-0.0752759,0.0040000),(-0.1076890,-0.0768010,0.0040000),(-0.1076890,-0.0768010,0.0040000),(-0.1076033,-0.0768010,0.0040000),(-0.1074840,-0.0768061,0.0040000),(-0.1082330,-0.0768010,0.0040000),(-0.1076890,-0.0768010,0.0040000),(-0.1074840,-0.0768061,0.0040000),(-0.1090966,-0.0768010,0.0040000),(-0.1082330,-0.0768010,0.0040000),(-0.1074840,-0.0768061,0.0040000),(-0.1090966,-0.0768010,0.0040000),(-0.1074840,-0.0768061,0.0040000),(-0.1073702,-0.0768214,0.0040000),(-0.1090966,-0.0768010,0.0040000),(-0.1073702,-0.0768214,0.0040000),(-0.1072619,-0.0768470,0.0040000),(-0.1090966,-0.0768010,0.0040000),(-0.1072619,-0.0768470,0.0040000),(-0.1071590,-0.0768827,0.0040000),(-0.1090966,-0.0768010,0.0040000),(-0.1071590,-0.0768827,0.0040000),(-0.1070616,-0.0769287,0.0040000),(-0.1090966,-0.0768010,0.0040000),(-0.1070616,-0.0769287,0.0040000),(-0.1069697,-0.0769849,0.0040000),(-0.1090966,-0.0768010,0.0040000),(-0.1069697,-0.0769849,0.0040000),(-0.1068831,-0.0770514,0.0040000),(-0.1090966,-0.0768010,0.0040000),(-0.1068831,-0.0770514,0.0040000),(-0.1068021,-0.0771280,0.0040000),(-0.1090966,-0.0768010,0.0040000),(-0.1068021,-0.0771280,0.0040000),(-0.1067257,-0.0772177,0.0040000),(-0.1090966,-0.0768010,0.0040000),(-0.1067257,-0.0772177,0.0040000),(-0.1066595,-0.0773102,0.0040000),(-0.1090966,-0.0768010,0.0040000),(-0.1066595,-0.0773102,0.0040000),(-0.1066035,-0.0774053,0.0040000),(-0.1066035,-0.0774053,0.0040000),(-0.1065576,-0.0775032,0.0040000),(-0.1069532,-0.0776524,0.0040000),(-0.1066035,-0.0774053,0.0040000),(-0.1069532,-0.0776524,0.0040000),(-0.1070177,-0.0775348,0.0040000),(-0.1066035,-0.0774053,0.0040000),(-0.1070177,-0.0775348,0.0040000),(-0.1071080,-0.0774286,0.0040000),(-0.1066035,-0.0774053,0.0040000),(-0.1071080,-0.0774286,0.0040000),(-0.1072179,-0.0773406,0.0040000),(-0.1066035,-0.0774053,0.0040000),(-0.1072179,-0.0773406,0.0040000),(-0.1073371,-0.0772778,0.0040000),(-0.1066035,-0.0774053,0.0040000),(-0.1073371,-0.0772778,0.0040000),(-0.1074655,-0.0772401,0.0040000),(-0.1090966,-0.0768010,0.0040000),(-0.1066035,-0.0774053,0.0040000),(-0.1074655,-0.0772401,0.0040000),(-0.1090966,-0.0768010,0.0040000),(-0.1074655,-0.0772401,0.0040000),(-0.1076033,-0.0772275,0.0040000),(-0.1090966,-0.0768010,0.0040000),(-0.1076033,-0.0772275,0.0040000),(-0.1090966,-0.0772275,0.0040000),(-0.1069145,-0.0777814,0.0040000),(-0.1069532,-0.0776524,0.0040000),(-0.1065576,-0.0775032,0.0040000),(-0.1069016,-0.0779218,0.0040000),(-0.1069145,-0.0777814,0.0040000),(-0.1065576,-0.0775032,0.0040000),(-0.1069145,-0.0780608,0.0040000),(-0.1069016,-0.0779218,0.0040000),(-0.1065576,-0.0775032,0.0040000),(-0.1069532,-0.0781890,0.0040000),(-0.1069145,-0.0780608,0.0040000),(-0.1065576,-0.0775032,0.0040000),(-0.1070177,-0.0783063,0.0040000),(-0.1069532,-0.0781890,0.0040000),(-0.1065576,-0.0775032,0.0040000),(-0.1070177,-0.0783063,0.0040000),(-0.1065576,-0.0775032,0.0040000),(-0.1065220,-0.0776038,0.0040000),(-0.1070177,-0.0783063,0.0040000),(-0.1065220,-0.0776038,0.0040000),(-0.1064965,-0.0777071,0.0040000),(-0.1071080,-0.0784128,0.0040000),(-0.1070177,-0.0783063,0.0040000),(-0.1064965,-0.0777071,0.0040000),(-0.1071080,-0.0784128,0.0040000),(-0.1064965,-0.0777071,0.0040000),(-0.1064812,-0.0778131,0.0040000),(-0.1071080,-0.0784128,0.0040000),(-0.1064812,-0.0778131,0.0040000),(-0.1064761,-0.0779218,0.0040000),(-0.1072151,-0.0785008,0.0040000),(-0.1071080,-0.0784128,0.0040000),(-0.1064761,-0.0779218,0.0040000),(-0.1072151,-0.0785008,0.0040000),(-0.1064761,-0.0779218,0.0040000),(-0.1064812,-0.0780344,0.0040000),(-0.1072151,-0.0785008,0.0040000),(-0.1064812,-0.0780344,0.0040000),(-0.1064965,-0.0781431,0.0040000),(-0.1073323,-0.0785636,0.0040000),(-0.1072151,-0.0785008,0.0040000),(-0.1064965,-0.0781431,0.0040000),(-0.1073323,-0.0785636,0.0040000),(-0.1064965,-0.0781431,0.0040000),(-0.1065220,-0.0782479,0.0040000),(-0.1073323,-0.0785636,0.0040000),(-0.1065220,-0.0782479,0.0040000),(-0.1065576,-0.0783488,0.0040000),(-0.1074596,-0.0786013,0.0040000),(-0.1073323,-0.0785636,0.0040000),(-0.1065576,-0.0783488,0.0040000),(-0.1074596,-0.0786013,0.0040000),(-0.1065576,-0.0783488,0.0040000),(-0.1066035,-0.0784458,0.0040000),(-0.1074596,-0.0786013,0.0040000),(-0.1066035,-0.0784458,0.0040000),(-0.1066595,-0.0785389,0.0040000),(-0.1075969,-0.0786139,0.0040000),(-0.1074596,-0.0786013,0.0040000),(-0.1066595,-0.0785389,0.0040000),(-0.1075969,-0.0786139,0.0040000),(-0.1066595,-0.0785389,0.0040000),(-0.1067257,-0.0786281,0.0040000),(-0.1090966,-0.0786139,0.0040000),(-0.1075969,-0.0786139,0.0040000),(-0.1067257,-0.0786281,0.0040000),(-0.1090966,-0.0786139,0.0040000),(-0.1067257,-0.0786281,0.0040000),(-0.1068021,-0.0787134,0.0040000),(-0.1090966,-0.0786139,0.0040000),(-0.1068021,-0.0787134,0.0040000),(-0.1068892,-0.0787915,0.0040000),(-0.1090966,-0.0786139,0.0040000),(-0.1068892,-0.0787915,0.0040000),(-0.1069800,-0.0788592,0.0040000),(-0.1090966,-0.0786139,0.0040000),(-0.1069800,-0.0788592,0.0040000),(-0.1070745,-0.0789165,0.0040000),(-0.1090966,-0.0786139,0.0040000),(-0.1070745,-0.0789165,0.0040000),(-0.1071728,-0.0789634,0.0040000),(-0.1090966,-0.0786139,0.0040000),(-0.1071728,-0.0789634,0.0040000),(-0.1072748,-0.0789999,0.0040000),(-0.1090966,-0.0786139,0.0040000),(-0.1072748,-0.0789999,0.0040000),(-0.1073805,-0.0790259,0.0040000),(-0.1090966,-0.0786139,0.0040000),(-0.1073805,-0.0790259,0.0040000),(-0.1074900,-0.0790416,0.0040000),(-0.1090966,-0.0786139,0.0040000),(-0.1074900,-0.0790416,0.0040000),(-0.1076033,-0.0790468,0.0040000),(-0.1090966,-0.0786139,0.0040000),(-0.1076033,-0.0790468,0.0040000),(-0.1093093,-0.0790468,0.0040000),(-0.1090966,-0.0772275,0.0040000),(-0.1090966,-0.0786139,0.0040000),(-0.1093093,-0.0790468,0.0040000),(-0.1090966,-0.0768010,0.0040000),(-0.1090966,-0.0772275,0.0040000),(-0.1093093,-0.0790468,0.0040000),(-0.1090966,-0.0768010,0.0040000),(-0.1093093,-0.0790468,0.0040000),(-0.1093953,-0.0790301,0.0040000),(-0.1090966,-0.0768010,0.0040000),(-0.1093953,-0.0790301,0.0040000),(-0.1094670,-0.0789801,0.0040000),(-0.1090966,-0.0768010,0.0040000),(-0.1094670,-0.0789801,0.0040000),(-0.1095091,-0.0789057,0.0040000),(-0.1090966,-0.0768010,0.0040000),(-0.1095091,-0.0789057,0.0040000),(-0.1095231,-0.0788266,0.0040000),(-0.1090966,-0.0768010,0.0040000),(-0.1095231,-0.0788266,0.0040000),(-0.1095231,-0.0751997,0.0040000),(-0.1090966,-0.0768010,0.0040000),(-0.1095231,-0.0751997,0.0040000),(-0.1095002,-0.0751164,0.0040000),(-0.1090966,-0.0768010,0.0040000),(-0.1095002,-0.0751164,0.0040000),(-0.1094569,-0.0750569,0.0040000),(-0.1090966,-0.0768010,0.0040000),(-0.1094569,-0.0750569,0.0040000),(-0.1093093,-0.0750092,0.0040000),(-0.1090966,-0.0768010,0.0040000),(-0.1093093,-0.0750092,0.0040000),(-0.1092353,-0.0750211,0.0040000),(-0.1090966,-0.0768010,0.0040000),(-0.1092353,-0.0750211,0.0040000),(-0.1091752,-0.0750569,0.0040000),(-0.1090966,-0.0768010,0.0040000),(-0.1091752,-0.0750569,0.0040000),(-0.1090966,-0.0751997,0.0040000),(-0.1104851,-0.0768063,0.0040000),(-0.1104872,-0.0751997,0.0040000),(-0.1104711,-0.0751177,0.0040000),(-0.1104851,-0.0768063,0.0040000),(-0.1104711,-0.0751177,0.0040000),(-0.1104227,-0.0750494,0.0040000),(-0.1104851,-0.0768063,0.0040000),(-0.1104227,-0.0750494,0.0040000),(-0.1103539,-0.0750034,0.0040000),(-0.1104851,-0.0768063,0.0040000),(-0.1103539,-0.0750034,0.0040000),(-0.1102766,-0.0749881,0.0040000),(-0.1104851,-0.0768063,0.0040000),(-0.1102766,-0.0749881,0.0040000),(-0.1101938,-0.0750034,0.0040000),(-0.1104851,-0.0768063,0.0040000),(-0.1101938,-0.0750034,0.0040000),(-0.1101253,-0.0750494,0.0040000),(-0.1104851,-0.0768063,0.0040000),(-0.1101253,-0.0750494,0.0040000),(-0.1100792,-0.0751177,0.0040000),(-0.1104851,-0.0768063,0.0040000),(-0.1100792,-0.0751177,0.0040000),(-0.1100639,-0.0751997,0.0040000),(-0.1104851,-0.0768063,0.0040000),(-0.1100639,-0.0751997,0.0040000),(-0.1100639,-0.0788266,0.0040000),(-0.1104851,-0.0768063,0.0040000),(-0.1100639,-0.0788266,0.0040000),(-0.1100792,-0.0789081,0.0040000),(-0.1104851,-0.0768063,0.0040000),(-0.1100792,-0.0789081,0.0040000),(-0.1101253,-0.0789769,0.0040000),(-0.1104851,-0.0768063,0.0040000),(-0.1101253,-0.0789769,0.0040000),(-0.1101927,-0.0790245,0.0040000),(-0.1104851,-0.0768063,0.0040000),(-0.1101927,-0.0790245,0.0040000),(-0.1102724,-0.0790404,0.0040000),(-0.1104851,-0.0768063,0.0040000),(-0.1102724,-0.0790404,0.0040000),(-0.1103544,-0.0790240,0.0040000),(-0.1104851,-0.0768063,0.0040000),(-0.1103544,-0.0790240,0.0040000),(-0.1104248,-0.0789748,0.0040000),(-0.1104851,-0.0768063,0.0040000),(-0.1104248,-0.0789748,0.0040000),(-0.1104716,-0.0789102,0.0040000),(-0.1104851,-0.0768063,0.0040000),(-0.1104716,-0.0789102,0.0040000),(-0.1104872,-0.0788266,0.0040000),(-0.1104851,-0.0768063,0.0040000),(-0.1104872,-0.0788266,0.0040000),(-0.1104872,-0.0772275,0.0040000),(-0.1126864,-0.0768063,0.0040000),(-0.1104851,-0.0768063,0.0040000),(-0.1104872,-0.0772275,0.0040000),(-0.1126864,-0.0768063,0.0040000),(-0.1104872,-0.0772275,0.0040000),(-0.1126801,-0.0772275,0.0040000),(-0.1126864,-0.0768063,0.0040000),(-0.1126801,-0.0772275,0.0040000),(-0.1126801,-0.0788266,0.0040000),(-0.1126864,-0.0768063,0.0040000),(-0.1126801,-0.0788266,0.0040000),(-0.1126965,-0.0789081,0.0040000),(-0.1126864,-0.0768063,0.0040000),(-0.1126965,-0.0789081,0.0040000),(-0.1127457,-0.0789769,0.0040000),(-0.1126864,-0.0768063,0.0040000),(-0.1127457,-0.0789769,0.0040000),(-0.1128153,-0.0790245,0.0040000),(-0.1126864,-0.0768063,0.0040000),(-0.1128153,-0.0790245,0.0040000),(-0.1128928,-0.0790404,0.0040000),(-0.1126864,-0.0768063,0.0040000),(-0.1128928,-0.0790404,0.0040000),(-0.1129751,-0.0790245,0.0040000),(-0.1126864,-0.0768063,0.0040000),(-0.1129751,-0.0790245,0.0040000),(-0.1130463,-0.0789769,0.0040000),(-0.1126864,-0.0768063,0.0040000),(-0.1130463,-0.0789769,0.0040000),(-0.1130947,-0.0789081,0.0040000),(-0.1126864,-0.0768063,0.0040000),(-0.1130947,-0.0789081,0.0040000),(-0.1131108,-0.0788266,0.0040000),(-0.1126864,-0.0768063,0.0040000),(-0.1131108,-0.0788266,0.0040000),(-0.1131108,-0.0751997,0.0040000),(-0.1126864,-0.0768063,0.0040000),(-0.1131108,-0.0751997,0.0040000),(-0.1130952,-0.0751177,0.0040000),(-0.1126864,-0.0768063,0.0040000),(-0.1130952,-0.0751177,0.0040000),(-0.1130484,-0.0750494,0.0040000),(-0.1126864,-0.0768063,0.0040000),(-0.1130484,-0.0750494,0.0040000),(-0.1129788,-0.0750034,0.0040000),(-0.1126864,-0.0768063,0.0040000),(-0.1129788,-0.0750034,0.0040000),(-0.1128970,-0.0749881,0.0040000),(-0.1126864,-0.0768063,0.0040000),(-0.1128970,-0.0749881,0.0040000),(-0.1128193,-0.0750031,0.0040000),(-0.1126864,-0.0768063,0.0040000),(-0.1128193,-0.0750031,0.0040000),(-0.1127468,-0.0750484,0.0040000),(-0.1126864,-0.0768063,0.0040000),(-0.1127468,-0.0750484,0.0040000),(-0.1127015,-0.0751132,0.0040000),(-0.1126864,-0.0768063,0.0040000),(-0.1127015,-0.0751132,0.0040000),(-0.1126864,-0.0751997,0.0040000),(-0.1055046,-0.0765184,0.0040000),(-0.1055046,-0.0788266,0.0040000),(-0.1055199,-0.0789081,0.0040000),(-0.1055046,-0.0765184,0.0040000),(-0.1055199,-0.0789081,0.0040000),(-0.1055660,-0.0789769,0.0040000),(-0.1055046,-0.0765184,0.0040000),(-0.1055660,-0.0789769,0.0040000),(-0.1056334,-0.0790245,0.0040000),(-0.1054996,-0.0764059,0.0040000),(-0.1055046,-0.0765184,0.0040000),(-0.1056334,-0.0790245,0.0040000),(-0.1054996,-0.0764059,0.0040000),(-0.1056334,-0.0790245,0.0040000),(-0.1057131,-0.0790404,0.0040000),(-0.1054996,-0.0764059,0.0040000),(-0.1057131,-0.0790404,0.0040000),(-0.1057964,-0.0790240,0.0040000),(-0.1054996,-0.0764059,0.0040000),(-0.1057964,-0.0790240,0.0040000),(-0.1058708,-0.0789748,0.0040000),(-0.1054996,-0.0764059,0.0040000),(-0.1058708,-0.0789748,0.0040000),(-0.1059160,-0.0789102,0.0040000),(-0.1054996,-0.0764059,0.0040000),(-0.1059160,-0.0789102,0.0040000),(-0.1059311,-0.0788266,0.0040000),(-0.1054996,-0.0764059,0.0040000),(-0.1059311,-0.0788266,0.0040000),(-0.1059311,-0.0765184,0.0040000),(-0.1054996,-0.0764059,0.0040000),(-0.1059311,-0.0765184,0.0040000),(-0.1059242,-0.0763633,0.0040000),(-0.1054996,-0.0764059,0.0040000),(-0.1059242,-0.0763633,0.0040000),(-0.1059033,-0.0762139,0.0040000),(-0.1054996,-0.0764059,0.0040000),(-0.1059033,-0.0762139,0.0040000),(-0.1058686,-0.0760703,0.0040000),(-0.1054996,-0.0764059,0.0040000),(-0.1058686,-0.0760703,0.0040000),(-0.1058200,-0.0759324,0.0040000),(-0.1054996,-0.0764059,0.0040000),(-0.1058200,-0.0759324,0.0040000),(-0.1057575,-0.0758002,0.0040000),(-0.1054996,-0.0764059,0.0040000),(-0.1057575,-0.0758002,0.0040000),(-0.1056811,-0.0756737,0.0040000),(-0.1054996,-0.0764059,0.0040000),(-0.1056811,-0.0756737,0.0040000),(-0.1055908,-0.0755529,0.0040000),(-0.1054996,-0.0764059,0.0040000),(-0.1055908,-0.0755529,0.0040000),(-0.1054866,-0.0754379,0.0040000),(-0.1054996,-0.0764059,0.0040000),(-0.1054866,-0.0754379,0.0040000),(-0.1053740,-0.0753324,0.0040000),(-0.1053740,-0.0753324,0.0040000),(-0.1052554,-0.0752411,0.0040000),(-0.1051306,-0.0751638,0.0040000),(-0.1053740,-0.0753324,0.0040000),(-0.1051306,-0.0751638,0.0040000),(-0.1049998,-0.0751005,0.0040000),(-0.1053740,-0.0753324,0.0040000),(-0.1049998,-0.0751005,0.0040000),(-0.1048628,-0.0750513,0.0040000),(-0.1053740,-0.0753324,0.0040000),(-0.1048628,-0.0750513,0.0040000),(-0.1047198,-0.0750162,0.0040000),(-0.1053740,-0.0753324,0.0040000),(-0.1047198,-0.0750162,0.0040000),(-0.1045707,-0.0749951,0.0040000),(-0.1053740,-0.0753324,0.0040000),(-0.1045707,-0.0749951,0.0040000),(-0.1044156,-0.0749881,0.0040000),(-0.1053740,-0.0753324,0.0040000),(-0.1044156,-0.0749881,0.0040000),(-0.1042602,-0.0749951,0.0040000),(-0.1053740,-0.0753324,0.0040000),(-0.1042602,-0.0749951,0.0040000),(-0.1041104,-0.0750162,0.0040000),(-0.1053740,-0.0753324,0.0040000),(-0.1041104,-0.0750162,0.0040000),(-0.1039663,-0.0750513,0.0040000),(-0.1053740,-0.0753324,0.0040000),(-0.1039663,-0.0750513,0.0040000),(-0.1038279,-0.0751005,0.0040000),(-0.1053740,-0.0753324,0.0040000),(-0.1038279,-0.0751005,0.0040000),(-0.1036952,-0.0751638,0.0040000),(-0.1053740,-0.0753324,0.0040000),(-0.1036952,-0.0751638,0.0040000),(-0.1035680,-0.0752411,0.0040000),(-0.1053740,-0.0753324,0.0040000),(-0.1035680,-0.0752411,0.0040000),(-0.1034466,-0.0753324,0.0040000),(-0.1053740,-0.0753324,0.0040000),(-0.1034466,-0.0753324,0.0040000),(-0.1033308,-0.0754379,0.0040000),(-0.1033308,-0.0754379,0.0040000),(-0.1032261,-0.0755516,0.0040000),(-0.1031354,-0.0756715,0.0040000),(-0.1033308,-0.0754379,0.0040000),(-0.1031354,-0.0756715,0.0040000),(-0.1030586,-0.0757976,0.0040000),(-0.1033308,-0.0754379,0.0040000),(-0.1030586,-0.0757976,0.0040000),(-0.1029958,-0.0759300,0.0040000),(-0.1033308,-0.0754379,0.0040000),(-0.1029958,-0.0759300,0.0040000),(-0.1029470,-0.0760686,0.0040000),(-0.1033308,-0.0754379,0.0040000),(-0.1029470,-0.0760686,0.0040000),(-0.1029121,-0.0762133,0.0040000),(-0.1033308,-0.0754379,0.0040000),(-0.1029121,-0.0762133,0.0040000),(-0.1028911,-0.0763644,0.0040000),(-0.1033308,-0.0754379,0.0040000),(-0.1028911,-0.0763644,0.0040000),(-0.1028842,-0.0765216,0.0040000),(-0.1033308,-0.0754379,0.0040000),(-0.1028842,-0.0765216,0.0040000),(-0.1028842,-0.0788266,0.0040000),(-0.1033308,-0.0754379,0.0040000),(-0.1028842,-0.0788266,0.0040000),(-0.1028995,-0.0789081,0.0040000),(-0.1033308,-0.0754379,0.0040000),(-0.1028995,-0.0789081,0.0040000),(-0.1029455,-0.0789769,0.0040000),(-0.1033308,-0.0754379,0.0040000),(-0.1029455,-0.0789769,0.0040000),(-0.1030138,-0.0790245,0.0040000),(-0.1033308,-0.0754379,0.0040000),(-0.1030138,-0.0790245,0.0040000),(-0.1030958,-0.0790404,0.0040000),(-0.1033308,-0.0754379,0.0040000),(-0.1030958,-0.0790404,0.0040000),(-0.1031778,-0.0790245,0.0040000),(-0.1033308,-0.0754379,0.0040000),(-0.1031778,-0.0790245,0.0040000),(-0.1032461,-0.0789769,0.0040000),(-0.1032461,-0.0789769,0.0040000),(-0.1032921,-0.0789081,0.0040000),(-0.1033075,-0.0788266,0.0040000),(-0.1032461,-0.0789769,0.0040000),(-0.1033075,-0.0788266,0.0040000),(-0.1033075,-0.0765216,0.0040000),(-0.1033308,-0.0754379,0.0040000),(-0.1032461,-0.0789769,0.0040000),(-0.1033075,-0.0765216,0.0040000),(-0.1033308,-0.0754379,0.0040000),(-0.1033075,-0.0765216,0.0040000),(-0.1033126,-0.0764096,0.0040000),(-0.1033308,-0.0754379,0.0040000),(-0.1033126,-0.0764096,0.0040000),(-0.1033279,-0.0763016,0.0040000),(-0.1033308,-0.0754379,0.0040000),(-0.1033279,-0.0763016,0.0040000),(-0.1033535,-0.0761976,0.0040000),(-0.1033308,-0.0754379,0.0040000),(-0.1033535,-0.0761976,0.0040000),(-0.1033892,-0.0760977,0.0040000),(-0.1033308,-0.0754379,0.0040000),(-0.1033892,-0.0760977,0.0040000),(-0.1034352,-0.0760018,0.0040000),(-0.1033308,-0.0754379,0.0040000),(-0.1034352,-0.0760018,0.0040000),(-0.1034914,-0.0759100,0.0040000),(-0.1033308,-0.0754379,0.0040000),(-0.1034914,-0.0759100,0.0040000),(-0.1035579,-0.0758222,0.0040000),(-0.1033308,-0.0754379,0.0040000),(-0.1035579,-0.0758222,0.0040000),(-0.1036345,-0.0757384,0.0040000),(-0.1033308,-0.0754379,0.0040000),(-0.1036345,-0.0757384,0.0040000),(-0.1037164,-0.0756620,0.0040000),(-0.1033308,-0.0754379,0.0040000),(-0.1037164,-0.0756620,0.0040000),(-0.1038027,-0.0755958,0.0040000),(-0.1033308,-0.0754379,0.0040000),(-0.1038027,-0.0755958,0.0040000),(-0.1038935,-0.0755398,0.0040000),(-0.1033308,-0.0754379,0.0040000),(-0.1038935,-0.0755398,0.0040000),(-0.1039888,-0.0754939,0.0040000),(-0.1033308,-0.0754379,0.0040000),(-0.1039888,-0.0754939,0.0040000),(-0.1040885,-0.0754583,0.0040000),(-0.1033308,-0.0754379,0.0040000),(-0.1040885,-0.0754583,0.0040000),(-0.1041927,-0.0754328,0.0040000),(-0.1033308,-0.0754379,0.0040000),(-0.1041927,-0.0754328,0.0040000),(-0.1043014,-0.0754175,0.0040000),(-0.1053740,-0.0753324,0.0040000),(-0.1033308,-0.0754379,0.0040000),(-0.1043014,-0.0754175,0.0040000),(-0.1053740,-0.0753324,0.0040000),(-0.1043014,-0.0754175,0.0040000),(-0.1044145,-0.0754125,0.0040000),(-0.1053740,-0.0753324,0.0040000),(-0.1044145,-0.0754125,0.0040000),(-0.1045256,-0.0754175,0.0040000),(-0.1053740,-0.0753324,0.0040000),(-0.1045256,-0.0754175,0.0040000),(-0.1046326,-0.0754327,0.0040000),(-0.1053740,-0.0753324,0.0040000),(-0.1046326,-0.0754327,0.0040000),(-0.1047353,-0.0754580,0.0040000),(-0.1053740,-0.0753324,0.0040000),(-0.1047353,-0.0754580,0.0040000),(-0.1048339,-0.0754934,0.0040000),(-0.1053740,-0.0753324,0.0040000),(-0.1048339,-0.0754934,0.0040000),(-0.1049282,-0.0755390,0.0040000),(-0.1053740,-0.0753324,0.0040000),(-0.1049282,-0.0755390,0.0040000),(-0.1050183,-0.0755946,0.0040000),(-0.1053740,-0.0753324,0.0040000),(-0.1050183,-0.0755946,0.0040000),(-0.1051043,-0.0756604,0.0040000),(-0.1053740,-0.0753324,0.0040000),(-0.1051043,-0.0756604,0.0040000),(-0.1051860,-0.0757363,0.0040000),(-0.1053740,-0.0753324,0.0040000),(-0.1051860,-0.0757363,0.0040000),(-0.1052607,-0.0758194,0.0040000),(-0.1053740,-0.0753324,0.0040000),(-0.1052607,-0.0758194,0.0040000),(-0.1053254,-0.0759066,0.0040000),(-0.1053740,-0.0753324,0.0040000),(-0.1053254,-0.0759066,0.0040000),(-0.1053802,-0.0759981,0.0040000),(-0.1053740,-0.0753324,0.0040000),(-0.1053802,-0.0759981,0.0040000),(-0.1054249,-0.0760938,0.0040000),(-0.1053740,-0.0753324,0.0040000),(-0.1054249,-0.0760938,0.0040000),(-0.1054598,-0.0761936,0.0040000),(-0.1053740,-0.0753324,0.0040000),(-0.1054598,-0.0761936,0.0040000),(-0.1054847,-0.0762977,0.0040000),(-0.1054996,-0.0764059,0.0040000),(-0.1053740,-0.0753324,0.0040000),(-0.1054847,-0.0762977,0.0040000),(-0.1137069,-0.0786671,0.0040000),(-0.1136538,-0.0788266,0.0040000),(-0.1136688,-0.0789065,0.0040000),(-0.1137069,-0.0786671,0.0040000),(-0.1136688,-0.0789065,0.0040000),(-0.1137141,-0.0789748,0.0040000),(-0.1137069,-0.0786671,0.0040000),(-0.1137141,-0.0789748,0.0040000),(-0.1137823,-0.0790240,0.0040000),(-0.1137069,-0.0786671,0.0040000),(-0.1137823,-0.0790240,0.0040000),(-0.1138665,-0.0790404,0.0040000),(-0.1137069,-0.0786671,0.0040000),(-0.1138665,-0.0790404,0.0040000),(-0.1164869,-0.0790404,0.0040000),(-0.1137069,-0.0786671,0.0040000),(-0.1164869,-0.0790404,0.0040000),(-0.1165800,-0.0790200,0.0040000),(-0.1137069,-0.0786671,0.0040000),(-0.1165800,-0.0790200,0.0040000),(-0.1166541,-0.0789589,0.0040000),(-0.1137069,-0.0786671,0.0040000),(-0.1166541,-0.0789589,0.0040000),(-0.1167007,-0.0788266,0.0040000),(-0.1137069,-0.0786671,0.0040000),(-0.1167007,-0.0788266,0.0040000),(-0.1167007,-0.0788108,0.0040000),(-0.1137069,-0.0786671,0.0040000),(-0.1167007,-0.0788108,0.0040000),(-0.1166404,-0.0786816,0.0040000),(-0.1137069,-0.0786671,0.0040000),(-0.1166404,-0.0786816,0.0040000),(-0.1165692,-0.0786308,0.0040000),(-0.1137069,-0.0786671,0.0040000),(-0.1165692,-0.0786308,0.0040000),(-0.1164869,-0.0786139,0.0040000),(-0.1137069,-0.0786671,0.0040000),(-0.1164869,-0.0786139,0.0040000),(-0.1153873,-0.0786139,0.0040000),(-0.1153873,-0.0786139,0.0040000),(-0.1153873,-0.0751997,0.0040000),(-0.1153720,-0.0751177,0.0040000),(-0.1153873,-0.0786139,0.0040000),(-0.1153720,-0.0751177,0.0040000),(-0.1153259,-0.0750494,0.0040000),(-0.1153873,-0.0786139,0.0040000),(-0.1153259,-0.0750494,0.0040000),(-0.1152577,-0.0750034,0.0040000),(-0.1153873,-0.0786139,0.0040000),(-0.1152577,-0.0750034,0.0040000),(-0.1151756,-0.0749881,0.0040000),(-0.1153873,-0.0786139,0.0040000),(-0.1151756,-0.0749881,0.0040000),(-0.1150936,-0.0750034,0.0040000),(-0.1153873,-0.0786139,0.0040000),(-0.1150936,-0.0750034,0.0040000),(-0.1150254,-0.0750494,0.0040000),(-0.1153873,-0.0786139,0.0040000),(-0.1150254,-0.0750494,0.0040000),(-0.1149793,-0.0751177,0.0040000),(-0.1153873,-0.0786139,0.0040000),(-0.1149793,-0.0751177,0.0040000),(-0.1149640,-0.0751997,0.0040000),(-0.1153873,-0.0786139,0.0040000),(-0.1149640,-0.0751997,0.0040000),(-0.1149640,-0.0786139,0.0040000),(-0.1137069,-0.0786671,0.0040000),(-0.1153873,-0.0786139,0.0040000),(-0.1149640,-0.0786139,0.0040000),(-0.1137069,-0.0786671,0.0040000),(-0.1149640,-0.0786139,0.0040000),(-0.1138665,-0.0786139,0.0040000),(-0.1137069,-0.0786671,0.0040000),(-0.1138665,-0.0786139,0.0040000),(-0.1137734,-0.0786272,0.0040000)));
#12785=COMPLEX_TRIANGULATED_SURFACE_SET('surface set',#12784,2652,(),(),(),((1,2,3),(4,5,6),(7,8,9),(10,11,12),(13,14,15),(16,17,18),(19,20,21),(22,23,24),(25,26,27),(28,29,30),(31,32,33),(34,35,36),(37,38,39),(40,41,42),(43,44,45),(46,47,48),(49,50,51),(52,53,54),(55,56,57),(58,59,60),(61,62,63),(64,65,66),(67,68,69),(70,71,72),(73,74,75),(76,77,78),(79,80,81),(82,83,84),(85,86,87),(88,89,90),(91,92,93),(94,95,96),(97,98,99),(100,101,102),(103,104,105),(106,107,108),(109,110,111),(112,113,114),(115,116,117),(118,119,120),(121,122,123),(124,125,126),(127,128,129),(130,131,132),(133,134,135),(136,137,138),(139,140,141),(142,143,144),(145,146,147),(148,149,150),(151,152,153),(154,155,156),(157,158,159),(160,161,162),(163,164,165),(166,167,168),(169,170,171),(172,173,174),(175,176,177),(178,179,180),(181,182,183),(184,185,186),(187,188,189),(190,191,192),(193,194,195),(196,197,198),(199,200,201),(202,203,204),(205,206,207),(208,209,210),(211,212,213),(214,215,216),(217,218,219),(220,221,222),(223,224,225),(226,227,228),(229,230,231),(232,233,234),(235,236,237),(238,239,240),(241,242,243),(244,245,246),(247,248,249),(250,251,252),(253,254,255),(256,257,258),(259,260,261),(262,263,264),(265,266,267),(268,269,270),(271,272,273),(274,275,276),(277,278,279),(280,281,282),(283,284,285),(286,287,288),(289,290,291),(292,293,294),(295,296,297),(298,299,300),(301,302,303),(304,305,306),(307,308,309),(310,311,312),(313,314,315),(316,317,318),(319,320,321),(322,323,324),(325,326,327),(328,329,330),(331,332,333),(334,335,336),(337,338,339),(340,341,342),(343,344,345),(346,347,348),(349,350,351),(352,353,354),(355,356,357),(358,359,360),(361,362,363),(364,365,366),(367,368,369),(370,371,372),(373,374,375),(376,377,378),(379,380,381),(382,383,384),(385,386,387),(388,389,390),(391,392,393),(394,395,396),(397,398,399),(400,401,402),(403,404,405),(406,407,408),(409,410,411),(412,413,414),(415,416,417),(418,419,420),(421,422,423),(424,425,426),(427,428,429),(430,431,432),(433,434,435),(436,437,438),(439,440,441),(442,443,444),(445,446,447),(448,449,450),(451,452,453),(454,455,456),(457,458,459),(460,461,462),(463,464,465),(466,467,468),(469,470,471),(472,473,474),(475,476,477),(478,479,480),(481,482,483),(484,485,486),(487,488,489),(490,491,492),(493,494,495),(496,497,498),(499,500,501),(502,503,504),(505,506,507),(508,509,510),(511,512,513),(514,515,516),(517,518,519),(520,521,522),(523,524,525),(526,527,528),(529,530,531),(532,533,534),(535,536,537),(538,539,540),(541,542,543),(544,545,546),(547,548,549),(550,551,552),(553,554,555),(556,557,558),(559,560,561),(562,563,564),(565,566,567),(568,569,570),(571,572,573),(574,575,576),(577,578,579),(580,581,582),(583,584,585),(586,587,588),(589,590,591),(592,593,594),(595,596,597),(598,599,600),(601,602,603),(604,605,606),(607,608,609),(610,611,612),(613,614,615),(616,617,618),(619,620,621),(622,623,624),(625,626,627),(628,629,630),(631,632,633),(634,635,636),(637,638,639),(640,641,642),(643,644,645),(646,647,648),(649,650,651),(652,653,654),(655,656,657),(658,659,660),(661,662,663),(664,665,666),(667,668,669),(670,671,672),(673,674,675),(676,677,678),(679,680,681),(682,683,684),(685,686,687),(688,689,690),(691,692,693),(694,695,696),(697,698,699),(700,701,702),(703,704,705),(706,707,708),(709,710,711),(712,713,714),(715,716,717),(718,719,720),(721,722,723),(724,725,726),(727,728,729),(730,731,732),(733,734,735),(736,737,738),(739,740,741),(742,743,744),(745,746,747),(748,749,750),(751,752,753),(754,755,756),(757,758,759),(760,761,762),(763,764,765),(766,767,768),(769,770,771),(772,773,774),(775,776,777),(778,779,780),(781,782,783),(784,785,786),(787,788,789),(790,791,792),(793,794,795),(796,797,798),(799,800,801),(802,803,804),(805,806,807),(808,809,810),(811,812,813),(814,815,816),(817,818,819),(820,821,822),(823,824,825),(826,827,828),(829,830,831),(832,833,834),(835,836,837),(838,839,840),(841,842,843),(844,845,846),(847,848,849),(850,851,852),(853,854,855),(856,857,858),(859,860,861),(862,863,864),(865,866,867),(868,869,870),(871,872,873),(874,875,876),(877,878,879),(880,881,882),(883,884,885),(886,887,888),(889,890,891),(892,893,894),(895,896,897),(898,899,900),(901,902,903),(904,905,906),(907,908,909),(910,911,912),(913,914,915),(916,917,918),(919,920,921),(922,923,924),(925,926,927),(928,929,930),(931,932,933),(934,935,936),(937,938,939),(940,941,942),(943,944,945),(946,947,948),(949,950,951),(952,953,954),(955,956,957),(958,959,960),(961,962,963),(964,965,966),(967,968,969),(970,971,972),(973,974,975),(976,977,978),(979,980,981),(982,983,984),(985,986,987),(988,989,990),(991,992,993),(994,995,996),(997,998,999),(1000,1001,1002),(1003,1004,1005),(1006,1007,1008),(1009,1010,1011),(1012,1013,1014),(1015,1016,1017),(1018,1019,1020),(1021,1022,1023),(1024,1025,1026),(1027,1028,1029),(1030,1031,1032),(1033,1034,1035),(1036,1037,1038),(1039,1040,1041),(1042,1043,1044),(1045,1046,1047),(1048,1049,1050),(1051,1052,1053),(1054,1055,1056),(1057,1058,1059),(1060,1061,1062),(1063,1064,1065),(1066,1067,1068),(1069,1070,1071),(1072,1073,1074),(1075,1076,1077),(1078,1079,1080),(1081,1082,1083),(1084,1085,1086),(1087,1088,1089),(1090,1091,1092),(1093,1094,1095),(1096,1097,1098),(1099,1100,1101),(1102,1103,1104),(1105,1106,1107),(1108,1109,1110),(1111,1112,1113),(1114,1115,1116),(1117,1118,1119),(1120,1121,1122),(1123,1124,1125),(1126,1127,1128),(1129,1130,1131),(1132,1133,1134),(1135,1136,1137),(1138,1139,1140),(1141,1142,1143),(1144,1145,1146),(1147,1148,1149),(1150,1151,1152),(1153,1154,1155),(1156,1157,1158),(1159,1160,1161),(1162,1163,1164),(1165,1166,1167),(1168,1169,1170),(1171,1172,1173),(1174,1175,1176),(1177,1178,1179),(1180,1181,1182),(1183,1184,1185),(1186,1187,1188),(1189,1190,1191),(1192,1193,1194),(1195,1196,1197),(1198,1199,1200),(1201,1202,1203),(1204,1205,1206),(1207,1208,1209),(1210,1211,1212),(1213,1214,1215),(1216,1217,1218),(1219,1220,1221),(1222,1223,1224),(1225,1226,1227),(1228,1229,1230),(1231,1232,1233),(1234,1235,1236),(1237,1238,1239),(1240,1241,1242),(1243,1244,1245),(1246,1247,1248),(1249,1250,1251),(1252,1253,1254),(1255,1256,1257),(1258,1259,1260),(1261,1262,1263),(1264,1265,1266),(1267,1268,1269),(1270,1271,1272),(1273,1274,1275),(1276,1277,1278),(1279,1280,1281),(1282,1283,1284),(1285,1286,1287),(1288,1289,1290),(1291,1292,1293),(1294,1295,1296),(1297,1298,1299),(1300,1301,1302),(1303,1304,1305),(1306,1307,1308),(1309,1310,1311),(1312,1313,1314),(1315,1316,1317),(1318,1319,1320),(1321,1322,1323),(1324,1325,1326),(1327,1328,1329),(1330,1331,1332),(1333,1334,1335),(1336,1337,1338),(1339,1340,1341),(1342,1343,1344),(1345,1346,1347),(1348,1349,1350),(1351,1352,1353),(1354,1355,1356),(1357,1358,1359),(1360,1361,1362),(1363,1364,1365),(1366,1367,1368),(1369,1370,1371),(1372,1373,1374),(1375,1376,1377),(1378,1379,1380),(1381,1382,1383),(1384,1385,1386),(1387,1388,1389),(1390,1391,1392),(1393,1394,1395),(1396,1397,1398),(1399,1400,1401),(1402,1403,1404),(1405,1406,1407),(1408,1409,1410),(1411,1412,1413),(1414,1415,1416),(1417,1418,1419),(1420,1421,1422),(1423,1424,1425),(1426,1427,1428),(1429,1430,1431),(1432,1433,1434),(1435,1436,1437),(1438,1439,1440),(1441,1442,1443),(1444,1445,1446),(1447,1448,1449),(1450,1451,1452),(1453,1454,1455),(1456,1457,1458),(1459,1460,1461),(1462,1463,1464),(1465,1466,1467),(1468,1469,1470),(1471,1472,1473),(1474,1475,1476),(1477,1478,1479),(1480,1481,1482),(1483,1484,1485),(1486,1487,1488),(1489,1490,1491),(1492,1493,1494),(1495,1496,1497),(1498,1499,1500),(1501,1502,1503),(1504,1505,1506),(1507,1508,1509),(1510,1511,1512),(1513,1514,1515),(1516,1517,1518),(1519,1520,1521),(1522,1523,1524),(1525,1526,1527),(1528,1529,1530),(1531,1532,1533),(1534,1535,1536),(1537,1538,1539),(1540,1541,1542),(1543,1544,1545),(1546,1547,1548),(1549,1550,1551),(1552,1553,1554),(1555,1556,1557),(1558,1559,1560),(1561,1562,1563),(1564,1565,1566),(1567,1568,1569),(1570,1571,1572),(1573,1574,1575),(1576,1577,1578),(1579,1580,1581),(1582,1583,1584),(1585,1586,1587),(1588,1589,1590),(1591,1592,1593),(1594,1595,1596),(1597,1598,1599),(1600,1601,1602),(1603,1604,1605),(1606,1607,1608),(1609,1610,1611),(1612,1613,1614),(1615,1616,1617),(1618,1619,1620),(1621,1622,1623),(1624,1625,1626),(1627,1628,1629),(1630,1631,1632),(1633,1634,1635),(1636,1637,1638),(1639,1640,1641),(1642,1643,1644),(1645,1646,1647),(1648,1649,1650),(1651,1652,1653),(1654,1655,1656),(1657,1658,1659),(1660,1661,1662),(1663,1664,1665),(1666,1667,1668),(1669,1670,1671),(1672,1673,1674),(1675,1676,1677),(1678,1679,1680),(1681,1682,1683),(1684,1685,1686),(1687,1688,1689),(1690,1691,1692),(1693,1694,1695),(1696,1697,1698),(1699,1700,1701),(1702,1703,1704),(1705,1706,1707),(1708,1709,1710),(1711,1712,1713),(1714,1715,1716),(1717,1718,1719),(1720,1721,1722),(1723,1724,1725),(1726,1727,1728),(1729,1730,1731),(1732,1733,1734),(1735,1736,1737),(1738,1739,1740),(1741,1742,1743),(1744,1745,1746),(1747,1748,1749),(1750,1751,1752),(1753,1754,1755),(1756,1757,1758),(1759,1760,1761),(1762,1763,1764),(1765,1766,1767),(1768,1769,1770),(1771,1772,1773),(1774,1775,1776),(1777,1778,1779),(1780,1781,1782),(1783,1784,1785),(1786,1787,1788),(1789,1790,1791),(1792,1793,1794),(1795,1796,1797),(1798,1799,1800),(1801,1802,1803),(1804,1805,1806),(1807,1808,1809),(1810,1811,1812),(1813,1814,1815),(1816,1817,1818),(1819,1820,1821),(1822,1823,1824),(1825,1826,1827),(1828,1829,1830),(1831,1832,1833),(1834,1835,1836),(1837,1838,1839),(1840,1841,1842),(1843,1844,1845),(1846,1847,1848),(1849,1850,1851),(1852,1853,1854),(1855,1856,1857),(1858,1859,1860),(1861,1862,1863),(1864,1865,1866),(1867,1868,1869),(1870,1871,1872),(1873,1874,1875),(1876,1877,1878),(1879,1880,1881),(1882,1883,1884),(1885,1886,1887),(1888,1889,1890),(1891,1892,1893),(1894,1895,1896),(1897,1898,1899),(1900,1901,1902),(1903,1904,1905),(1906,1907,1908),(1909,1910,1911),(1912,1913,1914),(1915,1916,1917),(1918,1919,1920),(1921,1922,1923),(1924,1925,1926),(1927,1928,1929),(1930,1931,1932),(1933,1934,1935),(1936,1937,1938),(1939,1940,1941),(1942,1943,1944),(1945,1946,1947),(1948,1949,1950),(1951,1952,1953),(1954,1955,1956),(1957,1958,1959),(1960,1961,1962),(1963,1964,1965),(1966,1967,1968),(1969,1970,1971),(1972,1973,1974),(1975,1976,1977),(1978,1979,1980),(1981,1982,1983),(1984,1985,1986),(1987,1988,1989),(1990,1991,1992),(1993,1994,1995),(1996,1997,1998),(1999,2000,2001),(2002,2003,2004),(2005,2006,2007),(2008,2009,2010),(2011,2012,2013),(2014,2015,2016),(2017,2018,2019),(2020,2021,2022),(2023,2024,2025),(2026,2027,2028),(2029,2030,2031),(2032,2033,2034),(2035,2036,2037),(2038,2039,2040),(2041,2042,2043),(2044,2045,2046),(2047,2048,2049),(2050,2051,2052),(2053,2054,2055),(2056,2057,2058),(2059,2060,2061),(2062,2063,2064),(2065,2066,2067),(2068,2069,2070),(2071,2072,2073),(2074,2075,2076),(2077,2078,2079),(2080,2081,2082),(2083,2084,2085),(2086,2087,2088),(2089,2090,2091),(2092,2093,2094),(2095,2096,2097),(2098,2099,2100),(2101,2102,2103),(2104,2105,2106),(2107,2108,2109),(2110,2111,2112),(2113,2114,2115),(2116,2117,2118),(2119,2120,2121),(2122,2123,2124),(2125,2126,2127),(2128,2129,2130),(2131,2132,2133),(2134,2135,2136),(2137,2138,2139),(2140,2141,2142),(2143,2144,2145),(2146,2147,2148),(2149,2150,2151),(2152,2153,2154),(2155,2156,2157),(2158,2159,2160),(2161,2162,2163),(2164,2165,2166),(2167,2168,2169),(2170,2171,2172),(2173,2174,2175),(2176,2177,2178),(2179,2180,2181),(2182,2183,2184),(2185,2186,2187),(2188,2189,2190),(2191,2192,2193),(2194,2195,2196),(2197,2198,2199),(2200,2201,2202),(2203,2204,2205),(2206,2207,2208),(2209,2210,2211),(2212,2213,2214),(2215,2216,2217),(2218,2219,2220),(2221,2222,2223),(2224,2225,2226),(2227,2228,2229),(2230,2231,2232),(2233,2234,2235),(2236,2237,2238),(2239,2240,2241),(2242,2243,2244),(2245,2246,2247),(2248,2249,2250),(2251,2252,2253),(2254,2255,2256),(2257,2258,2259),(2260,2261,2262),(2263,2264,2265),(2266,2267,2268),(2269,2270,2271),(2272,2273,2274),(2275,2276,2277),(2278,2279,2280),(2281,2282,2283),(2284,2285,2286),(2287,2288,2289),(2290,2291,2292),(2293,2294,2295),(2296,2297,2298),(2299,2300,2301),(2302,2303,2304),(2305,2306,2307),(2308,2309,2310),(2311,2312,2313),(2314,2315,2316),(2317,2318,2319),(2320,2321,2322),(2323,2324,2325),(2326,2327,2328),(2329,2330,2331),(2332,2333,2334),(2335,2336,2337),(2338,2339,2340),(2341,2342,2343),(2344,2345,2346),(2347,2348,2349),(2350,2351,2352),(2353,2354,2355),(2356,2357,2358),(2359,2360,2361),(2362,2363,2364),(2365,2366,2367),(2368,2369,2370),(2371,2372,2373),(2374,2375,2376),(2377,2378,2379),(2380,2381,2382),(2383,2384,2385),(2386,2387,2388),(2389,2390,2391),(2392,2393,2394),(2395,2396,2397),(2398,2399,2400),(2401,2402,2403),(2404,2405,2406),(2407,2408,2409),(2410,2411,2412),(2413,2414,2415),(2416,2417,2418),(2419,2420,2421),(2422,2423,2424),(2425,2426,2427),(2428,2429,2430),(2431,2432,2433),(2434,2435,2436),(2437,2438,2439),(2440,2441,2442),(2443,2444,2445),(2446,2447,2448),(2449,2450,2451),(2452,2453,2454),(2455,2456,2457),(2458,2459,2460),(2461,2462,2463),(2464,2465,2466),(2467,2468,2469),(2470,2471,2472),(2473,2474,2475),(2476,2477,2478),(2479,2480,2481),(2482,2483,2484),(2485,2486,2487),(2488,2489,2490),(2491,2492,2493),(2494,2495,2496),(2497,2498,2499),(2500,2501,2502),(2503,2504,2505),(2506,2507,2508),(2509,2510,2511),(2512,2513,2514),(2515,2516,2517),(2518,2519,2520),(2521,2522,2523),(2524,2525,2526),(2527,2528,2529),(2530,2531,2532),(2533,2534,2535),(2536,2537,2538),(2539,2540,2541),(2542,2543,2544),(2545,2546,2547),(2548,2549,2550),(2551,2552,2553),(2554,2555,2556),(2557,2558,2559),(2560,2561,2562),(2563,2564,2565),(2566,2567,2568),(2569,2570,2571),(2572,2573,2574),(2575,2576,2577),(2578,2579,2580),(2581,2582,2583),(2584,2585,2586),(2587,2588,2589),(2590,2591,2592),(2593,2594,2595),(2596,2597,2598),(2599,2600,2601),(2602,2603,2604),(2605,2606,2607),(2608,2609,2610),(2611,2612,2613),(2614,2615,2616),(2617,2618,2619),(2620,2621,2622),(2623,2624,2625),(2626,2627,2628),(2629,2630,2631),(2632,2633,2634),(2635,2636,2637),(2638,2639,2640),(2641,2642,2643),(2644,2645,2646),(2647,2648,2649),(2650,2651,2652)));
#12786=TESSELLATED_GEOMETRIC_SET('hole callout',(#12785));
#12787=COORDINATES_LIST('coordinates',5,((-0.1315429,-0.0724509,0.0040000),(-0.1028842,-0.0724509,0.0040000),(-0.1420179,-0.0669759,0.0040000),(-0.1365429,-0.0724509,0.0040000),(-0.1315429,-0.0724509,0.0040000)));
#12788=TESSELLATED_CURVE_SET('curve set',#12787,((1,2),(3,4,5)));
#12789=TESSELLATED_GEOMETRIC_SET('hole callout',(#12788));
#12790=TESSELLATED_ANNOTATION_OCCURRENCE('hole callout',(#12783),#12786);
#12791=TESSELLATED_ANNOTATION_OCCURRENCE('hole callout',(#12783),#12789);
#12792=DRAUGHTING_CALLOUT('hole callout',(#12790,#12791));
#12793=DRAUGHTING_MODEL_ITEM_ASSOCIATION('','',#12752,#12725,#12792);
#12794=DRAUGHTING_MODEL_ITEM_ASSOCIATION('','',#12742,#12725,#12792);
ENDSEC;
END-ISO-10303-21;
