ISO-10303-21;
HEADER;
/*Generated by software containing ST-Developer
 * from STEP Tools, Inc. (www.steptools.com) 
 */
/*OPTION: using custom renumber hook */
/*description */
/*implementation_level */
FILE_DESCRIPTION(('STEP AP242 Edition 2','STEP AP242 Edition 2''CAx-IF Rec.Pracs.---Representation and Presentation of Product Manufa
cturing Information (PMI)---4.0---2014-10-13','STEP AP242 Edition 2''CAx-IF Rec.Pracs.---Representation and Presentation of Product Manufa
cturing Information (PMI)---4.0---2014-10-13''CAx-IF Rec.Pracs.---3D Tessellated Geometry---0.4---2014-09-14','STEP AP242 Edition 2''CAx-IF Rec.Pracs.---Representation and Presentation of Product Manufa
cturing Information (PMI)---4.0---2014-10-13''CAx-IF Rec.Pracs.---3D Tessellated Geometry---0.4---2014-09-14''2;1','STEP AP242 Edition 2''CAx-IF Rec.Pracs.---Representation and Presentation of Product Manufa
cturing Information (PMI)---4.0---2014-10-13''CAx-IF Rec.Pracs.---3D Tessellated Geometry---0.4---2014-09-14''2;1''CAx-IF Rec.Pracs.---User Defined Attributes---1.5---2016-08-15'),'2;1');
/*name */
/*time_stamp */
/*author */
/*organization */
/*preprocessor_version */
/*originating_system */
/*authorisation */
FILE_NAME('/vol/tmp/translate-16861657230262182571/3D_PCB_PCB_ESP32-sd-int_2026-03-29nosilk Copy 1 - CaseBattHolder.step','2026-05-03T09:32:41',(''),(''),'ST-DEVELOPER v20','ONSHAPE BY PTC INC, 1.214','  ');
FILE_SCHEMA(('AP242_MANAGED_MODEL_BASED_3D_ENGINEERING_MIM_LF { 1 0 10303 442 3 1 4 }'));
ENDSEC;
DATA;
#10=SHAPE_REPRESENTATION_RELATIONSHIP('','',#2022,#11);
#11=ADVANCED_BREP_SHAPE_REPRESENTATION('',(#2020),#6098);
#12=ELLIPSE('',#2086,0.000500002001330189,0.0005);
#13=ELLIPSE('',#2087,0.00180000720478868,0.0018);
#14=ELLIPSE('',#2090,0.00180000720478868,0.0018);
#15=ELLIPSE('',#2091,0.000500002001330189,0.0005);
#16=ELLIPSE('',#2096,0.00180000000007381,0.0018);
#17=ELLIPSE('',#2098,0.00180000000007381,0.0018);
#18=B_SPLINE_SURFACE_WITH_KNOTS('',3,3,((#2925,#2926,#2927,#2928,#2929,
#2930,#2931,#2932,#2933,#2934,#2935,#2936,#2937,#2938,#2939,#2940,#2941),(#2942,#2943,#2944,#2945,#2946,#2947,#2948,#2949,#2950,#2951,#2952,#2953,
#2954,#2955,#2956,#2957,#2958),(#2959,#2960,#2961,#2962,#2963,#2964,#2965,
#2966,#2967,#2968,#2969,#2970,#2971,#2972,#2973,#2974,#2975),(#2976,#2977,
#2978,#2979,#2980,#2981,#2982,#2983,#2984,#2985,#2986,#2987,#2988,#2989,
#2990,#2991,#2992),(#2993,#2994,#2995,#2996,#2997,#2998,#2999,#3000,#3001,
#3002,#3003,#3004,#3005,#3006,#3007,#3008,#3009),(#3010,#3011,#3012,#3013,
#3014,#3015,#3016,#3017,#3018,#3019,#3020,#3021,#3022,#3023,#3024,#3025,
#3026),(#3027,#3028,#3029,#3030,#3031,#3032,#3033,#3034,#3035,#3036,#3037,
#3038,#3039,#3040,#3041,#3042,#3043),(#3044,#3045,#3046,#3047,#3048,#3049,
#3050,#3051,#3052,#3053,#3054,#3055,#3056,#3057,#3058,#3059,#3060),(#3061,
#3062,#3063,#3064,#3065,#3066,#3067,#3068,#3069,#3070,#3071,#3072,#3073,
#3074,#3075,#3076,#3077),(#3078,#3079,#3080,#3081,#3082,#3083,#3084,#3085,
#3086,#3087,#3088,#3089,#3090,#3091,#3092,#3093,#3094),(#3095,#3096,#3097,
#3098,#3099,#3100,#3101,#3102,#3103,#3104,#3105,#3106,#3107,#3108,#3109,
#3110,#3111),(#3112,#3113,#3114,#3115,#3116,#3117,#3118,#3119,#3120,#3121,
#3122,#3123,#3124,#3125,#3126,#3127,#3128),(#3129,#3130,#3131,#3132,#3133,
#3134,#3135,#3136,#3137,#3138,#3139,#3140,#3141,#3142,#3143,#3144,#3145),(#3146,#3147,#3148,#3149,#3150,#3151,#3152,#3153,#3154,#3155,#3156,#3157,
#3158,#3159,#3160,#3161,#3162),(#3163,#3164,#3165,#3166,#3167,#3168,#3169,
#3170,#3171,#3172,#3173,#3174,#3175,#3176,#3177,#3178,#3179),(#3180,#3181,
#3182,#3183,#3184,#3185,#3186,#3187,#3188,#3189,#3190,#3191,#3192,#3193,
#3194,#3195,#3196),(#3197,#3198,#3199,#3200,#3201,#3202,#3203,#3204,#3205,
#3206,#3207,#3208,#3209,#3210,#3211,#3212,#3213),(#3214,#3215,#3216,#3217,
#3218,#3219,#3220,#3221,#3222,#3223,#3224,#3225,#3226,#3227,#3228,#3229,
#3230),(#3231,#3232,#3233,#3234,#3235,#3236,#3237,#3238,#3239,#3240,#3241,
#3242,#3243,#3244,#3245,#3246,#3247),(#3248,#3249,#3250,#3251,#3252,#3253,
#3254,#3255,#3256,#3257,#3258,#3259,#3260,#3261,#3262,#3263,#3264),(#3265,
#3266,#3267,#3268,#3269,#3270,#3271,#3272,#3273,#3274,#3275,#3276,#3277,
#3278,#3279,#3280,#3281),(#3282,#3283,#3284,#3285,#3286,#3287,#3288,#3289,
#3290,#3291,#3292,#3293,#3294,#3295,#3296,#3297,#3298),(#3299,#3300,#3301,
#3302,#3303,#3304,#3305,#3306,#3307,#3308,#3309,#3310,#3311,#3312,#3313,
#3314,#3315),(#3316,#3317,#3318,#3319,#3320,#3321,#3322,#3323,#3324,#3325,
#3326,#3327,#3328,#3329,#3330,#3331,#3332),(#3333,#3334,#3335,#3336,#3337,
#3338,#3339,#3340,#3341,#3342,#3343,#3344,#3345,#3346,#3347,#3348,#3349),(#3350,#3351,#3352,#3353,#3354,#3355,#3356,#3357,#3358,#3359,#3360,#3361,
#3362,#3363,#3364,#3365,#3366),(#3367,#3368,#3369,#3370,#3371,#3372,#3373,
#3374,#3375,#3376,#3377,#3378,#3379,#3380,#3381,#3382,#3383),(#3384,#3385,
#3386,#3387,#3388,#3389,#3390,#3391,#3392,#3393,#3394,#3395,#3396,#3397,
#3398,#3399,#3400),(#3401,#3402,#3403,#3404,#3405,#3406,#3407,#3408,#3409,
#3410,#3411,#3412,#3413,#3414,#3415,#3416,#3417),(#3418,#3419,#3420,#3421,
#3422,#3423,#3424,#3425,#3426,#3427,#3428,#3429,#3430,#3431,#3432,#3433,
#3434),(#3435,#3436,#3437,#3438,#3439,#3440,#3441,#3442,#3443,#3444,#3445,
#3446,#3447,#3448,#3449,#3450,#3451),(#3452,#3453,#3454,#3455,#3456,#3457,
#3458,#3459,#3460,#3461,#3462,#3463,#3464,#3465,#3466,#3467,#3468),(#3469,
#3470,#3471,#3472,#3473,#3474,#3475,#3476,#3477,#3478,#3479,#3480,#3481,
#3482,#3483,#3484,#3485),(#3486,#3487,#3488,#3489,#3490,#3491,#3492,#3493,
#3494,#3495,#3496,#3497,#3498,#3499,#3500,#3501,#3502),(#3503,#3504,#3505,
#3506,#3507,#3508,#3509,#3510,#3511,#3512,#3513,#3514,#3515,#3516,#3517,
#3518,#3519),(#3520,#3521,#3522,#3523,#3524,#3525,#3526,#3527,#3528,#3529,
#3530,#3531,#3532,#3533,#3534,#3535,#3536),(#3537,#3538,#3539,#3540,#3541,
#3542,#3543,#3544,#3545,#3546,#3547,#3548,#3549,#3550,#3551,#3552,#3553),(#3554,#3555,#3556,#3557,#3558,#3559,#3560,#3561,#3562,#3563,#3564,#3565,
#3566,#3567,#3568,#3569,#3570),(#3571,#3572,#3573,#3574,#3575,#3576,#3577,
#3578,#3579,#3580,#3581,#3582,#3583,#3584,#3585,#3586,#3587),(#3588,#3589,
#3590,#3591,#3592,#3593,#3594,#3595,#3596,#3597,#3598,#3599,#3600,#3601,
#3602,#3603,#3604)),.UNSPECIFIED.,.F.,.F.,.F.,(4,2,2,2,2,2,2,2,2,2,2,2,2,2,2,2,2,2,2,4),(4,2,1,2,2,2,1,1,2,4),(0.,0.058061459970558,0.116122919941116,0.174184379911674,0.232245839882232,0.264148577371526,0.29605131486082,0.359856789839408,0.423662264817996,0.45556500230729,0.487467739796584,0.520201576887046,0.552935413977508,0.618403088158431,0.683870762339354,0.749338436520277,0.812003827390208,0.874669218260139,0.937334609130069,1.),(0.,0.015625,0.125,0.25,0.5,0.75,0.875,0.9375,0.984375,1.),.UNSPECIFIED.);
#19=B_SPLINE_SURFACE_WITH_KNOTS('',3,3,((#3663,#3664,#3665,#3666,#3667,
#3668,#3669,#3670,#3671,#3672,#3673,#3674,#3675,#3676,#3677,#3678,#3679),(#3680,#3681,#3682,#3683,#3684,#3685,#3686,#3687,#3688,#3689,#3690,#3691,
#3692,#3693,#3694,#3695,#3696),(#3697,#3698,#3699,#3700,#3701,#3702,#3703,
#3704,#3705,#3706,#3707,#3708,#3709,#3710,#3711,#3712,#3713),(#3714,#3715,
#3716,#3717,#3718,#3719,#3720,#3721,#3722,#3723,#3724,#3725,#3726,#3727,
#3728,#3729,#3730),(#3731,#3732,#3733,#3734,#3735,#3736,#3737,#3738,#3739,
#3740,#3741,#3742,#3743,#3744,#3745,#3746,#3747),(#3748,#3749,#3750,#3751,
#3752,#3753,#3754,#3755,#3756,#3757,#3758,#3759,#3760,#3761,#3762,#3763,
#3764),(#3765,#3766,#3767,#3768,#3769,#3770,#3771,#3772,#3773,#3774,#3775,
#3776,#3777,#3778,#3779,#3780,#3781),(#3782,#3783,#3784,#3785,#3786,#3787,
#3788,#3789,#3790,#3791,#3792,#3793,#3794,#3795,#3796,#3797,#3798),(#3799,
#3800,#3801,#3802,#3803,#3804,#3805,#3806,#3807,#3808,#3809,#3810,#3811,
#3812,#3813,#3814,#3815),(#3816,#3817,#3818,#3819,#3820,#3821,#3822,#3823,
#3824,#3825,#3826,#3827,#3828,#3829,#3830,#3831,#3832),(#3833,#3834,#3835,
#3836,#3837,#3838,#3839,#3840,#3841,#3842,#3843,#3844,#3845,#3846,#3847,
#3848,#3849),(#3850,#3851,#3852,#3853,#3854,#3855,#3856,#3857,#3858,#3859,
#3860,#3861,#3862,#3863,#3864,#3865,#3866),(#3867,#3868,#3869,#3870,#3871,
#3872,#3873,#3874,#3875,#3876,#3877,#3878,#3879,#3880,#3881,#3882,#3883),(#3884,#3885,#3886,#3887,#3888,#3889,#3890,#3891,#3892,#3893,#3894,#3895,
#3896,#3897,#3898,#3899,#3900),(#3901,#3902,#3903,#3904,#3905,#3906,#3907,
#3908,#3909,#3910,#3911,#3912,#3913,#3914,#3915,#3916,#3917),(#3918,#3919,
#3920,#3921,#3922,#3923,#3924,#3925,#3926,#3927,#3928,#3929,#3930,#3931,
#3932,#3933,#3934),(#3935,#3936,#3937,#3938,#3939,#3940,#3941,#3942,#3943,
#3944,#3945,#3946,#3947,#3948,#3949,#3950,#3951),(#3952,#3953,#3954,#3955,
#3956,#3957,#3958,#3959,#3960,#3961,#3962,#3963,#3964,#3965,#3966,#3967,
#3968),(#3969,#3970,#3971,#3972,#3973,#3974,#3975,#3976,#3977,#3978,#3979,
#3980,#3981,#3982,#3983,#3984,#3985),(#3986,#3987,#3988,#3989,#3990,#3991,
#3992,#3993,#3994,#3995,#3996,#3997,#3998,#3999,#4000,#4001,#4002),(#4003,
#4004,#4005,#4006,#4007,#4008,#4009,#4010,#4011,#4012,#4013,#4014,#4015,
#4016,#4017,#4018,#4019),(#4020,#4021,#4022,#4023,#4024,#4025,#4026,#4027,
#4028,#4029,#4030,#4031,#4032,#4033,#4034,#4035,#4036),(#4037,#4038,#4039,
#4040,#4041,#4042,#4043,#4044,#4045,#4046,#4047,#4048,#4049,#4050,#4051,
#4052,#4053),(#4054,#4055,#4056,#4057,#4058,#4059,#4060,#4061,#4062,#4063,
#4064,#4065,#4066,#4067,#4068,#4069,#4070),(#4071,#4072,#4073,#4074,#4075,
#4076,#4077,#4078,#4079,#4080,#4081,#4082,#4083,#4084,#4085,#4086,#4087),(#4088,#4089,#4090,#4091,#4092,#4093,#4094,#4095,#4096,#4097,#4098,#4099,
#4100,#4101,#4102,#4103,#4104),(#4105,#4106,#4107,#4108,#4109,#4110,#4111,
#4112,#4113,#4114,#4115,#4116,#4117,#4118,#4119,#4120,#4121),(#4122,#4123,
#4124,#4125,#4126,#4127,#4128,#4129,#4130,#4131,#4132,#4133,#4134,#4135,
#4136,#4137,#4138),(#4139,#4140,#4141,#4142,#4143,#4144,#4145,#4146,#4147,
#4148,#4149,#4150,#4151,#4152,#4153,#4154,#4155),(#4156,#4157,#4158,#4159,
#4160,#4161,#4162,#4163,#4164,#4165,#4166,#4167,#4168,#4169,#4170,#4171,
#4172),(#4173,#4174,#4175,#4176,#4177,#4178,#4179,#4180,#4181,#4182,#4183,
#4184,#4185,#4186,#4187,#4188,#4189),(#4190,#4191,#4192,#4193,#4194,#4195,
#4196,#4197,#4198,#4199,#4200,#4201,#4202,#4203,#4204,#4205,#4206),(#4207,
#4208,#4209,#4210,#4211,#4212,#4213,#4214,#4215,#4216,#4217,#4218,#4219,
#4220,#4221,#4222,#4223),(#4224,#4225,#4226,#4227,#4228,#4229,#4230,#4231,
#4232,#4233,#4234,#4235,#4236,#4237,#4238,#4239,#4240),(#4241,#4242,#4243,
#4244,#4245,#4246,#4247,#4248,#4249,#4250,#4251,#4252,#4253,#4254,#4255,
#4256,#4257),(#4258,#4259,#4260,#4261,#4262,#4263,#4264,#4265,#4266,#4267,
#4268,#4269,#4270,#4271,#4272,#4273,#4274),(#4275,#4276,#4277,#4278,#4279,
#4280,#4281,#4282,#4283,#4284,#4285,#4286,#4287,#4288,#4289,#4290,#4291),(#4292,#4293,#4294,#4295,#4296,#4297,#4298,#4299,#4300,#4301,#4302,#4303,
#4304,#4305,#4306,#4307,#4308),(#4309,#4310,#4311,#4312,#4313,#4314,#4315,
#4316,#4317,#4318,#4319,#4320,#4321,#4322,#4323,#4324,#4325),(#4326,#4327,
#4328,#4329,#4330,#4331,#4332,#4333,#4334,#4335,#4336,#4337,#4338,#4339,
#4340,#4341,#4342)),.UNSPECIFIED.,.F.,.F.,.F.,(4,2,2,2,2,2,2,2,2,2,2,2,2,2,2,2,2,2,2,4),(4,2,1,2,2,2,1,1,2,4),(0.,0.0580614599666468,0.116122919933294,0.174184379899941,0.232245839866588,0.264148577355215,0.296051314843843,0.359856789821099,0.423662264798355,0.455565002286982,0.48746773977561,0.520201576867095,0.552935413958581,0.618403088141551,0.683870762324522,0.749338436507492,0.812003827380619,0.874669218253746,0.937334609126873,1.),(0.,0.015625,0.125,0.25,0.5,0.75,0.875,0.9375,0.984375,1.),.UNSPECIFIED.);
#20=B_SPLINE_SURFACE_WITH_KNOTS('',3,3,((#4357,#4358,#4359,#4360,#4361,
#4362,#4363,#4364,#4365,#4366,#4367,#4368,#4369,#4370,#4371,#4372,#4373),(#4374,#4375,#4376,#4377,#4378,#4379,#4380,#4381,#4382,#4383,#4384,#4385,
#4386,#4387,#4388,#4389,#4390),(#4391,#4392,#4393,#4394,#4395,#4396,#4397,
#4398,#4399,#4400,#4401,#4402,#4403,#4404,#4405,#4406,#4407),(#4408,#4409,
#4410,#4411,#4412,#4413,#4414,#4415,#4416,#4417,#4418,#4419,#4420,#4421,
#4422,#4423,#4424),(#4425,#4426,#4427,#4428,#4429,#4430,#4431,#4432,#4433,
#4434,#4435,#4436,#4437,#4438,#4439,#4440,#4441),(#4442,#4443,#4444,#4445,
#4446,#4447,#4448,#4449,#4450,#4451,#4452,#4453,#4454,#4455,#4456,#4457,
#4458),(#4459,#4460,#4461,#4462,#4463,#4464,#4465,#4466,#4467,#4468,#4469,
#4470,#4471,#4472,#4473,#4474,#4475),(#4476,#4477,#4478,#4479,#4480,#4481,
#4482,#4483,#4484,#4485,#4486,#4487,#4488,#4489,#4490,#4491,#4492),(#4493,
#4494,#4495,#4496,#4497,#4498,#4499,#4500,#4501,#4502,#4503,#4504,#4505,
#4506,#4507,#4508,#4509),(#4510,#4511,#4512,#4513,#4514,#4515,#4516,#4517,
#4518,#4519,#4520,#4521,#4522,#4523,#4524,#4525,#4526),(#4527,#4528,#4529,
#4530,#4531,#4532,#4533,#4534,#4535,#4536,#4537,#4538,#4539,#4540,#4541,
#4542,#4543),(#4544,#4545,#4546,#4547,#4548,#4549,#4550,#4551,#4552,#4553,
#4554,#4555,#4556,#4557,#4558,#4559,#4560),(#4561,#4562,#4563,#4564,#4565,
#4566,#4567,#4568,#4569,#4570,#4571,#4572,#4573,#4574,#4575,#4576,#4577),(#4578,#4579,#4580,#4581,#4582,#4583,#4584,#4585,#4586,#4587,#4588,#4589,
#4590,#4591,#4592,#4593,#4594),(#4595,#4596,#4597,#4598,#4599,#4600,#4601,
#4602,#4603,#4604,#4605,#4606,#4607,#4608,#4609,#4610,#4611),(#4612,#4613,
#4614,#4615,#4616,#4617,#4618,#4619,#4620,#4621,#4622,#4623,#4624,#4625,
#4626,#4627,#4628),(#4629,#4630,#4631,#4632,#4633,#4634,#4635,#4636,#4637,
#4638,#4639,#4640,#4641,#4642,#4643,#4644,#4645),(#4646,#4647,#4648,#4649,
#4650,#4651,#4652,#4653,#4654,#4655,#4656,#4657,#4658,#4659,#4660,#4661,
#4662),(#4663,#4664,#4665,#4666,#4667,#4668,#4669,#4670,#4671,#4672,#4673,
#4674,#4675,#4676,#4677,#4678,#4679),(#4680,#4681,#4682,#4683,#4684,#4685,
#4686,#4687,#4688,#4689,#4690,#4691,#4692,#4693,#4694,#4695,#4696),(#4697,
#4698,#4699,#4700,#4701,#4702,#4703,#4704,#4705,#4706,#4707,#4708,#4709,
#4710,#4711,#4712,#4713),(#4714,#4715,#4716,#4717,#4718,#4719,#4720,#4721,
#4722,#4723,#4724,#4725,#4726,#4727,#4728,#4729,#4730),(#4731,#4732,#4733,
#4734,#4735,#4736,#4737,#4738,#4739,#4740,#4741,#4742,#4743,#4744,#4745,
#4746,#4747),(#4748,#4749,#4750,#4751,#4752,#4753,#4754,#4755,#4756,#4757,
#4758,#4759,#4760,#4761,#4762,#4763,#4764),(#4765,#4766,#4767,#4768,#4769,
#4770,#4771,#4772,#4773,#4774,#4775,#4776,#4777,#4778,#4779,#4780,#4781),(#4782,#4783,#4784,#4785,#4786,#4787,#4788,#4789,#4790,#4791,#4792,#4793,
#4794,#4795,#4796,#4797,#4798),(#4799,#4800,#4801,#4802,#4803,#4804,#4805,
#4806,#4807,#4808,#4809,#4810,#4811,#4812,#4813,#4814,#4815),(#4816,#4817,
#4818,#4819,#4820,#4821,#4822,#4823,#4824,#4825,#4826,#4827,#4828,#4829,
#4830,#4831,#4832),(#4833,#4834,#4835,#4836,#4837,#4838,#4839,#4840,#4841,
#4842,#4843,#4844,#4845,#4846,#4847,#4848,#4849),(#4850,#4851,#4852,#4853,
#4854,#4855,#4856,#4857,#4858,#4859,#4860,#4861,#4862,#4863,#4864,#4865,
#4866),(#4867,#4868,#4869,#4870,#4871,#4872,#4873,#4874,#4875,#4876,#4877,
#4878,#4879,#4880,#4881,#4882,#4883),(#4884,#4885,#4886,#4887,#4888,#4889,
#4890,#4891,#4892,#4893,#4894,#4895,#4896,#4897,#4898,#4899,#4900),(#4901,
#4902,#4903,#4904,#4905,#4906,#4907,#4908,#4909,#4910,#4911,#4912,#4913,
#4914,#4915,#4916,#4917),(#4918,#4919,#4920,#4921,#4922,#4923,#4924,#4925,
#4926,#4927,#4928,#4929,#4930,#4931,#4932,#4933,#4934),(#4935,#4936,#4937,
#4938,#4939,#4940,#4941,#4942,#4943,#4944,#4945,#4946,#4947,#4948,#4949,
#4950,#4951),(#4952,#4953,#4954,#4955,#4956,#4957,#4958,#4959,#4960,#4961,
#4962,#4963,#4964,#4965,#4966,#4967,#4968),(#4969,#4970,#4971,#4972,#4973,
#4974,#4975,#4976,#4977,#4978,#4979,#4980,#4981,#4982,#4983,#4984,#4985),(#4986,#4987,#4988,#4989,#4990,#4991,#4992,#4993,#4994,#4995,#4996,#4997,
#4998,#4999,#5000,#5001,#5002),(#5003,#5004,#5005,#5006,#5007,#5008,#5009,
#5010,#5011,#5012,#5013,#5014,#5015,#5016,#5017,#5018,#5019),(#5020,#5021,
#5022,#5023,#5024,#5025,#5026,#5027,#5028,#5029,#5030,#5031,#5032,#5033,
#5034,#5035,#5036)),.UNSPECIFIED.,.F.,.F.,.F.,(4,2,2,2,2,2,2,2,2,2,2,2,2,2,2,2,2,2,2,4),(4,2,1,2,2,2,1,1,2,4),(0.,0.0580614599705882,0.116122919941176,0.174184379911764,0.232245839882353,0.264148577371668,0.296051314860984,0.359856789839614,0.423662264818245,0.45556500230756,0.487467739796875,0.520201576887325,0.552935413977774,0.618403088158674,0.683870762339573,0.749338436520472,0.812003827390354,0.874669218260236,0.937334609130118,1.),(0.,0.015625,0.125,0.25,0.5,0.75,0.875,0.9375,0.984375,1.),.UNSPECIFIED.);
#21=B_SPLINE_SURFACE_WITH_KNOTS('',3,3,((#5081,#5082,#5083,#5084,#5085,
#5086,#5087,#5088,#5089,#5090,#5091,#5092,#5093,#5094,#5095,#5096,#5097),(#5098,#5099,#5100,#5101,#5102,#5103,#5104,#5105,#5106,#5107,#5108,#5109,
#5110,#5111,#5112,#5113,#5114),(#5115,#5116,#5117,#5118,#5119,#5120,#5121,
#5122,#5123,#5124,#5125,#5126,#5127,#5128,#5129,#5130,#5131),(#5132,#5133,
#5134,#5135,#5136,#5137,#5138,#5139,#5140,#5141,#5142,#5143,#5144,#5145,
#5146,#5147,#5148),(#5149,#5150,#5151,#5152,#5153,#5154,#5155,#5156,#5157,
#5158,#5159,#5160,#5161,#5162,#5163,#5164,#5165),(#5166,#5167,#5168,#5169,
#5170,#5171,#5172,#5173,#5174,#5175,#5176,#5177,#5178,#5179,#5180,#5181,
#5182),(#5183,#5184,#5185,#5186,#5187,#5188,#5189,#5190,#5191,#5192,#5193,
#5194,#5195,#5196,#5197,#5198,#5199),(#5200,#5201,#5202,#5203,#5204,#5205,
#5206,#5207,#5208,#5209,#5210,#5211,#5212,#5213,#5214,#5215,#5216),(#5217,
#5218,#5219,#5220,#5221,#5222,#5223,#5224,#5225,#5226,#5227,#5228,#5229,
#5230,#5231,#5232,#5233),(#5234,#5235,#5236,#5237,#5238,#5239,#5240,#5241,
#5242,#5243,#5244,#5245,#5246,#5247,#5248,#5249,#5250),(#5251,#5252,#5253,
#5254,#5255,#5256,#5257,#5258,#5259,#5260,#5261,#5262,#5263,#5264,#5265,
#5266,#5267),(#5268,#5269,#5270,#5271,#5272,#5273,#5274,#5275,#5276,#5277,
#5278,#5279,#5280,#5281,#5282,#5283,#5284),(#5285,#5286,#5287,#5288,#5289,
#5290,#5291,#5292,#5293,#5294,#5295,#5296,#5297,#5298,#5299,#5300,#5301),(#5302,#5303,#5304,#5305,#5306,#5307,#5308,#5309,#5310,#5311,#5312,#5313,
#5314,#5315,#5316,#5317,#5318),(#5319,#5320,#5321,#5322,#5323,#5324,#5325,
#5326,#5327,#5328,#5329,#5330,#5331,#5332,#5333,#5334,#5335),(#5336,#5337,
#5338,#5339,#5340,#5341,#5342,#5343,#5344,#5345,#5346,#5347,#5348,#5349,
#5350,#5351,#5352),(#5353,#5354,#5355,#5356,#5357,#5358,#5359,#5360,#5361,
#5362,#5363,#5364,#5365,#5366,#5367,#5368,#5369),(#5370,#5371,#5372,#5373,
#5374,#5375,#5376,#5377,#5378,#5379,#5380,#5381,#5382,#5383,#5384,#5385,
#5386),(#5387,#5388,#5389,#5390,#5391,#5392,#5393,#5394,#5395,#5396,#5397,
#5398,#5399,#5400,#5401,#5402,#5403),(#5404,#5405,#5406,#5407,#5408,#5409,
#5410,#5411,#5412,#5413,#5414,#5415,#5416,#5417,#5418,#5419,#5420),(#5421,
#5422,#5423,#5424,#5425,#5426,#5427,#5428,#5429,#5430,#5431,#5432,#5433,
#5434,#5435,#5436,#5437),(#5438,#5439,#5440,#5441,#5442,#5443,#5444,#5445,
#5446,#5447,#5448,#5449,#5450,#5451,#5452,#5453,#5454),(#5455,#5456,#5457,
#5458,#5459,#5460,#5461,#5462,#5463,#5464,#5465,#5466,#5467,#5468,#5469,
#5470,#5471),(#5472,#5473,#5474,#5475,#5476,#5477,#5478,#5479,#5480,#5481,
#5482,#5483,#5484,#5485,#5486,#5487,#5488),(#5489,#5490,#5491,#5492,#5493,
#5494,#5495,#5496,#5497,#5498,#5499,#5500,#5501,#5502,#5503,#5504,#5505),(#5506,#5507,#5508,#5509,#5510,#5511,#5512,#5513,#5514,#5515,#5516,#5517,
#5518,#5519,#5520,#5521,#5522),(#5523,#5524,#5525,#5526,#5527,#5528,#5529,
#5530,#5531,#5532,#5533,#5534,#5535,#5536,#5537,#5538,#5539),(#5540,#5541,
#5542,#5543,#5544,#5545,#5546,#5547,#5548,#5549,#5550,#5551,#5552,#5553,
#5554,#5555,#5556),(#5557,#5558,#5559,#5560,#5561,#5562,#5563,#5564,#5565,
#5566,#5567,#5568,#5569,#5570,#5571,#5572,#5573),(#5574,#5575,#5576,#5577,
#5578,#5579,#5580,#5581,#5582,#5583,#5584,#5585,#5586,#5587,#5588,#5589,
#5590),(#5591,#5592,#5593,#5594,#5595,#5596,#5597,#5598,#5599,#5600,#5601,
#5602,#5603,#5604,#5605,#5606,#5607),(#5608,#5609,#5610,#5611,#5612,#5613,
#5614,#5615,#5616,#5617,#5618,#5619,#5620,#5621,#5622,#5623,#5624),(#5625,
#5626,#5627,#5628,#5629,#5630,#5631,#5632,#5633,#5634,#5635,#5636,#5637,
#5638,#5639,#5640,#5641),(#5642,#5643,#5644,#5645,#5646,#5647,#5648,#5649,
#5650,#5651,#5652,#5653,#5654,#5655,#5656,#5657,#5658),(#5659,#5660,#5661,
#5662,#5663,#5664,#5665,#5666,#5667,#5668,#5669,#5670,#5671,#5672,#5673,
#5674,#5675),(#5676,#5677,#5678,#5679,#5680,#5681,#5682,#5683,#5684,#5685,
#5686,#5687,#5688,#5689,#5690,#5691,#5692),(#5693,#5694,#5695,#5696,#5697,
#5698,#5699,#5700,#5701,#5702,#5703,#5704,#5705,#5706,#5707,#5708,#5709),(#5710,#5711,#5712,#5713,#5714,#5715,#5716,#5717,#5718,#5719,#5720,#5721,
#5722,#5723,#5724,#5725,#5726),(#5727,#5728,#5729,#5730,#5731,#5732,#5733,
#5734,#5735,#5736,#5737,#5738,#5739,#5740,#5741,#5742,#5743),(#5744,#5745,
#5746,#5747,#5748,#5749,#5750,#5751,#5752,#5753,#5754,#5755,#5756,#5757,
#5758,#5759,#5760)),.UNSPECIFIED.,.F.,.F.,.F.,(4,2,2,2,2,2,2,2,2,2,2,2,2,2,2,2,2,2,2,4),(4,2,1,2,2,2,1,1,2,4),(0.,0.0580614599693047,0.116122919938609,0.174184379907914,0.232245839877219,0.264148577366303,0.296051314855388,0.359856789833558,0.423662264811727,0.455565002300811,0.487467739789896,0.520201576880677,0.552935413971458,0.618403088153021,0.683870762334583,0.749338436516146,0.81200382738711,0.874669218258073,0.937334609129036,1.),(0.,0.015625,0.125,0.25,0.5,0.75,0.875,0.9375,0.984375,1.),.UNSPECIFIED.);
#22=CYLINDRICAL_SURFACE('',#2055,0.001825);
#23=CYLINDRICAL_SURFACE('',#2058,0.001825);
#24=CYLINDRICAL_SURFACE('',#2061,0.001825);
#25=CYLINDRICAL_SURFACE('',#2064,0.001825);
#26=CYLINDRICAL_SURFACE('',#2065,0.002);
#27=CYLINDRICAL_SURFACE('',#2066,0.002);
#28=CYLINDRICAL_SURFACE('',#2067,0.002);
#29=CYLINDRICAL_SURFACE('',#2068,0.002);
#30=CYLINDRICAL_SURFACE('',#2131,0.0018);
#31=CYLINDRICAL_SURFACE('',#2132,0.0018);
#32=CYLINDRICAL_SURFACE('',#2133,0.0018);
#33=CYLINDRICAL_SURFACE('',#2134,0.0018);
#34=CYLINDRICAL_SURFACE('',#2135,0.0018);
#35=CYLINDRICAL_SURFACE('',#2136,0.0018);
#36=CYLINDRICAL_SURFACE('',#2137,0.0005);
#37=CYLINDRICAL_SURFACE('',#2138,0.0005);
#38=CYLINDRICAL_SURFACE('',#2139,0.0005);
#39=CYLINDRICAL_SURFACE('',#2140,0.0005);
#40=CYLINDRICAL_SURFACE('',#2141,0.0005);
#41=CYLINDRICAL_SURFACE('',#2142,0.0005);
#42=CYLINDRICAL_SURFACE('',#2143,0.0005);
#43=B_SPLINE_CURVE_WITH_KNOTS('',3,(#2856,#2857,#2858,#2859),.UNSPECIFIED.,.F.,.F.,(4,4),(0.,1.),.UNSPECIFIED.);
#44=B_SPLINE_CURVE_WITH_KNOTS('',3,(#2861,#2862,#2863,#2864),.UNSPECIFIED.,.F.,.F.,(4,4),(0.,1.),.UNSPECIFIED.);
#45=B_SPLINE_CURVE_WITH_KNOTS('',3,(#2866,#2867,#2868,#2869),.UNSPECIFIED.,.F.,.F.,(4,4),(0.,1.),.UNSPECIFIED.);
#46=B_SPLINE_CURVE_WITH_KNOTS('',3,(#2871,#2872,#2873,#2874),.UNSPECIFIED.,.F.,.F.,(4,4),(0.,1.),.UNSPECIFIED.);
#47=B_SPLINE_CURVE_WITH_KNOTS('',3,(#3605,#3606,#3607,#3608,#3609,#3610,#3611,#3612,#3613,#3614,#3615,#3616,#3617,#3618),.UNSPECIFIED.,.F.,.F.,(4,1,1,1,1,1,1,1,1,1,1,4),(0.,0.125,0.25,0.375,0.5,0.625,0.6875,0.75,0.8125,0.875,0.9375,1.),.UNSPECIFIED.);
#48=B_SPLINE_CURVE_WITH_KNOTS('',3,(#3619,#3620,#3621,#3622,#3623,#3624,#3625,#3626,#3627,#3628,#3629,#3630,#3631,#3632),.UNSPECIFIED.,.F.,.F.,(4,1,1,1,1,1,1,1,1,1,1,4),(0.,0.125,0.25,0.375,0.5,0.625,0.6875,0.75,0.8125,0.875,0.9375,1.),.UNSPECIFIED.);
#49=B_SPLINE_CURVE_WITH_KNOTS('',3,(#3634,#3635,#3636,#3637,#3638,#3639,#3640,#3641,#3642,#3643,#3644,#3645,#3646,#3647),.UNSPECIFIED.,.F.,.F.,(4,1,1,1,1,1,1,1,1,1,1,4),(0.,0.125,0.25,0.375,0.5,0.625,0.6875,0.75,0.8125,0.875,0.9375,1.),.UNSPECIFIED.);
#50=B_SPLINE_CURVE_WITH_KNOTS('',3,(#3649,#3650,#3651,#3652,#3653,#3654,#3655,#3656,#3657,#3658,#3659,#3660,#3661,#3662),.UNSPECIFIED.,.F.,.F.,(4,1,1,1,1,1,1,1,1,1,1,4),(0.,0.125,0.25,0.375,0.5,0.625,0.6875,0.75,0.8125,0.875,0.9375,1.),.UNSPECIFIED.);
#51=B_SPLINE_CURVE_WITH_KNOTS('',3,(#4343,#4344,#4345,#4346,#4347,#4348,#4349,#4350,#4351,#4352,#4353,#4354,#4355,#4356),.UNSPECIFIED.,.F.,.F.,(4,1,1,1,1,1,1,1,1,1,1,4),(0.,0.125,0.25,0.375,0.5,0.625,0.6875,0.75,0.8125,0.875,0.9375,1.),.UNSPECIFIED.);
#52=B_SPLINE_CURVE_WITH_KNOTS('',3,(#5037,#5038,#5039,#5040,#5041,#5042,#5043,#5044,#5045,#5046,#5047,#5048,#5049,#5050),.UNSPECIFIED.,.F.,.F.,(4,1,1,1,1,1,1,1,1,1,1,4),(0.,0.125,0.25,0.375,0.5,0.625,0.6875,0.75,0.8125,0.875,0.9375,1.),.UNSPECIFIED.);
#53=B_SPLINE_CURVE_WITH_KNOTS('',3,(#5052,#5053,#5054,#5055,#5056,#5057,#5058,#5059,#5060,#5061,#5062,#5063,#5064,#5065),.UNSPECIFIED.,.F.,.F.,(4,1,1,1,1,1,1,1,1,1,1,4),(0.,0.125,0.25,0.375,0.5,0.625,0.6875,0.75,0.8125,0.875,0.9375,1.),.UNSPECIFIED.);
#54=B_SPLINE_CURVE_WITH_KNOTS('',3,(#5067,#5068,#5069,#5070,#5071,#5072,#5073,#5074,#5075,#5076,#5077,#5078,#5079,#5080),.UNSPECIFIED.,.F.,.F.,(4,1,1,1,1,1,1,1,1,1,1,4),(0.,0.125,0.25,0.375,0.5,0.625,0.6875,0.75,0.8125,0.875,0.9375,1.),.UNSPECIFIED.);
#55=CONICAL_SURFACE('',#2038,0.004,0.174532925199433);
#56=CONICAL_SURFACE('',#2039,0.004,0.174532925199433);
#57=CONICAL_SURFACE('',#2040,0.004,0.174532925199433);
#58=CONICAL_SURFACE('',#2041,0.004,0.174532925199433);
#59=CIRCLE('',#2028,0.004);
#60=CIRCLE('',#2029,0.004);
#61=CIRCLE('',#2030,0.004);
#62=CIRCLE('',#2031,0.004);
#63=CIRCLE('',#2047,0.001825);
#64=CIRCLE('',#2048,0.001825);
#65=CIRCLE('',#2051,0.001825);
#66=CIRCLE('',#2052,0.001825);
#67=CIRCLE('',#2054,0.001825);
#68=CIRCLE('',#2057,0.001825);
#69=CIRCLE('',#2060,0.001825);
#70=CIRCLE('',#2063,0.001825);
#71=CIRCLE('',#2071,0.0018);
#72=CIRCLE('',#2072,0.0005);
#73=CIRCLE('',#2074,0.0005);
#74=CIRCLE('',#2075,0.0018);
#75=CIRCLE('',#2078,0.0005);
#76=CIRCLE('',#2079,0.0018);
#77=CIRCLE('',#2081,0.0018);
#78=CIRCLE('',#2082,0.0005);
#79=CIRCLE('',#2095,0.0005);
#80=CIRCLE('',#2099,0.0005);
#81=CIRCLE('',#2104,0.0018);
#82=CIRCLE('',#2105,0.0005);
#83=CIRCLE('',#2108,0.0005);
#84=CIRCLE('',#2109,0.0018);
#85=CIRCLE('',#2112,0.0018);
#86=CIRCLE('',#2113,0.0005);
#87=CIRCLE('',#2116,0.0005);
#88=CIRCLE('',#2117,0.0018);
#89=CIRCLE('',#2122,0.0005);
#90=CIRCLE('',#2125,0.0005);
#91=ORIENTED_EDGE('',*,*,#645,.F.);
#92=ORIENTED_EDGE('',*,*,#646,.T.);
#93=ORIENTED_EDGE('',*,*,#647,.T.);
#94=ORIENTED_EDGE('',*,*,#648,.F.);
#95=ORIENTED_EDGE('',*,*,#649,.F.);
#96=ORIENTED_EDGE('',*,*,#650,.T.);
#97=ORIENTED_EDGE('',*,*,#651,.T.);
#98=ORIENTED_EDGE('',*,*,#652,.T.);
#99=ORIENTED_EDGE('',*,*,#653,.F.);
#100=ORIENTED_EDGE('',*,*,#654,.T.);
#101=ORIENTED_EDGE('',*,*,#655,.T.);
#102=ORIENTED_EDGE('',*,*,#656,.T.);
#103=ORIENTED_EDGE('',*,*,#657,.F.);
#104=ORIENTED_EDGE('',*,*,#658,.T.);
#105=ORIENTED_EDGE('',*,*,#659,.T.);
#106=ORIENTED_EDGE('',*,*,#660,.T.);
#107=ORIENTED_EDGE('',*,*,#661,.T.);
#108=ORIENTED_EDGE('',*,*,#662,.T.);
#109=ORIENTED_EDGE('',*,*,#663,.T.);
#110=ORIENTED_EDGE('',*,*,#664,.F.);
#111=ORIENTED_EDGE('',*,*,#665,.F.);
#112=ORIENTED_EDGE('',*,*,#666,.T.);
#113=ORIENTED_EDGE('',*,*,#667,.T.);
#114=ORIENTED_EDGE('',*,*,#668,.T.);
#115=ORIENTED_EDGE('',*,*,#669,.T.);
#116=ORIENTED_EDGE('',*,*,#670,.T.);
#117=ORIENTED_EDGE('',*,*,#671,.F.);
#118=ORIENTED_EDGE('',*,*,#672,.T.);
#119=ORIENTED_EDGE('',*,*,#673,.T.);
#120=ORIENTED_EDGE('',*,*,#674,.T.);
#121=ORIENTED_EDGE('',*,*,#675,.T.);
#122=ORIENTED_EDGE('',*,*,#676,.F.);
#123=ORIENTED_EDGE('',*,*,#677,.T.);
#124=ORIENTED_EDGE('',*,*,#678,.F.);
#125=ORIENTED_EDGE('',*,*,#679,.T.);
#126=ORIENTED_EDGE('',*,*,#680,.T.);
#127=ORIENTED_EDGE('',*,*,#681,.F.);
#128=ORIENTED_EDGE('',*,*,#682,.T.);
#129=ORIENTED_EDGE('',*,*,#683,.T.);
#130=ORIENTED_EDGE('',*,*,#684,.T.);
#131=ORIENTED_EDGE('',*,*,#685,.T.);
#132=ORIENTED_EDGE('',*,*,#686,.T.);
#133=ORIENTED_EDGE('',*,*,#687,.T.);
#134=ORIENTED_EDGE('',*,*,#688,.F.);
#135=ORIENTED_EDGE('',*,*,#689,.T.);
#136=ORIENTED_EDGE('',*,*,#690,.T.);
#137=ORIENTED_EDGE('',*,*,#691,.T.);
#138=ORIENTED_EDGE('',*,*,#692,.F.);
#139=ORIENTED_EDGE('',*,*,#693,.T.);
#140=ORIENTED_EDGE('',*,*,#694,.T.);
#141=ORIENTED_EDGE('',*,*,#695,.F.);
#142=ORIENTED_EDGE('',*,*,#696,.T.);
#143=ORIENTED_EDGE('',*,*,#697,.F.);
#144=ORIENTED_EDGE('',*,*,#698,.T.);
#145=ORIENTED_EDGE('',*,*,#699,.T.);
#146=ORIENTED_EDGE('',*,*,#682,.F.);
#147=ORIENTED_EDGE('',*,*,#700,.T.);
#148=ORIENTED_EDGE('',*,*,#701,.T.);
#149=ORIENTED_EDGE('',*,*,#702,.T.);
#150=ORIENTED_EDGE('',*,*,#703,.T.);
#151=ORIENTED_EDGE('',*,*,#704,.F.);
#152=ORIENTED_EDGE('',*,*,#705,.F.);
#153=ORIENTED_EDGE('',*,*,#706,.T.);
#154=ORIENTED_EDGE('',*,*,#707,.T.);
#155=ORIENTED_EDGE('',*,*,#708,.F.);
#156=ORIENTED_EDGE('',*,*,#680,.F.);
#157=ORIENTED_EDGE('',*,*,#709,.T.);
#158=ORIENTED_EDGE('',*,*,#710,.T.);
#159=ORIENTED_EDGE('',*,*,#711,.T.);
#160=ORIENTED_EDGE('',*,*,#672,.F.);
#161=ORIENTED_EDGE('',*,*,#712,.T.);
#162=ORIENTED_EDGE('',*,*,#713,.T.);
#163=ORIENTED_EDGE('',*,*,#714,.T.);
#164=ORIENTED_EDGE('',*,*,#715,.T.);
#165=ORIENTED_EDGE('',*,*,#716,.T.);
#166=ORIENTED_EDGE('',*,*,#678,.T.);
#167=ORIENTED_EDGE('',*,*,#717,.T.);
#168=ORIENTED_EDGE('',*,*,#718,.T.);
#169=ORIENTED_EDGE('',*,*,#719,.T.);
#170=ORIENTED_EDGE('',*,*,#676,.T.);
#171=ORIENTED_EDGE('',*,*,#720,.T.);
#172=ORIENTED_EDGE('',*,*,#721,.T.);
#173=ORIENTED_EDGE('',*,*,#722,.T.);
#174=ORIENTED_EDGE('',*,*,#674,.F.);
#175=ORIENTED_EDGE('',*,*,#711,.F.);
#176=ORIENTED_EDGE('',*,*,#723,.T.);
#177=ORIENTED_EDGE('',*,*,#720,.F.);
#178=ORIENTED_EDGE('',*,*,#673,.F.);
#179=ORIENTED_EDGE('',*,*,#722,.F.);
#180=ORIENTED_EDGE('',*,*,#724,.T.);
#181=ORIENTED_EDGE('',*,*,#717,.F.);
#182=ORIENTED_EDGE('',*,*,#675,.F.);
#183=ORIENTED_EDGE('',*,*,#719,.F.);
#184=ORIENTED_EDGE('',*,*,#725,.T.);
#185=ORIENTED_EDGE('',*,*,#714,.F.);
#186=ORIENTED_EDGE('',*,*,#677,.F.);
#187=ORIENTED_EDGE('',*,*,#716,.F.);
#188=ORIENTED_EDGE('',*,*,#726,.T.);
#189=ORIENTED_EDGE('',*,*,#709,.F.);
#190=ORIENTED_EDGE('',*,*,#679,.F.);
#191=ORIENTED_EDGE('',*,*,#705,.T.);
#192=ORIENTED_EDGE('',*,*,#727,.F.);
#193=ORIENTED_EDGE('',*,*,#728,.F.);
#194=ORIENTED_EDGE('',*,*,#697,.T.);
#195=ORIENTED_EDGE('',*,*,#681,.T.);
#196=ORIENTED_EDGE('',*,*,#729,.F.);
#197=ORIENTED_EDGE('',*,*,#730,.F.);
#198=ORIENTED_EDGE('',*,*,#731,.T.);
#199=ORIENTED_EDGE('',*,*,#732,.F.);
#200=ORIENTED_EDGE('',*,*,#729,.T.);
#201=ORIENTED_EDGE('',*,*,#684,.F.);
#202=ORIENTED_EDGE('',*,*,#733,.F.);
#203=ORIENTED_EDGE('',*,*,#707,.F.);
#204=ORIENTED_EDGE('',*,*,#734,.F.);
#205=ORIENTED_EDGE('',*,*,#735,.T.);
#206=ORIENTED_EDGE('',*,*,#733,.T.);
#207=ORIENTED_EDGE('',*,*,#683,.F.);
#208=ORIENTED_EDGE('',*,*,#699,.F.);
#209=ORIENTED_EDGE('',*,*,#736,.T.);
#210=ORIENTED_EDGE('',*,*,#737,.T.);
#211=ORIENTED_EDGE('',*,*,#706,.F.);
#212=ORIENTED_EDGE('',*,*,#731,.F.);
#213=ORIENTED_EDGE('',*,*,#738,.T.);
#214=ORIENTED_EDGE('',*,*,#734,.T.);
#215=ORIENTED_EDGE('',*,*,#739,.T.);
#216=ORIENTED_EDGE('',*,*,#740,.T.);
#217=ORIENTED_EDGE('',*,*,#738,.F.);
#218=ORIENTED_EDGE('',*,*,#730,.T.);
#219=ORIENTED_EDGE('',*,*,#732,.T.);
#220=ORIENTED_EDGE('',*,*,#735,.F.);
#221=ORIENTED_EDGE('',*,*,#704,.T.);
#222=ORIENTED_EDGE('',*,*,#737,.F.);
#223=ORIENTED_EDGE('',*,*,#741,.F.);
#224=ORIENTED_EDGE('',*,*,#727,.T.);
#225=ORIENTED_EDGE('',*,*,#742,.T.);
#226=ORIENTED_EDGE('',*,*,#743,.T.);
#227=ORIENTED_EDGE('',*,*,#698,.F.);
#228=ORIENTED_EDGE('',*,*,#728,.T.);
#229=ORIENTED_EDGE('',*,*,#741,.T.);
#230=ORIENTED_EDGE('',*,*,#736,.F.);
#231=ORIENTED_EDGE('',*,*,#744,.F.);
#232=ORIENTED_EDGE('',*,*,#744,.T.);
#233=ORIENTED_EDGE('',*,*,#743,.F.);
#234=ORIENTED_EDGE('',*,*,#745,.F.);
#235=ORIENTED_EDGE('',*,*,#745,.T.);
#236=ORIENTED_EDGE('',*,*,#742,.F.);
#237=ORIENTED_EDGE('',*,*,#746,.F.);
#238=ORIENTED_EDGE('',*,*,#746,.T.);
#239=ORIENTED_EDGE('',*,*,#740,.F.);
#240=ORIENTED_EDGE('',*,*,#747,.F.);
#241=ORIENTED_EDGE('',*,*,#747,.T.);
#242=ORIENTED_EDGE('',*,*,#739,.F.);
#243=ORIENTED_EDGE('',*,*,#748,.F.);
#244=ORIENTED_EDGE('',*,*,#724,.F.);
#245=ORIENTED_EDGE('',*,*,#749,.F.);
#246=ORIENTED_EDGE('',*,*,#749,.T.);
#247=ORIENTED_EDGE('',*,*,#721,.F.);
#248=ORIENTED_EDGE('',*,*,#750,.F.);
#249=ORIENTED_EDGE('',*,*,#703,.F.);
#250=ORIENTED_EDGE('',*,*,#748,.T.);
#251=ORIENTED_EDGE('',*,*,#702,.F.);
#252=ORIENTED_EDGE('',*,*,#751,.F.);
#253=ORIENTED_EDGE('',*,*,#718,.F.);
#254=ORIENTED_EDGE('',*,*,#750,.T.);
#255=ORIENTED_EDGE('',*,*,#723,.F.);
#256=ORIENTED_EDGE('',*,*,#752,.F.);
#257=ORIENTED_EDGE('',*,*,#725,.F.);
#258=ORIENTED_EDGE('',*,*,#751,.T.);
#259=ORIENTED_EDGE('',*,*,#753,.F.);
#260=ORIENTED_EDGE('',*,*,#752,.T.);
#261=ORIENTED_EDGE('',*,*,#710,.F.);
#262=ORIENTED_EDGE('',*,*,#754,.F.);
#263=ORIENTED_EDGE('',*,*,#700,.F.);
#264=ORIENTED_EDGE('',*,*,#753,.T.);
#265=ORIENTED_EDGE('',*,*,#701,.F.);
#266=ORIENTED_EDGE('',*,*,#755,.F.);
#267=ORIENTED_EDGE('',*,*,#715,.F.);
#268=ORIENTED_EDGE('',*,*,#754,.T.);
#269=ORIENTED_EDGE('',*,*,#726,.F.);
#270=ORIENTED_EDGE('',*,*,#755,.T.);
#271=ORIENTED_EDGE('',*,*,#756,.T.);
#272=ORIENTED_EDGE('',*,*,#757,.T.);
#273=ORIENTED_EDGE('',*,*,#758,.F.);
#274=ORIENTED_EDGE('',*,*,#759,.F.);
#275=ORIENTED_EDGE('',*,*,#760,.T.);
#276=ORIENTED_EDGE('',*,*,#761,.T.);
#277=ORIENTED_EDGE('',*,*,#762,.F.);
#278=ORIENTED_EDGE('',*,*,#763,.T.);
#279=ORIENTED_EDGE('',*,*,#648,.T.);
#280=ORIENTED_EDGE('',*,*,#764,.T.);
#281=ORIENTED_EDGE('',*,*,#667,.F.);
#282=ORIENTED_EDGE('',*,*,#765,.T.);
#283=ORIENTED_EDGE('',*,*,#756,.F.);
#284=ORIENTED_EDGE('',*,*,#766,.F.);
#285=ORIENTED_EDGE('',*,*,#767,.T.);
#286=ORIENTED_EDGE('',*,*,#768,.F.);
#287=ORIENTED_EDGE('',*,*,#758,.T.);
#288=ORIENTED_EDGE('',*,*,#769,.T.);
#289=ORIENTED_EDGE('',*,*,#665,.T.);
#290=ORIENTED_EDGE('',*,*,#770,.T.);
#291=ORIENTED_EDGE('',*,*,#646,.F.);
#292=ORIENTED_EDGE('',*,*,#771,.F.);
#293=ORIENTED_EDGE('',*,*,#768,.T.);
#294=ORIENTED_EDGE('',*,*,#772,.T.);
#295=ORIENTED_EDGE('',*,*,#760,.F.);
#296=ORIENTED_EDGE('',*,*,#759,.T.);
#297=ORIENTED_EDGE('',*,*,#773,.F.);
#298=ORIENTED_EDGE('',*,*,#774,.T.);
#299=ORIENTED_EDGE('',*,*,#775,.T.);
#300=ORIENTED_EDGE('',*,*,#653,.T.);
#301=ORIENTED_EDGE('',*,*,#776,.T.);
#302=ORIENTED_EDGE('',*,*,#688,.T.);
#303=ORIENTED_EDGE('',*,*,#777,.T.);
#304=ORIENTED_EDGE('',*,*,#778,.F.);
#305=ORIENTED_EDGE('',*,*,#779,.F.);
#306=ORIENTED_EDGE('',*,*,#780,.T.);
#307=ORIENTED_EDGE('',*,*,#781,.T.);
#308=ORIENTED_EDGE('',*,*,#782,.T.);
#309=ORIENTED_EDGE('',*,*,#783,.T.);
#310=ORIENTED_EDGE('',*,*,#686,.F.);
#311=ORIENTED_EDGE('',*,*,#784,.T.);
#312=ORIENTED_EDGE('',*,*,#655,.F.);
#313=ORIENTED_EDGE('',*,*,#778,.T.);
#314=ORIENTED_EDGE('',*,*,#785,.T.);
#315=ORIENTED_EDGE('',*,*,#782,.F.);
#316=ORIENTED_EDGE('',*,*,#786,.T.);
#317=ORIENTED_EDGE('',*,*,#781,.F.);
#318=ORIENTED_EDGE('',*,*,#787,.T.);
#319=ORIENTED_EDGE('',*,*,#773,.T.);
#320=ORIENTED_EDGE('',*,*,#786,.F.);
#321=ORIENTED_EDGE('',*,*,#788,.F.);
#322=ORIENTED_EDGE('',*,*,#789,.T.);
#323=ORIENTED_EDGE('',*,*,#790,.T.);
#324=ORIENTED_EDGE('',*,*,#791,.T.);
#325=ORIENTED_EDGE('',*,*,#792,.T.);
#326=ORIENTED_EDGE('',*,*,#664,.T.);
#327=ORIENTED_EDGE('',*,*,#793,.T.);
#328=ORIENTED_EDGE('',*,*,#794,.F.);
#329=ORIENTED_EDGE('',*,*,#795,.F.);
#330=ORIENTED_EDGE('',*,*,#796,.T.);
#331=ORIENTED_EDGE('',*,*,#797,.T.);
#332=ORIENTED_EDGE('',*,*,#791,.F.);
#333=ORIENTED_EDGE('',*,*,#798,.F.);
#334=ORIENTED_EDGE('',*,*,#799,.T.);
#335=ORIENTED_EDGE('',*,*,#800,.T.);
#336=ORIENTED_EDGE('',*,*,#801,.T.);
#337=ORIENTED_EDGE('',*,*,#802,.T.);
#338=ORIENTED_EDGE('',*,*,#662,.F.);
#339=ORIENTED_EDGE('',*,*,#803,.T.);
#340=ORIENTED_EDGE('',*,*,#796,.F.);
#341=ORIENTED_EDGE('',*,*,#794,.T.);
#342=ORIENTED_EDGE('',*,*,#804,.T.);
#343=ORIENTED_EDGE('',*,*,#801,.F.);
#344=ORIENTED_EDGE('',*,*,#805,.T.);
#345=ORIENTED_EDGE('',*,*,#800,.F.);
#346=ORIENTED_EDGE('',*,*,#806,.T.);
#347=ORIENTED_EDGE('',*,*,#788,.T.);
#348=ORIENTED_EDGE('',*,*,#805,.F.);
#349=ORIENTED_EDGE('',*,*,#807,.F.);
#350=ORIENTED_EDGE('',*,*,#808,.T.);
#351=ORIENTED_EDGE('',*,*,#809,.T.);
#352=ORIENTED_EDGE('',*,*,#649,.T.);
#353=ORIENTED_EDGE('',*,*,#810,.T.);
#354=ORIENTED_EDGE('',*,*,#692,.T.);
#355=ORIENTED_EDGE('',*,*,#811,.T.);
#356=ORIENTED_EDGE('',*,*,#812,.F.);
#357=ORIENTED_EDGE('',*,*,#813,.F.);
#358=ORIENTED_EDGE('',*,*,#814,.T.);
#359=ORIENTED_EDGE('',*,*,#815,.T.);
#360=ORIENTED_EDGE('',*,*,#816,.T.);
#361=ORIENTED_EDGE('',*,*,#817,.T.);
#362=ORIENTED_EDGE('',*,*,#690,.F.);
#363=ORIENTED_EDGE('',*,*,#818,.T.);
#364=ORIENTED_EDGE('',*,*,#651,.F.);
#365=ORIENTED_EDGE('',*,*,#812,.T.);
#366=ORIENTED_EDGE('',*,*,#819,.T.);
#367=ORIENTED_EDGE('',*,*,#816,.F.);
#368=ORIENTED_EDGE('',*,*,#820,.T.);
#369=ORIENTED_EDGE('',*,*,#815,.F.);
#370=ORIENTED_EDGE('',*,*,#821,.T.);
#371=ORIENTED_EDGE('',*,*,#807,.T.);
#372=ORIENTED_EDGE('',*,*,#820,.F.);
#373=ORIENTED_EDGE('',*,*,#822,.T.);
#374=ORIENTED_EDGE('',*,*,#823,.T.);
#375=ORIENTED_EDGE('',*,*,#824,.F.);
#376=ORIENTED_EDGE('',*,*,#825,.F.);
#377=ORIENTED_EDGE('',*,*,#826,.T.);
#378=ORIENTED_EDGE('',*,*,#827,.T.);
#379=ORIENTED_EDGE('',*,*,#828,.T.);
#380=ORIENTED_EDGE('',*,*,#829,.T.);
#381=ORIENTED_EDGE('',*,*,#830,.T.);
#382=ORIENTED_EDGE('',*,*,#831,.T.);
#383=ORIENTED_EDGE('',*,*,#659,.F.);
#384=ORIENTED_EDGE('',*,*,#832,.T.);
#385=ORIENTED_EDGE('',*,*,#822,.F.);
#386=ORIENTED_EDGE('',*,*,#830,.F.);
#387=ORIENTED_EDGE('',*,*,#833,.T.);
#388=ORIENTED_EDGE('',*,*,#834,.T.);
#389=ORIENTED_EDGE('',*,*,#835,.T.);
#390=ORIENTED_EDGE('',*,*,#836,.F.);
#391=ORIENTED_EDGE('',*,*,#837,.T.);
#392=ORIENTED_EDGE('',*,*,#838,.F.);
#393=ORIENTED_EDGE('',*,*,#824,.T.);
#394=ORIENTED_EDGE('',*,*,#839,.T.);
#395=ORIENTED_EDGE('',*,*,#657,.T.);
#396=ORIENTED_EDGE('',*,*,#840,.T.);
#397=ORIENTED_EDGE('',*,*,#834,.F.);
#398=ORIENTED_EDGE('',*,*,#841,.F.);
#399=ORIENTED_EDGE('',*,*,#838,.T.);
#400=ORIENTED_EDGE('',*,*,#842,.T.);
#401=ORIENTED_EDGE('',*,*,#826,.F.);
#402=ORIENTED_EDGE('',*,*,#825,.T.);
#403=ORIENTED_EDGE('',*,*,#843,.F.);
#404=ORIENTED_EDGE('',*,*,#844,.T.);
#405=ORIENTED_EDGE('',*,*,#845,.F.);
#406=ORIENTED_EDGE('',*,*,#846,.T.);
#407=ORIENTED_EDGE('',*,*,#847,.T.);
#408=ORIENTED_EDGE('',*,*,#695,.T.);
#409=ORIENTED_EDGE('',*,*,#848,.T.);
#410=ORIENTED_EDGE('',*,*,#849,.F.);
#411=ORIENTED_EDGE('',*,*,#850,.F.);
#412=ORIENTED_EDGE('',*,*,#851,.T.);
#413=ORIENTED_EDGE('',*,*,#852,.T.);
#414=ORIENTED_EDGE('',*,*,#846,.F.);
#415=ORIENTED_EDGE('',*,*,#853,.T.);
#416=ORIENTED_EDGE('',*,*,#854,.T.);
#417=ORIENTED_EDGE('',*,*,#855,.T.);
#418=ORIENTED_EDGE('',*,*,#856,.T.);
#419=ORIENTED_EDGE('',*,*,#857,.T.);
#420=ORIENTED_EDGE('',*,*,#858,.T.);
#421=ORIENTED_EDGE('',*,*,#859,.T.);
#422=ORIENTED_EDGE('',*,*,#693,.F.);
#423=ORIENTED_EDGE('',*,*,#860,.T.);
#424=ORIENTED_EDGE('',*,*,#851,.F.);
#425=ORIENTED_EDGE('',*,*,#858,.F.);
#426=ORIENTED_EDGE('',*,*,#861,.T.);
#427=ORIENTED_EDGE('',*,*,#849,.T.);
#428=ORIENTED_EDGE('',*,*,#862,.T.);
#429=ORIENTED_EDGE('',*,*,#845,.T.);
#430=ORIENTED_EDGE('',*,*,#863,.T.);
#431=ORIENTED_EDGE('',*,*,#854,.F.);
#432=ORIENTED_EDGE('',*,*,#853,.F.);
#433=ORIENTED_EDGE('',*,*,#864,.F.);
#434=ORIENTED_EDGE('',*,*,#865,.T.);
#435=ORIENTED_EDGE('',*,*,#866,.T.);
#436=ORIENTED_EDGE('',*,*,#867,.T.);
#437=ORIENTED_EDGE('',*,*,#868,.F.);
#438=ORIENTED_EDGE('',*,*,#869,.T.);
#439=ORIENTED_EDGE('',*,*,#870,.F.);
#440=ORIENTED_EDGE('',*,*,#871,.T.);
#441=ORIENTED_EDGE('',*,*,#872,.T.);
#442=ORIENTED_EDGE('',*,*,#671,.T.);
#443=ORIENTED_EDGE('',*,*,#873,.T.);
#444=ORIENTED_EDGE('',*,*,#866,.F.);
#445=ORIENTED_EDGE('',*,*,#874,.F.);
#446=ORIENTED_EDGE('',*,*,#875,.T.);
#447=ORIENTED_EDGE('',*,*,#876,.T.);
#448=ORIENTED_EDGE('',*,*,#871,.F.);
#449=ORIENTED_EDGE('',*,*,#877,.F.);
#450=ORIENTED_EDGE('',*,*,#878,.T.);
#451=ORIENTED_EDGE('',*,*,#879,.T.);
#452=ORIENTED_EDGE('',*,*,#880,.T.);
#453=ORIENTED_EDGE('',*,*,#881,.T.);
#454=ORIENTED_EDGE('',*,*,#864,.T.);
#455=ORIENTED_EDGE('',*,*,#882,.T.);
#456=ORIENTED_EDGE('',*,*,#669,.F.);
#457=ORIENTED_EDGE('',*,*,#883,.F.);
#458=ORIENTED_EDGE('',*,*,#875,.F.);
#459=ORIENTED_EDGE('',*,*,#870,.T.);
#460=ORIENTED_EDGE('',*,*,#884,.T.);
#461=ORIENTED_EDGE('',*,*,#878,.F.);
#462=ORIENTED_EDGE('',*,*,#877,.T.);
#463=ORIENTED_EDGE('',*,*,#883,.T.);
#464=ORIENTED_EDGE('',*,*,#708,.T.);
#465=ORIENTED_EDGE('',*,*,#885,.T.);
#466=ORIENTED_EDGE('',*,*,#886,.F.);
#467=ORIENTED_EDGE('',*,*,#886,.T.);
#468=ORIENTED_EDGE('',*,*,#887,.T.);
#469=ORIENTED_EDGE('',*,*,#888,.F.);
#470=ORIENTED_EDGE('',*,*,#876,.F.);
#471=ORIENTED_EDGE('',*,*,#712,.F.);
#472=ORIENTED_EDGE('',*,*,#872,.F.);
#473=ORIENTED_EDGE('',*,*,#888,.T.);
#474=ORIENTED_EDGE('',*,*,#889,.F.);
#475=ORIENTED_EDGE('',*,*,#713,.F.);
#476=ORIENTED_EDGE('',*,*,#889,.T.);
#477=ORIENTED_EDGE('',*,*,#887,.F.);
#478=ORIENTED_EDGE('',*,*,#885,.F.);
#479=ORIENTED_EDGE('',*,*,#840,.F.);
#480=ORIENTED_EDGE('',*,*,#660,.F.);
#481=ORIENTED_EDGE('',*,*,#831,.F.);
#482=ORIENTED_EDGE('',*,*,#835,.F.);
#483=ORIENTED_EDGE('',*,*,#770,.F.);
#484=ORIENTED_EDGE('',*,*,#668,.F.);
#485=ORIENTED_EDGE('',*,*,#764,.F.);
#486=ORIENTED_EDGE('',*,*,#647,.F.);
#487=ORIENTED_EDGE('',*,*,#802,.F.);
#488=ORIENTED_EDGE('',*,*,#804,.F.);
#489=ORIENTED_EDGE('',*,*,#793,.F.);
#490=ORIENTED_EDGE('',*,*,#663,.F.);
#491=ORIENTED_EDGE('',*,*,#817,.F.);
#492=ORIENTED_EDGE('',*,*,#819,.F.);
#493=ORIENTED_EDGE('',*,*,#811,.F.);
#494=ORIENTED_EDGE('',*,*,#691,.F.);
#495=ORIENTED_EDGE('',*,*,#783,.F.);
#496=ORIENTED_EDGE('',*,*,#785,.F.);
#497=ORIENTED_EDGE('',*,*,#777,.F.);
#498=ORIENTED_EDGE('',*,*,#687,.F.);
#499=ORIENTED_EDGE('',*,*,#847,.F.);
#500=ORIENTED_EDGE('',*,*,#852,.F.);
#501=ORIENTED_EDGE('',*,*,#860,.F.);
#502=ORIENTED_EDGE('',*,*,#696,.F.);
#503=ORIENTED_EDGE('',*,*,#792,.F.);
#504=ORIENTED_EDGE('',*,*,#797,.F.);
#505=ORIENTED_EDGE('',*,*,#803,.F.);
#506=ORIENTED_EDGE('',*,*,#661,.F.);
#507=ORIENTED_EDGE('',*,*,#810,.F.);
#508=ORIENTED_EDGE('',*,*,#652,.F.);
#509=ORIENTED_EDGE('',*,*,#818,.F.);
#510=ORIENTED_EDGE('',*,*,#689,.F.);
#511=ORIENTED_EDGE('',*,*,#776,.F.);
#512=ORIENTED_EDGE('',*,*,#656,.F.);
#513=ORIENTED_EDGE('',*,*,#784,.F.);
#514=ORIENTED_EDGE('',*,*,#685,.F.);
#515=ORIENTED_EDGE('',*,*,#848,.F.);
#516=ORIENTED_EDGE('',*,*,#694,.F.);
#517=ORIENTED_EDGE('',*,*,#859,.F.);
#518=ORIENTED_EDGE('',*,*,#862,.F.);
#519=ORIENTED_EDGE('',*,*,#832,.F.);
#520=ORIENTED_EDGE('',*,*,#658,.F.);
#521=ORIENTED_EDGE('',*,*,#839,.F.);
#522=ORIENTED_EDGE('',*,*,#823,.F.);
#523=ORIENTED_EDGE('',*,*,#765,.F.);
#524=ORIENTED_EDGE('',*,*,#666,.F.);
#525=ORIENTED_EDGE('',*,*,#769,.F.);
#526=ORIENTED_EDGE('',*,*,#757,.F.);
#527=ORIENTED_EDGE('',*,*,#873,.F.);
#528=ORIENTED_EDGE('',*,*,#670,.F.);
#529=ORIENTED_EDGE('',*,*,#882,.F.);
#530=ORIENTED_EDGE('',*,*,#867,.F.);
#531=ORIENTED_EDGE('',*,*,#861,.F.);
#532=ORIENTED_EDGE('',*,*,#857,.F.);
#533=ORIENTED_EDGE('',*,*,#890,.T.);
#534=ORIENTED_EDGE('',*,*,#850,.T.);
#535=ORIENTED_EDGE('',*,*,#856,.F.);
#536=ORIENTED_EDGE('',*,*,#891,.T.);
#537=ORIENTED_EDGE('',*,*,#843,.T.);
#538=ORIENTED_EDGE('',*,*,#890,.F.);
#539=ORIENTED_EDGE('',*,*,#892,.T.);
#540=ORIENTED_EDGE('',*,*,#893,.T.);
#541=ORIENTED_EDGE('',*,*,#779,.T.);
#542=ORIENTED_EDGE('',*,*,#894,.F.);
#543=ORIENTED_EDGE('',*,*,#654,.F.);
#544=ORIENTED_EDGE('',*,*,#895,.F.);
#545=ORIENTED_EDGE('',*,*,#896,.T.);
#546=ORIENTED_EDGE('',*,*,#894,.T.);
#547=ORIENTED_EDGE('',*,*,#775,.F.);
#548=ORIENTED_EDGE('',*,*,#897,.T.);
#549=ORIENTED_EDGE('',*,*,#898,.T.);
#550=ORIENTED_EDGE('',*,*,#895,.T.);
#551=ORIENTED_EDGE('',*,*,#898,.F.);
#552=ORIENTED_EDGE('',*,*,#899,.T.);
#553=ORIENTED_EDGE('',*,*,#892,.F.);
#554=ORIENTED_EDGE('',*,*,#896,.F.);
#555=ORIENTED_EDGE('',*,*,#650,.F.);
#556=ORIENTED_EDGE('',*,*,#900,.F.);
#557=ORIENTED_EDGE('',*,*,#901,.T.);
#558=ORIENTED_EDGE('',*,*,#902,.T.);
#559=ORIENTED_EDGE('',*,*,#809,.F.);
#560=ORIENTED_EDGE('',*,*,#903,.T.);
#561=ORIENTED_EDGE('',*,*,#904,.T.);
#562=ORIENTED_EDGE('',*,*,#900,.T.);
#563=ORIENTED_EDGE('',*,*,#905,.F.);
#564=ORIENTED_EDGE('',*,*,#906,.T.);
#565=ORIENTED_EDGE('',*,*,#813,.T.);
#566=ORIENTED_EDGE('',*,*,#902,.F.);
#567=ORIENTED_EDGE('',*,*,#904,.F.);
#568=ORIENTED_EDGE('',*,*,#907,.T.);
#569=ORIENTED_EDGE('',*,*,#905,.T.);
#570=ORIENTED_EDGE('',*,*,#901,.F.);
#571=ORIENTED_EDGE('',*,*,#908,.F.);
#572=ORIENTED_EDGE('',*,*,#909,.T.);
#573=ORIENTED_EDGE('',*,*,#798,.T.);
#574=ORIENTED_EDGE('',*,*,#910,.F.);
#575=ORIENTED_EDGE('',*,*,#795,.T.);
#576=ORIENTED_EDGE('',*,*,#911,.F.);
#577=ORIENTED_EDGE('',*,*,#912,.F.);
#578=ORIENTED_EDGE('',*,*,#910,.T.);
#579=ORIENTED_EDGE('',*,*,#790,.F.);
#580=ORIENTED_EDGE('',*,*,#913,.T.);
#581=ORIENTED_EDGE('',*,*,#914,.T.);
#582=ORIENTED_EDGE('',*,*,#911,.T.);
#583=ORIENTED_EDGE('',*,*,#914,.F.);
#584=ORIENTED_EDGE('',*,*,#915,.T.);
#585=ORIENTED_EDGE('',*,*,#908,.T.);
#586=ORIENTED_EDGE('',*,*,#912,.T.);
#587=ORIENTED_EDGE('',*,*,#865,.F.);
#588=ORIENTED_EDGE('',*,*,#881,.F.);
#589=ORIENTED_EDGE('',*,*,#916,.T.);
#590=ORIENTED_EDGE('',*,*,#874,.T.);
#591=ORIENTED_EDGE('',*,*,#880,.F.);
#592=ORIENTED_EDGE('',*,*,#917,.T.);
#593=ORIENTED_EDGE('',*,*,#868,.T.);
#594=ORIENTED_EDGE('',*,*,#916,.F.);
#595=ORIENTED_EDGE('',*,*,#869,.F.);
#596=ORIENTED_EDGE('',*,*,#917,.F.);
#597=ORIENTED_EDGE('',*,*,#879,.F.);
#598=ORIENTED_EDGE('',*,*,#884,.F.);
#599=ORIENTED_EDGE('',*,*,#844,.F.);
#600=ORIENTED_EDGE('',*,*,#891,.F.);
#601=ORIENTED_EDGE('',*,*,#855,.F.);
#602=ORIENTED_EDGE('',*,*,#863,.F.);
#603=ORIENTED_EDGE('',*,*,#833,.F.);
#604=ORIENTED_EDGE('',*,*,#829,.F.);
#605=ORIENTED_EDGE('',*,*,#918,.T.);
#606=ORIENTED_EDGE('',*,*,#841,.T.);
#607=ORIENTED_EDGE('',*,*,#828,.F.);
#608=ORIENTED_EDGE('',*,*,#919,.T.);
#609=ORIENTED_EDGE('',*,*,#836,.T.);
#610=ORIENTED_EDGE('',*,*,#918,.F.);
#611=ORIENTED_EDGE('',*,*,#645,.T.);
#612=ORIENTED_EDGE('',*,*,#763,.F.);
#613=ORIENTED_EDGE('',*,*,#920,.F.);
#614=ORIENTED_EDGE('',*,*,#771,.T.);
#615=ORIENTED_EDGE('',*,*,#762,.T.);
#616=ORIENTED_EDGE('',*,*,#921,.T.);
#617=ORIENTED_EDGE('',*,*,#766,.T.);
#618=ORIENTED_EDGE('',*,*,#920,.T.);
#619=ORIENTED_EDGE('',*,*,#837,.F.);
#620=ORIENTED_EDGE('',*,*,#919,.F.);
#621=ORIENTED_EDGE('',*,*,#827,.F.);
#622=ORIENTED_EDGE('',*,*,#842,.F.);
#623=ORIENTED_EDGE('',*,*,#767,.F.);
#624=ORIENTED_EDGE('',*,*,#921,.F.);
#625=ORIENTED_EDGE('',*,*,#761,.F.);
#626=ORIENTED_EDGE('',*,*,#772,.F.);
#627=ORIENTED_EDGE('',*,*,#789,.F.);
#628=ORIENTED_EDGE('',*,*,#806,.F.);
#629=ORIENTED_EDGE('',*,*,#799,.F.);
#630=ORIENTED_EDGE('',*,*,#909,.F.);
#631=ORIENTED_EDGE('',*,*,#915,.F.);
#632=ORIENTED_EDGE('',*,*,#913,.F.);
#633=ORIENTED_EDGE('',*,*,#893,.F.);
#634=ORIENTED_EDGE('',*,*,#899,.F.);
#635=ORIENTED_EDGE('',*,*,#897,.F.);
#636=ORIENTED_EDGE('',*,*,#774,.F.);
#637=ORIENTED_EDGE('',*,*,#787,.F.);
#638=ORIENTED_EDGE('',*,*,#780,.F.);
#639=ORIENTED_EDGE('',*,*,#808,.F.);
#640=ORIENTED_EDGE('',*,*,#821,.F.);
#641=ORIENTED_EDGE('',*,*,#814,.F.);
#642=ORIENTED_EDGE('',*,*,#906,.F.);
#643=ORIENTED_EDGE('',*,*,#907,.F.);
#644=ORIENTED_EDGE('',*,*,#903,.F.);
#645=EDGE_CURVE('',#922,#923,#1102,.T.);
#646=EDGE_CURVE('',#922,#924,#1103,.T.);
#647=EDGE_CURVE('',#924,#925,#1104,.T.);
#648=EDGE_CURVE('',#923,#925,#1105,.T.);
#649=EDGE_CURVE('',#926,#927,#1106,.T.);
#650=EDGE_CURVE('',#926,#928,#1107,.T.);
#651=EDGE_CURVE('',#928,#929,#1108,.T.);
#652=EDGE_CURVE('',#929,#927,#1109,.F.);
#653=EDGE_CURVE('',#930,#931,#1110,.T.);
#654=EDGE_CURVE('',#930,#932,#1111,.F.);
#655=EDGE_CURVE('',#932,#933,#1112,.T.);
#656=EDGE_CURVE('',#933,#931,#1113,.F.);
#657=EDGE_CURVE('',#934,#935,#1114,.T.);
#658=EDGE_CURVE('',#934,#936,#1115,.F.);
#659=EDGE_CURVE('',#936,#937,#1116,.T.);
#660=EDGE_CURVE('',#937,#935,#1117,.F.);
#661=EDGE_CURVE('',#938,#939,#1118,.T.);
#662=EDGE_CURVE('',#939,#940,#1119,.T.);
#663=EDGE_CURVE('',#940,#941,#1120,.T.);
#664=EDGE_CURVE('',#938,#941,#1121,.T.);
#665=EDGE_CURVE('',#942,#943,#1122,.T.);
#666=EDGE_CURVE('',#942,#944,#1123,.F.);
#667=EDGE_CURVE('',#944,#945,#1124,.T.);
#668=EDGE_CURVE('',#945,#943,#1125,.F.);
#669=EDGE_CURVE('',#946,#947,#1126,.T.);
#670=EDGE_CURVE('',#947,#948,#1127,.F.);
#671=EDGE_CURVE('',#949,#948,#1128,.F.);
#672=EDGE_CURVE('',#949,#950,#1129,.T.);
#673=EDGE_CURVE('',#950,#951,#59,.F.);
#674=EDGE_CURVE('',#951,#952,#1130,.T.);
#675=EDGE_CURVE('',#952,#953,#60,.F.);
#676=EDGE_CURVE('',#954,#953,#1131,.F.);
#677=EDGE_CURVE('',#954,#955,#61,.F.);
#678=EDGE_CURVE('',#956,#955,#1132,.F.);
#679=EDGE_CURVE('',#956,#957,#62,.F.);
#680=EDGE_CURVE('',#957,#946,#1133,.T.);
#681=EDGE_CURVE('',#958,#959,#1134,.T.);
#682=EDGE_CURVE('',#958,#960,#1135,.T.);
#683=EDGE_CURVE('',#960,#961,#1136,.T.);
#684=EDGE_CURVE('',#961,#959,#1137,.T.);
#685=EDGE_CURVE('',#962,#963,#1138,.T.);
#686=EDGE_CURVE('',#963,#964,#1139,.T.);
#687=EDGE_CURVE('',#964,#965,#1140,.T.);
#688=EDGE_CURVE('',#962,#965,#1141,.T.);
#689=EDGE_CURVE('',#966,#967,#1142,.T.);
#690=EDGE_CURVE('',#967,#968,#1143,.T.);
#691=EDGE_CURVE('',#968,#969,#1144,.T.);
#692=EDGE_CURVE('',#966,#969,#1145,.T.);
#693=EDGE_CURVE('',#970,#971,#1146,.T.);
#694=EDGE_CURVE('',#971,#972,#1147,.F.);
#695=EDGE_CURVE('',#973,#972,#1148,.T.);
#696=EDGE_CURVE('',#973,#970,#1149,.T.);
#697=EDGE_CURVE('',#974,#958,#1150,.T.);
#698=EDGE_CURVE('',#974,#975,#1151,.T.);
#699=EDGE_CURVE('',#975,#960,#1152,.T.);
#700=EDGE_CURVE('',#976,#977,#1153,.F.);
#701=EDGE_CURVE('',#977,#978,#1154,.F.);
#702=EDGE_CURVE('',#978,#979,#1155,.F.);
#703=EDGE_CURVE('',#979,#976,#1156,.F.);
#704=EDGE_CURVE('',#980,#981,#1157,.T.);
#705=EDGE_CURVE('',#982,#980,#1158,.T.);
#706=EDGE_CURVE('',#982,#983,#1159,.T.);
#707=EDGE_CURVE('',#983,#981,#1160,.T.);
#708=EDGE_CURVE('',#946,#984,#1161,.T.);
#709=EDGE_CURVE('',#957,#985,#1162,.F.);
#710=EDGE_CURVE('',#985,#986,#1163,.T.);
#711=EDGE_CURVE('',#986,#950,#1164,.T.);
#712=EDGE_CURVE('',#949,#987,#1165,.F.);
#713=EDGE_CURVE('',#987,#984,#1166,.F.);
#714=EDGE_CURVE('',#955,#988,#1167,.F.);
#715=EDGE_CURVE('',#988,#989,#1168,.F.);
#716=EDGE_CURVE('',#989,#956,#1169,.T.);
#717=EDGE_CURVE('',#953,#990,#1170,.F.);
#718=EDGE_CURVE('',#990,#991,#1171,.F.);
#719=EDGE_CURVE('',#991,#954,#1172,.T.);
#720=EDGE_CURVE('',#951,#992,#1173,.F.);
#721=EDGE_CURVE('',#992,#993,#1174,.T.);
#722=EDGE_CURVE('',#993,#952,#1175,.T.);
#723=EDGE_CURVE('',#986,#992,#43,.T.);
#724=EDGE_CURVE('',#993,#990,#44,.T.);
#725=EDGE_CURVE('',#991,#988,#45,.T.);
#726=EDGE_CURVE('',#989,#985,#46,.T.);
#727=EDGE_CURVE('',#994,#980,#1176,.T.);
#728=EDGE_CURVE('',#974,#994,#1177,.T.);
#729=EDGE_CURVE('',#995,#959,#1178,.T.);
#730=EDGE_CURVE('',#996,#995,#1179,.T.);
#731=EDGE_CURVE('',#996,#982,#1180,.T.);
#732=EDGE_CURVE('',#995,#997,#1181,.T.);
#733=EDGE_CURVE('',#997,#961,#1182,.T.);
#734=EDGE_CURVE('',#998,#983,#1183,.T.);
#735=EDGE_CURVE('',#998,#997,#1184,.T.);
#736=EDGE_CURVE('',#975,#999,#1185,.T.);
#737=EDGE_CURVE('',#999,#981,#1186,.T.);
#738=EDGE_CURVE('',#996,#998,#1187,.T.);
#739=EDGE_CURVE('',#1000,#1000,#63,.T.);
#740=EDGE_CURVE('',#1001,#1001,#64,.T.);
#741=EDGE_CURVE('',#994,#999,#1188,.T.);
#742=EDGE_CURVE('',#1002,#1002,#65,.T.);
#743=EDGE_CURVE('',#1003,#1003,#66,.T.);
#744=EDGE_CURVE('',#1004,#1004,#67,.T.);
#745=EDGE_CURVE('',#1005,#1005,#68,.T.);
#746=EDGE_CURVE('',#1006,#1006,#69,.T.);
#747=EDGE_CURVE('',#1007,#1007,#70,.T.);
#748=EDGE_CURVE('',#990,#979,#47,.T.);
#749=EDGE_CURVE('',#979,#993,#48,.F.);
#750=EDGE_CURVE('',#976,#992,#49,.F.);
#751=EDGE_CURVE('',#991,#978,#50,.T.);
#752=EDGE_CURVE('',#976,#986,#51,.F.);
#753=EDGE_CURVE('',#988,#978,#52,.T.);
#754=EDGE_CURVE('',#977,#985,#53,.F.);
#755=EDGE_CURVE('',#989,#977,#54,.T.);
#756=EDGE_CURVE('',#1008,#1009,#1189,.T.);
#757=EDGE_CURVE('',#1009,#1010,#1190,.T.);
#758=EDGE_CURVE('',#1011,#1010,#1191,.T.);
#759=EDGE_CURVE('',#1008,#1011,#1192,.T.);
#760=EDGE_CURVE('',#1008,#1012,#1193,.T.);
#761=EDGE_CURVE('',#1012,#1013,#1194,.T.);
#762=EDGE_CURVE('',#1014,#1013,#1195,.T.);
#763=EDGE_CURVE('',#1014,#923,#1196,.T.);
#764=EDGE_CURVE('',#925,#945,#71,.F.);
#765=EDGE_CURVE('',#944,#1009,#72,.F.);
#766=EDGE_CURVE('',#1015,#1016,#1197,.T.);
#767=EDGE_CURVE('',#1015,#1017,#1198,.T.);
#768=EDGE_CURVE('',#1011,#1017,#1199,.T.);
#769=EDGE_CURVE('',#1010,#942,#73,.T.);
#770=EDGE_CURVE('',#943,#924,#74,.T.);
#771=EDGE_CURVE('',#1016,#922,#1200,.T.);
#772=EDGE_CURVE('',#1017,#1012,#1201,.T.);
#773=EDGE_CURVE('',#1018,#1019,#1202,.T.);
#774=EDGE_CURVE('',#1018,#1020,#1203,.T.);
#775=EDGE_CURVE('',#1020,#930,#1204,.T.);
#776=EDGE_CURVE('',#931,#962,#75,.T.);
#777=EDGE_CURVE('',#965,#1021,#76,.T.);
#778=EDGE_CURVE('',#1019,#1021,#1205,.T.);
#779=EDGE_CURVE('',#1022,#932,#1206,.T.);
#780=EDGE_CURVE('',#1022,#1023,#1207,.T.);
#781=EDGE_CURVE('',#1023,#1024,#1208,.T.);
#782=EDGE_CURVE('',#1024,#1025,#1209,.T.);
#783=EDGE_CURVE('',#1025,#964,#77,.F.);
#784=EDGE_CURVE('',#963,#933,#78,.F.);
#785=EDGE_CURVE('',#1021,#1025,#1210,.F.);
#786=EDGE_CURVE('',#1024,#1019,#1211,.T.);
#787=EDGE_CURVE('',#1023,#1018,#1212,.T.);
#788=EDGE_CURVE('',#1026,#1027,#1213,.T.);
#789=EDGE_CURVE('',#1026,#1028,#1214,.T.);
#790=EDGE_CURVE('',#1028,#1029,#1215,.T.);
#791=EDGE_CURVE('',#1029,#1030,#1216,.T.);
#792=EDGE_CURVE('',#1030,#938,#12,.T.);
#793=EDGE_CURVE('',#941,#1031,#13,.T.);
#794=EDGE_CURVE('',#1027,#1031,#1217,.T.);
#795=EDGE_CURVE('',#1032,#1029,#1218,.T.);
#796=EDGE_CURVE('',#1032,#1033,#1219,.T.);
#797=EDGE_CURVE('',#1033,#1030,#1220,.F.);
#798=EDGE_CURVE('',#1034,#1032,#1221,.T.);
#799=EDGE_CURVE('',#1034,#1035,#1222,.T.);
#800=EDGE_CURVE('',#1035,#1036,#1223,.T.);
#801=EDGE_CURVE('',#1036,#1037,#1224,.T.);
#802=EDGE_CURVE('',#1037,#940,#14,.F.);
#803=EDGE_CURVE('',#939,#1033,#15,.F.);
#804=EDGE_CURVE('',#1031,#1037,#1225,.F.);
#805=EDGE_CURVE('',#1036,#1027,#1226,.T.);
#806=EDGE_CURVE('',#1035,#1026,#1227,.T.);
#807=EDGE_CURVE('',#1038,#1039,#1228,.T.);
#808=EDGE_CURVE('',#1038,#1040,#1229,.T.);
#809=EDGE_CURVE('',#1040,#926,#1230,.T.);
#810=EDGE_CURVE('',#927,#966,#79,.T.);
#811=EDGE_CURVE('',#969,#1041,#16,.T.);
#812=EDGE_CURVE('',#1039,#1041,#1231,.T.);
#813=EDGE_CURVE('',#1042,#928,#1232,.T.);
#814=EDGE_CURVE('',#1042,#1043,#1233,.T.);
#815=EDGE_CURVE('',#1043,#1044,#1234,.T.);
#816=EDGE_CURVE('',#1044,#1045,#1235,.T.);
#817=EDGE_CURVE('',#1045,#968,#17,.F.);
#818=EDGE_CURVE('',#967,#929,#80,.F.);
#819=EDGE_CURVE('',#1041,#1045,#1236,.F.);
#820=EDGE_CURVE('',#1044,#1039,#1237,.T.);
#821=EDGE_CURVE('',#1043,#1038,#1238,.T.);
#822=EDGE_CURVE('',#1046,#1047,#1239,.T.);
#823=EDGE_CURVE('',#1047,#1048,#1240,.T.);
#824=EDGE_CURVE('',#1049,#1048,#1241,.T.);
#825=EDGE_CURVE('',#1046,#1049,#1242,.T.);
#826=EDGE_CURVE('',#1046,#1050,#1243,.T.);
#827=EDGE_CURVE('',#1050,#1051,#1244,.T.);
#828=EDGE_CURVE('',#1051,#1052,#1245,.T.);
#829=EDGE_CURVE('',#1052,#1053,#1246,.T.);
#830=EDGE_CURVE('',#1053,#1054,#1247,.T.);
#831=EDGE_CURVE('',#1054,#937,#81,.F.);
#832=EDGE_CURVE('',#936,#1047,#82,.F.);
#833=EDGE_CURVE('',#1053,#1055,#1248,.T.);
#834=EDGE_CURVE('',#1055,#1056,#1249,.T.);
#835=EDGE_CURVE('',#1056,#1054,#1250,.T.);
#836=EDGE_CURVE('',#1057,#1058,#1251,.T.);
#837=EDGE_CURVE('',#1057,#1059,#1252,.T.);
#838=EDGE_CURVE('',#1049,#1059,#1253,.T.);
#839=EDGE_CURVE('',#1048,#934,#83,.T.);
#840=EDGE_CURVE('',#935,#1056,#84,.T.);
#841=EDGE_CURVE('',#1058,#1055,#1254,.T.);
#842=EDGE_CURVE('',#1059,#1050,#1255,.T.);
#843=EDGE_CURVE('',#1060,#1061,#1256,.T.);
#844=EDGE_CURVE('',#1060,#1062,#1257,.T.);
#845=EDGE_CURVE('',#1063,#1062,#1258,.T.);
#846=EDGE_CURVE('',#1063,#1064,#1259,.T.);
#847=EDGE_CURVE('',#1064,#973,#85,.T.);
#848=EDGE_CURVE('',#972,#1065,#86,.T.);
#849=EDGE_CURVE('',#1066,#1065,#1260,.T.);
#850=EDGE_CURVE('',#1061,#1066,#1261,.T.);
#851=EDGE_CURVE('',#1067,#1068,#1262,.T.);
#852=EDGE_CURVE('',#1068,#1064,#1263,.F.);
#853=EDGE_CURVE('',#1063,#1067,#1264,.T.);
#854=EDGE_CURVE('',#1067,#1069,#1265,.T.);
#855=EDGE_CURVE('',#1069,#1070,#1266,.T.);
#856=EDGE_CURVE('',#1070,#1071,#1267,.T.);
#857=EDGE_CURVE('',#1071,#1072,#1268,.T.);
#858=EDGE_CURVE('',#1072,#1073,#1269,.T.);
#859=EDGE_CURVE('',#1073,#971,#87,.F.);
#860=EDGE_CURVE('',#970,#1068,#88,.F.);
#861=EDGE_CURVE('',#1072,#1066,#1270,.T.);
#862=EDGE_CURVE('',#1065,#1073,#1271,.T.);
#863=EDGE_CURVE('',#1062,#1069,#1272,.T.);
#864=EDGE_CURVE('',#1074,#1075,#1273,.T.);
#865=EDGE_CURVE('',#1074,#1076,#1274,.T.);
#866=EDGE_CURVE('',#1076,#1077,#1275,.T.);
#867=EDGE_CURVE('',#1077,#1075,#1276,.T.);
#868=EDGE_CURVE('',#1078,#1079,#1277,.T.);
#869=EDGE_CURVE('',#1078,#1080,#1278,.T.);
#870=EDGE_CURVE('',#1081,#1080,#1279,.T.);
#871=EDGE_CURVE('',#1081,#1082,#1280,.T.);
#872=EDGE_CURVE('',#1082,#949,#1281,.F.);
#873=EDGE_CURVE('',#948,#1077,#89,.T.);
#874=EDGE_CURVE('',#1079,#1076,#1282,.T.);
#875=EDGE_CURVE('',#1083,#1084,#1283,.T.);
#876=EDGE_CURVE('',#1084,#1082,#1284,.F.);
#877=EDGE_CURVE('',#1083,#1081,#1285,.T.);
#878=EDGE_CURVE('',#1083,#1085,#1286,.T.);
#879=EDGE_CURVE('',#1085,#1086,#1287,.T.);
#880=EDGE_CURVE('',#1086,#1087,#1288,.T.);
#881=EDGE_CURVE('',#1087,#1074,#1289,.T.);
#882=EDGE_CURVE('',#1075,#947,#90,.F.);
#883=EDGE_CURVE('',#1084,#946,#1290,.T.);
#884=EDGE_CURVE('',#1080,#1085,#1291,.T.);
#885=EDGE_CURVE('',#984,#1088,#1292,.F.);
#886=EDGE_CURVE('',#1084,#1088,#1293,.F.);
#887=EDGE_CURVE('',#1088,#1089,#1294,.T.);
#888=EDGE_CURVE('',#1082,#1089,#1295,.T.);
#889=EDGE_CURVE('',#987,#1089,#1296,.T.);
#890=EDGE_CURVE('',#1071,#1061,#1297,.T.);
#891=EDGE_CURVE('',#1070,#1060,#1298,.T.);
#892=EDGE_CURVE('',#1090,#1091,#1299,.T.);
#893=EDGE_CURVE('',#1091,#1022,#1300,.T.);
#894=EDGE_CURVE('',#1090,#932,#1301,.T.);
#895=EDGE_CURVE('',#1092,#930,#1302,.T.);
#896=EDGE_CURVE('',#1092,#1090,#1303,.T.);
#897=EDGE_CURVE('',#1020,#1093,#1304,.T.);
#898=EDGE_CURVE('',#1093,#1092,#1305,.T.);
#899=EDGE_CURVE('',#1093,#1091,#1306,.T.);
#900=EDGE_CURVE('',#1094,#926,#1307,.T.);
#901=EDGE_CURVE('',#1094,#1095,#1308,.T.);
#902=EDGE_CURVE('',#1095,#928,#1309,.T.);
#903=EDGE_CURVE('',#1040,#1096,#1310,.T.);
#904=EDGE_CURVE('',#1096,#1094,#1311,.T.);
#905=EDGE_CURVE('',#1097,#1095,#1312,.T.);
#906=EDGE_CURVE('',#1097,#1042,#1313,.T.);
#907=EDGE_CURVE('',#1096,#1097,#1314,.T.);
#908=EDGE_CURVE('',#1098,#1099,#1315,.T.);
#909=EDGE_CURVE('',#1098,#1034,#1316,.T.);
#910=EDGE_CURVE('',#1099,#1032,#1317,.T.);
#911=EDGE_CURVE('',#1100,#1029,#1318,.T.);
#912=EDGE_CURVE('',#1099,#1100,#1319,.T.);
#913=EDGE_CURVE('',#1028,#1101,#1320,.T.);
#914=EDGE_CURVE('',#1101,#1100,#1321,.T.);
#915=EDGE_CURVE('',#1101,#1098,#1322,.T.);
#916=EDGE_CURVE('',#1087,#1079,#1323,.T.);
#917=EDGE_CURVE('',#1086,#1078,#1324,.T.);
#918=EDGE_CURVE('',#1052,#1058,#1325,.T.);
#919=EDGE_CURVE('',#1051,#1057,#1326,.T.);
#920=EDGE_CURVE('',#1016,#1014,#1327,.T.);
#921=EDGE_CURVE('',#1013,#1015,#1328,.T.);
#922=VERTEX_POINT('',#2697);
#923=VERTEX_POINT('',#2698);
#924=VERTEX_POINT('',#2700);
#925=VERTEX_POINT('',#2702);
#926=VERTEX_POINT('',#2706);
#927=VERTEX_POINT('',#2707);
#928=VERTEX_POINT('',#2709);
#929=VERTEX_POINT('',#2711);
#930=VERTEX_POINT('',#2715);
#931=VERTEX_POINT('',#2716);
#932=VERTEX_POINT('',#2718);
#933=VERTEX_POINT('',#2720);
#934=VERTEX_POINT('',#2724);
#935=VERTEX_POINT('',#2725);
#936=VERTEX_POINT('',#2727);
#937=VERTEX_POINT('',#2729);
#938=VERTEX_POINT('',#2732);
#939=VERTEX_POINT('',#2733);
#940=VERTEX_POINT('',#2735);
#941=VERTEX_POINT('',#2737);
#942=VERTEX_POINT('',#2740);
#943=VERTEX_POINT('',#2741);
#944=VERTEX_POINT('',#2743);
#945=VERTEX_POINT('',#2745);
#946=VERTEX_POINT('',#2748);
#947=VERTEX_POINT('',#2749);
#948=VERTEX_POINT('',#2751);
#949=VERTEX_POINT('',#2753);
#950=VERTEX_POINT('',#2755);
#951=VERTEX_POINT('',#2757);
#952=VERTEX_POINT('',#2759);
#953=VERTEX_POINT('',#2761);
#954=VERTEX_POINT('',#2763);
#955=VERTEX_POINT('',#2765);
#956=VERTEX_POINT('',#2767);
#957=VERTEX_POINT('',#2769);
#958=VERTEX_POINT('',#2772);
#959=VERTEX_POINT('',#2773);
#960=VERTEX_POINT('',#2775);
#961=VERTEX_POINT('',#2777);
#962=VERTEX_POINT('',#2780);
#963=VERTEX_POINT('',#2781);
#964=VERTEX_POINT('',#2783);
#965=VERTEX_POINT('',#2785);
#966=VERTEX_POINT('',#2788);
#967=VERTEX_POINT('',#2789);
#968=VERTEX_POINT('',#2791);
#969=VERTEX_POINT('',#2793);
#970=VERTEX_POINT('',#2796);
#971=VERTEX_POINT('',#2797);
#972=VERTEX_POINT('',#2799);
#973=VERTEX_POINT('',#2801);
#974=VERTEX_POINT('',#2805);
#975=VERTEX_POINT('',#2807);
#976=VERTEX_POINT('',#2811);
#977=VERTEX_POINT('',#2812);
#978=VERTEX_POINT('',#2814);
#979=VERTEX_POINT('',#2816);
#980=VERTEX_POINT('',#2819);
#981=VERTEX_POINT('',#2820);
#982=VERTEX_POINT('',#2822);
#983=VERTEX_POINT('',#2824);
#984=VERTEX_POINT('',#2828);
#985=VERTEX_POINT('',#2830);
#986=VERTEX_POINT('',#2832);
#987=VERTEX_POINT('',#2835);
#988=VERTEX_POINT('',#2839);
#989=VERTEX_POINT('',#2841);
#990=VERTEX_POINT('',#2845);
#991=VERTEX_POINT('',#2847);
#992=VERTEX_POINT('',#2851);
#993=VERTEX_POINT('',#2853);
#994=VERTEX_POINT('',#2877);
#995=VERTEX_POINT('',#2880);
#996=VERTEX_POINT('',#2882);
#997=VERTEX_POINT('',#2886);
#998=VERTEX_POINT('',#2890);
#999=VERTEX_POINT('',#2893);
#1000=VERTEX_POINT('',#2899);
#1001=VERTEX_POINT('',#2901);
#1002=VERTEX_POINT('',#2906);
#1003=VERTEX_POINT('',#2908);
#1004=VERTEX_POINT('',#2911);
#1005=VERTEX_POINT('',#2915);
#1006=VERTEX_POINT('',#2919);
#1007=VERTEX_POINT('',#2923);
#1008=VERTEX_POINT('',#5763);
#1009=VERTEX_POINT('',#5764);
#1010=VERTEX_POINT('',#5766);
#1011=VERTEX_POINT('',#5768);
#1012=VERTEX_POINT('',#5772);
#1013=VERTEX_POINT('',#5774);
#1014=VERTEX_POINT('',#5776);
#1015=VERTEX_POINT('',#5782);
#1016=VERTEX_POINT('',#5783);
#1017=VERTEX_POINT('',#5785);
#1018=VERTEX_POINT('',#5794);
#1019=VERTEX_POINT('',#5795);
#1020=VERTEX_POINT('',#5797);
#1021=VERTEX_POINT('',#5801);
#1022=VERTEX_POINT('',#5805);
#1023=VERTEX_POINT('',#5807);
#1024=VERTEX_POINT('',#5809);
#1025=VERTEX_POINT('',#5811);
#1026=VERTEX_POINT('',#5821);
#1027=VERTEX_POINT('',#5822);
#1028=VERTEX_POINT('',#5824);
#1029=VERTEX_POINT('',#5826);
#1030=VERTEX_POINT('',#5828);
#1031=VERTEX_POINT('',#5831);
#1032=VERTEX_POINT('',#5835);
#1033=VERTEX_POINT('',#5837);
#1034=VERTEX_POINT('',#5841);
#1035=VERTEX_POINT('',#5843);
#1036=VERTEX_POINT('',#5845);
#1037=VERTEX_POINT('',#5847);
#1038=VERTEX_POINT('',#5857);
#1039=VERTEX_POINT('',#5858);
#1040=VERTEX_POINT('',#5860);
#1041=VERTEX_POINT('',#5864);
#1042=VERTEX_POINT('',#5868);
#1043=VERTEX_POINT('',#5870);
#1044=VERTEX_POINT('',#5872);
#1045=VERTEX_POINT('',#5874);
#1046=VERTEX_POINT('',#5884);
#1047=VERTEX_POINT('',#5885);
#1048=VERTEX_POINT('',#5887);
#1049=VERTEX_POINT('',#5889);
#1050=VERTEX_POINT('',#5893);
#1051=VERTEX_POINT('',#5895);
#1052=VERTEX_POINT('',#5897);
#1053=VERTEX_POINT('',#5899);
#1054=VERTEX_POINT('',#5901);
#1055=VERTEX_POINT('',#5906);
#1056=VERTEX_POINT('',#5908);
#1057=VERTEX_POINT('',#5912);
#1058=VERTEX_POINT('',#5913);
#1059=VERTEX_POINT('',#5915);
#1060=VERTEX_POINT('',#5924);
#1061=VERTEX_POINT('',#5925);
#1062=VERTEX_POINT('',#5927);
#1063=VERTEX_POINT('',#5929);
#1064=VERTEX_POINT('',#5931);
#1065=VERTEX_POINT('',#5934);
#1066=VERTEX_POINT('',#5936);
#1067=VERTEX_POINT('',#5940);
#1068=VERTEX_POINT('',#5941);
#1069=VERTEX_POINT('',#5946);
#1070=VERTEX_POINT('',#5948);
#1071=VERTEX_POINT('',#5950);
#1072=VERTEX_POINT('',#5952);
#1073=VERTEX_POINT('',#5954);
#1074=VERTEX_POINT('',#5964);
#1075=VERTEX_POINT('',#5965);
#1076=VERTEX_POINT('',#5967);
#1077=VERTEX_POINT('',#5969);
#1078=VERTEX_POINT('',#5973);
#1079=VERTEX_POINT('',#5974);
#1080=VERTEX_POINT('',#5976);
#1081=VERTEX_POINT('',#5978);
#1082=VERTEX_POINT('',#5980);
#1083=VERTEX_POINT('',#5986);
#1084=VERTEX_POINT('',#5987);
#1085=VERTEX_POINT('',#5992);
#1086=VERTEX_POINT('',#5994);
#1087=VERTEX_POINT('',#5996);
#1088=VERTEX_POINT('',#6004);
#1089=VERTEX_POINT('',#6008);
#1090=VERTEX_POINT('',#6032);
#1091=VERTEX_POINT('',#6033);
#1092=VERTEX_POINT('',#6038);
#1093=VERTEX_POINT('',#6042);
#1094=VERTEX_POINT('',#6048);
#1095=VERTEX_POINT('',#6050);
#1096=VERTEX_POINT('',#6054);
#1097=VERTEX_POINT('',#6058);
#1098=VERTEX_POINT('',#6064);
#1099=VERTEX_POINT('',#6065);
#1100=VERTEX_POINT('',#6070);
#1101=VERTEX_POINT('',#6074);
#1102=LINE('',#2696,#1329);
#1103=LINE('',#2699,#1330);
#1104=LINE('',#2701,#1331);
#1105=LINE('',#2703,#1332);
#1106=LINE('',#2705,#1333);
#1107=LINE('',#2708,#1334);
#1108=LINE('',#2710,#1335);
#1109=LINE('',#2712,#1336);
#1110=LINE('',#2714,#1337);
#1111=LINE('',#2717,#1338);
#1112=LINE('',#2719,#1339);
#1113=LINE('',#2721,#1340);
#1114=LINE('',#2723,#1341);
#1115=LINE('',#2726,#1342);
#1116=LINE('',#2728,#1343);
#1117=LINE('',#2730,#1344);
#1118=LINE('',#2731,#1345);
#1119=LINE('',#2734,#1346);
#1120=LINE('',#2736,#1347);
#1121=LINE('',#2738,#1348);
#1122=LINE('',#2739,#1349);
#1123=LINE('',#2742,#1350);
#1124=LINE('',#2744,#1351);
#1125=LINE('',#2746,#1352);
#1126=LINE('',#2747,#1353);
#1127=LINE('',#2750,#1354);
#1128=LINE('',#2752,#1355);
#1129=LINE('',#2754,#1356);
#1130=LINE('',#2758,#1357);
#1131=LINE('',#2762,#1358);
#1132=LINE('',#2766,#1359);
#1133=LINE('',#2770,#1360);
#1134=LINE('',#2771,#1361);
#1135=LINE('',#2774,#1362);
#1136=LINE('',#2776,#1363);
#1137=LINE('',#2778,#1364);
#1138=LINE('',#2779,#1365);
#1139=LINE('',#2782,#1366);
#1140=LINE('',#2784,#1367);
#1141=LINE('',#2786,#1368);
#1142=LINE('',#2787,#1369);
#1143=LINE('',#2790,#1370);
#1144=LINE('',#2792,#1371);
#1145=LINE('',#2794,#1372);
#1146=LINE('',#2795,#1373);
#1147=LINE('',#2798,#1374);
#1148=LINE('',#2800,#1375);
#1149=LINE('',#2802,#1376);
#1150=LINE('',#2804,#1377);
#1151=LINE('',#2806,#1378);
#1152=LINE('',#2808,#1379);
#1153=LINE('',#2810,#1380);
#1154=LINE('',#2813,#1381);
#1155=LINE('',#2815,#1382);
#1156=LINE('',#2817,#1383);
#1157=LINE('',#2818,#1384);
#1158=LINE('',#2821,#1385);
#1159=LINE('',#2823,#1386);
#1160=LINE('',#2825,#1387);
#1161=LINE('',#2827,#1388);
#1162=LINE('',#2829,#1389);
#1163=LINE('',#2831,#1390);
#1164=LINE('',#2833,#1391);
#1165=LINE('',#2834,#1392);
#1166=LINE('',#2836,#1393);
#1167=LINE('',#2838,#1394);
#1168=LINE('',#2840,#1395);
#1169=LINE('',#2842,#1396);
#1170=LINE('',#2844,#1397);
#1171=LINE('',#2846,#1398);
#1172=LINE('',#2848,#1399);
#1173=LINE('',#2850,#1400);
#1174=LINE('',#2852,#1401);
#1175=LINE('',#2854,#1402);
#1176=LINE('',#2876,#1403);
#1177=LINE('',#2878,#1404);
#1178=LINE('',#2879,#1405);
#1179=LINE('',#2881,#1406);
#1180=LINE('',#2883,#1407);
#1181=LINE('',#2885,#1408);
#1182=LINE('',#2887,#1409);
#1183=LINE('',#2889,#1410);
#1184=LINE('',#2891,#1411);
#1185=LINE('',#2892,#1412);
#1186=LINE('',#2894,#1413);
#1187=LINE('',#2896,#1414);
#1188=LINE('',#2903,#1415);
#1189=LINE('',#5762,#1416);
#1190=LINE('',#5765,#1417);
#1191=LINE('',#5767,#1418);
#1192=LINE('',#5769,#1419);
#1193=LINE('',#5771,#1420);
#1194=LINE('',#5773,#1421);
#1195=LINE('',#5775,#1422);
#1196=LINE('',#5777,#1423);
#1197=LINE('',#5781,#1424);
#1198=LINE('',#5784,#1425);
#1199=LINE('',#5786,#1426);
#1200=LINE('',#5789,#1427);
#1201=LINE('',#5791,#1428);
#1202=LINE('',#5793,#1429);
#1203=LINE('',#5796,#1430);
#1204=LINE('',#5798,#1431);
#1205=LINE('',#5802,#1432);
#1206=LINE('',#5804,#1433);
#1207=LINE('',#5806,#1434);
#1208=LINE('',#5808,#1435);
#1209=LINE('',#5810,#1436);
#1210=LINE('',#5815,#1437);
#1211=LINE('',#5816,#1438);
#1212=LINE('',#5818,#1439);
#1213=LINE('',#5820,#1440);
#1214=LINE('',#5823,#1441);
#1215=LINE('',#5825,#1442);
#1216=LINE('',#5827,#1443);
#1217=LINE('',#5832,#1444);
#1218=LINE('',#5834,#1445);
#1219=LINE('',#5836,#1446);
#1220=LINE('',#5838,#1447);
#1221=LINE('',#5840,#1448);
#1222=LINE('',#5842,#1449);
#1223=LINE('',#5844,#1450);
#1224=LINE('',#5846,#1451);
#1225=LINE('',#5851,#1452);
#1226=LINE('',#5852,#1453);
#1227=LINE('',#5854,#1454);
#1228=LINE('',#5856,#1455);
#1229=LINE('',#5859,#1456);
#1230=LINE('',#5861,#1457);
#1231=LINE('',#5865,#1458);
#1232=LINE('',#5867,#1459);
#1233=LINE('',#5869,#1460);
#1234=LINE('',#5871,#1461);
#1235=LINE('',#5873,#1462);
#1236=LINE('',#5878,#1463);
#1237=LINE('',#5879,#1464);
#1238=LINE('',#5881,#1465);
#1239=LINE('',#5883,#1466);
#1240=LINE('',#5886,#1467);
#1241=LINE('',#5888,#1468);
#1242=LINE('',#5890,#1469);
#1243=LINE('',#5892,#1470);
#1244=LINE('',#5894,#1471);
#1245=LINE('',#5896,#1472);
#1246=LINE('',#5898,#1473);
#1247=LINE('',#5900,#1474);
#1248=LINE('',#5905,#1475);
#1249=LINE('',#5907,#1476);
#1250=LINE('',#5909,#1477);
#1251=LINE('',#5911,#1478);
#1252=LINE('',#5914,#1479);
#1253=LINE('',#5916,#1480);
#1254=LINE('',#5919,#1481);
#1255=LINE('',#5921,#1482);
#1256=LINE('',#5923,#1483);
#1257=LINE('',#5926,#1484);
#1258=LINE('',#5928,#1485);
#1259=LINE('',#5930,#1486);
#1260=LINE('',#5935,#1487);
#1261=LINE('',#5937,#1488);
#1262=LINE('',#5939,#1489);
#1263=LINE('',#5942,#1490);
#1264=LINE('',#5943,#1491);
#1265=LINE('',#5945,#1492);
#1266=LINE('',#5947,#1493);
#1267=LINE('',#5949,#1494);
#1268=LINE('',#5951,#1495);
#1269=LINE('',#5953,#1496);
#1270=LINE('',#5958,#1497);
#1271=LINE('',#5959,#1498);
#1272=LINE('',#5961,#1499);
#1273=LINE('',#5963,#1500);
#1274=LINE('',#5966,#1501);
#1275=LINE('',#5968,#1502);
#1276=LINE('',#5970,#1503);
#1277=LINE('',#5972,#1504);
#1278=LINE('',#5975,#1505);
#1279=LINE('',#5977,#1506);
#1280=LINE('',#5979,#1507);
#1281=LINE('',#5981,#1508);
#1282=LINE('',#5983,#1509);
#1283=LINE('',#5985,#1510);
#1284=LINE('',#5988,#1511);
#1285=LINE('',#5989,#1512);
#1286=LINE('',#5991,#1513);
#1287=LINE('',#5993,#1514);
#1288=LINE('',#5995,#1515);
#1289=LINE('',#5997,#1516);
#1290=LINE('',#5999,#1517);
#1291=LINE('',#6001,#1518);
#1292=LINE('',#6003,#1519);
#1293=LINE('',#6005,#1520);
#1294=LINE('',#6007,#1521);
#1295=LINE('',#6009,#1522);
#1296=LINE('',#6011,#1523);
#1297=LINE('',#6027,#1524);
#1298=LINE('',#6029,#1525);
#1299=LINE('',#6031,#1526);
#1300=LINE('',#6034,#1527);
#1301=LINE('',#6035,#1528);
#1302=LINE('',#6037,#1529);
#1303=LINE('',#6039,#1530);
#1304=LINE('',#6041,#1531);
#1305=LINE('',#6043,#1532);
#1306=LINE('',#6045,#1533);
#1307=LINE('',#6047,#1534);
#1308=LINE('',#6049,#1535);
#1309=LINE('',#6051,#1536);
#1310=LINE('',#6053,#1537);
#1311=LINE('',#6055,#1538);
#1312=LINE('',#6057,#1539);
#1313=LINE('',#6059,#1540);
#1314=LINE('',#6061,#1541);
#1315=LINE('',#6063,#1542);
#1316=LINE('',#6066,#1543);
#1317=LINE('',#6067,#1544);
#1318=LINE('',#6069,#1545);
#1319=LINE('',#6071,#1546);
#1320=LINE('',#6073,#1547);
#1321=LINE('',#6075,#1548);
#1322=LINE('',#6077,#1549);
#1323=LINE('',#6079,#1550);
#1324=LINE('',#6081,#1551);
#1325=LINE('',#6085,#1552);
#1326=LINE('',#6087,#1553);
#1327=LINE('',#6089,#1554);
#1328=LINE('',#6091,#1555);
#1329=VECTOR('',#2175,1.);
#1330=VECTOR('',#2176,1.);
#1331=VECTOR('',#2177,1.);
#1332=VECTOR('',#2178,1.);
#1333=VECTOR('',#2181,1.);
#1334=VECTOR('',#2182,1.);
#1335=VECTOR('',#2183,1.);
#1336=VECTOR('',#2184,1.);
#1337=VECTOR('',#2187,1.);
#1338=VECTOR('',#2188,1.);
#1339=VECTOR('',#2189,1.);
#1340=VECTOR('',#2190,1.);
#1341=VECTOR('',#2193,1.);
#1342=VECTOR('',#2194,1.);
#1343=VECTOR('',#2195,1.);
#1344=VECTOR('',#2196,1.);
#1345=VECTOR('',#2197,1.);
#1346=VECTOR('',#2198,1.);
#1347=VECTOR('',#2199,1.);
#1348=VECTOR('',#2200,1.);
#1349=VECTOR('',#2201,1.);
#1350=VECTOR('',#2202,1.);
#1351=VECTOR('',#2203,1.);
#1352=VECTOR('',#2204,1.);
#1353=VECTOR('',#2205,1.);
#1354=VECTOR('',#2206,1.);
#1355=VECTOR('',#2207,1.);
#1356=VECTOR('',#2208,1.);
#1357=VECTOR('',#2211,1.);
#1358=VECTOR('',#2214,1.);
#1359=VECTOR('',#2217,1.);
#1360=VECTOR('',#2220,1.);
#1361=VECTOR('',#2221,1.);
#1362=VECTOR('',#2222,1.);
#1363=VECTOR('',#2223,1.);
#1364=VECTOR('',#2224,1.);
#1365=VECTOR('',#2225,1.);
#1366=VECTOR('',#2226,1.);
#1367=VECTOR('',#2227,1.);
#1368=VECTOR('',#2228,1.);
#1369=VECTOR('',#2229,1.);
#1370=VECTOR('',#2230,1.);
#1371=VECTOR('',#2231,1.);
#1372=VECTOR('',#2232,1.);
#1373=VECTOR('',#2233,1.);
#1374=VECTOR('',#2234,1.);
#1375=VECTOR('',#2235,1.);
#1376=VECTOR('',#2236,1.);
#1377=VECTOR('',#2239,1.);
#1378=VECTOR('',#2240,1.);
#1379=VECTOR('',#2241,1.);
#1380=VECTOR('',#2244,1.);
#1381=VECTOR('',#2245,1.);
#1382=VECTOR('',#2246,1.);
#1383=VECTOR('',#2247,1.);
#1384=VECTOR('',#2248,1.);
#1385=VECTOR('',#2249,1.);
#1386=VECTOR('',#2250,1.);
#1387=VECTOR('',#2251,1.);
#1388=VECTOR('',#2254,1.);
#1389=VECTOR('',#2255,1.);
#1390=VECTOR('',#2256,1.);
#1391=VECTOR('',#2257,1.);
#1392=VECTOR('',#2258,1.);
#1393=VECTOR('',#2259,1.);
#1394=VECTOR('',#2262,1.);
#1395=VECTOR('',#2263,1.);
#1396=VECTOR('',#2264,1.);
#1397=VECTOR('',#2267,1.);
#1398=VECTOR('',#2268,1.);
#1399=VECTOR('',#2269,1.);
#1400=VECTOR('',#2272,1.);
#1401=VECTOR('',#2273,1.);
#1402=VECTOR('',#2274,1.);
#1403=VECTOR('',#2285,1.);
#1404=VECTOR('',#2286,1.);
#1405=VECTOR('',#2287,1.);
#1406=VECTOR('',#2288,1.);
#1407=VECTOR('',#2289,1.);
#1408=VECTOR('',#2292,1.);
#1409=VECTOR('',#2293,1.);
#1410=VECTOR('',#2296,1.);
#1411=VECTOR('',#2297,1.);
#1412=VECTOR('',#2298,1.);
#1413=VECTOR('',#2299,1.);
#1414=VECTOR('',#2302,1.);
#1415=VECTOR('',#2311,1.);
#1416=VECTOR('',#2352,1.);
#1417=VECTOR('',#2353,1.);
#1418=VECTOR('',#2354,1.);
#1419=VECTOR('',#2355,1.);
#1420=VECTOR('',#2358,1.);
#1421=VECTOR('',#2359,1.);
#1422=VECTOR('',#2360,1.);
#1423=VECTOR('',#2361,1.);
#1424=VECTOR('',#2368,1.);
#1425=VECTOR('',#2369,1.);
#1426=VECTOR('',#2370,1.);
#1427=VECTOR('',#2375,1.);
#1428=VECTOR('',#2378,1.);
#1429=VECTOR('',#2381,1.);
#1430=VECTOR('',#2382,1.);
#1431=VECTOR('',#2383,1.);
#1432=VECTOR('',#2388,1.);
#1433=VECTOR('',#2391,1.);
#1434=VECTOR('',#2392,1.);
#1435=VECTOR('',#2393,1.);
#1436=VECTOR('',#2394,1.);
#1437=VECTOR('',#2401,1.);
#1438=VECTOR('',#2402,1.);
#1439=VECTOR('',#2405,1.);
#1440=VECTOR('',#2408,1.);
#1441=VECTOR('',#2409,1.);
#1442=VECTOR('',#2410,1.);
#1443=VECTOR('',#2411,1.);
#1444=VECTOR('',#2416,1.);
#1445=VECTOR('',#2419,1.);
#1446=VECTOR('',#2420,1.);
#1447=VECTOR('',#2421,1.);
#1448=VECTOR('',#2424,1.);
#1449=VECTOR('',#2425,1.);
#1450=VECTOR('',#2426,1.);
#1451=VECTOR('',#2427,1.);
#1452=VECTOR('',#2434,1.);
#1453=VECTOR('',#2435,1.);
#1454=VECTOR('',#2438,1.);
#1455=VECTOR('',#2441,1.);
#1456=VECTOR('',#2442,1.);
#1457=VECTOR('',#2443,1.);
#1458=VECTOR('',#2448,1.);
#1459=VECTOR('',#2451,1.);
#1460=VECTOR('',#2452,1.);
#1461=VECTOR('',#2453,1.);
#1462=VECTOR('',#2454,1.);
#1463=VECTOR('',#2461,1.);
#1464=VECTOR('',#2462,1.);
#1465=VECTOR('',#2465,1.);
#1466=VECTOR('',#2468,1.);
#1467=VECTOR('',#2469,1.);
#1468=VECTOR('',#2470,1.);
#1469=VECTOR('',#2471,1.);
#1470=VECTOR('',#2474,1.);
#1471=VECTOR('',#2475,1.);
#1472=VECTOR('',#2476,1.);
#1473=VECTOR('',#2477,1.);
#1474=VECTOR('',#2478,1.);
#1475=VECTOR('',#2485,1.);
#1476=VECTOR('',#2486,1.);
#1477=VECTOR('',#2487,1.);
#1478=VECTOR('',#2490,1.);
#1479=VECTOR('',#2491,1.);
#1480=VECTOR('',#2492,1.);
#1481=VECTOR('',#2497,1.);
#1482=VECTOR('',#2500,1.);
#1483=VECTOR('',#2503,1.);
#1484=VECTOR('',#2504,1.);
#1485=VECTOR('',#2505,1.);
#1486=VECTOR('',#2506,1.);
#1487=VECTOR('',#2511,1.);
#1488=VECTOR('',#2512,1.);
#1489=VECTOR('',#2515,1.);
#1490=VECTOR('',#2516,1.);
#1491=VECTOR('',#2517,1.);
#1492=VECTOR('',#2520,1.);
#1493=VECTOR('',#2521,1.);
#1494=VECTOR('',#2522,1.);
#1495=VECTOR('',#2523,1.);
#1496=VECTOR('',#2524,1.);
#1497=VECTOR('',#2531,1.);
#1498=VECTOR('',#2532,1.);
#1499=VECTOR('',#2535,1.);
#1500=VECTOR('',#2538,1.);
#1501=VECTOR('',#2539,1.);
#1502=VECTOR('',#2540,1.);
#1503=VECTOR('',#2541,1.);
#1504=VECTOR('',#2544,1.);
#1505=VECTOR('',#2545,1.);
#1506=VECTOR('',#2546,1.);
#1507=VECTOR('',#2547,1.);
#1508=VECTOR('',#2548,1.);
#1509=VECTOR('',#2551,1.);
#1510=VECTOR('',#2554,1.);
#1511=VECTOR('',#2555,1.);
#1512=VECTOR('',#2556,1.);
#1513=VECTOR('',#2559,1.);
#1514=VECTOR('',#2560,1.);
#1515=VECTOR('',#2561,1.);
#1516=VECTOR('',#2562,1.);
#1517=VECTOR('',#2565,1.);
#1518=VECTOR('',#2568,1.);
#1519=VECTOR('',#2571,1.);
#1520=VECTOR('',#2572,1.);
#1521=VECTOR('',#2575,1.);
#1522=VECTOR('',#2576,1.);
#1523=VECTOR('',#2579,1.);
#1524=VECTOR('',#2610,1.);
#1525=VECTOR('',#2613,1.);
#1526=VECTOR('',#2616,1.);
#1527=VECTOR('',#2617,1.);
#1528=VECTOR('',#2618,1.);
#1529=VECTOR('',#2621,1.);
#1530=VECTOR('',#2622,1.);
#1531=VECTOR('',#2625,1.);
#1532=VECTOR('',#2626,1.);
#1533=VECTOR('',#2629,1.);
#1534=VECTOR('',#2632,1.);
#1535=VECTOR('',#2633,1.);
#1536=VECTOR('',#2634,1.);
#1537=VECTOR('',#2637,1.);
#1538=VECTOR('',#2638,1.);
#1539=VECTOR('',#2641,1.);
#1540=VECTOR('',#2642,1.);
#1541=VECTOR('',#2645,1.);
#1542=VECTOR('',#2648,1.);
#1543=VECTOR('',#2649,1.);
#1544=VECTOR('',#2650,1.);
#1545=VECTOR('',#2653,1.);
#1546=VECTOR('',#2654,1.);
#1547=VECTOR('',#2657,1.);
#1548=VECTOR('',#2658,1.);
#1549=VECTOR('',#2661,1.);
#1550=VECTOR('',#2664,1.);
#1551=VECTOR('',#2667,1.);
#1552=VECTOR('',#2674,1.);
#1553=VECTOR('',#2677,1.);
#1554=VECTOR('',#2680,1.);
#1555=VECTOR('',#2683,1.);
#1556=EDGE_LOOP('',(#91,#92,#93,#94));
#1557=EDGE_LOOP('',(#95,#96,#97,#98));
#1558=EDGE_LOOP('',(#99,#100,#101,#102));
#1559=EDGE_LOOP('',(#103,#104,#105,#106));
#1560=EDGE_LOOP('',(#107,#108,#109,#110));
#1561=EDGE_LOOP('',(#111,#112,#113,#114));
#1562=EDGE_LOOP('',(#115,#116,#117,#118,#119,#120,#121,#122,#123,#124,#125,#126));
#1563=EDGE_LOOP('',(#127,#128,#129,#130));
#1564=EDGE_LOOP('',(#131,#132,#133,#134));
#1565=EDGE_LOOP('',(#135,#136,#137,#138));
#1566=EDGE_LOOP('',(#139,#140,#141,#142));
#1567=EDGE_LOOP('',(#143,#144,#145,#146));
#1568=EDGE_LOOP('',(#147,#148,#149,#150));
#1569=EDGE_LOOP('',(#151,#152,#153,#154));
#1570=EDGE_LOOP('',(#155,#156,#157,#158,#159,#160,#161,#162));
#1571=EDGE_LOOP('',(#163,#164,#165,#166));
#1572=EDGE_LOOP('',(#167,#168,#169,#170));
#1573=EDGE_LOOP('',(#171,#172,#173,#174));
#1574=EDGE_LOOP('',(#175,#176,#177,#178));
#1575=EDGE_LOOP('',(#179,#180,#181,#182));
#1576=EDGE_LOOP('',(#183,#184,#185,#186));
#1577=EDGE_LOOP('',(#187,#188,#189,#190));
#1578=EDGE_LOOP('',(#191,#192,#193,#194,#195,#196,#197,#198));
#1579=EDGE_LOOP('',(#199,#200,#201,#202));
#1580=EDGE_LOOP('',(#203,#204,#205,#206,#207,#208,#209,#210));
#1581=EDGE_LOOP('',(#211,#212,#213,#214));
#1582=EDGE_LOOP('',(#215));
#1583=EDGE_LOOP('',(#216));
#1584=EDGE_LOOP('',(#217,#218,#219,#220));
#1585=EDGE_LOOP('',(#221,#222,#223,#224));
#1586=EDGE_LOOP('',(#225));
#1587=EDGE_LOOP('',(#226));
#1588=EDGE_LOOP('',(#227,#228,#229,#230));
#1589=EDGE_LOOP('',(#231));
#1590=EDGE_LOOP('',(#232));
#1591=EDGE_LOOP('',(#233));
#1592=EDGE_LOOP('',(#234));
#1593=EDGE_LOOP('',(#235));
#1594=EDGE_LOOP('',(#236));
#1595=EDGE_LOOP('',(#237));
#1596=EDGE_LOOP('',(#238));
#1597=EDGE_LOOP('',(#239));
#1598=EDGE_LOOP('',(#240));
#1599=EDGE_LOOP('',(#241));
#1600=EDGE_LOOP('',(#242));
#1601=EDGE_LOOP('',(#243,#244,#245));
#1602=EDGE_LOOP('',(#246,#247,#248,#249));
#1603=EDGE_LOOP('',(#250,#251,#252,#253));
#1604=EDGE_LOOP('',(#254,#255,#256));
#1605=EDGE_LOOP('',(#257,#258,#259));
#1606=EDGE_LOOP('',(#260,#261,#262,#263));
#1607=EDGE_LOOP('',(#264,#265,#266,#267));
#1608=EDGE_LOOP('',(#268,#269,#270));
#1609=EDGE_LOOP('',(#271,#272,#273,#274));
#1610=EDGE_LOOP('',(#275,#276,#277,#278,#279,#280,#281,#282,#283));
#1611=EDGE_LOOP('',(#284,#285,#286,#287,#288,#289,#290,#291,#292));
#1612=EDGE_LOOP('',(#293,#294,#295,#296));
#1613=EDGE_LOOP('',(#297,#298,#299,#300,#301,#302,#303,#304));
#1614=EDGE_LOOP('',(#305,#306,#307,#308,#309,#310,#311,#312));
#1615=EDGE_LOOP('',(#313,#314,#315,#316));
#1616=EDGE_LOOP('',(#317,#318,#319,#320));
#1617=EDGE_LOOP('',(#321,#322,#323,#324,#325,#326,#327,#328));
#1618=EDGE_LOOP('',(#329,#330,#331,#332));
#1619=EDGE_LOOP('',(#333,#334,#335,#336,#337,#338,#339,#340));
#1620=EDGE_LOOP('',(#341,#342,#343,#344));
#1621=EDGE_LOOP('',(#345,#346,#347,#348));
#1622=EDGE_LOOP('',(#349,#350,#351,#352,#353,#354,#355,#356));
#1623=EDGE_LOOP('',(#357,#358,#359,#360,#361,#362,#363,#364));
#1624=EDGE_LOOP('',(#365,#366,#367,#368));
#1625=EDGE_LOOP('',(#369,#370,#371,#372));
#1626=EDGE_LOOP('',(#373,#374,#375,#376));
#1627=EDGE_LOOP('',(#377,#378,#379,#380,#381,#382,#383,#384,#385));
#1628=EDGE_LOOP('',(#386,#387,#388,#389));
#1629=EDGE_LOOP('',(#390,#391,#392,#393,#394,#395,#396,#397,#398));
#1630=EDGE_LOOP('',(#399,#400,#401,#402));
#1631=EDGE_LOOP('',(#403,#404,#405,#406,#407,#408,#409,#410,#411));
#1632=EDGE_LOOP('',(#412,#413,#414,#415));
#1633=EDGE_LOOP('',(#416,#417,#418,#419,#420,#421,#422,#423,#424));
#1634=EDGE_LOOP('',(#425,#426,#427,#428));
#1635=EDGE_LOOP('',(#429,#430,#431,#432));
#1636=EDGE_LOOP('',(#433,#434,#435,#436));
#1637=EDGE_LOOP('',(#437,#438,#439,#440,#441,#442,#443,#444,#445));
#1638=EDGE_LOOP('',(#446,#447,#448,#449));
#1639=EDGE_LOOP('',(#450,#451,#452,#453,#454,#455,#456,#457,#458));
#1640=EDGE_LOOP('',(#459,#460,#461,#462));
#1641=EDGE_LOOP('',(#463,#464,#465,#466));
#1642=EDGE_LOOP('',(#467,#468,#469,#470));
#1643=EDGE_LOOP('',(#471,#472,#473,#474));
#1644=EDGE_LOOP('',(#475,#476,#477,#478));
#1645=EDGE_LOOP('',(#479,#480,#481,#482));
#1646=EDGE_LOOP('',(#483,#484,#485,#486));
#1647=EDGE_LOOP('',(#487,#488,#489,#490));
#1648=EDGE_LOOP('',(#491,#492,#493,#494));
#1649=EDGE_LOOP('',(#495,#496,#497,#498));
#1650=EDGE_LOOP('',(#499,#500,#501,#502));
#1651=EDGE_LOOP('',(#503,#504,#505,#506));
#1652=EDGE_LOOP('',(#507,#508,#509,#510));
#1653=EDGE_LOOP('',(#511,#512,#513,#514));
#1654=EDGE_LOOP('',(#515,#516,#517,#518));
#1655=EDGE_LOOP('',(#519,#520,#521,#522));
#1656=EDGE_LOOP('',(#523,#524,#525,#526));
#1657=EDGE_LOOP('',(#527,#528,#529,#530));
#1658=EDGE_LOOP('',(#531,#532,#533,#534));
#1659=EDGE_LOOP('',(#535,#536,#537,#538));
#1660=EDGE_LOOP('',(#539,#540,#541,#542));
#1661=EDGE_LOOP('',(#543,#544,#545,#546));
#1662=EDGE_LOOP('',(#547,#548,#549,#550));
#1663=EDGE_LOOP('',(#551,#552,#553,#554));
#1664=EDGE_LOOP('',(#555,#556,#557,#558));
#1665=EDGE_LOOP('',(#559,#560,#561,#562));
#1666=EDGE_LOOP('',(#563,#564,#565,#566));
#1667=EDGE_LOOP('',(#567,#568,#569,#570));
#1668=EDGE_LOOP('',(#571,#572,#573,#574));
#1669=EDGE_LOOP('',(#575,#576,#577,#578));
#1670=EDGE_LOOP('',(#579,#580,#581,#582));
#1671=EDGE_LOOP('',(#583,#584,#585,#586));
#1672=EDGE_LOOP('',(#587,#588,#589,#590));
#1673=EDGE_LOOP('',(#591,#592,#593,#594));
#1674=EDGE_LOOP('',(#595,#596,#597,#598));
#1675=EDGE_LOOP('',(#599,#600,#601,#602));
#1676=EDGE_LOOP('',(#603,#604,#605,#606));
#1677=EDGE_LOOP('',(#607,#608,#609,#610));
#1678=EDGE_LOOP('',(#611,#612,#613,#614));
#1679=EDGE_LOOP('',(#615,#616,#617,#618));
#1680=EDGE_LOOP('',(#619,#620,#621,#622));
#1681=EDGE_LOOP('',(#623,#624,#625,#626));
#1682=EDGE_LOOP('',(#627,#628,#629,#630,#631,#632));
#1683=EDGE_LOOP('',(#633,#634,#635,#636,#637,#638));
#1684=EDGE_LOOP('',(#639,#640,#641,#642,#643,#644));
#1685=FACE_BOUND('',#1556,.T.);
#1686=FACE_BOUND('',#1557,.T.);
#1687=FACE_BOUND('',#1558,.T.);
#1688=FACE_BOUND('',#1559,.T.);
#1689=FACE_BOUND('',#1560,.T.);
#1690=FACE_BOUND('',#1561,.T.);
#1691=FACE_BOUND('',#1562,.T.);
#1692=FACE_BOUND('',#1563,.T.);
#1693=FACE_BOUND('',#1564,.T.);
#1694=FACE_BOUND('',#1565,.T.);
#1695=FACE_BOUND('',#1566,.T.);
#1696=FACE_BOUND('',#1567,.T.);
#1697=FACE_BOUND('',#1568,.T.);
#1698=FACE_BOUND('',#1569,.T.);
#1699=FACE_BOUND('',#1570,.T.);
#1700=FACE_BOUND('',#1571,.T.);
#1701=FACE_BOUND('',#1572,.T.);
#1702=FACE_BOUND('',#1573,.T.);
#1703=FACE_BOUND('',#1574,.T.);
#1704=FACE_BOUND('',#1575,.T.);
#1705=FACE_BOUND('',#1576,.T.);
#1706=FACE_BOUND('',#1577,.T.);
#1707=FACE_BOUND('',#1578,.T.);
#1708=FACE_BOUND('',#1579,.T.);
#1709=FACE_BOUND('',#1580,.T.);
#1710=FACE_BOUND('',#1581,.T.);
#1711=FACE_BOUND('',#1582,.T.);
#1712=FACE_BOUND('',#1583,.T.);
#1713=FACE_BOUND('',#1584,.T.);
#1714=FACE_BOUND('',#1585,.T.);
#1715=FACE_BOUND('',#1586,.T.);
#1716=FACE_BOUND('',#1587,.T.);
#1717=FACE_BOUND('',#1588,.T.);
#1718=FACE_BOUND('',#1589,.T.);
#1719=FACE_BOUND('',#1590,.T.);
#1720=FACE_BOUND('',#1591,.T.);
#1721=FACE_BOUND('',#1592,.T.);
#1722=FACE_BOUND('',#1593,.T.);
#1723=FACE_BOUND('',#1594,.T.);
#1724=FACE_BOUND('',#1595,.T.);
#1725=FACE_BOUND('',#1596,.T.);
#1726=FACE_BOUND('',#1597,.T.);
#1727=FACE_BOUND('',#1598,.T.);
#1728=FACE_BOUND('',#1599,.T.);
#1729=FACE_BOUND('',#1600,.T.);
#1730=FACE_BOUND('',#1601,.T.);
#1731=FACE_BOUND('',#1602,.T.);
#1732=FACE_BOUND('',#1603,.T.);
#1733=FACE_BOUND('',#1604,.T.);
#1734=FACE_BOUND('',#1605,.T.);
#1735=FACE_BOUND('',#1606,.T.);
#1736=FACE_BOUND('',#1607,.T.);
#1737=FACE_BOUND('',#1608,.T.);
#1738=FACE_BOUND('',#1609,.T.);
#1739=FACE_BOUND('',#1610,.T.);
#1740=FACE_BOUND('',#1611,.T.);
#1741=FACE_BOUND('',#1612,.T.);
#1742=FACE_BOUND('',#1613,.T.);
#1743=FACE_BOUND('',#1614,.T.);
#1744=FACE_BOUND('',#1615,.T.);
#1745=FACE_BOUND('',#1616,.T.);
#1746=FACE_BOUND('',#1617,.T.);
#1747=FACE_BOUND('',#1618,.T.);
#1748=FACE_BOUND('',#1619,.T.);
#1749=FACE_BOUND('',#1620,.T.);
#1750=FACE_BOUND('',#1621,.T.);
#1751=FACE_BOUND('',#1622,.T.);
#1752=FACE_BOUND('',#1623,.T.);
#1753=FACE_BOUND('',#1624,.T.);
#1754=FACE_BOUND('',#1625,.T.);
#1755=FACE_BOUND('',#1626,.T.);
#1756=FACE_BOUND('',#1627,.T.);
#1757=FACE_BOUND('',#1628,.T.);
#1758=FACE_BOUND('',#1629,.T.);
#1759=FACE_BOUND('',#1630,.T.);
#1760=FACE_BOUND('',#1631,.T.);
#1761=FACE_BOUND('',#1632,.T.);
#1762=FACE_BOUND('',#1633,.T.);
#1763=FACE_BOUND('',#1634,.T.);
#1764=FACE_BOUND('',#1635,.T.);
#1765=FACE_BOUND('',#1636,.T.);
#1766=FACE_BOUND('',#1637,.T.);
#1767=FACE_BOUND('',#1638,.T.);
#1768=FACE_BOUND('',#1639,.T.);
#1769=FACE_BOUND('',#1640,.T.);
#1770=FACE_BOUND('',#1641,.T.);
#1771=FACE_BOUND('',#1642,.T.);
#1772=FACE_BOUND('',#1643,.T.);
#1773=FACE_BOUND('',#1644,.T.);
#1774=FACE_BOUND('',#1645,.T.);
#1775=FACE_BOUND('',#1646,.T.);
#1776=FACE_BOUND('',#1647,.T.);
#1777=FACE_BOUND('',#1648,.T.);
#1778=FACE_BOUND('',#1649,.T.);
#1779=FACE_BOUND('',#1650,.T.);
#1780=FACE_BOUND('',#1651,.T.);
#1781=FACE_BOUND('',#1652,.T.);
#1782=FACE_BOUND('',#1653,.T.);
#1783=FACE_BOUND('',#1654,.T.);
#1784=FACE_BOUND('',#1655,.T.);
#1785=FACE_BOUND('',#1656,.T.);
#1786=FACE_BOUND('',#1657,.T.);
#1787=FACE_BOUND('',#1658,.T.);
#1788=FACE_BOUND('',#1659,.T.);
#1789=FACE_BOUND('',#1660,.T.);
#1790=FACE_BOUND('',#1661,.T.);
#1791=FACE_BOUND('',#1662,.T.);
#1792=FACE_BOUND('',#1663,.T.);
#1793=FACE_BOUND('',#1664,.T.);
#1794=FACE_BOUND('',#1665,.T.);
#1795=FACE_BOUND('',#1666,.T.);
#1796=FACE_BOUND('',#1667,.T.);
#1797=FACE_BOUND('',#1668,.T.);
#1798=FACE_BOUND('',#1669,.T.);
#1799=FACE_BOUND('',#1670,.T.);
#1800=FACE_BOUND('',#1671,.T.);
#1801=FACE_BOUND('',#1672,.T.);
#1802=FACE_BOUND('',#1673,.T.);
#1803=FACE_BOUND('',#1674,.T.);
#1804=FACE_BOUND('',#1675,.T.);
#1805=FACE_BOUND('',#1676,.T.);
#1806=FACE_BOUND('',#1677,.T.);
#1807=FACE_BOUND('',#1678,.T.);
#1808=FACE_BOUND('',#1679,.T.);
#1809=FACE_BOUND('',#1680,.T.);
#1810=FACE_BOUND('',#1681,.T.);
#1811=FACE_BOUND('',#1682,.T.);
#1812=FACE_BOUND('',#1683,.T.);
#1813=FACE_BOUND('',#1684,.T.);
#1814=PLANE('',#2024);
#1815=PLANE('',#2025);
#1816=PLANE('',#2026);
#1817=PLANE('',#2027);
#1818=PLANE('',#2032);
#1819=PLANE('',#2033);
#1820=PLANE('',#2034);
#1821=PLANE('',#2035);
#1822=PLANE('',#2036);
#1823=PLANE('',#2037);
#1824=PLANE('',#2042);
#1825=PLANE('',#2043);
#1826=PLANE('',#2044);
#1827=PLANE('',#2045);
#1828=PLANE('',#2046);
#1829=PLANE('',#2049);
#1830=PLANE('',#2050);
#1831=PLANE('',#2053);
#1832=PLANE('',#2056);
#1833=PLANE('',#2059);
#1834=PLANE('',#2062);
#1835=PLANE('',#2069);
#1836=PLANE('',#2070);
#1837=PLANE('',#2073);
#1838=PLANE('',#2076);
#1839=PLANE('',#2077);
#1840=PLANE('',#2080);
#1841=PLANE('',#2083);
#1842=PLANE('',#2084);
#1843=PLANE('',#2085);
#1844=PLANE('',#2088);
#1845=PLANE('',#2089);
#1846=PLANE('',#2092);
#1847=PLANE('',#2093);
#1848=PLANE('',#2094);
#1849=PLANE('',#2097);
#1850=PLANE('',#2100);
#1851=PLANE('',#2101);
#1852=PLANE('',#2102);
#1853=PLANE('',#2103);
#1854=PLANE('',#2106);
#1855=PLANE('',#2107);
#1856=PLANE('',#2110);
#1857=PLANE('',#2111);
#1858=PLANE('',#2114);
#1859=PLANE('',#2115);
#1860=PLANE('',#2118);
#1861=PLANE('',#2119);
#1862=PLANE('',#2120);
#1863=PLANE('',#2121);
#1864=PLANE('',#2123);
#1865=PLANE('',#2124);
#1866=PLANE('',#2126);
#1867=PLANE('',#2127);
#1868=PLANE('',#2128);
#1869=PLANE('',#2129);
#1870=PLANE('',#2130);
#1871=PLANE('',#2144);
#1872=PLANE('',#2145);
#1873=PLANE('',#2146);
#1874=PLANE('',#2147);
#1875=PLANE('',#2148);
#1876=PLANE('',#2149);
#1877=PLANE('',#2150);
#1878=PLANE('',#2151);
#1879=PLANE('',#2152);
#1880=PLANE('',#2153);
#1881=PLANE('',#2154);
#1882=PLANE('',#2155);
#1883=PLANE('',#2156);
#1884=PLANE('',#2157);
#1885=PLANE('',#2158);
#1886=PLANE('',#2159);
#1887=PLANE('',#2160);
#1888=PLANE('',#2161);
#1889=PLANE('',#2162);
#1890=PLANE('',#2163);
#1891=PLANE('',#2164);
#1892=PLANE('',#2165);
#1893=PLANE('',#2166);
#1894=PLANE('',#2167);
#1895=PLANE('',#2168);
#1896=PLANE('',#2169);
#1897=PLANE('',#2170);
#1898=ADVANCED_FACE('',(#1685),#1814,.F.);
#1899=ADVANCED_FACE('',(#1686),#1815,.T.);
#1900=ADVANCED_FACE('',(#1687),#1816,.T.);
#1901=ADVANCED_FACE('',(#1688,#1689,#1690,#1691,#1692,#1693,#1694,#1695),#1817,.F.);
#1902=ADVANCED_FACE('',(#1696),#1818,.T.);
#1903=ADVANCED_FACE('',(#1697,#1698),#1819,.T.);
#1904=ADVANCED_FACE('',(#1699),#1820,.T.);
#1905=ADVANCED_FACE('',(#1700),#1821,.T.);
#1906=ADVANCED_FACE('',(#1701),#1822,.T.);
#1907=ADVANCED_FACE('',(#1702),#1823,.T.);
#1908=ADVANCED_FACE('',(#1703),#55,.T.);
#1909=ADVANCED_FACE('',(#1704),#56,.T.);
#1910=ADVANCED_FACE('',(#1705),#57,.T.);
#1911=ADVANCED_FACE('',(#1706),#58,.T.);
#1912=ADVANCED_FACE('',(#1707),#1824,.F.);
#1913=ADVANCED_FACE('',(#1708),#1825,.T.);
#1914=ADVANCED_FACE('',(#1709),#1826,.T.);
#1915=ADVANCED_FACE('',(#1710),#1827,.T.);
#1916=ADVANCED_FACE('',(#1711,#1712,#1713),#1828,.T.);
#1917=ADVANCED_FACE('',(#1714),#1829,.F.);
#1918=ADVANCED_FACE('',(#1715,#1716,#1717),#1830,.T.);
#1919=ADVANCED_FACE('',(#1718),#1831,.T.);
#1920=ADVANCED_FACE('',(#1719,#1720),#22,.F.);
#1921=ADVANCED_FACE('',(#1721),#1832,.T.);
#1922=ADVANCED_FACE('',(#1722,#1723),#23,.F.);
#1923=ADVANCED_FACE('',(#1724),#1833,.T.);
#1924=ADVANCED_FACE('',(#1725,#1726),#24,.F.);
#1925=ADVANCED_FACE('',(#1727),#1834,.T.);
#1926=ADVANCED_FACE('',(#1728,#1729),#25,.F.);
#1927=ADVANCED_FACE('',(#1730),#18,.T.);
#1928=ADVANCED_FACE('',(#1731),#26,.T.);
#1929=ADVANCED_FACE('',(#1732),#27,.T.);
#1930=ADVANCED_FACE('',(#1733),#19,.T.);
#1931=ADVANCED_FACE('',(#1734),#20,.T.);
#1932=ADVANCED_FACE('',(#1735),#28,.T.);
#1933=ADVANCED_FACE('',(#1736),#29,.T.);
#1934=ADVANCED_FACE('',(#1737),#21,.T.);
#1935=ADVANCED_FACE('',(#1738),#1835,.F.);
#1936=ADVANCED_FACE('',(#1739),#1836,.T.);
#1937=ADVANCED_FACE('',(#1740),#1837,.F.);
#1938=ADVANCED_FACE('',(#1741),#1838,.F.);
#1939=ADVANCED_FACE('',(#1742),#1839,.F.);
#1940=ADVANCED_FACE('',(#1743),#1840,.T.);
#1941=ADVANCED_FACE('',(#1744),#1841,.T.);
#1942=ADVANCED_FACE('',(#1745),#1842,.F.);
#1943=ADVANCED_FACE('',(#1746),#1843,.F.);
#1944=ADVANCED_FACE('',(#1747),#1844,.T.);
#1945=ADVANCED_FACE('',(#1748),#1845,.T.);
#1946=ADVANCED_FACE('',(#1749),#1846,.T.);
#1947=ADVANCED_FACE('',(#1750),#1847,.F.);
#1948=ADVANCED_FACE('',(#1751),#1848,.F.);
#1949=ADVANCED_FACE('',(#1752),#1849,.T.);
#1950=ADVANCED_FACE('',(#1753),#1850,.T.);
#1951=ADVANCED_FACE('',(#1754),#1851,.F.);
#1952=ADVANCED_FACE('',(#1755),#1852,.F.);
#1953=ADVANCED_FACE('',(#1756),#1853,.T.);
#1954=ADVANCED_FACE('',(#1757),#1854,.F.);
#1955=ADVANCED_FACE('',(#1758),#1855,.F.);
#1956=ADVANCED_FACE('',(#1759),#1856,.F.);
#1957=ADVANCED_FACE('',(#1760),#1857,.F.);
#1958=ADVANCED_FACE('',(#1761),#1858,.T.);
#1959=ADVANCED_FACE('',(#1762),#1859,.T.);
#1960=ADVANCED_FACE('',(#1763),#1860,.F.);
#1961=ADVANCED_FACE('',(#1764),#1861,.F.);
#1962=ADVANCED_FACE('',(#1765),#1862,.F.);
#1963=ADVANCED_FACE('',(#1766),#1863,.F.);
#1964=ADVANCED_FACE('',(#1767),#1864,.F.);
#1965=ADVANCED_FACE('',(#1768),#1865,.T.);
#1966=ADVANCED_FACE('',(#1769),#1866,.F.);
#1967=ADVANCED_FACE('',(#1770),#1867,.T.);
#1968=ADVANCED_FACE('',(#1771),#1868,.T.);
#1969=ADVANCED_FACE('',(#1772),#1869,.T.);
#1970=ADVANCED_FACE('',(#1773),#1870,.T.);
#1971=ADVANCED_FACE('',(#1774),#30,.F.);
#1972=ADVANCED_FACE('',(#1775),#31,.F.);
#1973=ADVANCED_FACE('',(#1776),#32,.F.);
#1974=ADVANCED_FACE('',(#1777),#33,.F.);
#1975=ADVANCED_FACE('',(#1778),#34,.F.);
#1976=ADVANCED_FACE('',(#1779),#35,.F.);
#1977=ADVANCED_FACE('',(#1780),#36,.F.);
#1978=ADVANCED_FACE('',(#1781),#37,.F.);
#1979=ADVANCED_FACE('',(#1782),#38,.F.);
#1980=ADVANCED_FACE('',(#1783),#39,.F.);
#1981=ADVANCED_FACE('',(#1784),#40,.F.);
#1982=ADVANCED_FACE('',(#1785),#41,.F.);
#1983=ADVANCED_FACE('',(#1786),#42,.F.);
#1984=ADVANCED_FACE('',(#1787),#1871,.T.);
#1985=ADVANCED_FACE('',(#1788),#1872,.T.);
#1986=ADVANCED_FACE('',(#1789),#1873,.T.);
#1987=ADVANCED_FACE('',(#1790),#1874,.T.);
#1988=ADVANCED_FACE('',(#1791),#1875,.T.);
#1989=ADVANCED_FACE('',(#1792),#1876,.T.);
#1990=ADVANCED_FACE('',(#1793),#1877,.T.);
#1991=ADVANCED_FACE('',(#1794),#1878,.T.);
#1992=ADVANCED_FACE('',(#1795),#1879,.F.);
#1993=ADVANCED_FACE('',(#1796),#1880,.T.);
#1994=ADVANCED_FACE('',(#1797),#1881,.F.);
#1995=ADVANCED_FACE('',(#1798),#1882,.F.);
#1996=ADVANCED_FACE('',(#1799),#1883,.T.);
#1997=ADVANCED_FACE('',(#1800),#1884,.T.);
#1998=ADVANCED_FACE('',(#1801),#1885,.T.);
#1999=ADVANCED_FACE('',(#1802),#1886,.T.);
#2000=ADVANCED_FACE('',(#1803),#1887,.T.);
#2001=ADVANCED_FACE('',(#1804),#1888,.T.);
#2002=ADVANCED_FACE('',(#1805),#1889,.T.);
#2003=ADVANCED_FACE('',(#1806),#1890,.T.);
#2004=ADVANCED_FACE('',(#1807),#1891,.F.);
#2005=ADVANCED_FACE('',(#1808),#1892,.T.);
#2006=ADVANCED_FACE('',(#1809),#1893,.T.);
#2007=ADVANCED_FACE('',(#1810),#1894,.T.);
#2008=ADVANCED_FACE('',(#1811),#1895,.T.);
#2009=ADVANCED_FACE('',(#1812),#1896,.T.);
#2010=ADVANCED_FACE('',(#1813),#1897,.T.);
#2011=CLOSED_SHELL('',(#1898,#1899,#1900,#1901,#1902,#1903,#1904,#1905,#1906,#1907,#1908,#1909,#1910,#1911,#1912,#1913,#1914,#1915,#1916,#1917,#1918,#1919,#1920,#1921,#1922,#1923,#1924,#1925,#1926,#1927,#1928,#1929,#1930,#1931,#1932,#1933,#1934,#1935,#1936,#1937,#1938,#1939,#1940,#1941,#1942,#1943,#1944,#1945,#1946,#1947,#1948,#1949,#1950,#1951,#1952,#1953,#1954,#1955,#1956,#1957,#1958,#1959,#1960,#1961,#1962,#1963,#1964,#1965,#1966,#1967,#1968,#1969,#1970,#1971,#1972,#1973,#1974,#1975,#1976,#1977,#1978,#1979,#1980,#1981,#1982,#1983,#1984,#1985,#1986,#1987,#1988,#1989,#1990,#1991,#1992,#1993,#1994,#1995,#1996,#1997,#1998,#1999,#2000,#2001,#2002,#2003,#2004,#2005,#2006,#2007,#2008,#2009,#2010));
#2012=STYLED_ITEM('',(#2013),#2020);
#2013=PRESENTATION_STYLE_ASSIGNMENT((#2014));
#2014=SURFACE_STYLE_USAGE(.BOTH.,#2015);
#2015=SURFACE_SIDE_STYLE('',(#2016));
#2016=SURFACE_STYLE_FILL_AREA(#2017);
#2017=FILL_AREA_STYLE('',(#2018));
#2018=FILL_AREA_STYLE_COLOUR('',#2019);
#2019=COLOUR_RGB('',0.768627450980392,0.886274509803922,0.952941176470588);
#2020=MANIFOLD_SOLID_BREP('CaseBattHolder',#2011);
#2021=SHAPE_DEFINITION_REPRESENTATION(#6103,#2022);
#2022=SHAPE_REPRESENTATION('CaseBattHolder',(#2023),#6098);
#2023=AXIS2_PLACEMENT_3D('',#2694,#2171,#2172);
#2024=AXIS2_PLACEMENT_3D('',#2695,#2173,#2174);
#2025=AXIS2_PLACEMENT_3D('',#2704,#2179,#2180);
#2026=AXIS2_PLACEMENT_3D('',#2713,#2185,#2186);
#2027=AXIS2_PLACEMENT_3D('',#2722,#2191,#2192);
#2028=AXIS2_PLACEMENT_3D('',#2756,#2209,#2210);
#2029=AXIS2_PLACEMENT_3D('',#2760,#2212,#2213);
#2030=AXIS2_PLACEMENT_3D('',#2764,#2215,#2216);
#2031=AXIS2_PLACEMENT_3D('',#2768,#2218,#2219);
#2032=AXIS2_PLACEMENT_3D('',#2803,#2237,#2238);
#2033=AXIS2_PLACEMENT_3D('',#2809,#2242,#2243);
#2034=AXIS2_PLACEMENT_3D('',#2826,#2252,#2253);
#2035=AXIS2_PLACEMENT_3D('',#2837,#2260,#2261);
#2036=AXIS2_PLACEMENT_3D('',#2843,#2265,#2266);
#2037=AXIS2_PLACEMENT_3D('',#2849,#2270,#2271);
#2038=AXIS2_PLACEMENT_3D('',#2855,#2275,#2276);
#2039=AXIS2_PLACEMENT_3D('',#2860,#2277,#2278);
#2040=AXIS2_PLACEMENT_3D('',#2865,#2279,#2280);
#2041=AXIS2_PLACEMENT_3D('',#2870,#2281,#2282);
#2042=AXIS2_PLACEMENT_3D('',#2875,#2283,#2284);
#2043=AXIS2_PLACEMENT_3D('',#2884,#2290,#2291);
#2044=AXIS2_PLACEMENT_3D('',#2888,#2294,#2295);
#2045=AXIS2_PLACEMENT_3D('',#2895,#2300,#2301);
#2046=AXIS2_PLACEMENT_3D('',#2897,#2303,#2304);
#2047=AXIS2_PLACEMENT_3D('',#2898,#2305,#2306);
#2048=AXIS2_PLACEMENT_3D('',#2900,#2307,#2308);
#2049=AXIS2_PLACEMENT_3D('',#2902,#2309,#2310);
#2050=AXIS2_PLACEMENT_3D('',#2904,#2312,#2313);
#2051=AXIS2_PLACEMENT_3D('',#2905,#2314,#2315);
#2052=AXIS2_PLACEMENT_3D('',#2907,#2316,#2317);
#2053=AXIS2_PLACEMENT_3D('',#2909,#2318,#2319);
#2054=AXIS2_PLACEMENT_3D('',#2910,#2320,#2321);
#2055=AXIS2_PLACEMENT_3D('',#2912,#2322,#2323);
#2056=AXIS2_PLACEMENT_3D('',#2913,#2324,#2325);
#2057=AXIS2_PLACEMENT_3D('',#2914,#2326,#2327);
#2058=AXIS2_PLACEMENT_3D('',#2916,#2328,#2329);
#2059=AXIS2_PLACEMENT_3D('',#2917,#2330,#2331);
#2060=AXIS2_PLACEMENT_3D('',#2918,#2332,#2333);
#2061=AXIS2_PLACEMENT_3D('',#2920,#2334,#2335);
#2062=AXIS2_PLACEMENT_3D('',#2921,#2336,#2337);
#2063=AXIS2_PLACEMENT_3D('',#2922,#2338,#2339);
#2064=AXIS2_PLACEMENT_3D('',#2924,#2340,#2341);
#2065=AXIS2_PLACEMENT_3D('',#3633,#2342,#2343);
#2066=AXIS2_PLACEMENT_3D('',#3648,#2344,#2345);
#2067=AXIS2_PLACEMENT_3D('',#5051,#2346,#2347);
#2068=AXIS2_PLACEMENT_3D('',#5066,#2348,#2349);
#2069=AXIS2_PLACEMENT_3D('',#5761,#2350,#2351);
#2070=AXIS2_PLACEMENT_3D('',#5770,#2356,#2357);
#2071=AXIS2_PLACEMENT_3D('',#5778,#2362,#2363);
#2072=AXIS2_PLACEMENT_3D('',#5779,#2364,#2365);
#2073=AXIS2_PLACEMENT_3D('',#5780,#2366,#2367);
#2074=AXIS2_PLACEMENT_3D('',#5787,#2371,#2372);
#2075=AXIS2_PLACEMENT_3D('',#5788,#2373,#2374);
#2076=AXIS2_PLACEMENT_3D('',#5790,#2376,#2377);
#2077=AXIS2_PLACEMENT_3D('',#5792,#2379,#2380);
#2078=AXIS2_PLACEMENT_3D('',#5799,#2384,#2385);
#2079=AXIS2_PLACEMENT_3D('',#5800,#2386,#2387);
#2080=AXIS2_PLACEMENT_3D('',#5803,#2389,#2390);
#2081=AXIS2_PLACEMENT_3D('',#5812,#2395,#2396);
#2082=AXIS2_PLACEMENT_3D('',#5813,#2397,#2398);
#2083=AXIS2_PLACEMENT_3D('',#5814,#2399,#2400);
#2084=AXIS2_PLACEMENT_3D('',#5817,#2403,#2404);
#2085=AXIS2_PLACEMENT_3D('',#5819,#2406,#2407);
#2086=AXIS2_PLACEMENT_3D('',#5829,#2412,#2413);
#2087=AXIS2_PLACEMENT_3D('',#5830,#2414,#2415);
#2088=AXIS2_PLACEMENT_3D('',#5833,#2417,#2418);
#2089=AXIS2_PLACEMENT_3D('',#5839,#2422,#2423);
#2090=AXIS2_PLACEMENT_3D('',#5848,#2428,#2429);
#2091=AXIS2_PLACEMENT_3D('',#5849,#2430,#2431);
#2092=AXIS2_PLACEMENT_3D('',#5850,#2432,#2433);
#2093=AXIS2_PLACEMENT_3D('',#5853,#2436,#2437);
#2094=AXIS2_PLACEMENT_3D('',#5855,#2439,#2440);
#2095=AXIS2_PLACEMENT_3D('',#5862,#2444,#2445);
#2096=AXIS2_PLACEMENT_3D('',#5863,#2446,#2447);
#2097=AXIS2_PLACEMENT_3D('',#5866,#2449,#2450);
#2098=AXIS2_PLACEMENT_3D('',#5875,#2455,#2456);
#2099=AXIS2_PLACEMENT_3D('',#5876,#2457,#2458);
#2100=AXIS2_PLACEMENT_3D('',#5877,#2459,#2460);
#2101=AXIS2_PLACEMENT_3D('',#5880,#2463,#2464);
#2102=AXIS2_PLACEMENT_3D('',#5882,#2466,#2467);
#2103=AXIS2_PLACEMENT_3D('',#5891,#2472,#2473);
#2104=AXIS2_PLACEMENT_3D('',#5902,#2479,#2480);
#2105=AXIS2_PLACEMENT_3D('',#5903,#2481,#2482);
#2106=AXIS2_PLACEMENT_3D('',#5904,#2483,#2484);
#2107=AXIS2_PLACEMENT_3D('',#5910,#2488,#2489);
#2108=AXIS2_PLACEMENT_3D('',#5917,#2493,#2494);
#2109=AXIS2_PLACEMENT_3D('',#5918,#2495,#2496);
#2110=AXIS2_PLACEMENT_3D('',#5920,#2498,#2499);
#2111=AXIS2_PLACEMENT_3D('',#5922,#2501,#2502);
#2112=AXIS2_PLACEMENT_3D('',#5932,#2507,#2508);
#2113=AXIS2_PLACEMENT_3D('',#5933,#2509,#2510);
#2114=AXIS2_PLACEMENT_3D('',#5938,#2513,#2514);
#2115=AXIS2_PLACEMENT_3D('',#5944,#2518,#2519);
#2116=AXIS2_PLACEMENT_3D('',#5955,#2525,#2526);
#2117=AXIS2_PLACEMENT_3D('',#5956,#2527,#2528);
#2118=AXIS2_PLACEMENT_3D('',#5957,#2529,#2530);
#2119=AXIS2_PLACEMENT_3D('',#5960,#2533,#2534);
#2120=AXIS2_PLACEMENT_3D('',#5962,#2536,#2537);
#2121=AXIS2_PLACEMENT_3D('',#5971,#2542,#2543);
#2122=AXIS2_PLACEMENT_3D('',#5982,#2549,#2550);
#2123=AXIS2_PLACEMENT_3D('',#5984,#2552,#2553);
#2124=AXIS2_PLACEMENT_3D('',#5990,#2557,#2558);
#2125=AXIS2_PLACEMENT_3D('',#5998,#2563,#2564);
#2126=AXIS2_PLACEMENT_3D('',#6000,#2566,#2567);
#2127=AXIS2_PLACEMENT_3D('',#6002,#2569,#2570);
#2128=AXIS2_PLACEMENT_3D('',#6006,#2573,#2574);
#2129=AXIS2_PLACEMENT_3D('',#6010,#2577,#2578);
#2130=AXIS2_PLACEMENT_3D('',#6012,#2580,#2581);
#2131=AXIS2_PLACEMENT_3D('',#6013,#2582,#2583);
#2132=AXIS2_PLACEMENT_3D('',#6014,#2584,#2585);
#2133=AXIS2_PLACEMENT_3D('',#6015,#2586,#2587);
#2134=AXIS2_PLACEMENT_3D('',#6016,#2588,#2589);
#2135=AXIS2_PLACEMENT_3D('',#6017,#2590,#2591);
#2136=AXIS2_PLACEMENT_3D('',#6018,#2592,#2593);
#2137=AXIS2_PLACEMENT_3D('',#6019,#2594,#2595);
#2138=AXIS2_PLACEMENT_3D('',#6020,#2596,#2597);
#2139=AXIS2_PLACEMENT_3D('',#6021,#2598,#2599);
#2140=AXIS2_PLACEMENT_3D('',#6022,#2600,#2601);
#2141=AXIS2_PLACEMENT_3D('',#6023,#2602,#2603);
#2142=AXIS2_PLACEMENT_3D('',#6024,#2604,#2605);
#2143=AXIS2_PLACEMENT_3D('',#6025,#2606,#2607);
#2144=AXIS2_PLACEMENT_3D('',#6026,#2608,#2609);
#2145=AXIS2_PLACEMENT_3D('',#6028,#2611,#2612);
#2146=AXIS2_PLACEMENT_3D('',#6030,#2614,#2615);
#2147=AXIS2_PLACEMENT_3D('',#6036,#2619,#2620);
#2148=AXIS2_PLACEMENT_3D('',#6040,#2623,#2624);
#2149=AXIS2_PLACEMENT_3D('',#6044,#2627,#2628);
#2150=AXIS2_PLACEMENT_3D('',#6046,#2630,#2631);
#2151=AXIS2_PLACEMENT_3D('',#6052,#2635,#2636);
#2152=AXIS2_PLACEMENT_3D('',#6056,#2639,#2640);
#2153=AXIS2_PLACEMENT_3D('',#6060,#2643,#2644);
#2154=AXIS2_PLACEMENT_3D('',#6062,#2646,#2647);
#2155=AXIS2_PLACEMENT_3D('',#6068,#2651,#2652);
#2156=AXIS2_PLACEMENT_3D('',#6072,#2655,#2656);
#2157=AXIS2_PLACEMENT_3D('',#6076,#2659,#2660);
#2158=AXIS2_PLACEMENT_3D('',#6078,#2662,#2663);
#2159=AXIS2_PLACEMENT_3D('',#6080,#2665,#2666);
#2160=AXIS2_PLACEMENT_3D('',#6082,#2668,#2669);
#2161=AXIS2_PLACEMENT_3D('',#6083,#2670,#2671);
#2162=AXIS2_PLACEMENT_3D('',#6084,#2672,#2673);
#2163=AXIS2_PLACEMENT_3D('',#6086,#2675,#2676);
#2164=AXIS2_PLACEMENT_3D('',#6088,#2678,#2679);
#2165=AXIS2_PLACEMENT_3D('',#6090,#2681,#2682);
#2166=AXIS2_PLACEMENT_3D('',#6092,#2684,#2685);
#2167=AXIS2_PLACEMENT_3D('',#6093,#2686,#2687);
#2168=AXIS2_PLACEMENT_3D('',#6094,#2688,#2689);
#2169=AXIS2_PLACEMENT_3D('',#6095,#2690,#2691);
#2170=AXIS2_PLACEMENT_3D('',#6096,#2692,#2693);
#2171=DIRECTION('',(0.,0.,1.));
#2172=DIRECTION('',(1.,0.,0.));
#2173=DIRECTION('',(0.,1.,0.));
#2174=DIRECTION('',(0.,0.,1.));
#2175=DIRECTION('',(1.,0.,0.));
#2176=DIRECTION('',(0.,0.,-1.));
#2177=DIRECTION('',(1.,0.,0.));
#2178=DIRECTION('',(0.,0.,-1.));
#2179=DIRECTION('',(9.05590760676482E-06,-0.999999999958995,0.));
#2180=DIRECTION('',(0.999999999958995,9.05590760676482E-06,0.));
#2181=DIRECTION('',(0.,0.,-1.));
#2182=DIRECTION('',(-0.999999999958995,-9.05590760676482E-06,0.));
#2183=DIRECTION('',(0.,0.,-1.));
#2184=DIRECTION('',(-0.999999999958995,-9.05590760676482E-06,0.));
#2185=DIRECTION('',(0.,-1.,0.));
#2186=DIRECTION('',(0.,0.,-1.));
#2187=DIRECTION('',(0.,0.,-1.));
#2188=DIRECTION('',(1.,0.,0.));
#2189=DIRECTION('',(0.,0.,-1.));
#2190=DIRECTION('',(-1.,0.,0.));
#2191=DIRECTION('',(0.,0.,-1.));
#2192=DIRECTION('',(1.,0.,0.));
#2193=DIRECTION('',(0.,-1.,0.));
#2194=DIRECTION('',(-1.,0.,0.));
#2195=DIRECTION('',(0.,-1.,0.));
#2196=DIRECTION('',(1.,0.,0.));
#2197=DIRECTION('',(-0.999995997355643,-0.00282935906043002,0.));
#2198=DIRECTION('',(0.,1.,0.));
#2199=DIRECTION('',(0.999995997355643,0.00282935906043002,0.));
#2200=DIRECTION('',(0.,1.,0.));
#2201=DIRECTION('',(0.,-1.,0.));
#2202=DIRECTION('',(-1.,0.,0.));
#2203=DIRECTION('',(0.,-1.,0.));
#2204=DIRECTION('',(1.,0.,0.));
#2205=DIRECTION('',(1.,0.,0.));
#2206=DIRECTION('',(0.,1.,0.));
#2207=DIRECTION('',(-1.,0.,0.));
#2208=DIRECTION('',(0.,-1.,0.));
#2209=DIRECTION('',(0.,0.,-1.));
#2210=DIRECTION('',(-1.,0.,0.));
#2211=DIRECTION('',(1.,0.,0.));
#2212=DIRECTION('',(0.,0.,-1.));
#2213=DIRECTION('',(-1.,0.,0.));
#2214=DIRECTION('',(3.08395284618099E-16,1.,0.));
#2215=DIRECTION('',(0.,0.,-1.));
#2216=DIRECTION('',(-1.,0.,0.));
#2217=DIRECTION('',(-1.,0.,0.));
#2218=DIRECTION('',(0.,0.,-1.));
#2219=DIRECTION('',(-1.,0.,0.));
#2220=DIRECTION('',(0.,-1.,0.));
#2221=DIRECTION('',(1.,0.,0.));
#2222=DIRECTION('',(0.,1.,0.));
#2223=DIRECTION('',(1.,0.,0.));
#2224=DIRECTION('',(-1.00929365875014E-15,-1.,0.));
#2225=DIRECTION('',(-1.,0.,0.));
#2226=DIRECTION('',(0.,1.,0.));
#2227=DIRECTION('',(1.,0.,0.));
#2228=DIRECTION('',(0.,1.,0.));
#2229=DIRECTION('',(-0.999999999958995,-9.05590760676482E-06,0.));
#2230=DIRECTION('',(0.,1.,0.));
#2231=DIRECTION('',(0.999999999958995,9.05590760676482E-06,0.));
#2232=DIRECTION('',(0.,1.,0.));
#2233=DIRECTION('',(-1.,0.,0.));
#2234=DIRECTION('',(0.,-1.,0.));
#2235=DIRECTION('',(-1.,0.,0.));
#2236=DIRECTION('',(0.,-1.,0.));
#2237=DIRECTION('',(1.,0.,0.));
#2238=DIRECTION('',(0.,0.,-1.));
#2239=DIRECTION('',(0.,0.,1.));
#2240=DIRECTION('',(0.,1.,0.));
#2241=DIRECTION('',(0.,0.,1.));
#2242=DIRECTION('',(0.,0.,-1.));
#2243=DIRECTION('',(1.,0.,0.));
#2244=DIRECTION('',(0.,-1.,0.));
#2245=DIRECTION('',(-1.,0.,0.));
#2246=DIRECTION('',(3.08395284618099E-16,1.,0.));
#2247=DIRECTION('',(1.,0.,0.));
#2248=DIRECTION('',(0.,1.,0.));
#2249=DIRECTION('',(-1.,0.,0.));
#2250=DIRECTION('',(0.,1.,0.));
#2251=DIRECTION('',(-1.,0.,0.));
#2252=DIRECTION('',(-0.984807753012208,0.,-0.17364817766693));
#2253=DIRECTION('',(0.17364817766693,0.,-0.984807753012208));
#2254=DIRECTION('',(0.167900917937429,-0.255144817820943,-0.952213423395663));
#2255=DIRECTION('',(-0.17364817766693,0.,0.984807753012208));
#2256=DIRECTION('',(0.,-1.,0.));
#2257=DIRECTION('',(-0.17364817766693,0.,0.984807753012208));
#2258=DIRECTION('',(-0.167900917937429,-0.255144817820943,0.952213423395663));
#2259=DIRECTION('',(0.,-1.,0.));
#2260=DIRECTION('',(0.,0.984807753012208,-0.17364817766693));
#2261=DIRECTION('',(0.,-0.17364817766693,-0.984807753012208));
#2262=DIRECTION('',(0.,0.17364817766693,0.984807753012208));
#2263=DIRECTION('',(1.,0.,0.));
#2264=DIRECTION('',(0.,0.17364817766693,0.984807753012208));
#2265=DIRECTION('',(0.984807753012208,-3.0371006728431E-16,-0.17364817766693));
#2266=DIRECTION('',(-0.17364817766693,5.35522791750072E-17,-0.984807753012208));
#2267=DIRECTION('',(0.17364817766693,-5.35522791750072E-17,0.984807753012208));
#2268=DIRECTION('',(-3.08395284618099E-16,-1.,-2.05144153382348E-32));
#2269=DIRECTION('',(0.17364817766693,-5.35522791750072E-17,0.984807753012208));
#2270=DIRECTION('',(0.,-0.984807753012208,-0.17364817766693));
#2271=DIRECTION('',(0.,0.17364817766693,-0.984807753012208));
#2272=DIRECTION('',(0.,-0.17364817766693,0.984807753012208));
#2273=DIRECTION('',(1.,0.,0.));
#2274=DIRECTION('',(0.,-0.17364817766693,0.984807753012208));
#2275=DIRECTION('',(0.,0.,1.));
#2276=DIRECTION('',(-1.,0.,0.));
#2277=DIRECTION('',(0.,0.,1.));
#2278=DIRECTION('',(-1.,0.,0.));
#2279=DIRECTION('',(0.,0.,1.));
#2280=DIRECTION('',(-1.,0.,0.));
#2281=DIRECTION('',(0.,0.,1.));
#2282=DIRECTION('',(-1.,0.,0.));
#2283=DIRECTION('',(0.,-1.,0.));
#2284=DIRECTION('',(0.,0.,-1.));
#2285=DIRECTION('',(0.,0.,-1.));
#2286=DIRECTION('',(-1.,0.,0.));
#2287=DIRECTION('',(0.,0.,1.));
#2288=DIRECTION('',(-1.,0.,0.));
#2289=DIRECTION('',(0.,0.,-1.));
#2290=DIRECTION('',(-1.,1.00929365875014E-15,0.));
#2291=DIRECTION('',(-1.00929365875014E-15,-1.,0.));
#2292=DIRECTION('',(1.00929365875014E-15,1.,0.));
#2293=DIRECTION('',(0.,0.,1.));
#2294=DIRECTION('',(0.,-1.,0.));
#2295=DIRECTION('',(0.,0.,-1.));
#2296=DIRECTION('',(0.,0.,-1.));
#2297=DIRECTION('',(-1.,0.,0.));
#2298=DIRECTION('',(-1.,0.,0.));
#2299=DIRECTION('',(0.,0.,-1.));
#2300=DIRECTION('',(-1.,0.,0.));
#2301=DIRECTION('',(0.,0.,1.));
#2302=DIRECTION('',(0.,1.,0.));
#2303=DIRECTION('',(0.,0.,-1.));
#2304=DIRECTION('',(1.,0.,0.));
#2305=DIRECTION('',(0.,0.,1.));
#2306=DIRECTION('',(1.,0.,0.));
#2307=DIRECTION('',(0.,0.,1.));
#2308=DIRECTION('',(1.,0.,0.));
#2309=DIRECTION('',(-1.,0.,0.));
#2310=DIRECTION('',(0.,0.,1.));
#2311=DIRECTION('',(0.,1.,0.));
#2312=DIRECTION('',(0.,0.,-1.));
#2313=DIRECTION('',(1.,0.,0.));
#2314=DIRECTION('',(0.,0.,1.));
#2315=DIRECTION('',(1.,0.,0.));
#2316=DIRECTION('',(0.,0.,1.));
#2317=DIRECTION('',(1.,0.,0.));
#2318=DIRECTION('',(0.,0.,-1.));
#2319=DIRECTION('',(-1.,0.,0.));
#2320=DIRECTION('',(0.,0.,1.));
#2321=DIRECTION('',(1.,0.,0.));
#2322=DIRECTION('',(0.,0.,1.));
#2323=DIRECTION('',(1.,0.,0.));
#2324=DIRECTION('',(0.,0.,-1.));
#2325=DIRECTION('',(-1.,0.,0.));
#2326=DIRECTION('',(0.,0.,1.));
#2327=DIRECTION('',(1.,0.,0.));
#2328=DIRECTION('',(0.,0.,1.));
#2329=DIRECTION('',(1.,0.,0.));
#2330=DIRECTION('',(0.,0.,-1.));
#2331=DIRECTION('',(-1.,0.,0.));
#2332=DIRECTION('',(0.,0.,1.));
#2333=DIRECTION('',(1.,0.,0.));
#2334=DIRECTION('',(0.,0.,1.));
#2335=DIRECTION('',(1.,0.,0.));
#2336=DIRECTION('',(0.,0.,-1.));
#2337=DIRECTION('',(-1.,0.,0.));
#2338=DIRECTION('',(0.,0.,1.));
#2339=DIRECTION('',(1.,0.,0.));
#2340=DIRECTION('',(0.,0.,1.));
#2341=DIRECTION('',(1.,0.,0.));
#2342=DIRECTION('',(1.,0.,0.));
#2343=DIRECTION('',(0.,0.,-1.));
#2344=DIRECTION('',(-3.08395284618099E-16,-1.,0.));
#2345=DIRECTION('',(1.,-3.08395284618099E-16,0.));
#2346=DIRECTION('',(0.,-1.,0.));
#2347=DIRECTION('',(0.,0.,-1.));
#2348=DIRECTION('',(1.,0.,0.));
#2349=DIRECTION('',(0.,0.,-1.));
#2350=DIRECTION('',(0.,-1.,0.));
#2351=DIRECTION('',(0.,0.,-1.));
#2352=DIRECTION('',(0.,0.,-1.));
#2353=DIRECTION('',(-1.,0.,0.));
#2354=DIRECTION('',(0.,0.,-1.));
#2355=DIRECTION('',(-1.,0.,0.));
#2356=DIRECTION('',(1.,0.,0.));
#2357=DIRECTION('',(0.,0.,-1.));
#2358=DIRECTION('',(0.,-1.,0.));
#2359=DIRECTION('',(0.,-0.848048096156426,-0.529919264233205));
#2360=DIRECTION('',(0.,0.,1.));
#2361=DIRECTION('',(0.,1.,0.));
#2362=DIRECTION('',(1.,0.,0.));
#2363=DIRECTION('',(0.,0.,-1.));
#2364=DIRECTION('',(1.,0.,0.));
#2365=DIRECTION('',(0.,0.,-1.));
#2366=DIRECTION('',(1.,0.,0.));
#2367=DIRECTION('',(0.,0.,-1.));
#2368=DIRECTION('',(0.,0.,-1.));
#2369=DIRECTION('',(0.,0.848048096156426,0.529919264233205));
#2370=DIRECTION('',(0.,-1.,0.));
#2371=DIRECTION('',(1.,0.,0.));
#2372=DIRECTION('',(0.,0.,-1.));
#2373=DIRECTION('',(1.,0.,0.));
#2374=DIRECTION('',(0.,0.,-1.));
#2375=DIRECTION('',(0.,1.,0.));
#2376=DIRECTION('',(0.,0.,-1.));
#2377=DIRECTION('',(1.,0.,0.));
#2378=DIRECTION('',(1.,0.,0.));
#2379=DIRECTION('',(-1.,0.,0.));
#2380=DIRECTION('',(0.,0.,1.));
#2381=DIRECTION('',(0.,1.,0.));
#2382=DIRECTION('',(0.,-0.84804809616619,-0.52991926421758));
#2383=DIRECTION('',(0.,0.,-1.));
#2384=DIRECTION('',(-1.,0.,0.));
#2385=DIRECTION('',(0.,0.,1.));
#2386=DIRECTION('',(-1.,0.,0.));
#2387=DIRECTION('',(0.,0.,1.));
#2388=DIRECTION('',(0.,0.,-1.));
#2389=DIRECTION('',(-1.,0.,0.));
#2390=DIRECTION('',(0.,0.,1.));
#2391=DIRECTION('',(0.,0.,-1.));
#2392=DIRECTION('',(0.,0.84804809616619,0.52991926421758));
#2393=DIRECTION('',(0.,1.,0.));
#2394=DIRECTION('',(0.,0.,-1.));
#2395=DIRECTION('',(-1.,0.,0.));
#2396=DIRECTION('',(0.,0.,1.));
#2397=DIRECTION('',(-1.,0.,0.));
#2398=DIRECTION('',(0.,0.,1.));
#2399=DIRECTION('',(0.,1.,0.));
#2400=DIRECTION('',(0.,0.,1.));
#2401=DIRECTION('',(1.,0.,0.));
#2402=DIRECTION('',(1.,0.,0.));
#2403=DIRECTION('',(0.,0.,-1.));
#2404=DIRECTION('',(1.,0.,0.));
#2405=DIRECTION('',(0.999999999958995,9.05590760676482E-06,0.));
#2406=DIRECTION('',(-1.,0.,0.));
#2407=DIRECTION('',(0.,0.,1.));
#2408=DIRECTION('',(0.,1.,0.));
#2409=DIRECTION('',(0.,-0.848049049362424,-0.52991773878168));
#2410=DIRECTION('',(0.,0.,-1.));
#2411=DIRECTION('',(0.,0.,-1.));
#2412=DIRECTION('',(-1.,0.,0.));
#2413=DIRECTION('',(0.,-1.,0.));
#2414=DIRECTION('',(-1.,0.,0.));
#2415=DIRECTION('',(0.,1.,0.));
#2416=DIRECTION('',(0.,0.,-1.));
#2417=DIRECTION('',(0.00282935906043002,-0.999995997355643,0.));
#2418=DIRECTION('',(0.999995997355643,0.00282935906043002,0.));
#2419=DIRECTION('',(0.999995997355643,0.00282935906043002,1.7347234759768E-16));
#2420=DIRECTION('',(0.,0.,-1.));
#2421=DIRECTION('',(-0.999995997355643,-0.00282935906043002,0.));
#2422=DIRECTION('',(-1.,0.,0.));
#2423=DIRECTION('',(0.,0.,1.));
#2424=DIRECTION('',(0.,0.,-1.));
#2425=DIRECTION('',(0.,0.848049049362424,0.52991773878168));
#2426=DIRECTION('',(0.,1.,0.));
#2427=DIRECTION('',(0.,0.,-1.));
#2428=DIRECTION('',(-1.,0.,0.));
#2429=DIRECTION('',(0.,1.,0.));
#2430=DIRECTION('',(-1.,0.,0.));
#2431=DIRECTION('',(0.,-1.,0.));
#2432=DIRECTION('',(-0.00282935906043002,0.999995997355643,0.));
#2433=DIRECTION('',(-0.999995997355643,-0.00282935906043002,0.));
#2434=DIRECTION('',(0.999995997355643,0.00282935906043002,0.));
#2435=DIRECTION('',(0.999995997355643,0.00282935906043002,0.));
#2436=DIRECTION('',(0.,0.,-1.));
#2437=DIRECTION('',(1.,0.,0.));
#2438=DIRECTION('',(0.999995997355643,0.00282935906043002,0.));
#2439=DIRECTION('',(-1.,0.,0.));
#2440=DIRECTION('',(0.,0.,1.));
#2441=DIRECTION('',(0.,1.,0.));
#2442=DIRECTION('',(0.,-0.84804809616619,-0.52991926421758));
#2443=DIRECTION('',(0.,0.,-1.));
#2444=DIRECTION('',(-1.,0.,0.));
#2445=DIRECTION('',(0.,0.,1.));
#2446=DIRECTION('',(-1.,0.,0.));
#2447=DIRECTION('',(0.,1.,0.));
#2448=DIRECTION('',(0.,0.,-1.));
#2449=DIRECTION('',(-1.,0.,0.));
#2450=DIRECTION('',(0.,0.,1.));
#2451=DIRECTION('',(0.,0.,-1.));
#2452=DIRECTION('',(0.,0.84804809616619,0.52991926421758));
#2453=DIRECTION('',(0.,1.,0.));
#2454=DIRECTION('',(0.,0.,-1.));
#2455=DIRECTION('',(-1.,0.,0.));
#2456=DIRECTION('',(0.,1.,0.));
#2457=DIRECTION('',(-1.,0.,0.));
#2458=DIRECTION('',(0.,0.,1.));
#2459=DIRECTION('',(-9.05590760676482E-06,0.999999999958995,0.));
#2460=DIRECTION('',(-0.999999999958995,-9.05590760676482E-06,0.));
#2461=DIRECTION('',(0.999999999958995,9.05590760676482E-06,0.));
#2462=DIRECTION('',(0.999999999958995,9.05590760676482E-06,0.));
#2463=DIRECTION('',(0.,0.,-1.));
#2464=DIRECTION('',(1.,0.,0.));
#2465=DIRECTION('',(0.999999999958995,9.05590760676482E-06,0.));
#2466=DIRECTION('',(0.,-1.,0.));
#2467=DIRECTION('',(0.,0.,-1.));
#2468=DIRECTION('',(0.,0.,-1.));
#2469=DIRECTION('',(-1.,0.,0.));
#2470=DIRECTION('',(0.,0.,-1.));
#2471=DIRECTION('',(-1.,0.,0.));
#2472=DIRECTION('',(1.,0.,0.));
#2473=DIRECTION('',(0.,0.,-1.));
#2474=DIRECTION('',(0.,-1.,0.));
#2475=DIRECTION('',(0.,-0.848048096156426,-0.529919264233205));
#2476=DIRECTION('',(0.,0.,-1.));
#2477=DIRECTION('',(0.,1.,0.));
#2478=DIRECTION('',(0.,0.,-1.));
#2479=DIRECTION('',(1.,0.,0.));
#2480=DIRECTION('',(0.,0.,-1.));
#2481=DIRECTION('',(1.,0.,0.));
#2482=DIRECTION('',(0.,0.,-1.));
#2483=DIRECTION('',(0.,1.,0.));
#2484=DIRECTION('',(0.,0.,1.));
#2485=DIRECTION('',(-1.,0.,0.));
#2486=DIRECTION('',(0.,0.,-1.));
#2487=DIRECTION('',(1.,0.,0.));
#2488=DIRECTION('',(1.,0.,0.));
#2489=DIRECTION('',(0.,0.,-1.));
#2490=DIRECTION('',(0.,0.,-1.));
#2491=DIRECTION('',(0.,0.848048096156426,0.529919264233205));
#2492=DIRECTION('',(0.,-1.,0.));
#2493=DIRECTION('',(1.,0.,0.));
#2494=DIRECTION('',(0.,0.,-1.));
#2495=DIRECTION('',(1.,0.,0.));
#2496=DIRECTION('',(0.,0.,-1.));
#2497=DIRECTION('',(0.,1.,0.));
#2498=DIRECTION('',(0.,0.,-1.));
#2499=DIRECTION('',(1.,0.,0.));
#2500=DIRECTION('',(1.,0.,0.));
#2501=DIRECTION('',(0.,-1.,0.));
#2502=DIRECTION('',(0.,0.,-1.));
#2503=DIRECTION('',(0.,0.,-1.));
#2504=DIRECTION('',(0.819152044288992,0.,0.573576436351046));
#2505=DIRECTION('',(-1.,0.,0.));
#2506=DIRECTION('',(0.,0.,-1.));
#2507=DIRECTION('',(0.,-1.,0.));
#2508=DIRECTION('',(0.,0.,-1.));
#2509=DIRECTION('',(0.,-1.,0.));
#2510=DIRECTION('',(0.,0.,-1.));
#2511=DIRECTION('',(0.,0.,-1.));
#2512=DIRECTION('',(1.,0.,0.));
#2513=DIRECTION('',(1.,0.,0.));
#2514=DIRECTION('',(0.,0.,-1.));
#2515=DIRECTION('',(0.,0.,-1.));
#2516=DIRECTION('',(0.,-1.,0.));
#2517=DIRECTION('',(0.,-1.,0.));
#2518=DIRECTION('',(0.,-1.,0.));
#2519=DIRECTION('',(0.,0.,-1.));
#2520=DIRECTION('',(-1.,0.,0.));
#2521=DIRECTION('',(-0.819152044288992,0.,-0.573576436351046));
#2522=DIRECTION('',(0.,0.,-1.));
#2523=DIRECTION('',(1.,0.,0.));
#2524=DIRECTION('',(0.,0.,-1.));
#2525=DIRECTION('',(0.,-1.,0.));
#2526=DIRECTION('',(0.,0.,-1.));
#2527=DIRECTION('',(0.,-1.,0.));
#2528=DIRECTION('',(0.,0.,-1.));
#2529=DIRECTION('',(1.,0.,0.));
#2530=DIRECTION('',(0.,0.,-1.));
#2531=DIRECTION('',(0.,1.,0.));
#2532=DIRECTION('',(0.,-1.,0.));
#2533=DIRECTION('',(0.,0.,-1.));
#2534=DIRECTION('',(1.,0.,0.));
#2535=DIRECTION('',(0.,-1.,0.));
#2536=DIRECTION('',(-1.,0.,0.));
#2537=DIRECTION('',(0.,0.,1.));
#2538=DIRECTION('',(0.,0.,-1.));
#2539=DIRECTION('',(0.,-1.,0.));
#2540=DIRECTION('',(0.,0.,-1.));
#2541=DIRECTION('',(0.,1.,0.));
#2542=DIRECTION('',(0.,1.,0.));
#2543=DIRECTION('',(0.,0.,1.));
#2544=DIRECTION('',(0.,0.,-1.));
#2545=DIRECTION('',(-0.819152044288992,0.,0.573576436351046));
#2546=DIRECTION('',(1.,0.,0.));
#2547=DIRECTION('',(0.,0.,-1.));
#2548=DIRECTION('',(-1.,0.,0.));
#2549=DIRECTION('',(0.,1.,0.));
#2550=DIRECTION('',(0.,0.,1.));
#2551=DIRECTION('',(-1.,0.,0.));
#2552=DIRECTION('',(1.,0.,0.));
#2553=DIRECTION('',(0.,0.,-1.));
#2554=DIRECTION('',(0.,0.,-1.));
#2555=DIRECTION('',(0.,1.,0.));
#2556=DIRECTION('',(0.,-1.,0.));
#2557=DIRECTION('',(0.,1.,0.));
#2558=DIRECTION('',(0.,0.,1.));
#2559=DIRECTION('',(1.,0.,0.));
#2560=DIRECTION('',(0.819152044288992,0.,-0.573576436351046));
#2561=DIRECTION('',(0.,0.,-1.));
#2562=DIRECTION('',(-1.,0.,0.));
#2563=DIRECTION('',(0.,1.,0.));
#2564=DIRECTION('',(0.,0.,1.));
#2565=DIRECTION('',(1.,0.,0.));
#2566=DIRECTION('',(0.,0.,-1.));
#2567=DIRECTION('',(1.,0.,0.));
#2568=DIRECTION('',(0.,1.,0.));
#2569=DIRECTION('',(0.,0.965925826289068,-0.258819045102521));
#2570=DIRECTION('',(0.,-0.258819045102521,-0.965925826289068));
#2571=DIRECTION('',(0.250562807085731,0.250562807085731,0.935113126531029));
#2572=DIRECTION('',(-0.250562807085731,0.250562807085731,0.935113126531029));
#2573=DIRECTION('',(-0.965925826289068,0.,-0.258819045102521));
#2574=DIRECTION('',(0.258819045102521,0.,-0.965925826289068));
#2575=DIRECTION('',(0.,-1.,0.));
#2576=DIRECTION('',(0.250562807085731,0.250562807085731,-0.935113126531029));
#2577=DIRECTION('',(0.,-0.965925826289068,-0.258819045102521));
#2578=DIRECTION('',(0.,0.258819045102521,-0.965925826289068));
#2579=DIRECTION('',(-0.250562807085731,0.250562807085731,-0.935113126531029));
#2580=DIRECTION('',(0.965925826289068,0.,-0.258819045102521));
#2581=DIRECTION('',(-0.258819045102521,0.,-0.965925826289068));
#2582=DIRECTION('',(-1.,0.,0.));
#2583=DIRECTION('',(0.,0.,1.));
#2584=DIRECTION('',(-1.,0.,0.));
#2585=DIRECTION('',(0.,0.,1.));
#2586=DIRECTION('',(0.999995997355643,0.00282935906043002,0.));
#2587=DIRECTION('',(-0.00282935906043002,0.999995997355643,0.));
#2588=DIRECTION('',(0.999999999958995,9.05590760676482E-06,0.));
#2589=DIRECTION('',(-9.05590760676482E-06,0.999999999958995,0.));
#2590=DIRECTION('',(1.,0.,0.));
#2591=DIRECTION('',(0.,0.,-1.));
#2592=DIRECTION('',(0.,-1.,0.));
#2593=DIRECTION('',(0.,0.,-1.));
#2594=DIRECTION('',(-0.999995997355643,-0.00282935906043002,0.));
#2595=DIRECTION('',(0.00282935906043002,-0.999995997355643,0.));
#2596=DIRECTION('',(-0.999999999958995,-9.05590760676482E-06,0.));
#2597=DIRECTION('',(9.05590760676482E-06,-0.999999999958995,0.));
#2598=DIRECTION('',(-1.,0.,0.));
#2599=DIRECTION('',(0.,0.,1.));
#2600=DIRECTION('',(0.,1.,0.));
#2601=DIRECTION('',(0.,0.,1.));
#2602=DIRECTION('',(1.,0.,0.));
#2603=DIRECTION('',(0.,0.,-1.));
#2604=DIRECTION('',(1.,0.,0.));
#2605=DIRECTION('',(0.,0.,-1.));
#2606=DIRECTION('',(0.,-1.,0.));
#2607=DIRECTION('',(0.,0.,-1.));
#2608=DIRECTION('',(0.,0.,-1.));
#2609=DIRECTION('',(-1.,0.,0.));
#2610=DIRECTION('',(0.,1.,0.));
#2611=DIRECTION('',(-1.,0.,0.));
#2612=DIRECTION('',(0.,-1.,0.));
#2613=DIRECTION('',(0.,1.,0.));
#2614=DIRECTION('',(-0.999995997355643,-0.00282935906043002,0.));
#2615=DIRECTION('',(0.00282935906043002,-0.999995997355643,0.));
#2616=DIRECTION('',(0.,0.,1.));
#2617=DIRECTION('',(-0.00239943524426602,0.848045648831645,0.529917748531055));
#2618=DIRECTION('',(-0.00282935906043002,0.999995997355643,0.));
#2619=DIRECTION('',(0.,0.,-1.));
#2620=DIRECTION('',(-1.,0.,0.));
#2621=DIRECTION('',(-0.00282935906043002,0.999995997355643,0.));
#2622=DIRECTION('',(-0.999999999958995,-9.05590760676482E-06,0.));
#2623=DIRECTION('',(0.999995997355643,0.00282935906043002,0.));
#2624=DIRECTION('',(-0.00282935906043002,0.999995997355643,0.));
#2625=DIRECTION('',(0.00239943524426602,-0.848045648831645,-0.529917748531055));
#2626=DIRECTION('',(0.,0.,-1.));
#2627=DIRECTION('',(9.05590760676482E-06,-0.999999999958995,0.));
#2628=DIRECTION('',(0.999999999958995,9.05590760676482E-06,0.));
#2629=DIRECTION('',(-0.999999999958995,-9.05590760676482E-06,0.));
#2630=DIRECTION('',(0.,0.,-1.));
#2631=DIRECTION('',(-1.,0.,0.));
#2632=DIRECTION('',(-0.00282935906043002,0.999995997355643,0.));
#2633=DIRECTION('',(-0.999999999958995,-9.05590760676482E-06,0.));
#2634=DIRECTION('',(-0.00282935906043002,0.999995997355643,0.));
#2635=DIRECTION('',(0.999995997355643,0.00282935906043002,0.));
#2636=DIRECTION('',(-0.00282935906043002,0.999995997355643,0.));
#2637=DIRECTION('',(0.00239943524426602,-0.848045648831645,-0.529917748531055));
#2638=DIRECTION('',(0.,0.,-1.));
#2639=DIRECTION('',(0.999995997355643,0.00282935906043002,0.));
#2640=DIRECTION('',(-0.00282935906043002,0.999995997355643,0.));
#2641=DIRECTION('',(0.,0.,-1.));
#2642=DIRECTION('',(-0.00239943524426602,0.848045648831645,0.529917748531055));
#2643=DIRECTION('',(9.05590760676482E-06,-0.999999999958995,0.));
#2644=DIRECTION('',(0.999999999958995,9.05590760676482E-06,0.));
#2645=DIRECTION('',(-0.999999999958995,-9.05590760676482E-06,0.));
#2646=DIRECTION('',(0.999995997355643,0.00282935906043002,0.));
#2647=DIRECTION('',(-0.00282935906043002,0.999995997355643,0.));
#2648=DIRECTION('',(0.,0.,-1.));
#2649=DIRECTION('',(-0.00239943256454062,0.848044701721501,0.529919264233203));
#2650=DIRECTION('',(-0.00282935906043002,0.999995997355643,0.));
#2651=DIRECTION('',(-1.73471653249567E-16,-4.90815558409565E-19,1.));
#2652=DIRECTION('',(1.,0.,1.73471653249567E-16));
#2653=DIRECTION('',(-0.00282935906043002,0.999995997355643,0.));
#2654=DIRECTION('',(0.999995997355643,0.00282935906043002,1.7347234759768E-16));
#2655=DIRECTION('',(0.999995997355643,0.00282935906043002,0.));
#2656=DIRECTION('',(-0.00282935906043002,0.999995997355643,0.));
#2657=DIRECTION('',(0.00239943256454062,-0.848044701721501,-0.529919264233203));
#2658=DIRECTION('',(0.,0.,-1.));
#2659=DIRECTION('',(0.00282935906043002,-0.999995997355643,0.));
#2660=DIRECTION('',(0.999995997355643,0.00282935906043002,0.));
#2661=DIRECTION('',(-0.999995997355643,-0.00282935906043002,0.));
#2662=DIRECTION('',(0.,0.,-1.));
#2663=DIRECTION('',(-1.,0.,0.));
#2664=DIRECTION('',(0.,-1.,0.));
#2665=DIRECTION('',(1.,0.,0.));
#2666=DIRECTION('',(0.,1.,0.));
#2667=DIRECTION('',(0.,-1.,0.));
#2668=DIRECTION('',(0.573576436351046,0.,0.819152044288992));
#2669=DIRECTION('',(0.,-1.,0.));
#2670=DIRECTION('',(-0.573576436351046,0.,0.819152044288992));
#2671=DIRECTION('',(0.,1.,0.));
#2672=DIRECTION('',(0.,0.,-1.));
#2673=DIRECTION('',(-1.,0.,0.));
#2674=DIRECTION('',(-1.,0.,0.));
#2675=DIRECTION('',(0.,-1.,0.));
#2676=DIRECTION('',(1.,0.,0.));
#2677=DIRECTION('',(-1.,0.,0.));
#2678=DIRECTION('',(0.,0.,1.));
#2679=DIRECTION('',(1.,0.,0.));
#2680=DIRECTION('',(1.,0.,0.));
#2681=DIRECTION('',(0.,-1.,0.));
#2682=DIRECTION('',(1.,0.,0.));
#2683=DIRECTION('',(-1.,0.,0.));
#2684=DIRECTION('',(0.,-0.529919264233205,0.848048096156426));
#2685=DIRECTION('',(-1.,0.,0.));
#2686=DIRECTION('',(0.,-0.529919264233205,0.848048096156426));
#2687=DIRECTION('',(-1.,0.,0.));
#2688=DIRECTION('',(0.00149933187155463,-0.52991714315485,0.848048096156427));
#2689=DIRECTION('',(0.999995997355643,0.00282935906043002,0.));
#2690=DIRECTION('',(4.79889989594071E-06,-0.529919264211478,0.848048096156425));
#2691=DIRECTION('',(-0.999999999958995,-9.05590760676482E-06,0.));
#2692=DIRECTION('',(4.79889989594072E-06,-0.529919264211478,0.848048096156425));
#2693=DIRECTION('',(0.999999999958995,9.05590760676482E-06,0.));
#2694=CARTESIAN_POINT('',(0.,0.,0.));
#2695=CARTESIAN_POINT('',(-0.119696778297424,-0.161977818634361,0.0065));
#2696=CARTESIAN_POINT('',(-0.119696778297424,-0.161977818634361,0.0045));
#2697=CARTESIAN_POINT('',(-0.124696778297424,-0.161977818634361,0.0045));
#2698=CARTESIAN_POINT('',(-0.114696778297424,-0.161977818634361,0.0045));
#2699=CARTESIAN_POINT('',(-0.124696778297424,-0.161977818634361,0.0065));
#2700=CARTESIAN_POINT('',(-0.124696778297424,-0.161977818634361,0.0018));
#2701=CARTESIAN_POINT('',(-0.114696778297424,-0.161977818634361,0.0018));
#2702=CARTESIAN_POINT('',(-0.114696778297424,-0.161977818634361,0.0018));
#2703=CARTESIAN_POINT('',(-0.114696778297424,-0.161977818634361,0.0065));
#2704=CARTESIAN_POINT('',(-0.0980717782974243,-0.202477818634361,0.0065));
#2705=CARTESIAN_POINT('',(-0.0930717782974243,-0.202477773354823,0.0065));
#2706=CARTESIAN_POINT('',(-0.0930717782974243,-0.202477773354823,0.0045));
#2707=CARTESIAN_POINT('',(-0.0930717782974243,-0.202477773354823,0.0005));
#2708=CARTESIAN_POINT('',(-0.0980717782974243,-0.202477818634361,0.0045));
#2709=CARTESIAN_POINT('',(-0.103071778297424,-0.202477863913899,0.0045));
#2710=CARTESIAN_POINT('',(-0.103071778297424,-0.202477863913899,0.0065));
#2711=CARTESIAN_POINT('',(-0.103071778297424,-0.202477863913899,0.0005));
#2712=CARTESIAN_POINT('',(-0.0980717782974243,-0.202477818634361,0.0005));
#2713=CARTESIAN_POINT('',(-0.0764467782974243,-0.202477818634361,0.0065));
#2714=CARTESIAN_POINT('',(-0.0714467782974243,-0.202477818634361,0.0065));
#2715=CARTESIAN_POINT('',(-0.0714467782985161,-0.202477698077591,0.0045));
#2716=CARTESIAN_POINT('',(-0.0714467782974243,-0.202477818634361,0.0005));
#2717=CARTESIAN_POINT('',(-0.0764467782974243,-0.202477818634361,0.0045));
#2718=CARTESIAN_POINT('',(-0.081446778298106,-0.202477743357129,0.0045));
#2719=CARTESIAN_POINT('',(-0.0814467782974243,-0.202477818634361,0.0065));
#2720=CARTESIAN_POINT('',(-0.0814467782974243,-0.202477818634361,0.0005));
#2721=CARTESIAN_POINT('',(-0.0764467782974243,-0.202477818634361,0.0005));
#2722=CARTESIAN_POINT('',(-0.0985518490149884,-0.192140142159923,0.));
#2723=CARTESIAN_POINT('',(-0.0814467782974243,-0.161227818634361,0.));
#2724=CARTESIAN_POINT('',(-0.0814467782974243,-0.159977818634361,0.));
#2725=CARTESIAN_POINT('',(-0.0814467782974243,-0.163777818634361,0.));
#2726=CARTESIAN_POINT('',(-0.0714467782974243,-0.159977818634361,0.));
#2727=CARTESIAN_POINT('',(-0.0714467782974243,-0.159977818634361,0.));
#2728=CARTESIAN_POINT('',(-0.0714467782974243,-0.161227818634361,0.));
#2729=CARTESIAN_POINT('',(-0.0714467782974243,-0.163777818634361,0.));
#2730=CARTESIAN_POINT('',(-0.0814467782974243,-0.163777818634361,0.));
#2731=CARTESIAN_POINT('',(-0.0985213547248598,-0.20291790751934,0.));
#2732=CARTESIAN_POINT('',(-0.114696798310646,-0.202963673840393,0.));
#2733=CARTESIAN_POINT('',(-0.124696758284202,-0.202991967430997,0.));
#2734=CARTESIAN_POINT('',(-0.124696758284202,-0.201741965429666,0.));
#2735=CARTESIAN_POINT('',(-0.124696758284202,-0.199191958224877,0.));
#2736=CARTESIAN_POINT('',(-0.098532106272302,-0.199117928733331,0.));
#2737=CARTESIAN_POINT('',(-0.114696798310646,-0.199163664634273,0.));
#2738=CARTESIAN_POINT('',(-0.114696798310646,-0.201713671839062,0.));
#2739=CARTESIAN_POINT('',(-0.124696778297424,-0.161227818634361,0.));
#2740=CARTESIAN_POINT('',(-0.124696778297424,-0.159977818634361,0.));
#2741=CARTESIAN_POINT('',(-0.124696778297424,-0.163777818634361,0.));
#2742=CARTESIAN_POINT('',(-0.114696778297424,-0.159977818634361,0.));
#2743=CARTESIAN_POINT('',(-0.114696778297424,-0.159977818634361,0.));
#2744=CARTESIAN_POINT('',(-0.114696778297424,-0.161227818634361,0.));
#2745=CARTESIAN_POINT('',(-0.114696778297424,-0.163777818634361,0.));
#2746=CARTESIAN_POINT('',(-0.124696778297424,-0.163777818634361,0.));
#2747=CARTESIAN_POINT('',(-0.141071778297424,-0.173477818634361,0.));
#2748=CARTESIAN_POINT('',(-0.141321778297424,-0.173477818634361,1.7347234759768E-18));
#2749=CARTESIAN_POINT('',(-0.139821778297424,-0.173477818634361,0.));
#2750=CARTESIAN_POINT('',(-0.139821778297424,-0.188477818634361,0.));
#2751=CARTESIAN_POINT('',(-0.139821778297424,-0.188477818634361,0.));
#2752=CARTESIAN_POINT('',(-0.141071778297424,-0.188477818634361,0.));
#2753=CARTESIAN_POINT('',(-0.141321778297424,-0.188477818634361,-1.46367293285543E-18));
#2754=CARTESIAN_POINT('',(-0.141321778297424,-0.192140142159923,0.));
#2755=CARTESIAN_POINT('',(-0.141321778297424,-0.199477818634361,0.));
#2756=CARTESIAN_POINT('',(-0.137321778297424,-0.199477818634361,0.));
#2757=CARTESIAN_POINT('',(-0.137321778297424,-0.203477818634361,0.));
#2758=CARTESIAN_POINT('',(-0.0985518490149884,-0.203477818634361,0.));
#2759=CARTESIAN_POINT('',(-0.0588217782974243,-0.203477818634361,0.));
#2760=CARTESIAN_POINT('',(-0.0588217782974243,-0.199477818634361,0.));
#2761=CARTESIAN_POINT('',(-0.0548217782974243,-0.199477818634361,0.));
#2762=CARTESIAN_POINT('',(-0.0548217782974243,-0.192140142159923,0.));
#2763=CARTESIAN_POINT('',(-0.0548217782974243,-0.162477818634361,0.));
#2764=CARTESIAN_POINT('',(-0.0588217782974243,-0.162477818634361,0.));
#2765=CARTESIAN_POINT('',(-0.0588217782974243,-0.158477818634361,0.));
#2766=CARTESIAN_POINT('',(-0.0985518490149884,-0.158477818634361,0.));
#2767=CARTESIAN_POINT('',(-0.137321778297424,-0.158477818634361,0.));
#2768=CARTESIAN_POINT('',(-0.137321778297424,-0.162477818634361,0.));
#2769=CARTESIAN_POINT('',(-0.141321778297424,-0.162477818634361,0.));
#2770=CARTESIAN_POINT('',(-0.141321778297424,-0.192140142159923,0.));
#2771=CARTESIAN_POINT('',(-0.0973668267260157,-0.19366886380601,0.));
#2772=CARTESIAN_POINT('',(-0.124866826726016,-0.19366886380601,0.));
#2773=CARTESIAN_POINT('',(-0.0698668267260157,-0.19366886380601,0.));
#2774=CARTESIAN_POINT('',(-0.124866826726016,-0.175168863806009,0.));
#2775=CARTESIAN_POINT('',(-0.124866826726016,-0.16616886380601,0.));
#2776=CARTESIAN_POINT('',(-0.0973668267260157,-0.16616886380601,0.));
#2777=CARTESIAN_POINT('',(-0.0698668267260157,-0.16616886380601,0.));
#2778=CARTESIAN_POINT('',(-0.0698668267260157,-0.179918863806009,0.));
#2779=CARTESIAN_POINT('',(-0.0985518490149884,-0.202977818634361,0.));
#2780=CARTESIAN_POINT('',(-0.0714467782974243,-0.202977818634361,0.));
#2781=CARTESIAN_POINT('',(-0.0814467782974243,-0.202977818634361,0.));
#2782=CARTESIAN_POINT('',(-0.0814467782974243,-0.201727818634361,0.));
#2783=CARTESIAN_POINT('',(-0.0814467782974243,-0.199177818634361,0.));
#2784=CARTESIAN_POINT('',(-0.0985518490149884,-0.199177818634361,0.));
#2785=CARTESIAN_POINT('',(-0.0714467782974243,-0.199177818634361,0.));
#2786=CARTESIAN_POINT('',(-0.0714467782974243,-0.201727818634361,0.));
#2787=CARTESIAN_POINT('',(-0.0985517508699522,-0.202977822980969,0.));
#2788=CARTESIAN_POINT('',(-0.0930717782974243,-0.202977773354843,0.));
#2789=CARTESIAN_POINT('',(-0.103071778297424,-0.20297786391392,0.));
#2790=CARTESIAN_POINT('',(-0.103071778297424,-0.201727863913899,0.));
#2791=CARTESIAN_POINT('',(-0.103071778297424,-0.199177863913825,0.));
#2792=CARTESIAN_POINT('',(-0.0985517852824011,-0.199177822981186,0.));
#2793=CARTESIAN_POINT('',(-0.0930717782974243,-0.199177773354749,0.));
#2794=CARTESIAN_POINT('',(-0.0930717782974243,-0.201727773354823,0.));
#2795=CARTESIAN_POINT('',(-0.0575717782974243,-0.188477818634361,0.));
#2796=CARTESIAN_POINT('',(-0.0550217782974243,-0.188477818634361,0.));
#2797=CARTESIAN_POINT('',(-0.0588217782974243,-0.188477818634361,0.));
#2798=CARTESIAN_POINT('',(-0.0588217782974243,-0.173477818634361,0.));
#2799=CARTESIAN_POINT('',(-0.0588217782974243,-0.173477818634361,0.));
#2800=CARTESIAN_POINT('',(-0.0575717782974243,-0.173477818634361,0.));
#2801=CARTESIAN_POINT('',(-0.0550217782974243,-0.173477818634361,0.));
#2802=CARTESIAN_POINT('',(-0.0550217782974243,-0.192140142159923,0.));
#2803=CARTESIAN_POINT('',(-0.124866826726016,-0.175168863806009,-0.0204));
#2804=CARTESIAN_POINT('',(-0.124866826726016,-0.19366886380601,-0.0204));
#2805=CARTESIAN_POINT('',(-0.124866826726016,-0.19366886380601,-0.0175));
#2806=CARTESIAN_POINT('',(-0.124866826726016,-0.192140142159923,-0.0175));
#2807=CARTESIAN_POINT('',(-0.124866826726016,-0.16616886380601,-0.0175));
#2808=CARTESIAN_POINT('',(-0.124866826726016,-0.16616886380601,-0.0204));
#2809=CARTESIAN_POINT('',(-0.0985518490149884,-0.192140142159923,-0.02));
#2810=CARTESIAN_POINT('',(-0.1361170394209,-0.192140142159923,-0.02));
#2811=CARTESIAN_POINT('',(-0.1361170394209,-0.198273079757837,-0.02));
#2812=CARTESIAN_POINT('',(-0.1361170394209,-0.163682557510885,-0.02));
#2813=CARTESIAN_POINT('',(-0.0588217782974243,-0.163682557510885,-0.02));
#2814=CARTESIAN_POINT('',(-0.0600265171739482,-0.163682557510885,-0.02));
#2815=CARTESIAN_POINT('',(-0.0600265171739482,-0.199477818634361,-0.02));
#2816=CARTESIAN_POINT('',(-0.0600265171739482,-0.198273079757837,-0.02));
#2817=CARTESIAN_POINT('',(-0.0985518490149884,-0.198273079757837,-0.02));
#2818=CARTESIAN_POINT('',(-0.129866826726016,-0.179918863806009,-0.02));
#2819=CARTESIAN_POINT('',(-0.129866826726016,-0.19366886380601,-0.02));
#2820=CARTESIAN_POINT('',(-0.129866826726016,-0.16616886380601,-0.02));
#2821=CARTESIAN_POINT('',(-0.0985518490149884,-0.19366886380601,-0.02));
#2822=CARTESIAN_POINT('',(-0.0648668267260157,-0.19366886380601,-0.02));
#2823=CARTESIAN_POINT('',(-0.0648668267260157,-0.179918863806009,-0.02));
#2824=CARTESIAN_POINT('',(-0.0648668267260157,-0.16616886380601,-0.02));
#2825=CARTESIAN_POINT('',(-0.0985518490149884,-0.16616886380601,-0.02));
#2826=CARTESIAN_POINT('',(-0.141321778297424,-0.192140142159923,0.));
#2827=CARTESIAN_POINT('',(-0.140522302103236,-0.174692714957884,-0.00453405480531751));
#2828=CARTESIAN_POINT('',(-0.140924892325659,-0.174080932662596,-0.00225085219613156));
#2829=CARTESIAN_POINT('',(-0.141321778297424,-0.162477818634361,0.));
#2830=CARTESIAN_POINT('',(-0.138086654926925,-0.162477818634361,-0.0183472963553339));
#2831=CARTESIAN_POINT('',(-0.138086654926925,-0.192140142159923,-0.0183472963553339));
#2832=CARTESIAN_POINT('',(-0.138086654926925,-0.199477818634361,-0.0183472963553339));
#2833=CARTESIAN_POINT('',(-0.141321778297424,-0.199477818634361,0.));
#2834=CARTESIAN_POINT('',(-0.141478668754826,-0.188716231786971,0.000889769998733377));
#2835=CARTESIAN_POINT('',(-0.140924892325659,-0.187874704606125,-0.00225085219613156));
#2836=CARTESIAN_POINT('',(-0.140924892325659,-0.192140142159923,-0.00225085219613156));
#2837=CARTESIAN_POINT('',(-0.0985518490149884,-0.158477818634361,0.));
#2838=CARTESIAN_POINT('',(-0.0588217782974243,-0.158477818634361,0.));
#2839=CARTESIAN_POINT('',(-0.0588217782974243,-0.16171294200486,-0.018347296355329));
#2840=CARTESIAN_POINT('',(-0.137321778297424,-0.16171294200486,-0.0183472963553339));
#2841=CARTESIAN_POINT('',(-0.137321778297424,-0.16171294200486,-0.0183472963553339));
#2842=CARTESIAN_POINT('',(-0.137321778297424,-0.158477818634361,0.));
#2843=CARTESIAN_POINT('',(-0.0548217782974243,-0.192140142159923,0.));
#2844=CARTESIAN_POINT('',(-0.0548217782974243,-0.199477818634361,-3.88549577896259E-19));
#2845=CARTESIAN_POINT('',(-0.0580569016679224,-0.199477818634361,-0.0183472963553264));
#2846=CARTESIAN_POINT('',(-0.0580569016679238,-0.162477818634361,-0.0183472963553339));
#2847=CARTESIAN_POINT('',(-0.0580569016679238,-0.162477818634361,-0.0183472963553339));
#2848=CARTESIAN_POINT('',(-0.0548217782974243,-0.162477818634361,-7.44073257149716E-19));
#2849=CARTESIAN_POINT('',(-0.0985518490149884,-0.203477818634361,0.));
#2850=CARTESIAN_POINT('',(-0.137321778297424,-0.203477818634361,0.));
#2851=CARTESIAN_POINT('',(-0.137321778297424,-0.200242695263861,-0.0183472963553346));
#2852=CARTESIAN_POINT('',(-0.0985518490149884,-0.200242695263861,-0.0183472963553339));
#2853=CARTESIAN_POINT('',(-0.0588217782974243,-0.200242695263861,-0.0183472963553339));
#2854=CARTESIAN_POINT('',(-0.0588217782974243,-0.203477818634361,0.));
#2855=CARTESIAN_POINT('',(-0.137321778297424,-0.199477818634361,0.));
#2856=CARTESIAN_POINT('',(-0.138086654926925,-0.199477818634361,-0.0183472963553339));
#2857=CARTESIAN_POINT('',(-0.138074075287816,-0.199895002709442,-0.01841863903391));
#2858=CARTESIAN_POINT('',(-0.137739031435148,-0.200230113542259,-0.0184186508443175));
#2859=CARTESIAN_POINT('',(-0.137321778297424,-0.200242695263862,-0.0183472963553339));
#2860=CARTESIAN_POINT('',(-0.0588217782974243,-0.199477818634361,0.));
#2861=CARTESIAN_POINT('',(-0.0588217782974243,-0.200242695263862,-0.0183472963553339));
#2862=CARTESIAN_POINT('',(-0.0584045942223436,-0.200230115624753,-0.01841863903391));
#2863=CARTESIAN_POINT('',(-0.0580694833895262,-0.199895071772083,-0.0184186508443175));
#2864=CARTESIAN_POINT('',(-0.0580569016679237,-0.199477818634361,-0.0183472963553339));
#2865=CARTESIAN_POINT('',(-0.0588217782974243,-0.162477818634361,0.));
#2866=CARTESIAN_POINT('',(-0.0580569016679237,-0.162477818634361,-0.0183472963553339));
#2867=CARTESIAN_POINT('',(-0.0580694813070304,-0.162060634559359,-0.0184186390338966));
#2868=CARTESIAN_POINT('',(-0.0584045251596235,-0.161725523726465,-0.0184186508443308));
#2869=CARTESIAN_POINT('',(-0.0588217782974243,-0.16171294200486,-0.0183472963553339));
#2870=CARTESIAN_POINT('',(-0.137321778297424,-0.162477818634361,0.));
#2871=CARTESIAN_POINT('',(-0.137321778297424,-0.16171294200486,-0.0183472963553339));
#2872=CARTESIAN_POINT('',(-0.137738962372506,-0.161725521643969,-0.01841863903391));
#2873=CARTESIAN_POINT('',(-0.138074073205322,-0.162060565496639,-0.0184186508443175));
#2874=CARTESIAN_POINT('',(-0.138086654926925,-0.162477818634361,-0.0183472963553339));
#2875=CARTESIAN_POINT('',(-0.0973668267260157,-0.19366886380601,-0.0204));
#2876=CARTESIAN_POINT('',(-0.129866826726016,-0.19366886380601,-0.0175));
#2877=CARTESIAN_POINT('',(-0.129866826726016,-0.19366886380601,-0.0175));
#2878=CARTESIAN_POINT('',(-0.127366826726016,-0.19366886380601,-0.0175));
#2879=CARTESIAN_POINT('',(-0.0698668267260157,-0.19366886380601,-0.0204));
#2880=CARTESIAN_POINT('',(-0.0698668267260157,-0.19366886380601,-0.0175));
#2881=CARTESIAN_POINT('',(-0.0673668267260157,-0.19366886380601,-0.0175));
#2882=CARTESIAN_POINT('',(-0.0648668267260157,-0.19366886380601,-0.0175));
#2883=CARTESIAN_POINT('',(-0.0648668267260157,-0.19366886380601,-0.0175));
#2884=CARTESIAN_POINT('',(-0.0698668267260157,-0.179918863806009,-0.0204));
#2885=CARTESIAN_POINT('',(-0.0698668267260157,-0.192140142159923,-0.0175));
#2886=CARTESIAN_POINT('',(-0.0698668267260157,-0.16616886380601,-0.0175));
#2887=CARTESIAN_POINT('',(-0.0698668267260157,-0.16616886380601,-0.0204));
#2888=CARTESIAN_POINT('',(-0.0973668267260157,-0.16616886380601,-0.0204));
#2889=CARTESIAN_POINT('',(-0.0648668267260157,-0.16616886380601,-0.0175));
#2890=CARTESIAN_POINT('',(-0.0648668267260157,-0.16616886380601,-0.0175));
#2891=CARTESIAN_POINT('',(-0.0673668267260157,-0.16616886380601,-0.0175));
#2892=CARTESIAN_POINT('',(-0.127366826726016,-0.16616886380601,-0.0175));
#2893=CARTESIAN_POINT('',(-0.129866826726016,-0.16616886380601,-0.0175));
#2894=CARTESIAN_POINT('',(-0.129866826726016,-0.16616886380601,-0.0175));
#2895=CARTESIAN_POINT('',(-0.0648668267260157,-0.179918863806009,-0.0175));
#2896=CARTESIAN_POINT('',(-0.0648668267260157,-0.179918863806009,-0.0175));
#2897=CARTESIAN_POINT('',(-0.0980717782974243,-0.180977818634361,-0.0175));
#2898=CARTESIAN_POINT('',(-0.0673668267260157,-0.16866886380601,-0.0175));
#2899=CARTESIAN_POINT('',(-0.0655418267260157,-0.16866886380601,-0.0175));
#2900=CARTESIAN_POINT('',(-0.0673668267260157,-0.19116886380601,-0.0175));
#2901=CARTESIAN_POINT('',(-0.0655418267260157,-0.19116886380601,-0.0175));
#2902=CARTESIAN_POINT('',(-0.129866826726016,-0.179918863806009,-0.0175));
#2903=CARTESIAN_POINT('',(-0.129866826726016,-0.179918863806009,-0.0175));
#2904=CARTESIAN_POINT('',(-0.0980717782974243,-0.180977818634361,-0.0175));
#2905=CARTESIAN_POINT('',(-0.127366826726016,-0.19116886380601,-0.0175));
#2906=CARTESIAN_POINT('',(-0.125541826726016,-0.19116886380601,-0.0175));
#2907=CARTESIAN_POINT('',(-0.127366826726016,-0.16866886380601,-0.0175));
#2908=CARTESIAN_POINT('',(-0.125541826726016,-0.16866886380601,-0.0175));
#2909=CARTESIAN_POINT('',(-0.125541826726016,-0.16866886380601,-0.0135));
#2910=CARTESIAN_POINT('',(-0.127366826726016,-0.16866886380601,-0.0135));
#2911=CARTESIAN_POINT('',(-0.125541826726016,-0.16866886380601,-0.0135));
#2912=CARTESIAN_POINT('',(-0.127366826726016,-0.16866886380601,-0.02));
#2913=CARTESIAN_POINT('',(-0.125541826726016,-0.19116886380601,-0.0135));
#2914=CARTESIAN_POINT('',(-0.127366826726016,-0.19116886380601,-0.0135));
#2915=CARTESIAN_POINT('',(-0.125541826726016,-0.19116886380601,-0.0135));
#2916=CARTESIAN_POINT('',(-0.127366826726016,-0.19116886380601,-0.02));
#2917=CARTESIAN_POINT('',(-0.0655418267260157,-0.19116886380601,-0.0135));
#2918=CARTESIAN_POINT('',(-0.0673668267260157,-0.19116886380601,-0.0135));
#2919=CARTESIAN_POINT('',(-0.0655418267260157,-0.19116886380601,-0.0135));
#2920=CARTESIAN_POINT('',(-0.0673668267260157,-0.19116886380601,-0.02));
#2921=CARTESIAN_POINT('',(-0.0655418267260157,-0.16866886380601,-0.0135));
#2922=CARTESIAN_POINT('',(-0.0673668267260157,-0.16866886380601,-0.0135));
#2923=CARTESIAN_POINT('',(-0.0655418267260157,-0.16866886380601,-0.0135));
#2924=CARTESIAN_POINT('',(-0.0673668267260157,-0.16866886380601,-0.02));
#2925=CARTESIAN_POINT('',(-0.0588217782974243,-0.200242695263861,-0.0183472963553339));
#2926=CARTESIAN_POINT('',(-0.058815630377095,-0.200242509881381,-0.01834834771163));
#2927=CARTESIAN_POINT('',(-0.0588094823407665,-0.200242251662568,-0.0183493862453695));
#2928=CARTESIAN_POINT('',(-0.0587603109808824,-0.200239605125811,-0.0183575898269596));
#2929=CARTESIAN_POINT('',(-0.0586682843971111,-0.200227020049768,-0.0183715975081601));
#2930=CARTESIAN_POINT('',(-0.0585793499292765,-0.200198475287243,-0.0183822458425634));
#2931=CARTESIAN_POINT('',(-0.0584423542637692,-0.200139550377839,-0.0183960118232685));
#2932=CARTESIAN_POINT('',(-0.0583582005074016,-0.200082595920486,-0.0184008077935412));
#2933=CARTESIAN_POINT('',(-0.0582170010123194,-0.199941396425699,-0.0184008077935934));
#2934=CARTESIAN_POINT('',(-0.0581600465549942,-0.199857242669799,-0.0183960118233981));
#2935=CARTESIAN_POINT('',(-0.0581011216452307,-0.199720247004436,-0.0183822458427818));
#2936=CARTESIAN_POINT('',(-0.0580782858362292,-0.199649099473275,-0.0183737271826806));
#2937=CARTESIAN_POINT('',(-0.0580625088230073,-0.199557691325467,-0.0183603913730714));
#2938=CARTESIAN_POINT('',(-0.0580586685386984,-0.199514700306965,-0.0183534880423186));
#2939=CARTESIAN_POINT('',(-0.0580573452696325,-0.199490114604717,-0.0183493862477118));
#2940=CARTESIAN_POINT('',(-0.0580570870506253,-0.199483966561992,-0.0183483477128786));
#2941=CARTESIAN_POINT('',(-0.0580569016679238,-0.199477818634361,-0.0183472963553339));
#2942=CARTESIAN_POINT('',(-0.058821778283049,-0.200233119734919,-0.0184016018785407));
#2943=CARTESIAN_POINT('',(-0.0588157318872772,-0.20023288201368,-0.0184027825587645));
#2944=CARTESIAN_POINT('',(-0.0588096777127672,-0.200232679060975,-0.0184036733958225));
#2945=CARTESIAN_POINT('',(-0.05876127736238,-0.200230062548736,-0.018411807546241));
#2946=CARTESIAN_POINT('',(-0.0586706002444964,-0.200217690759948,-0.018425711749369));
#2947=CARTESIAN_POINT('',(-0.0585827949341344,-0.200189566802808,-0.018436276763161));
#2948=CARTESIAN_POINT('',(-0.0584474372331848,-0.200131406907872,-0.0184499384742822));
#2949=CARTESIAN_POINT('',(-0.0583641657854058,-0.200075121827737,-0.0184547023827624));
#2950=CARTESIAN_POINT('',(-0.0582244751050734,-0.199935431147702,-0.0184547023828137));
#2951=CARTESIAN_POINT('',(-0.0581681900241419,-0.199852159700488,-0.0184499384745515));
#2952=CARTESIAN_POINT('',(-0.0581100301300783,-0.199716801999537,-0.01843627676331));
#2953=CARTESIAN_POINT('',(-0.0580875308932729,-0.199646558218389,-0.0184278234148401));
#2954=CARTESIAN_POINT('',(-0.0580720087952045,-0.199556454471062,-0.0184145900952274));
#2955=CARTESIAN_POINT('',(-0.0580682261273454,-0.199514119430396,-0.018407740477308));
#2956=CARTESIAN_POINT('',(-0.0580669178709077,-0.199489919232664,-0.0184036733982204));
#2957=CARTESIAN_POINT('',(-0.0580667149183434,-0.199483865051566,-0.0184027825599806));
#2958=CARTESIAN_POINT('',(-0.0580664771968666,-0.199477818648736,-0.0184016018785408));
#2959=CARTESIAN_POINT('',(-0.058823658796725,-0.20022083921577,-0.0184575681753451));
#2960=CARTESIAN_POINT('',(-0.0588177135972256,-0.200220535075491,-0.0184588775592125));
#2961=CARTESIAN_POINT('',(-0.0588117576366157,-0.200220320698225,-0.0184597574828617));
#2962=CARTESIAN_POINT('',(-0.0587641593449557,-0.200217416416984,-0.0184683516153063));
#2963=CARTESIAN_POINT('',(-0.0586750205556538,-0.200204710602456,-0.0184830163757151));
#2964=CARTESIAN_POINT('',(-0.0585887215106839,-0.200176656826663,-0.018494119238309));
#2965=CARTESIAN_POINT('',(-0.0584556597585359,-0.200118938976325,-0.018508471234611));
#2966=CARTESIAN_POINT('',(-0.0583737675471936,-0.200063406806641,-0.0185134688875698));
#2967=CARTESIAN_POINT('',(-0.0582361901358216,-0.19992582939818,-0.018513468888675));
#2968=CARTESIAN_POINT('',(-0.0581806579626681,-0.199843937187724,-0.0185084712370159));
#2969=CARTESIAN_POINT('',(-0.0581229401105716,-0.199710875433156,-0.0184941192408491));
#2970=CARTESIAN_POINT('',(-0.0581004969811201,-0.199641836871779,-0.0184852349403382));
#2971=CARTESIAN_POINT('',(-0.0580847217592677,-0.199553264533804,-0.0184712871257752));
#2972=CARTESIAN_POINT('',(-0.0580807283745953,-0.199511638477223,-0.0184640545557467));
#2973=CARTESIAN_POINT('',(-0.0580792762336021,-0.199487839308687,-0.0184597574853892));
#2974=CARTESIAN_POINT('',(-0.0580790618565903,-0.199481883341422,-0.0184588775604612));
#2975=CARTESIAN_POINT('',(-0.0580787577160153,-0.199475938135061,-0.0184575681753451));
#2976=CARTESIAN_POINT('',(-0.0588314642903068,-0.200190762384444,-0.018570640466349));
#2977=CARTESIAN_POINT('',(-0.0588258297515102,-0.200190312376682,-0.0185721663281758));
#2978=CARTESIAN_POINT('',(-0.0588201808707992,-0.200189994786532,-0.0185731559040517));
#2979=CARTESIAN_POINT('',(-0.0587750401633959,-0.200186129681031,-0.0185830209800446));
#2980=CARTESIAN_POINT('',(-0.0586903866789584,-0.200171936053491,-0.0185997725991133));
#2981=CARTESIAN_POINT('',(-0.0586081197252974,-0.200143214460396,-0.0186123563968889));
#2982=CARTESIAN_POINT('',(-0.0584809493715443,-0.200085287015216,-0.0186286068274179));
#2983=CARTESIAN_POINT('',(-0.0584022231223675,-0.200030774257409,-0.0186342452075469));
#2984=CARTESIAN_POINT('',(-0.0582688226878679,-0.199897373825355,-0.0186342452097196));
#2985=CARTESIAN_POINT('',(-0.0582143099261737,-0.199818647576289,-0.0186286068318823));
#2986=CARTESIAN_POINT('',(-0.0581563824790853,-0.199691477219042,-0.0186123564017045));
#2987=CARTESIAN_POINT('',(-0.058133405068089,-0.199625664481171,-0.0186022868472109));
#2988=CARTESIAN_POINT('',(-0.0581163060780978,-0.199541486426218,-0.0185863744986473));
#2989=CARTESIAN_POINT('',(-0.0581115346983877,-0.199501986444231,-0.0185780884482705));
#2990=CARTESIAN_POINT('',(-0.0581096021452467,-0.199479416071911,-0.0185731559063938));
#2991=CARTESIAN_POINT('',(-0.0581092845554378,-0.199473767185673,-0.0185721663292974));
#2992=CARTESIAN_POINT('',(-0.0581088345473407,-0.199468132641478,-0.0185706404663489));
#2993=CARTESIAN_POINT('',(-0.0588373892702127,-0.200172966072268,-0.0186277464605485));
#2994=CARTESIAN_POINT('',(-0.0588319308838839,-0.200172435153055,-0.0186293643622895));
#2995=CARTESIAN_POINT('',(-0.0588264586210677,-0.200172024877792,-0.0186304787027495));
#2996=CARTESIAN_POINT('',(-0.0587827237614721,-0.200167483868769,-0.0186411877986606));
#2997=CARTESIAN_POINT('',(-0.0587006581383987,-0.200152187892498,-0.0186593207054128));
#2998=CARTESIAN_POINT('',(-0.0586207514179938,-0.200122861293163,-0.0186728875797115));
#2999=CARTESIAN_POINT('',(-0.0584970375827065,-0.20006452546687,-0.0186903973467495));
#3000=CARTESIAN_POINT('',(-0.0584201734613465,-0.200010482009998,-0.0186964597721898));
#3001=CARTESIAN_POINT('',(-0.0582891149346768,-0.199879423484843,-0.0186964597746784));
#3002=CARTESIAN_POINT('',(-0.0582350714744932,-0.19980255936296,-0.018690397351742));
#3003=CARTESIAN_POINT('',(-0.0581767356465425,-0.1996788455241,-0.0186728875851293));
#3004=CARTESIAN_POINT('',(-0.0581532742395337,-0.199614920914591,-0.0186620317365511));
#3005=CARTESIAN_POINT('',(-0.0581351723536202,-0.199533285320011,-0.0186448173615907));
#3006=CARTESIAN_POINT('',(-0.0581298425590021,-0.19949500576498,-0.0186358332563115));
#3007=CARTESIAN_POINT('',(-0.0581275720540322,-0.199473138319744,-0.0186304787048506));
#3008=CARTESIAN_POINT('',(-0.0581271617790656,-0.199467666052318,-0.0186293643632888));
#3009=CARTESIAN_POINT('',(-0.0581266308595175,-0.199462207661572,-0.0186277464605484));
#3010=CARTESIAN_POINT('',(-0.0588535671063816,-0.20013175184227,-0.0187409162965424));
#3011=CARTESIAN_POINT('',(-0.0588484352086918,-0.200131048882053,-0.0187426866255409));
#3012=CARTESIAN_POINT('',(-0.0588432935590537,-0.200130417752554,-0.0187440880871493));
#3013=CARTESIAN_POINT('',(-0.0588021942452844,-0.20012435680878,-0.0187565078383521));
#3014=CARTESIAN_POINT('',(-0.0587251275187199,-0.200106668575522,-0.0187774379349269));
#3015=CARTESIAN_POINT('',(-0.0586500251290649,-0.200076178532213,-0.018792998152097));
#3016=CARTESIAN_POINT('',(-0.0585335062227056,-0.200017251662168,-0.0188130607997146));
#3017=CARTESIAN_POINT('',(-0.0584607474184109,-0.199964489631374,-0.0188199820442554));
#3018=CARTESIAN_POINT('',(-0.0583351073105842,-0.199838849523828,-0.0188199820465552));
#3019=CARTESIAN_POINT('',(-0.0582823452776156,-0.199766090718136,-0.0188130608040877));
#3020=CARTESIAN_POINT('',(-0.0582234184062904,-0.199649571808496,-0.0187929981567878));
#3021=CARTESIAN_POINT('',(-0.0581990262803048,-0.199589490441251,-0.0187805483044714));
#3022=CARTESIAN_POINT('',(-0.0581787778381514,-0.19951281533024,-0.0187606959870789));
#3023=CARTESIAN_POINT('',(-0.0581722096516492,-0.199476853043955,-0.0187502979665223));
#3024=CARTESIAN_POINT('',(-0.0581691791793169,-0.199456303377999,-0.0187440880885542));
#3025=CARTESIAN_POINT('',(-0.0581685480500012,-0.199451161725623,-0.0187426866262019));
#3026=CARTESIAN_POINT('',(-0.0581678450895158,-0.199446029825404,-0.0187409162965424));
#3027=CARTESIAN_POINT('',(-0.0588638126333109,-0.200108350445732,-0.0187969201356721));
#3028=CARTESIAN_POINT('',(-0.0588588337089687,-0.200107559322018,-0.0187987471355605));
#3029=CARTESIAN_POINT('',(-0.0588538485607898,-0.200106802853313,-0.0188003072953492));
#3030=CARTESIAN_POINT('',(-0.0588139979798347,-0.200099919461919,-0.0188135648794108));
#3031=CARTESIAN_POINT('',(-0.0587393646618764,-0.200080967933262,-0.0188358629707211));
#3032=CARTESIAN_POINT('',(-0.0586667067813641,-0.200049922946955,-0.0188523986124993));
#3033=CARTESIAN_POINT('',(-0.0585539146147139,-0.199990805689793,-0.0188737102067653));
#3034=CARTESIAN_POINT('',(-0.0584833747799777,-0.199938832879737,-0.0188810513592973));
#3035=CARTESIAN_POINT('',(-0.0583607640593073,-0.199816222158733,-0.0188810513611144));
#3036=CARTESIAN_POINT('',(-0.058308791247876,-0.199745682322283,-0.018873710210034));
#3037=CARTESIAN_POINT('',(-0.0582496739898547,-0.199632890152905,-0.0188523986159124));
#3038=CARTESIAN_POINT('',(-0.0582248379368291,-0.199574764229044,-0.0188391689273328));
#3039=CARTESIAN_POINT('',(-0.0582034678236913,-0.199500525122711,-0.0188180259881562));
#3040=CARTESIAN_POINT('',(-0.0581962357746118,-0.199465673670537,-0.0188069360899476));
#3041=CARTESIAN_POINT('',(-0.0581927940785566,-0.199445748374327,-0.018800307296304));
#3042=CARTESIAN_POINT('',(-0.0581920376099675,-0.199440763224401,-0.0187987471360078));
#3043=CARTESIAN_POINT('',(-0.0581912464860529,-0.199435784298474,-0.0187969201356721));
#3044=CARTESIAN_POINT('',(-0.0588879858836186,-0.200057068698043,-0.0189059183552076));
#3045=CARTESIAN_POINT('',(-0.0588832801752748,-0.200056101800304,-0.0189078279220025));
#3046=CARTESIAN_POINT('',(-0.0588785751263403,-0.200055109694946,-0.0189096409152438));
#3047=CARTESIAN_POINT('',(-0.0588409675938274,-0.200046657908528,-0.0189242033237401));
#3048=CARTESIAN_POINT('',(-0.0587707946978506,-0.200025443639988,-0.0189486326203343));
#3049=CARTESIAN_POINT('',(-0.0587027727524468,-0.199993671234083,-0.0189666895124838));
#3050=CARTESIAN_POINT('',(-0.0585971660037925,-0.199934755450158,-0.0189899487630622));
#3051=CARTESIAN_POINT('',(-0.0585310767215698,-0.199884714273269,-0.0189979443544591));
#3052=CARTESIAN_POINT('',(-0.0584148826609678,-0.199768520212113,-0.0189979443552151));
#3053=CARTESIAN_POINT('',(-0.0583648414836111,-0.19970243092805,-0.0189899487639919));
#3054=CARTESIAN_POINT('',(-0.0583059256992733,-0.19959682417766,-0.0189666895131846));
#3055=CARTESIAN_POINT('',(-0.0582805077561599,-0.19954240672947,-0.0189522436635278));
#3056=CARTESIAN_POINT('',(-0.0582571818906708,-0.199472663774126,-0.0189290896085314));
#3057=CARTESIAN_POINT('',(-0.0582487131301468,-0.199439825573076,-0.0189169221200109));
#3058=CARTESIAN_POINT('',(-0.0582444872368517,-0.199421021805957,-0.0189096409154379));
#3059=CARTESIAN_POINT('',(-0.0582434951315325,-0.199416316756735,-0.0189078279220891));
#3060=CARTESIAN_POINT('',(-0.0582425282337423,-0.199411611048166,-0.0189059183552076));
#3061=CARTESIAN_POINT('',(-0.0589019136069971,-0.20002918834689,-0.0189589127356134));
#3062=CARTESIAN_POINT('',(-0.0588973192264939,-0.200028130817891,-0.0189608511127093));
#3063=CARTESIAN_POINT('',(-0.0588927291863216,-0.200027025628047,-0.0189627611099721));
#3064=CARTESIAN_POINT('',(-0.0588560497936141,-0.200017807397508,-0.0189778130957542));
#3065=CARTESIAN_POINT('',(-0.0587878131210938,-0.199995578873018,-0.0190030431698954));
#3066=CARTESIAN_POINT('',(-0.0587219493784704,-0.199963656024542,-0.0190216732093333));
#3067=CARTESIAN_POINT('',(-0.0586197838471094,-0.199905185369337,-0.0190456661411823));
#3068=CARTESIAN_POINT('',(-0.0585559621019838,-0.199856346135674,-0.0190539079207459));
#3069=CARTESIAN_POINT('',(-0.058443250798804,-0.199743634832798,-0.0190539079211311));
#3070=CARTESIAN_POINT('',(-0.0583944115643526,-0.199679813086059,-0.0190456661412922));
#3071=CARTESIAN_POINT('',(-0.0583359409080791,-0.199577647552897,-0.0190216732090923));
#3072=CARTESIAN_POINT('',(-0.0583104026287933,-0.199524956558053,-0.019006769177382));
#3073=CARTESIAN_POINT('',(-0.058286235239179,-0.199457194471637,-0.0189828591102572));
#3074=CARTESIAN_POINT('',(-0.0582771804189763,-0.199425207441229,-0.018970287102682));
#3075=CARTESIAN_POINT('',(-0.058272571303722,-0.199406867745248,-0.0189627611099061));
#3076=CARTESIAN_POINT('',(-0.058271466113885,-0.199402277705178,-0.0189608511126748));
#3077=CARTESIAN_POINT('',(-0.0582704085848945,-0.199397683324788,-0.0189589127356133));
#3078=CARTESIAN_POINT('',(-0.0589258579708032,-0.199983378377954,-0.0190372629813782));
#3079=CARTESIAN_POINT('',(-0.0589214632133792,-0.19998219670286,-0.0190392127988137));
#3080=CARTESIAN_POINT('',(-0.0589170738361292,-0.19998097346566,-0.0190411340576596));
#3081=CARTESIAN_POINT('',(-0.0588820071732229,-0.199970858753829,-0.0190562747060574));
#3082=CARTESIAN_POINT('',(-0.0588168918408792,-0.199947577982447,-0.0190816522531958));
#3083=CARTESIAN_POINT('',(-0.0587541826306119,-0.199915774330164,-0.0191003895455461));
#3084=CARTESIAN_POINT('',(-0.0586569213491234,-0.199858322694457,-0.0191245197609882));
#3085=CARTESIAN_POINT('',(-0.0585961784347166,-0.199811267214578,-0.0191328073015249));
#3086=CARTESIAN_POINT('',(-0.0584883297165006,-0.199703418496337,-0.0191328073013966));
#3087=CARTESIAN_POINT('',(-0.0584412742362942,-0.199642675580449,-0.0191245197600712));
#3088=CARTESIAN_POINT('',(-0.0583838226004716,-0.199545414297988,-0.0191003895440857));
#3089=CARTESIAN_POINT('',(-0.0583583796786821,-0.199495246929601,-0.0190853997100936));
#3090=CARTESIAN_POINT('',(-0.0583333943315489,-0.199430612822852,-0.019061350214455));
#3091=CARTESIAN_POINT('',(-0.0583236808216896,-0.199400056425971,-0.019048704381319));
#3092=CARTESIAN_POINT('',(-0.0583186234660017,-0.199382523095253,-0.0190411340574683));
#3093=CARTESIAN_POINT('',(-0.058317400228861,-0.199378133718198,-0.0190392127987149));
#3094=CARTESIAN_POINT('',(-0.0583162185538313,-0.199373738960982,-0.019037262981378));
#3095=CARTESIAN_POINT('',(-0.0589348104689447,-0.199966606521833,-0.0190644205355243));
#3096=CARTESIAN_POINT('',(-0.058930488434932,-0.199965382077297,-0.0190663686919421));
#3097=CARTESIAN_POINT('',(-0.0589261721149012,-0.199964118148619,-0.0190682882740948));
#3098=CARTESIAN_POINT('',(-0.0588916922641798,-0.199953694242854,-0.0190834154043548));
#3099=CARTESIAN_POINT('',(-0.0588277081065965,-0.19993004816767,-0.01910876623223));
#3100=CARTESIAN_POINT('',(-0.0587661340708791,-0.199898282443746,-0.0191274779615605));
#3101=CARTESIAN_POINT('',(-0.0586706318038782,-0.199841180707199,-0.0191515722592215));
#3102=CARTESIAN_POINT('',(-0.05861098521274,-0.199794744111809,-0.0191598424986384));
#3103=CARTESIAN_POINT('',(-0.0585048528192354,-0.199688611718474,-0.0191598424984849));
#3104=CARTESIAN_POINT('',(-0.0584584162235757,-0.199628965126225,-0.0191515722583878));
#3105=CARTESIAN_POINT('',(-0.0584013144869814,-0.199533462858481,-0.0191274779602744));
#3106=CARTESIAN_POINT('',(-0.0583759019079081,-0.199484203629767,-0.0191125085767257));
#3107=CARTESIAN_POINT('',(-0.0583506319033742,-0.199420701497453,-0.0190884855690381));
#3108=CARTESIAN_POINT('',(-0.0583406907357468,-0.199390664741371,-0.0190758518387588));
#3109=CARTESIAN_POINT('',(-0.0583354787830607,-0.199373424816574,-0.0190682882739296));
#3110=CARTESIAN_POINT('',(-0.0583342148544333,-0.199369108496693,-0.019066368691857));
#3111=CARTESIAN_POINT('',(-0.0583329904099522,-0.199364786462841,-0.0190644205355242));
#3112=CARTESIAN_POINT('',(-0.0589535895214042,-0.199932066528609,-0.0191175061260353));
#3113=CARTESIAN_POINT('',(-0.0589494227163436,-0.199930765143117,-0.0191194381928289));
#3114=CARTESIAN_POINT('',(-0.0589452619263647,-0.199929427990768,-0.0191213417910562));
#3115=CARTESIAN_POINT('',(-0.0589120281716016,-0.199918447586409,-0.0191363419683535));
#3116=CARTESIAN_POINT('',(-0.0588504047979409,-0.199894142517692,-0.0191614668139574));
#3117=CARTESIAN_POINT('',(-0.0587911348109241,-0.199862453497182,-0.0191799927346648));
#3118=CARTESIAN_POINT('',(-0.0586991643825469,-0.199806016356593,-0.0192038380073981));
#3119=CARTESIAN_POINT('',(-0.0586416661647617,-0.199760745319168,-0.0192120065886891));
#3120=CARTESIAN_POINT('',(-0.0585388516118853,-0.199657930767182,-0.0192120065885031));
#3121=CARTESIAN_POINT('',(-0.0584935805743647,-0.199600432549585,-0.0192038380069685));
#3122=CARTESIAN_POINT('',(-0.0584371434339234,-0.199508462121236,-0.0191799927341223));
#3123=CARTESIAN_POINT('',(-0.0584117922176627,-0.199461046131573,-0.019165171997563));
#3124=CARTESIAN_POINT('',(-0.0583860103588548,-0.199399893435091,-0.0191413669371443));
#3125=CARTESIAN_POINT('',(-0.0583756591430724,-0.199370951882887,-0.0191288418795355));
#3126=CARTESIAN_POINT('',(-0.0583701689409757,-0.199354335005449,-0.0191213417909966));
#3127=CARTESIAN_POINT('',(-0.0583688317886474,-0.199350174215456,-0.0191194381927983));
#3128=CARTESIAN_POINT('',(-0.0583675304031766,-0.199346007410381,-0.0191175061260351));
#3129=CARTESIAN_POINT('',(-0.0589634160757223,-0.199914298391505,-0.0191434341624001));
#3130=CARTESIAN_POINT('',(-0.058959334565928,-0.199912962660686,-0.0191453512646445));
#3131=CARTESIAN_POINT('',(-0.0589552589540445,-0.199911592764173,-0.019147240028071));
#3132=CARTESIAN_POINT('',(-0.0589227054647792,-0.199900363069445,-0.0191621226169868));
#3133=CARTESIAN_POINT('',(-0.0588623423735692,-0.199875756782363,-0.0191870412909464));
#3134=CARTESIAN_POINT('',(-0.0588042563785156,-0.199844093871438,-0.0192054019415889));
#3135=CARTESIAN_POINT('',(-0.0587140726316662,-0.199787949722382,-0.0192290276758662));
#3136=CARTESIAN_POINT('',(-0.058657621927415,-0.199743208967579,-0.019237109756383));
#3137=CARTESIAN_POINT('',(-0.0585563879631849,-0.199641975004565,-0.019237109756194));
#3138=CARTESIAN_POINT('',(-0.0585116472085361,-0.199585524301369,-0.0192290276757656));
#3139=CARTESIAN_POINT('',(-0.0584555030599015,-0.19949534055516,-0.0192054019416255));
#3140=CARTESIAN_POINT('',(-0.0584301727314188,-0.199448871759203,-0.0191907134211812));
#3141=CARTESIAN_POINT('',(-0.0584041551197567,-0.19938896408651,-0.0191671063518778));
#3142=CARTESIAN_POINT('',(-0.0583936190149972,-0.199360614723028,-0.0191546813225857));
#3143=CARTESIAN_POINT('',(-0.058388004167623,-0.199344337977972,-0.0191472400280918));
#3144=CARTESIAN_POINT('',(-0.0583866342711059,-0.199340262365976,-0.0191453512646553));
#3145=CARTESIAN_POINT('',(-0.0583852985402801,-0.199336180856063,-0.0191434341623998));
#3146=CARTESIAN_POINT('',(-0.0589941335712527,-0.199859585871487,-0.0192194097913585));
#3147=CARTESIAN_POINT('',(-0.0589903216241499,-0.19985816005624,-0.0192212651630678));
#3148=CARTESIAN_POINT('',(-0.058986514678924,-0.199856704254974,-0.0192230927858374));
#3149=CARTESIAN_POINT('',(-0.0589561028131587,-0.19984482049001,-0.0192374911558558));
#3150=CARTESIAN_POINT('',(-0.0588996540753949,-0.199819423148503,-0.0192615663153166));
#3151=CARTESIAN_POINT('',(-0.05884515899077,-0.199787848949521,-0.01927925832347));
#3152=CARTESIAN_POINT('',(-0.0587603407296828,-0.199732545710077,-0.0193019994213641));
#3153=CARTESIAN_POINT('',(-0.0587069603880412,-0.199689297522352,-0.0193097386664251));
#3154=CARTESIAN_POINT('',(-0.0586102994067506,-0.199592636543016,-0.0193097386661749));
#3155=CARTESIAN_POINT('',(-0.0585670512203668,-0.199539256205403,-0.0193019994223473));
#3156=CARTESIAN_POINT('',(-0.058511747982615,-0.199454437947291,-0.0192792583254718));
#3157=CARTESIAN_POINT('',(-0.0584864886241951,-0.199410841880311,-0.0192651047192506));
#3158=CARTESIAN_POINT('',(-0.0584598559111108,-0.199354783870845,-0.0192423061893222));
#3159=CARTESIAN_POINT('',(-0.058448834559885,-0.1993282881882,-0.0192302919716822));
#3160=CARTESIAN_POINT('',(-0.0584428926770291,-0.199313082253734,-0.0192230927861353));
#3161=CARTESIAN_POINT('',(-0.0584414368756592,-0.199309275308086,-0.0192212651632216));
#3162=CARTESIAN_POINT('',(-0.0584400110602979,-0.199305463360533,-0.0192194097913582));
#3163=CARTESIAN_POINT('',(-0.0590162623450412,-0.199821233379866,-0.0192676489038162));
#3164=CARTESIAN_POINT('',(-0.0590126406603677,-0.199819763526393,-0.0192694428085927));
#3165=CARTESIAN_POINT('',(-0.0590090229137885,-0.199818265800707,-0.0192712095918182));
#3166=CARTESIAN_POINT('',(-0.0589801158792044,-0.199806063544786,-0.0192851264311093));
#3167=CARTESIAN_POINT('',(-0.058926373751265,-0.199780290902961,-0.0193083667817999));
#3168=CARTESIAN_POINT('',(-0.0588742901862733,-0.199748815648852,-0.0193254026097654));
#3169=CARTESIAN_POINT('',(-0.0587930309823061,-0.199694074248918,-0.0193472782201635));
#3170=CARTESIAN_POINT('',(-0.0587416241796875,-0.199651738657814,-0.0193546863413));
#3171=CARTESIAN_POINT('',(-0.0586478582703482,-0.199557972750848,-0.0193546863411126));
#3172=CARTESIAN_POINT('',(-0.0586055226817239,-0.199506565954748,-0.019347278222344));
#3173=CARTESIAN_POINT('',(-0.0585507812845508,-0.199425306755682,-0.019325402613792));
#3174=CARTESIAN_POINT('',(-0.0585256010824051,-0.19938363990492,-0.0193117739519162));
#3175=CARTESIAN_POINT('',(-0.0584986879175876,-0.199330229485805,-0.0192897745042938));
#3176=CARTESIAN_POINT('',(-0.0584874322602716,-0.199305027539313,-0.0192781680130732));
#3177=CARTESIAN_POINT('',(-0.0584813311315259,-0.199290574019428,-0.019271209592391));
#3178=CARTESIAN_POINT('',(-0.0584798334056257,-0.199286956272156,-0.0192694428088884));
#3179=CARTESIAN_POINT('',(-0.0584783635519194,-0.199283334586744,-0.019267648903816));
#3180=CARTESIAN_POINT('',(-0.0590634301038137,-0.199741233774825,-0.0193594954298963));
#3181=CARTESIAN_POINT('',(-0.0590601544131193,-0.199739697674475,-0.0193611527075669));
#3182=CARTESIAN_POINT('',(-0.0590568813648075,-0.199738137880745,-0.0193627843324212));
#3183=CARTESIAN_POINT('',(-0.059030720957328,-0.199725472401148,-0.0193756319876503));
#3184=CARTESIAN_POINT('',(-0.0589819849178737,-0.199699268548867,-0.0193970262063909));
#3185=CARTESIAN_POINT('',(-0.0589344824041154,-0.199668277575463,-0.0194126212998791));
#3186=CARTESIAN_POINT('',(-0.0588600762618244,-0.199615071126961,-0.0194326016164462));
#3187=CARTESIAN_POINT('',(-0.0588126026732603,-0.199574772306552,-0.019439292716806));
#3188=CARTESIAN_POINT('',(-0.0587248246214111,-0.199486994257424,-0.0194392927167864));
#3189=CARTESIAN_POINT('',(-0.0586845258058849,-0.199439520679994,-0.019432601621106));
#3190=CARTESIAN_POINT('',(-0.0586313193620164,-0.199365114546004,-0.0194126213080558));
#3191=CARTESIAN_POINT('',(-0.0586065265849374,-0.199327112537048,-0.0194001452341482));
#3192=CARTESIAN_POINT('',(-0.0585793653064008,-0.199278623195955,-0.0193799108374473));
#3193=CARTESIAN_POINT('',(-0.0585677917937012,-0.199255795777883,-0.0193692081632229));
#3194=CARTESIAN_POINT('',(-0.0585614590520684,-0.199242715569525,-0.0193627843335545));
#3195=CARTESIAN_POINT('',(-0.0585598992578431,-0.19923944251998,-0.0193611527081519));
#3196=CARTESIAN_POINT('',(-0.0585583631569597,-0.199236166827971,-0.0193594954298964));
#3197=CARTESIAN_POINT('',(-0.0590884753231774,-0.199699575040494,-0.0194031358550587));
#3198=CARTESIAN_POINT('',(-0.059085356720918,-0.199698017698221,-0.0194047172205389));
#3199=CARTESIAN_POINT('',(-0.0590822404729197,-0.199696438677498,-0.0194062737862985));
#3200=CARTESIAN_POINT('',(-0.0590573318306487,-0.199683635410751,-0.0194185279600552));
#3201=CARTESIAN_POINT('',(-0.059010908236406,-0.199657383585496,-0.0194389011616363));
#3202=CARTESIAN_POINT('',(-0.0589655785668153,-0.199626777602721,-0.0194537046506666));
#3203=CARTESIAN_POINT('',(-0.0588944660420667,-0.19957453919716,-0.0194726461366823));
#3204=CARTESIAN_POINT('',(-0.0588489442876965,-0.199535355149289,-0.0194789483321159));
#3205=CARTESIAN_POINT('',(-0.0587642417790917,-0.199450652643241,-0.0194789483321975));
#3206=CARTESIAN_POINT('',(-0.058725057737447,-0.199405130902113,-0.0194726461426164));
#3207=CARTESIAN_POINT('',(-0.0586728193374326,-0.199334018387215,-0.0194537046609594));
#3208=CARTESIAN_POINT('',(-0.0586483345530385,-0.199297754653964,-0.0194418618708095));
#3209=CARTESIAN_POINT('',(-0.0586212118932578,-0.199251549836434,-0.019422602607945));
#3210=CARTESIAN_POINT('',(-0.0586095598914997,-0.199229810788662,-0.0194124008771646));
#3211=CARTESIAN_POINT('',(-0.058603158255662,-0.199217356461944,-0.0194062737877161));
#3212=CARTESIAN_POINT('',(-0.0586015792342761,-0.199214240212456,-0.0194047172212704));
#3213=CARTESIAN_POINT('',(-0.0586000218912909,-0.199211121608608,-0.0194031358550587));
#3214=CARTESIAN_POINT('',(-0.059128171906584,-0.19963462121905,-0.0194653290685613));
#3215=CARTESIAN_POINT('',(-0.0591252591723591,-0.199633041925074,-0.019466796133774));
#3216=CARTESIAN_POINT('',(-0.0591223491304054,-0.19963144430656,-0.019468239810547));
#3217=CARTESIAN_POINT('',(-0.0590990922480454,-0.199618518768156,-0.0194796023499841));
#3218=CARTESIAN_POINT('',(-0.0590557934177814,-0.199592385635994,-0.0194984543803874));
#3219=CARTESIAN_POINT('',(-0.0590135312459537,-0.199562580833453,-0.0195120963857421));
#3220=CARTESIAN_POINT('',(-0.0589471640853519,-0.19951214514314,-0.0195295223986828));
#3221=CARTESIAN_POINT('',(-0.0589045890640472,-0.199474857341265,-0.0195352714798072));
#3222=CARTESIAN_POINT('',(-0.0588247395882891,-0.19939500786738,-0.0195352714799289));
#3223=CARTESIAN_POINT('',(-0.0587874517943608,-0.199352432861403,-0.0195295224059027));
#3224=CARTESIAN_POINT('',(-0.0587370161106005,-0.199286065712188,-0.0195120963982403));
#3225=CARTESIAN_POINT('',(-0.0587131722705035,-0.199252255977518,-0.0195011827952533));
#3226=CARTESIAN_POINT('',(-0.0586863047997893,-0.199209164469214,-0.0194833727652525));
#3227=CARTESIAN_POINT('',(-0.0586746153995923,-0.199188876252785,-0.0194739210851026));
#3228=CARTESIAN_POINT('',(-0.0586681526270677,-0.199177247805014,-0.0194682398122662));
#3229=CARTESIAN_POINT('',(-0.0586665550076642,-0.199174337761302,-0.0194667961346612));
#3230=CARTESIAN_POINT('',(-0.0586649757127355,-0.199171425025201,-0.0194653290685611));
#3231=CARTESIAN_POINT('',(-0.0591417588934463,-0.19961255899191,-0.0194855155690219));
#3232=CARTESIAN_POINT('',(-0.0591389094329094,-0.199610973856791,-0.0194869445484723));
#3233=CARTESIAN_POINT('',(-0.0591360629205575,-0.199609371581916,-0.0194883506305005));
#3234=CARTESIAN_POINT('',(-0.0591133161058355,-0.199596418129922,-0.0194994163921551));
#3235=CARTESIAN_POINT('',(-0.0590709976819576,-0.199570355211823,-0.0195177642040277));
#3236=CARTESIAN_POINT('',(-0.0590297247877517,-0.199540855483206,-0.0195310241779473));
#3237=CARTESIAN_POINT('',(-0.0589649064761459,-0.199491081260436,-0.0195479531978786));
#3238=CARTESIAN_POINT('',(-0.0589233186939071,-0.199454465569279,-0.0195535232933797));
#3239=CARTESIAN_POINT('',(-0.058845131360713,-0.199376278237635,-0.0195535232935023));
#3240=CARTESIAN_POINT('',(-0.0588085156780425,-0.199334690471232,-0.0195479532054355));
#3241=CARTESIAN_POINT('',(-0.0587587414621194,-0.199269872171404,-0.0195310241910339));
#3242=CARTESIAN_POINT('',(-0.0587351416811785,-0.199236853858934,-0.0195204162132577));
#3243=CARTESIAN_POINT('',(-0.0587083913960239,-0.199194744530893,-0.0195030859641517));
#3244=CARTESIAN_POINT('',(-0.0586967020814521,-0.199174907429206,-0.0194938835163937));
#3245=CARTESIAN_POINT('',(-0.0586902253518601,-0.199163534015002,-0.0194883506323011));
#3246=CARTESIAN_POINT('',(-0.0586886230760234,-0.199160687500823,-0.0194869445494015));
#3247=CARTESIAN_POINT('',(-0.0586870379398749,-0.199157838038339,-0.0194855155690217));
#3248=CARTESIAN_POINT('',(-0.0591696319093572,-0.199567616410611,-0.019524825567292));
#3249=CARTESIAN_POINT('',(-0.0591669010586327,-0.199566022242823,-0.0195261786713729));
#3250=CARTESIAN_POINT('',(-0.0591641738599641,-0.199564413422095,-0.0195275099178824));
#3251=CARTESIAN_POINT('',(-0.0591423867358816,-0.199551427153717,-0.0195379853870473));
#3252=CARTESIAN_POINT('',(-0.0591019357348492,-0.199525559304527,-0.0195553365410222));
#3253=CARTESIAN_POINT('',(-0.0590625874307359,-0.199496736764596,-0.0195678502149506));
#3254=CARTESIAN_POINT('',(-0.0590008108854978,-0.199448391393313,-0.0195838127810008));
#3255=CARTESIAN_POINT('',(-0.0589612008437968,-0.199413188735934,-0.0195890420753875));
#3256=CARTESIAN_POINT('',(-0.0588864081949407,-0.199338396087898,-0.0195890420754683));
#3257=CARTESIAN_POINT('',(-0.058851205546934,-0.199298786062597,-0.0195838127889431));
#3258=CARTESIAN_POINT('',(-0.0588028601829281,-0.199237009529598,-0.0195678502287586));
#3259=CARTESIAN_POINT('',(-0.0587798021529262,-0.199205530889337,-0.0195578392910672));
#3260=CARTESIAN_POINT('',(-0.0587533433598099,-0.199165300417164,-0.0195414556280133));
#3261=CARTESIAN_POINT('',(-0.0587416766501671,-0.19914631664495,-0.019532747657821));
#3262=CARTESIAN_POINT('',(-0.0587351835119283,-0.199135423075763,-0.0195275099197863));
#3263=CARTESIAN_POINT('',(-0.0587335746901174,-0.199132695875187,-0.0195261786723555));
#3264=CARTESIAN_POINT('',(-0.0587319805211747,-0.199129965022428,-0.0195248255672918));
#3265=CARTESIAN_POINT('',(-0.0591839179384057,-0.19954473605645,-0.0195439490651014));
#3266=CARTESIAN_POINT('',(-0.0591812433745278,-0.199543138983307,-0.0195452640812173));
#3267=CARTESIAN_POINT('',(-0.0591785728764815,-0.199541528535456,-0.0195465577932572));
#3268=CARTESIAN_POINT('',(-0.0591572424415231,-0.199528539280105,-0.0195567374354424));
#3269=CARTESIAN_POINT('',(-0.059117688212004,-0.199502797474287,-0.0195735923040353));
#3270=CARTESIAN_POINT('',(-0.0590792789152615,-0.199474344513811,-0.0195857389123107));
#3271=CARTESIAN_POINT('',(-0.0590189974194022,-0.199426760683812,-0.0196012284372082));
#3272=CARTESIAN_POINT('',(-0.0589803742607345,-0.199392292672829,-0.0196062947226828));
#3273=CARTESIAN_POINT('',(-0.0589073042585492,-0.199319222671046,-0.0196062947227342));
#3274=CARTESIAN_POINT('',(-0.0588728362572839,-0.199280599528821,-0.0196012284452256));
#3275=CARTESIAN_POINT('',(-0.0588252524346872,-0.199220318045257,-0.0195857389262834));
#3276=CARTESIAN_POINT('',(-0.0588024900682141,-0.199189590610919,-0.0195760216411423));
#3277=CARTESIAN_POINT('',(-0.0587762060253171,-0.199150265357367,-0.0195601084194649));
#3278=CARTESIAN_POINT('',(-0.0587645630305839,-0.199131689283949,-0.0195516476197767));
#3279=CARTESIAN_POINT('',(-0.0587580683986704,-0.199121024059274,-0.0195465577951864));
#3280=CARTESIAN_POINT('',(-0.0587564579496865,-0.199118353559307,-0.0195452640822129));
#3281=CARTESIAN_POINT('',(-0.0587548608753351,-0.19911567899338,-0.0195439490651012));
#3282=CARTESIAN_POINT('',(-0.0592135596301181,-0.199497554336336,-0.0195816438782112));
#3283=CARTESIAN_POINT('',(-0.0592110050454676,-0.199495958645482,-0.0195828786339299));
#3284=CARTESIAN_POINT('',(-0.0592084550379344,-0.199494351944279,-0.0195840933396411));
#3285=CARTESIAN_POINT('',(-0.0591880922579076,-0.199481411217559,-0.0195936509637465));
#3286=CARTESIAN_POINT('',(-0.0591504013485006,-0.199456003942991,-0.0196094712256464));
#3287=CARTESIAN_POINT('',(-0.059113889533471,-0.199428336617522,-0.0196208653926777));
#3288=CARTESIAN_POINT('',(-0.0590566041440024,-0.19938232572993,-0.0196353917927732));
#3289=CARTESIAN_POINT('',(-0.0590199252371283,-0.199349327582412,-0.0196401370366308));
#3290=CARTESIAN_POINT('',(-0.0589502693504879,-0.199279671695413,-0.0196401370366449));
#3291=CARTESIAN_POINT('',(-0.058917271212974,-0.199242992804506,-0.0196353918007162));
#3292=CARTESIAN_POINT('',(-0.0588712603326414,-0.199185707426905,-0.019620865406562));
#3293=CARTESIAN_POINT('',(-0.0588491264739596,-0.199156497977794,-0.0196117500744197));
#3294=CARTESIAN_POINT('',(-0.0588232671824289,-0.199119042876731,-0.0195968150263793));
#3295=CARTESIAN_POINT('',(-0.0588117153578503,-0.199101323294905,-0.0195888721570947));
#3296=CARTESIAN_POINT('',(-0.0588052449899868,-0.199091141897775,-0.0195840933415614));
#3297=CARTESIAN_POINT('',(-0.0588036382875836,-0.199088591888343,-0.019582878634921));
#3298=CARTESIAN_POINT('',(-0.0588020425954491,-0.199086037301667,-0.0195816438782112));
#3299=CARTESIAN_POINT('',(-0.0592287994812632,-0.199473446745673,-0.0196000071083827));
#3300=CARTESIAN_POINT('',(-0.0592263038625163,-0.199471853857036,-0.0196012012447438));
#3301=CARTESIAN_POINT('',(-0.0592238130949918,-0.199470251119163,-0.0196023759776022));
#3302=CARTESIAN_POINT('',(-0.0592039262506764,-0.199457351206042,-0.0196116189850087));
#3303=CARTESIAN_POINT('',(-0.0591671541760139,-0.199432139985881,-0.019626917145979));
#3304=CARTESIAN_POINT('',(-0.059131582999094,-0.199404889031566,-0.0196379333450761));
#3305=CARTESIAN_POINT('',(-0.0590757872134636,-0.199359697411701,-0.0196519768545467));
#3306=CARTESIAN_POINT('',(-0.0590400808196319,-0.199327449541177,-0.0196565626487474));
#3307=CARTESIAN_POINT('',(-0.05897214739244,-0.199259516113226,-0.01965656264873));
#3308=CARTESIAN_POINT('',(-0.0589398995319219,-0.199223809734865,-0.0196519768623029));
#3309=CARTESIAN_POINT('',(-0.0588947079191461,-0.199168013960708,-0.0196379333586691));
#3310=CARTESIAN_POINT('',(-0.0588729071572585,-0.199139557021975,-0.0196291204008539));
#3311=CARTESIAN_POINT('',(-0.058847287983271,-0.199103025116543,-0.0196146786272524));
#3312=CARTESIAN_POINT('',(-0.0588357957762636,-0.199085727269742,-0.0196069974866002));
#3313=CARTESIAN_POINT('',(-0.058829345815135,-0.199075783840629,-0.0196023759794848));
#3314=CARTESIAN_POINT('',(-0.0588277430760449,-0.199073293071249,-0.0196012012457155));
#3315=CARTESIAN_POINT('',(-0.0588261501861121,-0.199070797450522,-0.0196000071083828));
#3316=CARTESIAN_POINT('',(-0.0592597179350696,-0.19942480990932,-0.0196353491565616));
#3317=CARTESIAN_POINT('',(-0.0592573454069391,-0.199423231586488,-0.0196364597399209));
#3318=CARTESIAN_POINT('',(-0.059254977966231,-0.199421645379389,-0.0196375522666888));
#3319=CARTESIAN_POINT('',(-0.0592360793586029,-0.199408893148255,-0.0196461483799633));
#3320=CARTESIAN_POINT('',(-0.0592011815185298,-0.199384161426546,-0.0196603747684588));
#3321=CARTESIAN_POINT('',(-0.05916747754633,-0.199357768193788,-0.0196706175931057));
#3322=CARTESIAN_POINT('',(-0.059114611940205,-0.199314217154741,-0.0196836743624581));
#3323=CARTESIAN_POINT('',(-0.0590807825353145,-0.199283420639865,-0.0196879365419162));
#3324=CARTESIAN_POINT('',(-0.0590161762953471,-0.199218814398447,-0.0196879365418639));
#3325=CARTESIAN_POINT('',(-0.0589853797901767,-0.19918498500769,-0.0196836743697118));
#3326=CARTESIAN_POINT('',(-0.0589418287576304,-0.199132119411931,-0.0196706176058585));
#3327=CARTESIAN_POINT('',(-0.0589207141726596,-0.199105156236645,-0.0196624233475255));
#3328=CARTESIAN_POINT('',(-0.0588956501414636,-0.199070497160397,-0.0196489936671046));
#3329=CARTESIAN_POINT('',(-0.0588843276750699,-0.199054068279466,-0.0196418503283017));
#3330=CARTESIAN_POINT('',(-0.0588779515549145,-0.199044618969142,-0.0196375522684582));
#3331=CARTESIAN_POINT('',(-0.0588763653465957,-0.199042251526697,-0.0196364597408343));
#3332=CARTESIAN_POINT('',(-0.0588747870224649,-0.199039878996716,-0.0196353491565617));
#3333=CARTESIAN_POINT('',(-0.0592753965377309,-0.19940028066363,-0.0196523279745691));
#3334=CARTESIAN_POINT('',(-0.0592730894589345,-0.199398714463285,-0.019653395317682));
#3335=CARTESIAN_POINT('',(-0.0592707873826529,-0.199397141150623,-0.0196544453094008));
#3336=CARTESIAN_POINT('',(-0.0592524109307987,-0.199384498158354,-0.0196627067690755));
#3337=CARTESIAN_POINT('',(-0.0592184821625484,-0.199360051103959,-0.0196763795337318));
#3338=CARTESIAN_POINT('',(-0.0591857100729154,-0.199334095483963,-0.0196862240774657));
#3339=CARTESIAN_POINT('',(-0.059134288311481,-0.199291357438431,-0.0196987733180954));
#3340=CARTESIAN_POINT('',(-0.0591013585798291,-0.199261253336694,-0.0197028701060558));
#3341=CARTESIAN_POINT('',(-0.0590383435994442,-0.199198238354592,-0.0197028701059958));
#3342=CARTESIAN_POINT('',(-0.0590082395070923,-0.199165308636242,-0.0196987733250245));
#3343=CARTESIAN_POINT('',(-0.0589655014676227,-0.19911388688445,-0.0196862240896591));
#3344=CARTESIAN_POINT('',(-0.0589447369726524,-0.199087669214987,-0.0196783484559993));
#3345=CARTESIAN_POINT('',(-0.0589199881977867,-0.199053971773039,-0.0196654413310387));
#3346=CARTESIAN_POINT('',(-0.0589087772843293,-0.19903799778473,-0.0196585760439979));
#3347=CARTESIAN_POINT('',(-0.0589024557836527,-0.199028809552567,-0.0196544453110934));
#3348=CARTESIAN_POINT('',(-0.0589008824697822,-0.199026507474623,-0.0196533953185557));
#3349=CARTESIAN_POINT('',(-0.0588993162681549,-0.199024200394054,-0.0196523279745692));
#3350=CARTESIAN_POINT('',(-0.0593230632854416,-0.199326068156697,-0.0197012907433183));
#3351=CARTESIAN_POINT('',(-0.0593209602802782,-0.199324551452119,-0.0197022265153606));
#3352=CARTESIAN_POINT('',(-0.0593188615682426,-0.199323029426158,-0.0197031470982528));
#3353=CARTESIAN_POINT('',(-0.0593021062398722,-0.199310810897063,-0.0197103905320443));
#3354=CARTESIAN_POINT('',(-0.0592711410780596,-0.199287345686609,-0.0197223808352445));
#3355=CARTESIAN_POINT('',(-0.0592411470208168,-0.199262739341455,-0.0197310174472554));
#3356=CARTESIAN_POINT('',(-0.0591939896004932,-0.199222443358495,-0.0197420287103448));
#3357=CARTESIAN_POINT('',(-0.0591636620819639,-0.199194344928907,-0.0197456264642335));
#3358=CARTESIAN_POINT('',(-0.0591052520102261,-0.199135934854852,-0.0197456264642207));
#3359=CARTESIAN_POINT('',(-0.0590771535887068,-0.199105607346816,-0.019742028716255));
#3360=CARTESIAN_POINT('',(-0.0590368576102046,-0.199058449933638,-0.0197310174576128));
#3361=CARTESIAN_POINT('',(-0.0590171725343977,-0.199034454689267,-0.0197241081691183));
#3362=CARTESIAN_POINT('',(-0.0589934790895935,-0.199003683740006,-0.0197127886003418));
#3363=CARTESIAN_POINT('',(-0.0589826767767977,-0.198989113035964,-0.019706768819183));
#3364=CARTESIAN_POINT('',(-0.058976567507965,-0.198980735366463,-0.0197031470996874));
#3365=CARTESIAN_POINT('',(-0.0589750454808682,-0.198978636653013,-0.0197022265161013));
#3366=CARTESIAN_POINT('',(-0.0589735287750892,-0.198976533646344,-0.0197012907433185));
#3367=CARTESIAN_POINT('',(-0.0593556823702179,-0.199275760125588,-0.0197313010087875));
#3368=CARTESIAN_POINT('',(-0.0593537208326658,-0.199274291952346,-0.0197321481863214));
#3369=CARTESIAN_POINT('',(-0.0593517626924549,-0.199272819089654,-0.0197329816536131));
#3370=CARTESIAN_POINT('',(-0.059336124822977,-0.199260998935005,-0.0197395399465564));
#3371=CARTESIAN_POINT('',(-0.0593071615029527,-0.199238347197797,-0.0197504002750742));
#3372=CARTESIAN_POINT('',(-0.0592789791177198,-0.199214699389453,-0.0197582290220964));
#3373=CARTESIAN_POINT('',(-0.0592345678072246,-0.199176063308824,-0.0197682134847377));
#3374=CARTESIAN_POINT('',(-0.0592058676080646,-0.199149239805367,-0.0197714810830395));
#3375=CARTESIAN_POINT('',(-0.0591503571357596,-0.199093729330643,-0.0197714810831176));
#3376=CARTESIAN_POINT('',(-0.0591235336390224,-0.199065029139737,-0.0197682134898406));
#3377=CARTESIAN_POINT('',(-0.0590848975614552,-0.19902061783436,-0.0197582290309386));
#3378=CARTESIAN_POINT('',(-0.0590659793145563,-0.198998071926918,-0.0197519660342411));
#3379=CARTESIAN_POINT('',(-0.0590431283559702,-0.198969264786351,-0.0197417120187632));
#3380=CARTESIAN_POINT('',(-0.059032687925508,-0.198955653181125,-0.0197362608035089));
#3381=CARTESIAN_POINT('',(-0.0590267778442612,-0.198947834241828,-0.0197329816548304));
#3382=CARTESIAN_POINT('',(-0.0590253049805343,-0.198945876100406,-0.0197321481869497));
#3383=CARTESIAN_POINT('',(-0.0590238368061979,-0.198943914561568,-0.0197313010087877));
#3384=CARTESIAN_POINT('',(-0.0594224580454554,-0.199173519144672,-0.0197866073548566));
#3385=CARTESIAN_POINT('',(-0.0594207617604488,-0.19917216162547,-0.0197872887928144));
#3386=CARTESIAN_POINT('',(-0.059419067442769,-0.199170800553594,-0.0197879592994488));
#3387=CARTESIAN_POINT('',(-0.0594055287852929,-0.199159883815942,-0.0197932360438651));
#3388=CARTESIAN_POINT('',(-0.0593803522795302,-0.199139045298072,-0.019801984013494));
#3389=CARTESIAN_POINT('',(-0.0593556511255684,-0.199117465645072,-0.0198083043691051));
#3390=CARTESIAN_POINT('',(-0.0593165628195568,-0.199082355442988,-0.0198163726242443));
#3391=CARTESIAN_POINT('',(-0.0592910820026521,-0.199058171631884,-0.0198190257092191));
#3392=CARTESIAN_POINT('',(-0.0592414253125988,-0.199008514939719,-0.0198190257095911));
#3393=CARTESIAN_POINT('',(-0.0592172415052948,-0.198983034126873,-0.0198163726279564));
#3394=CARTESIAN_POINT('',(-0.0591821313034808,-0.198943945822117,-0.0198083043751827));
#3395=CARTESIAN_POINT('',(-0.0591648675798593,-0.198924184898369,-0.0198032480912155));
#3396=CARTESIAN_POINT('',(-0.0591438808286549,-0.198899103457049,-0.0197949856421393));
#3397=CARTESIAN_POINT('',(-0.0591342547517047,-0.198887298822583,-0.0197905976739385));
#3398=CARTESIAN_POINT('',(-0.0591287963798293,-0.198880529490713,-0.0197879593002586));
#3399=CARTESIAN_POINT('',(-0.0591274353071542,-0.198878835172208,-0.019787288793232));
#3400=CARTESIAN_POINT('',(-0.0591260777871137,-0.19887713888633,-0.0197866073548567));
#3401=CARTESIAN_POINT('',(-0.0594566320102231,-0.199121564470031,-0.0198119053022916));
#3402=CARTESIAN_POINT('',(-0.0594550603010966,-0.199120269231473,-0.0198125093110949));
#3403=CARTESIAN_POINT('',(-0.0594534899989465,-0.19911897092885,-0.0198131036930244));
#3404=CARTESIAN_POINT('',(-0.0594409390094789,-0.199108560242839,-0.0198177818280885));
#3405=CARTESIAN_POINT('',(-0.0594175558932264,-0.19908872172823,-0.0198255437514527));
#3406=CARTESIAN_POINT('',(-0.0593945280291754,-0.199068249489964,-0.0198311609173252));
#3407=CARTESIAN_POINT('',(-0.0593580196043213,-0.199035000654497,-0.019838336356365));
#3408=CARTESIAN_POINT('',(-0.0593341288645883,-0.199012177091865,-0.0198407039472499));
#3409=CARTESIAN_POINT('',(-0.0592874198538996,-0.198965468079462,-0.0198407039478217));
#3410=CARTESIAN_POINT('',(-0.0592645962935069,-0.198941577341836,-0.0198383363594872));
#3411=CARTESIAN_POINT('',(-0.0592313474569372,-0.198905068916422,-0.0198311609221458));
#3412=CARTESIAN_POINT('',(-0.0592149696646573,-0.198886646623971,-0.0198266671897653));
#3413=CARTESIAN_POINT('',(-0.0591950043996114,-0.198863334552991,-0.0198193342161048));
#3414=CARTESIAN_POINT('',(-0.0591858313498275,-0.198852382431339,-0.0198154427623034));
#3415=CARTESIAN_POINT('',(-0.0591806260042875,-0.198846106934155,-0.0198131036936433));
#3416=CARTESIAN_POINT('',(-0.059179327701002,-0.198844536631362,-0.0198125093114138));
#3417=CARTESIAN_POINT('',(-0.0591780324617545,-0.198842964921563,-0.0198119053022918));
#3418=CARTESIAN_POINT('',(-0.0595265540651296,-0.199015879023966,-0.0198578178012198));
#3419=CARTESIAN_POINT('',(-0.0595252091726453,-0.199014712942038,-0.0198582815905088));
#3420=CARTESIAN_POINT('',(-0.0595238652595223,-0.199013545007756,-0.0198587380857826));
#3421=CARTESIAN_POINT('',(-0.059513121889747,-0.199004186833914,-0.019862331719505));
#3422=CARTESIAN_POINT('',(-0.0594930822210403,-0.198986447325751,-0.0198683042215938));
#3423=CARTESIAN_POINT('',(-0.0594732854805437,-0.198968317862603,-0.0198726408924081));
#3424=CARTESIAN_POINT('',(-0.0594418372558787,-0.198939000849962,-0.0198781881979273));
#3425=CARTESIAN_POINT('',(-0.0594211738529416,-0.198919043012729,-0.019880031244562));
#3426=CARTESIAN_POINT('',(-0.0593805539348289,-0.198878423093889,-0.0198800312454526));
#3427=CARTESIAN_POINT('',(-0.059360596097294,-0.198857759690317,-0.0198781882002032));
#3428=CARTESIAN_POINT('',(-0.0593312790814016,-0.198826311462425,-0.0198726408953889));
#3429=CARTESIAN_POINT('',(-0.0593167755085579,-0.198810474067844,-0.0198691715587467));
#3430=CARTESIAN_POINT('',(-0.0592989580047566,-0.198790482980544,-0.0198635262217852));
#3431=CARTESIAN_POINT('',(-0.0592907310135068,-0.198781103359469,-0.0198605349036024));
#3432=CARTESIAN_POINT('',(-0.0592860519249046,-0.198775731673057,-0.0198587380861199));
#3433=CARTESIAN_POINT('',(-0.059284883990192,-0.198774387759543,-0.0198582815906821));
#3434=CARTESIAN_POINT('',(-0.0592837179078193,-0.198773042866656,-0.0198578178012199));
#3435=CARTESIAN_POINT('',(-0.0595623021552682,-0.198962148252542,-0.019878432352713));
#3436=CARTESIAN_POINT('',(-0.0595610586449655,-0.198961048419331,-0.0198788331227385));
#3437=CARTESIAN_POINT('',(-0.0595598162833913,-0.198959947489894,-0.0198792276307343));
#3438=CARTESIAN_POINT('',(-0.0595498865740615,-0.198951131278024,-0.0198823335984635));
#3439=CARTESIAN_POINT('',(-0.0595313888994102,-0.198934485690881,-0.0198874997748365));
#3440=CARTESIAN_POINT('',(-0.0595131482118713,-0.198917591976076,-0.0198912569943749));
#3441=CARTESIAN_POINT('',(-0.0594841811472839,-0.198890349036587,-0.0198960662356578));
#3442=CARTESIAN_POINT('',(-0.0594651604848588,-0.198871903082528,-0.0198976693165415));
#3443=CARTESIAN_POINT('',(-0.0594276938669042,-0.198834436464572,-0.0198976693175841));
#3444=CARTESIAN_POINT('',(-0.0594092479113747,-0.198815415800676,-0.0198960662377428));
#3445=CARTESIAN_POINT('',(-0.0593820049674744,-0.198786448731678,-0.0198912569968509));
#3446=CARTESIAN_POINT('',(-0.0593684899928728,-0.198771856178889,-0.0198882512211223));
#3447=CARTESIAN_POINT('',(-0.0593517947757167,-0.19875340989718,-0.0198833668351695));
#3448=CARTESIAN_POINT('',(-0.0593440575499807,-0.198744745505213,-0.0198807806153266));
#3449=CARTESIAN_POINT('',(-0.059339649442621,-0.198739780649124,-0.0198792276309889));
#3450=CARTESIAN_POINT('',(-0.0593385485128219,-0.198738538287188,-0.0198788331228688));
#3451=CARTESIAN_POINT('',(-0.0593374486792431,-0.198737294776517,-0.019878432352713));
#3452=CARTESIAN_POINT('',(-0.0596338104384808,-0.198855143098224,-0.0199142223833636));
#3453=CARTESIAN_POINT('',(-0.0596327647474965,-0.198854184851542,-0.0199145113882649));
#3454=CARTESIAN_POINT('',(-0.0596317204773244,-0.198853226659356,-0.019914795877466));
#3455=CARTESIAN_POINT('',(-0.0596233774980323,-0.198845561373424,-0.0199170356654725));
#3456=CARTESIAN_POINT('',(-0.0596078811767165,-0.198831192263962,-0.0199207611194582));
#3457=CARTESIAN_POINT('',(-0.0595926630450201,-0.198816793922901,-0.0199234705407837));
#3458=CARTESIAN_POINT('',(-0.0595685160152965,-0.198793696225342,-0.0199269386002677));
#3459=CARTESIAN_POINT('',(-0.0595526873034686,-0.198778217291152,-0.0199280946204079));
#3460=CARTESIAN_POINT('',(-0.0595213796558711,-0.198746909644128,-0.0199280946211212));
#3461=CARTESIAN_POINT('',(-0.0595059007201016,-0.198731080931293,-0.0199269386016946));
#3462=CARTESIAN_POINT('',(-0.0594828030185536,-0.198706933897796,-0.0199234705424781));
#3463=CARTESIAN_POINT('',(-0.0594712843433061,-0.198694759389985,-0.0199213030053508));
#3464=CARTESIAN_POINT('',(-0.0594569093838424,-0.198679318702391,-0.0199177807572491));
#3465=CARTESIAN_POINT('',(-0.0594502029170901,-0.198672047946201,-0.0199159157719671));
#3466=CARTESIAN_POINT('',(-0.0594463702730007,-0.198667876455173,-0.01991479587764));
#3467=CARTESIAN_POINT('',(-0.0594454120805305,-0.198666832184648,-0.019914511388354));
#3468=CARTESIAN_POINT('',(-0.0594444538335608,-0.198665786493304,-0.0199142223833635));
#3469=CARTESIAN_POINT('',(-0.0596694282672991,-0.198802058232679,-0.0199295316114219));
#3470=CARTESIAN_POINT('',(-0.0596684771596452,-0.198801174852332,-0.0199297712068099));
#3471=CARTESIAN_POINT('',(-0.059667527611701,-0.198800291973456,-0.019930007058521));
#3472=CARTESIAN_POINT('',(-0.0596599434481782,-0.198793232696584,-0.0199318639227956));
#3473=CARTESIAN_POINT('',(-0.0596458835294714,-0.198780045825407,-0.0199349524572433));
#3474=CARTESIAN_POINT('',(-0.0596321165746503,-0.198766913814548,-0.0199371986643184));
#3475=CARTESIAN_POINT('',(-0.0596102899743514,-0.198745899942751,-0.0199400738095304));
#3476=CARTESIAN_POINT('',(-0.0595960062773719,-0.198731887155659,-0.0199410321915276));
#3477=CARTESIAN_POINT('',(-0.0595677097915378,-0.198703590670708,-0.0199410321921214));
#3478=CARTESIAN_POINT('',(-0.059553697002683,-0.198689306972849,-0.0199400738107182));
#3479=CARTESIAN_POINT('',(-0.0595326831267577,-0.198667480368753,-0.0199371986657289));
#3480=CARTESIAN_POINT('',(-0.0595221775156343,-0.198656466802377,-0.019935401700013));
#3481=CARTESIAN_POINT('',(-0.0595090016128967,-0.198642465472021,-0.0199324816305005));
#3482=CARTESIAN_POINT('',(-0.0595028345983917,-0.198635861404089,-0.0199309354910727));
#3483=CARTESIAN_POINT('',(-0.059499304958876,-0.198632069320847,-0.0199300070586659));
#3484=CARTESIAN_POINT('',(-0.0594984220797281,-0.198631119772526,-0.0199297712068839));
#3485=CARTESIAN_POINT('',(-0.0594975386991053,-0.198630168664486,-0.0199295316114218));
#3486=CARTESIAN_POINT('',(-0.0597412310401359,-0.198695324343651,-0.0199556634490584));
#3487=CARTESIAN_POINT('',(-0.0597404782863049,-0.198694605644542,-0.0199558160932782));
#3488=CARTESIAN_POINT('',(-0.0597397268485857,-0.198693887729443,-0.0199559663524327));
#3489=CARTESIAN_POINT('',(-0.0597337256132117,-0.198688150418205,-0.0199571493451466));
#3490=CARTESIAN_POINT('',(-0.0597226080431163,-0.198677471835032,-0.019959117024628));
#3491=CARTESIAN_POINT('',(-0.0597117275322603,-0.19866691058774,-0.0199605480643666));
#3492=CARTESIAN_POINT('',(-0.0596944706025196,-0.198650062315628,-0.0199623797953206));
#3493=CARTESIAN_POINT('',(-0.0596831684995307,-0.198638896432292,-0.019962990372453));
#3494=CARTESIAN_POINT('',(-0.0596607005116444,-0.198616428445419,-0.0199629903727902));
#3495=CARTESIAN_POINT('',(-0.0596495346267468,-0.198605126341882,-0.0199623797959953));
#3496=CARTESIAN_POINT('',(-0.0596326863512799,-0.198587869409167,-0.0199605480651678));
#3497=CARTESIAN_POINT('',(-0.0596242373515163,-0.198579164998457,-0.0199594032333452));
#3498=CARTESIAN_POINT('',(-0.0596135822327657,-0.198568094836536,-0.0199575428815061));
#3499=CARTESIAN_POINT('',(-0.0596085778591521,-0.198562870702785,-0.0199565578490251));
#3500=CARTESIAN_POINT('',(-0.059605709202741,-0.198559870083847,-0.0199559663525151));
#3501=CARTESIAN_POINT('',(-0.0596049912874427,-0.198559118645807,-0.0199558160933203));
#3502=CARTESIAN_POINT('',(-0.0596042725881345,-0.198558365891649,-0.0199556634490584));
#3503=CARTESIAN_POINT('',(-0.0597774159841545,-0.198641675320166,-0.0199664860586366));
#3504=CARTESIAN_POINT('',(-0.0597767637772402,-0.198641044825062,-0.0199666016731543));
#3505=CARTESIAN_POINT('',(-0.0597761126298498,-0.198640415050237,-0.0199667154811956));
#3506=CARTESIAN_POINT('',(-0.0597709117044406,-0.198635382391387,-0.0199676114937147));
#3507=CARTESIAN_POINT('',(-0.0597612682993046,-0.198626018865295,-0.0199691018371649));
#3508=CARTESIAN_POINT('',(-0.0597518132300568,-0.198616767344769,-0.0199701857233899));
#3509=CARTESIAN_POINT('',(-0.05973680311728,-0.198602017774604,-0.0199715730978184));
#3510=CARTESIAN_POINT('',(-0.0597269537061217,-0.198592255211398,-0.0199720355560622));
#3511=CARTESIAN_POINT('',(-0.0597073417304086,-0.198572643236632,-0.0199720355562929));
#3512=CARTESIAN_POINT('',(-0.0596975791658539,-0.198562793825072,-0.0199715730982798));
#3513=CARTESIAN_POINT('',(-0.0596828295928879,-0.19854778370985,-0.0199701857239378));
#3514=CARTESIAN_POINT('',(-0.0596754283748715,-0.198540219652768,-0.0199693186149363));
#3515=CARTESIAN_POINT('',(-0.0596660872476585,-0.198530613911714,-0.0199679095627215));
#3516=CARTESIAN_POINT('',(-0.059661698211924,-0.198526084766251,-0.0199671634876162));
#3517=CARTESIAN_POINT('',(-0.0596591818818667,-0.198523484302485,-0.019966715481252));
#3518=CARTESIAN_POINT('',(-0.0596585521068826,-0.198522833154823,-0.0199666016731832));
#3519=CARTESIAN_POINT('',(-0.0596579216116192,-0.198522180947631,-0.0199664860586366));
#3520=CARTESIAN_POINT('',(-0.0598496288346597,-0.198534753747818,-0.019983546883716));
#3521=CARTESIAN_POINT('',(-0.0598491735680187,-0.198534303495887,-0.0199836037146349));
#3522=CARTESIAN_POINT('',(-0.0598487188640262,-0.198533853728253,-0.0199836596575708));
#3523=CARTESIAN_POINT('',(-0.059845085602407,-0.198530259330666,-0.0199841000971945));
#3524=CARTESIAN_POINT('',(-0.0598383305973265,-0.198523568968532,-0.0199848326832791));
#3525=CARTESIAN_POINT('',(-0.0598316727428805,-0.198516958127391,-0.0199853654731877));
#3526=CARTESIAN_POINT('',(-0.0598210779509954,-0.198506423512731,-0.0199860474442927));
#3527=CARTESIAN_POINT('',(-0.0598140917900433,-0.198499457411177,-0.019986274768031));
#3528=CARTESIAN_POINT('',(-0.059800139526635,-0.198485505148508,-0.0199862747681149));
#3529=CARTESIAN_POINT('',(-0.0597931734241787,-0.198478518987393,-0.0199860474444605));
#3530=CARTESIAN_POINT('',(-0.0597826388077808,-0.198467924194047,-0.0199853654733869));
#3531=CARTESIAN_POINT('',(-0.0597773501339036,-0.198462597909457,-0.0199849392414523));
#3532=CARTESIAN_POINT('',(-0.0597706756746792,-0.198455862332543,-0.0199842466145266));
#3533=CARTESIAN_POINT('',(-0.0597675404028486,-0.198452694699607,-0.0199838798774412));
#3534=CARTESIAN_POINT('',(-0.0597657432037067,-0.198450878068114,-0.0199836596575913));
#3535=CARTESIAN_POINT('',(-0.0597652934359847,-0.198450423363946,-0.0199836037146454));
#3536=CARTESIAN_POINT('',(-0.0597648431839676,-0.198449968097126,-0.019983546883716));
#3537=CARTESIAN_POINT('',(-0.0598856384556367,-0.198481474014263,-0.019989792765922));
#3538=CARTESIAN_POINT('',(-0.0598852799688164,-0.198481116161237,-0.0199898278060273));
#3539=CARTESIAN_POINT('',(-0.0598849217928779,-0.198480758609191,-0.0199898622986312));
#3540=CARTESIAN_POINT('',(-0.0598820587959419,-0.198477900524177,-0.0199901338594491));
#3541=CARTESIAN_POINT('',(-0.059876722315442,-0.198472572213824,-0.0199905855483175));
#3542=CARTESIAN_POINT('',(-0.0598714385747478,-0.198467294415249,-0.0199909140493259));
#3543=CARTESIAN_POINT('',(-0.0598630149095974,-0.198458878356161,-0.019991334530627));
#3544=CARTESIAN_POINT('',(-0.0598574395594442,-0.198453305541611,-0.0199914746910776));
#3545=CARTESIAN_POINT('',(-0.0598462913941054,-0.19844215737684,-0.0199914746911165));
#3546=CARTESIAN_POINT('',(-0.0598407185789197,-0.19843658202662,-0.0199913345307046));
#3547=CARTESIAN_POINT('',(-0.0598323025186717,-0.198428158360522,-0.019990914049418));
#3548=CARTESIAN_POINT('',(-0.0598280802791803,-0.198423931367282,-0.0199906512486076));
#3549=CARTESIAN_POINT('',(-0.0598227620703705,-0.198418605433415,-0.0199902241972761));
#3550=CARTESIAN_POINT('',(-0.059820267365418,-0.198416106638089,-0.0199899980790672));
#3551=CARTESIAN_POINT('',(-0.0598188383226997,-0.198414675139151,-0.0199898622986407));
#3552=CARTESIAN_POINT('',(-0.0598184807706009,-0.198414316963093,-0.0199898278060322));
#3553=CARTESIAN_POINT('',(-0.0598181229175224,-0.19841395847615,-0.019989792765922));
#3554=CARTESIAN_POINT('',(-0.0599568435551226,-0.198376140979758,-0.019998019324064));
#3555=CARTESIAN_POINT('',(-0.0599566704832122,-0.198375964884535,-0.0199980259853745));
#3556=CARTESIAN_POINT('',(-0.0599564974200166,-0.198375788845269,-0.0199980325426021));
#3557=CARTESIAN_POINT('',(-0.0599551129760872,-0.198374380970682,-0.0199980841677591));
#3558=CARTESIAN_POINT('',(-0.0599525179526798,-0.198371746974962,-0.0199981700362153));
#3559=CARTESIAN_POINT('',(-0.059949923071295,-0.198369123750159,-0.0199982324860006));
#3560=CARTESIAN_POINT('',(-0.059945769830216,-0.19836493422957,-0.019998312421725));
#3561=CARTESIAN_POINT('',(-0.0599429990950123,-0.198362151401301,-0.0199983390669651));
#3562=CARTESIAN_POINT('',(-0.0599374455313383,-0.198356597837869,-0.0199983390669623));
#3563=CARTESIAN_POINT('',(-0.059934662702868,-0.198353827102705,-0.0199983124217193));
#3564=CARTESIAN_POINT('',(-0.0599304731819893,-0.198349673861428,-0.0199982324859937));
#3565=CARTESIAN_POINT('',(-0.0599283746020065,-0.198347597956157,-0.0199981825261658));
#3566=CARTESIAN_POINT('',(-0.0599257427603319,-0.198345002960797,-0.0199981013414465));
#3567=CARTESIAN_POINT('',(-0.0599245120238455,-0.198343791733938,-0.0199980583551786));
#3568=CARTESIAN_POINT('',(-0.0599238080865288,-0.19834309951184,-0.0199980325426014));
#3569=CARTESIAN_POINT('',(-0.0599236320472559,-0.19834292644861,-0.0199980259853741));
#3570=CARTESIAN_POINT('',(-0.0599234559520289,-0.198342753376665,-0.019998019324064));
#3571=CARTESIAN_POINT('',(-0.0599920390336316,-0.198324087678806,-0.02));
#3572=CARTESIAN_POINT('',(-0.0599919523420322,-0.198323999772726,-0.02));
#3573=CARTESIAN_POINT('',(-0.0599918656974868,-0.198323911932678,-0.02));
#3574=CARTESIAN_POINT('',(-0.0599911729034206,-0.198323209726394,-0.02));
#3575=CARTESIAN_POINT('',(-0.0599898786696889,-0.198321899837286,-0.02));
#3576=CARTESIAN_POINT('',(-0.0599885918426146,-0.198320601624528,-0.02));
#3577=CARTESIAN_POINT('',(-0.0599865365256201,-0.198318531733892,-0.02));
#3578=CARTESIAN_POINT('',(-0.0599851711227229,-0.198317161473172,-0.02));
#3579=CARTESIAN_POINT('',(-0.0599824354590023,-0.198314425809581,-0.02));
#3580=CARTESIAN_POINT('',(-0.0599810651981789,-0.198313060406711,-0.02));
#3581=CARTESIAN_POINT('',(-0.0599789953074061,-0.198311005089628,-0.02));
#3582=CARTESIAN_POINT('',(-0.0599779567371353,-0.198309975627891,-0.02));
#3583=CARTESIAN_POINT('',(-0.0599766491832416,-0.198308682875317,-0.02));
#3584=CARTESIAN_POINT('',(-0.059976036102261,-0.198308077631433,-0.02));
#3585=CARTESIAN_POINT('',(-0.059975684999112,-0.198307731234335,-0.02));
#3586=CARTESIAN_POINT('',(-0.0599755971590614,-0.198307644589772,-0.02));
#3587=CARTESIAN_POINT('',(-0.0599755092529805,-0.198307557898156,-0.02));
#3588=CARTESIAN_POINT('',(-0.0600265171739482,-0.198273079757837,-0.02));
#3589=CARTESIAN_POINT('',(-0.0600265171739482,-0.198273079757837,-0.02));
#3590=CARTESIAN_POINT('',(-0.0600265171739482,-0.198273079757837,-0.02));
#3591=CARTESIAN_POINT('',(-0.0600265171739482,-0.198273079757837,-0.02));
#3592=CARTESIAN_POINT('',(-0.0600265171739482,-0.198273079757837,-0.02));
#3593=CARTESIAN_POINT('',(-0.0600265171739482,-0.198273079757837,-0.02));
#3594=CARTESIAN_POINT('',(-0.0600265171739482,-0.198273079757837,-0.02));
#3595=CARTESIAN_POINT('',(-0.0600265171739482,-0.198273079757837,-0.02));
#3596=CARTESIAN_POINT('',(-0.0600265171739482,-0.198273079757837,-0.02));
#3597=CARTESIAN_POINT('',(-0.0600265171739482,-0.198273079757837,-0.02));
#3598=CARTESIAN_POINT('',(-0.0600265171739482,-0.198273079757837,-0.02));
#3599=CARTESIAN_POINT('',(-0.0600265171739482,-0.198273079757837,-0.02));
#3600=CARTESIAN_POINT('',(-0.0600265171739482,-0.198273079757837,-0.02));
#3601=CARTESIAN_POINT('',(-0.0600265171739482,-0.198273079757837,-0.02));
#3602=CARTESIAN_POINT('',(-0.0600265171739482,-0.198273079757837,-0.02));
#3603=CARTESIAN_POINT('',(-0.0600265171739482,-0.198273079757837,-0.02));
#3604=CARTESIAN_POINT('',(-0.0600265171739482,-0.198273079757837,-0.02));
#3605=CARTESIAN_POINT('',(-0.0580569016679238,-0.199477818634361,-0.0183472963553338));
#3606=CARTESIAN_POINT('',(-0.0580784345421746,-0.199477818666688,-0.0184694153535967));
#3607=CARTESIAN_POINT('',(-0.058142069623223,-0.199461049058636,-0.0187094511222157));
#3608=CARTESIAN_POINT('',(-0.0583255700785652,-0.199371228613192,-0.0190721610580367));
#3609=CARTESIAN_POINT('',(-0.0585211473448136,-0.19925981318014,-0.0193336028050034));
#3610=CARTESIAN_POINT('',(-0.0588136643940323,-0.199080182101762,-0.0196034705285716));
#3611=CARTESIAN_POINT('',(-0.0590175358900646,-0.198948115334616,-0.0197318202440711));
#3612=CARTESIAN_POINT('',(-0.0592208051478982,-0.198814817796734,-0.0198341194142865));
#3613=CARTESIAN_POINT('',(-0.0594031382032489,-0.198693564581063,-0.019902391521553));
#3614=CARTESIAN_POINT('',(-0.0595293163065938,-0.198608829039275,-0.0199399487411324));
#3615=CARTESIAN_POINT('',(-0.0597303085913674,-0.198473380064528,-0.0199800324458517));
#3616=CARTESIAN_POINT('',(-0.0598228231288152,-0.198410667280263,-0.0199908296779071));
#3617=CARTESIAN_POINT('',(-0.0599548690498379,-0.198321509374841,-0.02));
#3618=CARTESIAN_POINT('',(-0.0600265171739482,-0.198273079757837,-0.02));
#3619=CARTESIAN_POINT('',(-0.0588217782974243,-0.200242695263861,-0.0183472963553339));
#3620=CARTESIAN_POINT('',(-0.0588217782650941,-0.200221159812028,-0.0184694299717965));
#3621=CARTESIAN_POINT('',(-0.0588385504841399,-0.200157509563792,-0.0187094876089662));
#3622=CARTESIAN_POINT('',(-0.0589283591800988,-0.199974045407038,-0.0190721363214897));
#3623=CARTESIAN_POINT('',(-0.0590398176946317,-0.199778393116471,-0.0193336652644426));
#3624=CARTESIAN_POINT('',(-0.0592193969496073,-0.199485960607798,-0.0196034453870261));
#3625=CARTESIAN_POINT('',(-0.0593515099326633,-0.199282019211995,-0.0197318478094326));
#3626=CARTESIAN_POINT('',(-0.059484803842106,-0.199078752678001,-0.0198341339291161));
#3627=CARTESIAN_POINT('',(-0.0596060142964114,-0.19889648612685,-0.019902383508864));
#3628=CARTESIAN_POINT('',(-0.0596908154026999,-0.19877021013782,-0.0199399662770592));
#3629=CARTESIAN_POINT('',(-0.0598261969761916,-0.198569317766837,-0.0199800265518696));
#3630=CARTESIAN_POINT('',(-0.0598889617055939,-0.198476726584663,-0.0199908357179089));
#3631=CARTESIAN_POINT('',(-0.0599780998633696,-0.198344709675484,-0.02));
#3632=CARTESIAN_POINT('',(-0.0600265171739481,-0.198273079757837,-0.02));
#3633=CARTESIAN_POINT('',(-0.0985518490149884,-0.198273079757837,-0.018));
#3634=CARTESIAN_POINT('',(-0.137321778297424,-0.200242695263861,-0.0183472963553339));
#3635=CARTESIAN_POINT('',(-0.137321778329722,-0.200221162389603,-0.0184694153536386));
#3636=CARTESIAN_POINT('',(-0.137305008721622,-0.200157527308528,-0.0187094511222961));
#3637=CARTESIAN_POINT('',(-0.137215188276136,-0.19997402685323,-0.0190721610580101));
#3638=CARTESIAN_POINT('',(-0.137103772843059,-0.199778449587057,-0.0193336028048844));
#3639=CARTESIAN_POINT('',(-0.136924141764811,-0.199485932537989,-0.0196034705284176));
#3640=CARTESIAN_POINT('',(-0.136792074997227,-0.199282061041077,-0.0197318202445235));
#3641=CARTESIAN_POINT('',(-0.13665877745918,-0.199078791782956,-0.0198341194146128));
#3642=CARTESIAN_POINT('',(-0.136537524244867,-0.198896458729813,-0.0199023915212088));
#3643=CARTESIAN_POINT('',(-0.136452788699557,-0.198770280621189,-0.0199399487421251));
#3644=CARTESIAN_POINT('',(-0.136317339728541,-0.198569288341885,-0.0199800324455395));
#3645=CARTESIAN_POINT('',(-0.136254626942088,-0.198476773801195,-0.0199908296781486));
#3646=CARTESIAN_POINT('',(-0.13616546903746,-0.198344727881308,-0.02));
#3647=CARTESIAN_POINT('',(-0.1361170394209,-0.198273079757837,-0.02));
#3648=CARTESIAN_POINT('',(-0.0600265171739482,-0.192140142159923,-0.018));
#3649=CARTESIAN_POINT('',(-0.0580569016679238,-0.162477818634361,-0.0183472963553338));
#3650=CARTESIAN_POINT('',(-0.0580784371197499,-0.162477818602031,-0.0184694299717528));
#3651=CARTESIAN_POINT('',(-0.0581420873679393,-0.162494590821068,-0.0187094876088556));
#3652=CARTESIAN_POINT('',(-0.0583255515248081,-0.162584399517063,-0.0190721363215701));
#3653=CARTESIAN_POINT('',(-0.0585212038151296,-0.162695858031458,-0.0193336652642363));
#3654=CARTESIAN_POINT('',(-0.0588136363240496,-0.162875437286584,-0.0196034453870841));
#3655=CARTESIAN_POINT('',(-0.0590175777197533,-0.163007550269555,-0.0197318478094261));
#3656=CARTESIAN_POINT('',(-0.0592208442538915,-0.163140844179097,-0.0198341339291449));
#3657=CARTESIAN_POINT('',(-0.0594031108045914,-0.163262054633122,-0.0199023835087828));
#3658=CARTESIAN_POINT('',(-0.0595293867952374,-0.163346855740481,-0.019939966277357));
#3659=CARTESIAN_POINT('',(-0.0597302791640965,-0.163482237312556,-0.0199800265517323));
#3660=CARTESIAN_POINT('',(-0.0598228703492573,-0.163545002043975,-0.0199908357181605));
#3661=CARTESIAN_POINT('',(-0.0599548872571883,-0.163634140200904,-0.02));
#3662=CARTESIAN_POINT('',(-0.0600265171739482,-0.163682557510885,-0.02));
#3663=CARTESIAN_POINT('',(-0.138086654926925,-0.199477818634361,-0.0183472963553339));
#3664=CARTESIAN_POINT('',(-0.138086469544444,-0.199483966554691,-0.01834834771163));
#3665=CARTESIAN_POINT('',(-0.138086211325631,-0.199490114591019,-0.0183493862453695));
#3666=CARTESIAN_POINT('',(-0.138083564788875,-0.199539285950903,-0.0183575898269596));
#3667=CARTESIAN_POINT('',(-0.138070979712831,-0.199631312534675,-0.0183715975081601));
#3668=CARTESIAN_POINT('',(-0.138042434950307,-0.199720247002509,-0.0183822458425634));
#3669=CARTESIAN_POINT('',(-0.137983510040902,-0.199857242668016,-0.0183960118232685));
#3670=CARTESIAN_POINT('',(-0.137926555583549,-0.199941396424384,-0.0184008077935412));
#3671=CARTESIAN_POINT('',(-0.137785356088762,-0.200082595919466,-0.0184008077935934));
#3672=CARTESIAN_POINT('',(-0.137701202332862,-0.200139550376791,-0.0183960118233981));
#3673=CARTESIAN_POINT('',(-0.1375642066675,-0.200198475286555,-0.0183822458427818));
#3674=CARTESIAN_POINT('',(-0.137493059136338,-0.200221311095556,-0.0183737271826806));
#3675=CARTESIAN_POINT('',(-0.13740165098853,-0.200237088108778,-0.0183603913730714));
#3676=CARTESIAN_POINT('',(-0.137358659970028,-0.200240928393087,-0.0183534880423186));
#3677=CARTESIAN_POINT('',(-0.137334074267781,-0.200242251662153,-0.0183493862477118));
#3678=CARTESIAN_POINT('',(-0.137327926225055,-0.20024250988116,-0.0183483477128786));
#3679=CARTESIAN_POINT('',(-0.137321778297424,-0.200242695263861,-0.0183472963553339));
#3680=CARTESIAN_POINT('',(-0.138077079397983,-0.199477818648723,-0.0184016018785369));
#3681=CARTESIAN_POINT('',(-0.138076841676745,-0.199483865044497,-0.018402782558764));
#3682=CARTESIAN_POINT('',(-0.138076638724023,-0.19948991921892,-0.0184036733958153));
#3683=CARTESIAN_POINT('',(-0.138074022211916,-0.199538319569991,-0.0184118075462616));
#3684=CARTESIAN_POINT('',(-0.138061650422943,-0.199628996687084,-0.0184257117493613));
#3685=CARTESIAN_POINT('',(-0.138033526465889,-0.19971680199731,-0.0184362767631364));
#3686=CARTESIAN_POINT('',(-0.13797536657091,-0.199852159699265,-0.0184499384743225));
#3687=CARTESIAN_POINT('',(-0.137919081491064,-0.199935431146116,-0.0184547023827598));
#3688=CARTESIAN_POINT('',(-0.137779390810502,-0.200075121826976,-0.0184547023828111));
#3689=CARTESIAN_POINT('',(-0.137696119362807,-0.200131406907798,-0.0184499384745162));
#3690=CARTESIAN_POINT('',(-0.137560761662965,-0.200189566801634,-0.0184362767633231));
#3691=CARTESIAN_POINT('',(-0.137490517881432,-0.200212066038552,-0.0184278234148378));
#3692=CARTESIAN_POINT('',(-0.137400414134136,-0.200227588136569,-0.0184145900952224));
#3693=CARTESIAN_POINT('',(-0.137358079093447,-0.200231370804462,-0.0184077404773081));
#3694=CARTESIAN_POINT('',(-0.137333878895715,-0.200232679060871,-0.0184036733982153));
#3695=CARTESIAN_POINT('',(-0.137327824714624,-0.200232882013444,-0.0184027825599812));
#3696=CARTESIAN_POINT('',(-0.137321778311787,-0.20023311973492,-0.0184016018785368));
#3697=CARTESIAN_POINT('',(-0.138064798878835,-0.199475938135035,-0.0184575681753367));
#3698=CARTESIAN_POINT('',(-0.138064494738556,-0.199481883334534,-0.0184588775592026));
#3699=CARTESIAN_POINT('',(-0.138064280361264,-0.199487839295012,-0.0184597574828356));
#3700=CARTESIAN_POINT('',(-0.138061376080212,-0.199535437587682,-0.0184683516152732));
#3701=CARTESIAN_POINT('',(-0.138048670265374,-0.199624576375768,-0.018483016375561));
#3702=CARTESIAN_POINT('',(-0.138020616489658,-0.19971087542051,-0.0184941192380764));
#3703=CARTESIAN_POINT('',(-0.137962898639167,-0.199843937174132,-0.0185084712344105));
#3704=CARTESIAN_POINT('',(-0.13790736646985,-0.199925829384067,-0.0185134688872884));
#3705=CARTESIAN_POINT('',(-0.137769789060512,-0.200063406796222,-0.0185134688884051));
#3706=CARTESIAN_POINT('',(-0.137687896849315,-0.200118938969216,-0.0185084712367251));
#3707=CARTESIAN_POINT('',(-0.137554835096466,-0.200176656821004,-0.0184941192407004));
#3708=CARTESIAN_POINT('',(-0.137485796534563,-0.200199099950645,-0.0184852349402079));
#3709=CARTESIAN_POINT('',(-0.137397224196745,-0.200214875172459,-0.0184712871257038));
#3710=CARTESIAN_POINT('',(-0.137355598140197,-0.200218868557204,-0.0184640545557154));
#3711=CARTESIAN_POINT('',(-0.137331798971703,-0.200220320698169,-0.0184597574853691));
#3712=CARTESIAN_POINT('',(-0.137325843004459,-0.200220535075195,-0.0184588775604548));
#3713=CARTESIAN_POINT('',(-0.137319897798099,-0.200220839215772,-0.0184575681753367));
#3714=CARTESIAN_POINT('',(-0.138034722047513,-0.19946813264143,-0.0185706404663302));
#3715=CARTESIAN_POINT('',(-0.138034272039751,-0.199473767180227,-0.0185721663281586));
#3716=CARTESIAN_POINT('',(-0.138033954449566,-0.199479416060772,-0.0185731559040173));
#3717=CARTESIAN_POINT('',(-0.138030089344296,-0.199524556769433,-0.0185830209800256));
#3718=CARTESIAN_POINT('',(-0.138015895716361,-0.199609210252351,-0.0185997725989709));
#3719=CARTESIAN_POINT('',(-0.137987174123361,-0.199691477205735,-0.0186123563966478));
#3720=CARTESIAN_POINT('',(-0.137929246677994,-0.199818647561351,-0.0186286068272004));
#3721=CARTESIAN_POINT('',(-0.137874733920652,-0.199897373808788,-0.018634245207196));
#3722=CARTESIAN_POINT('',(-0.137741333487517,-0.200030774244299,-0.0186342452093223));
#3723=CARTESIAN_POINT('',(-0.13766260723753,-0.200085287005806,-0.0186286068314302));
#3724=CARTESIAN_POINT('',(-0.13753543688243,-0.200143214452505,-0.0186123564014241));
#3725=CARTESIAN_POINT('',(-0.137469624143897,-0.200166191863731,-0.0186022868469596));
#3726=CARTESIAN_POINT('',(-0.137385446089129,-0.200183290853649,-0.0185863744985027));
#3727=CARTESIAN_POINT('',(-0.137345946107175,-0.200188062233434,-0.0185780884481994));
#3728=CARTESIAN_POINT('',(-0.137323375734902,-0.200189994786529,-0.0185731559063523));
#3729=CARTESIAN_POINT('',(-0.13731772684869,-0.200190312376354,-0.0185721663292768));
#3730=CARTESIAN_POINT('',(-0.137312092304494,-0.20019076238445,-0.0185706404663302));
#3731=CARTESIAN_POINT('',(-0.138016925735339,-0.199462207661515,-0.0186277464605239));
#3732=CARTESIAN_POINT('',(-0.138016394816126,-0.199467666047843,-0.0186293643622685));
#3733=CARTESIAN_POINT('',(-0.138015984540832,-0.199473138310503,-0.0186304787027147));
#3734=CARTESIAN_POINT('',(-0.138011443532023,-0.199516873171268,-0.0186411877986554));
#3735=CARTESIAN_POINT('',(-0.137996147555384,-0.199598938792919,-0.0186593207053077));
#3736=CARTESIAN_POINT('',(-0.137966820956145,-0.199678845513068,-0.0186728875795085));
#3737=CARTESIAN_POINT('',(-0.137908485129687,-0.199802559350103,-0.0186903973465483));
#3738=CARTESIAN_POINT('',(-0.13785444167326,-0.19987942346985,-0.018696459771836));
#3739=CARTESIAN_POINT('',(-0.137723383147106,-0.200010481997483,-0.0186964597742321));
#3740=CARTESIAN_POINT('',(-0.137646519024367,-0.200064525457501,-0.0186903973512237));
#3741=CARTESIAN_POINT('',(-0.137522805187499,-0.200122861285089,-0.0186728875847729));
#3742=CARTESIAN_POINT('',(-0.137458880577364,-0.20014632269231,-0.0186620317362311));
#3743=CARTESIAN_POINT('',(-0.13737724498294,-0.200164424578145,-0.0186448173614038));
#3744=CARTESIAN_POINT('',(-0.137338965427929,-0.200169754372827,-0.0186358332562158));
#3745=CARTESIAN_POINT('',(-0.137317097982729,-0.200172024877748,-0.0186304787047972));
#3746=CARTESIAN_POINT('',(-0.137311625715326,-0.20017243515273,-0.0186293643632589));
#3747=CARTESIAN_POINT('',(-0.137306167324578,-0.200172966072275,-0.018627746460524));
#3748=CARTESIAN_POINT('',(-0.137975711505347,-0.199446029825329,-0.0187409162965063));
#3749=CARTESIAN_POINT('',(-0.137975008545131,-0.199451161723021,-0.0187426866255015));
#3750=CARTESIAN_POINT('',(-0.137974377415611,-0.19945630337255,-0.0187440880870944));
#3751=CARTESIAN_POINT('',(-0.137968316471994,-0.199497402687172,-0.0187565078382766));
#3752=CARTESIAN_POINT('',(-0.137950628238474,-0.199574469412738,-0.0187774379347365));
#3753=CARTESIAN_POINT('',(-0.13792013819522,-0.199649571802209,-0.0187929981518488));
#3754=CARTESIAN_POINT('',(-0.137861211325031,-0.199766090709802,-0.0188130607995164));
#3755=CARTESIAN_POINT('',(-0.137808449294528,-0.19983884951292,-0.0188199820440201));
#3756=CARTESIAN_POINT('',(-0.137682809186224,-0.199964489621394,-0.0188199820463809));
#3757=CARTESIAN_POINT('',(-0.137610050379904,-0.200017251654227,-0.0188130608039171));
#3758=CARTESIAN_POINT('',(-0.13749353147169,-0.2000761785253,-0.0187929981567317));
#3759=CARTESIAN_POINT('',(-0.137433450104007,-0.200100570651449,-0.0187805483044197));
#3760=CARTESIAN_POINT('',(-0.137356774993136,-0.200120819093582,-0.0187606959870393));
#3761=CARTESIAN_POINT('',(-0.137320812706884,-0.200127387280153,-0.0187502979664915));
#3762=CARTESIAN_POINT('',(-0.137300263040967,-0.200130417752466,-0.0187440880885167));
#3763=CARTESIAN_POINT('',(-0.13729512138861,-0.200131048881796,-0.0187426866261716));
#3764=CARTESIAN_POINT('',(-0.137289989488392,-0.200131751842284,-0.0187409162965061));
#3765=CARTESIAN_POINT('',(-0.137952310108814,-0.199435784298392,-0.0187969201356302));
#3766=CARTESIAN_POINT('',(-0.137951518985099,-0.199440763222737,-0.0187987471355158));
#3767=CARTESIAN_POINT('',(-0.137950762516377,-0.19944574837084,-0.018800307295293));
#3768=CARTESIAN_POINT('',(-0.137943879125087,-0.199485598952397,-0.0188135648793343));
#3769=CARTESIAN_POINT('',(-0.137924927596241,-0.19956023226967,-0.0188358629705423));
#3770=CARTESIAN_POINT('',(-0.13789388260998,-0.199632890150072,-0.0188523986122434));
#3771=CARTESIAN_POINT('',(-0.137834765352734,-0.199745682317618,-0.018873710206482));
#3772=CARTESIAN_POINT('',(-0.137782792542901,-0.199816222151555,-0.0188810513589407));
#3773=CARTESIAN_POINT('',(-0.137660181821397,-0.199938832872709,-0.0188810513607403));
#3774=CARTESIAN_POINT('',(-0.137589641984515,-0.199990805684053,-0.0188737102096496));
#3775=CARTESIAN_POINT('',(-0.137476849816122,-0.200049922941885,-0.0188523986156481));
#3776=CARTESIAN_POINT('',(-0.13741872389194,-0.200074758995011,-0.0188391689271065));
#3777=CARTESIAN_POINT('',(-0.137344484785669,-0.200096129108103,-0.018818025988018));
#3778=CARTESIAN_POINT('',(-0.137309633333498,-0.200103361157212,-0.0188069360898635));
#3779=CARTESIAN_POINT('',(-0.137289708037302,-0.200106802853242,-0.0188003072962455));
#3780=CARTESIAN_POINT('',(-0.137284722887385,-0.200107559321837,-0.0187987471359621));
#3781=CARTESIAN_POINT('',(-0.137279743961456,-0.20010835044575,-0.0187969201356303));
#3782=CARTESIAN_POINT('',(-0.137901028361133,-0.199411611048073,-0.0189059183551548));
#3783=CARTESIAN_POINT('',(-0.137900061463394,-0.199416316756418,-0.0189078279219531));
#3784=CARTESIAN_POINT('',(-0.137899069358033,-0.199421021805329,-0.0189096409151952));
#3785=CARTESIAN_POINT('',(-0.137890617571649,-0.19945862933801,-0.0189242033237184));
#3786=CARTESIAN_POINT('',(-0.137869403303059,-0.199528802233782,-0.0189486326203399));
#3787=CARTESIAN_POINT('',(-0.137837630897158,-0.199596824179149,-0.018966689512512));
#3788=CARTESIAN_POINT('',(-0.137778715113189,-0.199702430928055,-0.0189899487631425));
#3789=CARTESIAN_POINT('',(-0.13772867393634,-0.199768520210048,-0.0189979443545428));
#3790=CARTESIAN_POINT('',(-0.137612479874999,-0.1998847142708,-0.018997944355304));
#3791=CARTESIAN_POINT('',(-0.137546390590792,-0.199934755448142,-0.0189899487640635));
#3792=CARTESIAN_POINT('',(-0.137440783840672,-0.199993671232453,-0.0189666895132346));
#3793=CARTESIAN_POINT('',(-0.137386366392388,-0.200019089175611,-0.0189522436635519));
#3794=CARTESIAN_POINT('',(-0.137316623437072,-0.200042415041113,-0.0189290896085175));
#3795=CARTESIAN_POINT('',(-0.137283785236032,-0.200050883801659,-0.018916922119978));
#3796=CARTESIAN_POINT('',(-0.137264981468923,-0.200055109694954,-0.0189096409153915));
#3797=CARTESIAN_POINT('',(-0.137260276419704,-0.200056101800277,-0.018907827922041));
#3798=CARTESIAN_POINT('',(-0.137255570711137,-0.200057068698069,-0.0189059183551551));
#3799=CARTESIAN_POINT('',(-0.137873148009986,-0.199397683324691,-0.0189589127355554));
#3800=CARTESIAN_POINT('',(-0.137872090480986,-0.199402277705196,-0.0189608511126534));
#3801=CARTESIAN_POINT('',(-0.137870985291144,-0.199406867745368,-0.018962761109918));
#3802=CARTESIAN_POINT('',(-0.137861767060613,-0.199443547138085,-0.0189778130957123));
#3803=CARTESIAN_POINT('',(-0.137839538536131,-0.199511783810626,-0.0190030431698456));
#3804=CARTESIAN_POINT('',(-0.137807615687654,-0.199577647553277,-0.0190216732092294));
#3805=CARTESIAN_POINT('',(-0.137749145032441,-0.199679813084683,-0.0190456661409724));
#3806=CARTESIAN_POINT('',(-0.137700305798765,-0.199743634829839,-0.0190539079204393));
#3807=CARTESIAN_POINT('',(-0.137587594495855,-0.199856346133067,-0.0190539079206838));
#3808=CARTESIAN_POINT('',(-0.137523772749095,-0.199905185367534,-0.019045666140801));
#3809=CARTESIAN_POINT('',(-0.137421607215903,-0.199963656023804,-0.0190216732086544));
#3810=CARTESIAN_POINT('',(-0.137368916221045,-0.199989194303083,-0.0190067691770006));
#3811=CARTESIAN_POINT('',(-0.137301154134614,-0.200013361692671,-0.0189828591100209));
#3812=CARTESIAN_POINT('',(-0.1372691671042,-0.200022416512857,-0.0189702871025362));
#3813=CARTESIAN_POINT('',(-0.137250827408216,-0.2000270256281,-0.0189627611098181));
#3814=CARTESIAN_POINT('',(-0.137246237368145,-0.200028130817934,-0.0189608511126018));
#3815=CARTESIAN_POINT('',(-0.137241642987754,-0.200029188346922,-0.0189589127355557));
#3816=CARTESIAN_POINT('',(-0.137827338041056,-0.199373738960881,-0.0190372629813142));
#3817=CARTESIAN_POINT('',(-0.137826156365962,-0.199378133718305,-0.0190392127987491));
#3818=CARTESIAN_POINT('',(-0.137824933128761,-0.199382523095557,-0.0190411340575947));
#3819=CARTESIAN_POINT('',(-0.137814818416923,-0.199417589758471,-0.0190562747059903));
#3820=CARTESIAN_POINT('',(-0.137791537645531,-0.199482705090828,-0.0190816522531408));
#3821=CARTESIAN_POINT('',(-0.13775973399324,-0.199545414301104,-0.0191003895455266));
#3822=CARTESIAN_POINT('',(-0.137702282357519,-0.199642675582603,-0.0191245197610345));
#3823=CARTESIAN_POINT('',(-0.137655226877631,-0.199703418497015,-0.019132807301627));
#3824=CARTESIAN_POINT('',(-0.137547378159371,-0.199811267215243,-0.019132807301576));
#3825=CARTESIAN_POINT('',(-0.137486635243472,-0.199858322695457,-0.019124519760272));
#3826=CARTESIAN_POINT('',(-0.137389373960992,-0.199915774331298,-0.0191003895442496));
#3827=CARTESIAN_POINT('',(-0.137339206592594,-0.1999412172531,-0.0190853997102218));
#3828=CARTESIAN_POINT('',(-0.137274572485829,-0.199966202600253,-0.0190613502144962));
#3829=CARTESIAN_POINT('',(-0.13724401608894,-0.199975916110124,-0.0190487043813067));
#3830=CARTESIAN_POINT('',(-0.137226482758217,-0.199980973465819,-0.0190411340574219));
#3831=CARTESIAN_POINT('',(-0.137222093381161,-0.199982196702961,-0.0190392127986598));
#3832=CARTESIAN_POINT('',(-0.137217698623943,-0.199983378377993,-0.0190372629813138));
#3833=CARTESIAN_POINT('',(-0.137810566184937,-0.199364786462738,-0.0190644205354593));
#3834=CARTESIAN_POINT('',(-0.137809341740402,-0.199369108496752,-0.0190663686918763));
#3835=CARTESIAN_POINT('',(-0.137808077811723,-0.199373424816784,-0.0190682882740283));
#3836=CARTESIAN_POINT('',(-0.137797653905956,-0.199407904667518,-0.0190834154042829));
#3837=CARTESIAN_POINT('',(-0.137774007830768,-0.199471888825122,-0.0191087662321527));
#3838=CARTESIAN_POINT('',(-0.137742242106835,-0.199533462860856,-0.019127477961485));
#3839=CARTESIAN_POINT('',(-0.13768514037027,-0.199628965127879,-0.0191515722591526));
#3840=CARTESIAN_POINT('',(-0.137638703774866,-0.199688611719028,-0.019159842498579));
#3841=CARTESIAN_POINT('',(-0.137532571381501,-0.199794744112549,-0.0191598424984418));
#3842=CARTESIAN_POINT('',(-0.137472924789234,-0.199841180708216,-0.0191515722583516));
#3843=CARTESIAN_POINT('',(-0.137377422521469,-0.199898282444821,-0.0191274779602375));
#3844=CARTESIAN_POINT('',(-0.137328163292744,-0.199923695023901,-0.0191125085766858));
#3845=CARTESIAN_POINT('',(-0.13726466116042,-0.199948965028443,-0.0190884855689873));
#3846=CARTESIAN_POINT('',(-0.137234624404334,-0.199958906196076,-0.0190758518387007));
#3847=CARTESIAN_POINT('',(-0.137217384479535,-0.199964118148764,-0.0190682882738667));
#3848=CARTESIAN_POINT('',(-0.137213068159654,-0.199965382077393,-0.0190663686917928));
#3849=CARTESIAN_POINT('',(-0.1372087461258,-0.199966606521874,-0.0190644205354588));
#3850=CARTESIAN_POINT('',(-0.137776026191717,-0.199346007410275,-0.0191175061259683));
#3851=CARTESIAN_POINT('',(-0.137774724806225,-0.199350174215337,-0.0191194381927636));
#3852=CARTESIAN_POINT('',(-0.137773387653876,-0.199354335005316,-0.0191213417909923));
#3853=CARTESIAN_POINT('',(-0.137762407249515,-0.199387568760084,-0.0191363419683019));
#3854=CARTESIAN_POINT('',(-0.137738102180795,-0.199449192133757,-0.0191614668139229));
#3855=CARTESIAN_POINT('',(-0.13770641316028,-0.199508462120789,-0.019179992734637));
#3856=CARTESIAN_POINT('',(-0.137649976019681,-0.199600432549194,-0.0192038380073744));
#3857=CARTESIAN_POINT('',(-0.137604704982249,-0.199657930766999,-0.0192120065886596));
#3858=CARTESIAN_POINT('',(-0.13750189043024,-0.199760745319912,-0.0192120065884566));
#3859=CARTESIAN_POINT('',(-0.137444392212629,-0.199806016357449,-0.0192038380069109));
#3860=CARTESIAN_POINT('',(-0.137352421784252,-0.199862453497905,-0.019179992734054));
#3861=CARTESIAN_POINT('',(-0.137305005794574,-0.199887804714171,-0.0191651719974909));
#3862=CARTESIAN_POINT('',(-0.137243853098069,-0.19991358657298,-0.0191413669370725));
#3863=CARTESIAN_POINT('',(-0.137214911545854,-0.19992393778876,-0.0191288418794657));
#3864=CARTESIAN_POINT('',(-0.13719829466841,-0.199929427990856,-0.0191213417909283));
#3865=CARTESIAN_POINT('',(-0.137194133878415,-0.199930765143184,-0.0191194381927304));
#3866=CARTESIAN_POINT('',(-0.137189967073338,-0.199932066528654,-0.0191175061259676));
#3867=CARTESIAN_POINT('',(-0.137758258054616,-0.199336180855957,-0.0191434341623322));
#3868=CARTESIAN_POINT('',(-0.137756922323796,-0.199340262365751,-0.0191453512645778));
#3869=CARTESIAN_POINT('',(-0.137755552427283,-0.199344337977636,-0.0191472400280054));
#3870=CARTESIAN_POINT('',(-0.137744322732554,-0.199376891466908,-0.0191621226169301));
#3871=CARTESIAN_POINT('',(-0.137719716445468,-0.19943725455813,-0.019187041290904));
#3872=CARTESIAN_POINT('',(-0.137688053534535,-0.199495340553197,-0.0192054019415563));
#3873=CARTESIAN_POINT('',(-0.137631909385463,-0.199585524300067,-0.0192290276758453));
#3874=CARTESIAN_POINT('',(-0.137587168630646,-0.199641975004331,-0.0192371097563651));
#3875=CARTESIAN_POINT('',(-0.1374859346676,-0.199743208968587,-0.0192371097561736));
#3876=CARTESIAN_POINT('',(-0.137429483964386,-0.199787949723249,-0.0192290276757396));
#3877=CARTESIAN_POINT('',(-0.137339300218153,-0.199844093871902,-0.0192054019415867));
#3878=CARTESIAN_POINT('',(-0.137292831422183,-0.199869424200393,-0.0191907134211348));
#3879=CARTESIAN_POINT('',(-0.137232923749477,-0.199895441812066,-0.0191671063518202));
#3880=CARTESIAN_POINT('',(-0.137204574385989,-0.199905977916831,-0.0191546813225226));
#3881=CARTESIAN_POINT('',(-0.13718829764093,-0.199911592764209,-0.0191472400280253));
#3882=CARTESIAN_POINT('',(-0.137184222028933,-0.199912962660726,-0.0191453512645879));
#3883=CARTESIAN_POINT('',(-0.137180140519019,-0.199914298391552,-0.0191434341623316));
#3884=CARTESIAN_POINT('',(-0.137703545534604,-0.199305463360424,-0.0192194097912886));
#3885=CARTESIAN_POINT('',(-0.137702119719357,-0.199309275307529,-0.0192212651629972));
#3886=CARTESIAN_POINT('',(-0.13770066391809,-0.199313082252756,-0.0192230927857661));
#3887=CARTESIAN_POINT('',(-0.137688780153121,-0.199343494118534,-0.0192374911557783));
#3888=CARTESIAN_POINT('',(-0.137663382811606,-0.199399942856324,-0.0192615663152298));
#3889=CARTESIAN_POINT('',(-0.137631808612618,-0.199454437940972,-0.019279258323378));
#3890=CARTESIAN_POINT('',(-0.137576505373163,-0.199539256202096,-0.0193019994212664));
#3891=CARTESIAN_POINT('',(-0.137533257185431,-0.199592636543759,-0.0193097386663273));
#3892=CARTESIAN_POINT('',(-0.137436596206074,-0.199689297525084,-0.0193097386660811));
#3893=CARTESIAN_POINT('',(-0.137383215868447,-0.19973254571148,-0.0193019994222575));
#3894=CARTESIAN_POINT('',(-0.137298397610308,-0.199787848949238,-0.0192792583253892));
#3895=CARTESIAN_POINT('',(-0.137254801543312,-0.199813108307658,-0.0192651047191718));
#3896=CARTESIAN_POINT('',(-0.137198743533823,-0.199839741020737,-0.0192423061892483));
#3897=CARTESIAN_POINT('',(-0.137172247851165,-0.199850762371959,-0.0192302919716104));
#3898=CARTESIAN_POINT('',(-0.137157041916692,-0.199856704254812,-0.0192230927860648));
#3899=CARTESIAN_POINT('',(-0.137153234971042,-0.199858160056181,-0.0192212651631515));
#3900=CARTESIAN_POINT('',(-0.137149423023487,-0.199859585871541,-0.0192194097912883));
#3901=CARTESIAN_POINT('',(-0.137665193042987,-0.199283334586635,-0.0192676489037458));
#3902=CARTESIAN_POINT('',(-0.137663723189514,-0.19928695627131,-0.0192694428085235));
#3903=CARTESIAN_POINT('',(-0.137662225463828,-0.199290574017889,-0.0192712095917502));
#3904=CARTESIAN_POINT('',(-0.137650023207905,-0.19931948105248,-0.0192851264310513));
#3905=CARTESIAN_POINT('',(-0.137624250566074,-0.199373223180432,-0.0193083667817582));
#3906=CARTESIAN_POINT('',(-0.137592775311955,-0.199425306745436,-0.0193254026097353));
#3907=CARTESIAN_POINT('',(-0.137538033912,-0.199506565949423,-0.0193472782201479));
#3908=CARTESIAN_POINT('',(-0.137495698320879,-0.199557972752055,-0.0193546863412888));
#3909=CARTESIAN_POINT('',(-0.137401932413878,-0.19965173866142,-0.0193546863411003));
#3910=CARTESIAN_POINT('',(-0.137350525617759,-0.199694074250059,-0.0193472782223261));
#3911=CARTESIAN_POINT('',(-0.137269266418667,-0.199748815647253,-0.0193254026137592));
#3912=CARTESIAN_POINT('',(-0.137227599567893,-0.19977399584941,-0.0193117739518743));
#3913=CARTESIAN_POINT('',(-0.137174189148767,-0.199800909014242,-0.0192897745042376));
#3914=CARTESIAN_POINT('',(-0.137148987202271,-0.199812164671565,-0.0192781680130096));
#3915=CARTESIAN_POINT('',(-0.137134533682383,-0.199818265800315,-0.019271209592323));
#3916=CARTESIAN_POINT('',(-0.137130915935111,-0.199819763526216,-0.0192694428088192));
#3917=CARTESIAN_POINT('',(-0.137127294249698,-0.199821233379924,-0.0192676489037457));
#3918=CARTESIAN_POINT('',(-0.137585193437954,-0.199236166827863,-0.0193594954298262));
#3919=CARTESIAN_POINT('',(-0.137583657337603,-0.199239442518559,-0.0193611527074967));
#3920=CARTESIAN_POINT('',(-0.137582097543873,-0.199242715566873,-0.0193627843323508));
#3921=CARTESIAN_POINT('',(-0.137569432064271,-0.199268875974364,-0.0193756319875788));
#3922=CARTESIAN_POINT('',(-0.137543228211983,-0.199317612013841,-0.019397026206318));
#3923=CARTESIAN_POINT('',(-0.137512237238571,-0.19936511452762,-0.0194126212998053));
#3924=CARTESIAN_POINT('',(-0.137459030790055,-0.199439520669945,-0.0194326016163719));
#3925=CARTESIAN_POINT('',(-0.137418731969636,-0.19948699425853,-0.0194392927167318));
#3926=CARTESIAN_POINT('',(-0.137330953920484,-0.199574772310414,-0.0194392927167132));
#3927=CARTESIAN_POINT('',(-0.137283480343038,-0.199615071125953,-0.0194326016210335));
#3928=CARTESIAN_POINT('',(-0.13720907420902,-0.199668277569833,-0.0194126213079842));
#3929=CARTESIAN_POINT('',(-0.137171072200048,-0.199693070346916,-0.019400145234077));
#3930=CARTESIAN_POINT('',(-0.137122582858932,-0.199720231625453,-0.0193799108373765));
#3931=CARTESIAN_POINT('',(-0.137099755440849,-0.199731805138151,-0.0193692081631523));
#3932=CARTESIAN_POINT('',(-0.137086675232483,-0.199738137879782,-0.0193627843334841));
#3933=CARTESIAN_POINT('',(-0.137083402182937,-0.199739697674007,-0.0193611527080814));
#3934=CARTESIAN_POINT('',(-0.137080126490926,-0.199741233774891,-0.0193594954298259));
#3935=CARTESIAN_POINT('',(-0.137543534703626,-0.199211121608501,-0.0194031358549893));
#3936=CARTESIAN_POINT('',(-0.137541977361352,-0.199214240210763,-0.0194047172204688));
#3937=CARTESIAN_POINT('',(-0.137540398340629,-0.199217356458762,-0.0194062737862279));
#3938=CARTESIAN_POINT('',(-0.13752759507388,-0.199242265101049,-0.0194185279599795));
#3939=CARTESIAN_POINT('',(-0.137501343248622,-0.199288688695319,-0.0194389011615523));
#3940=CARTESIAN_POINT('',(-0.137470737265843,-0.199334018364935,-0.0194537046505758));
#3941=CARTESIAN_POINT('',(-0.137418498860275,-0.199405130889721,-0.0194726461365825));
#3942=CARTESIAN_POINT('',(-0.137379314812398,-0.199450652644112,-0.0194789483320123));
#3943=CARTESIAN_POINT('',(-0.137294612306327,-0.199535355152751,-0.019478948332092));
#3944=CARTESIAN_POINT('',(-0.137249090565182,-0.199574539194408,-0.0194726461425128));
#3945=CARTESIAN_POINT('',(-0.13717797805025,-0.199626777594429,-0.0194537046608641));
#3946=CARTESIAN_POINT('',(-0.137141714316981,-0.199651262378825,-0.0194418618707198));
#3947=CARTESIAN_POINT('',(-0.13709550949942,-0.199678385038603,-0.0194226026078649));
#3948=CARTESIAN_POINT('',(-0.137073770451632,-0.199690037040357,-0.0194124008770899));
#3949=CARTESIAN_POINT('',(-0.137061316124905,-0.199696438676193,-0.0194062737876446));
#3950=CARTESIAN_POINT('',(-0.137058199875414,-0.199698017697579,-0.0194047172211997));
#3951=CARTESIAN_POINT('',(-0.137055081271564,-0.199699575040563,-0.0194031358549889));
#3952=CARTESIAN_POINT('',(-0.137478580882186,-0.199171425025098,-0.0194653290684934));
#3953=CARTESIAN_POINT('',(-0.13747700158821,-0.199174337759323,-0.0194667961337073));
#3954=CARTESIAN_POINT('',(-0.137475403969696,-0.199177247801278,-0.0194682398104815));
#3955=CARTESIAN_POINT('',(-0.137462478431286,-0.199200504683645,-0.019479602349928));
#3956=CARTESIAN_POINT('',(-0.137436345299114,-0.199243803513921,-0.0194984543803471));
#3957=CARTESIAN_POINT('',(-0.13740654049656,-0.199286065685762,-0.0195120963857136));
#3958=CARTESIAN_POINT('',(-0.137356104806222,-0.199352432846385,-0.0195295223986694));
#3959=CARTESIAN_POINT('',(-0.13731881700433,-0.199395007867704,-0.0195352714797993));
#3960=CARTESIAN_POINT('',(-0.13723896753041,-0.199474857343492,-0.0195352714799217));
#3961=CARTESIAN_POINT('',(-0.137196392524415,-0.199512145137436,-0.0195295224058909));
#3962=CARTESIAN_POINT('',(-0.137130025375177,-0.199562580821219,-0.0195120963982135));
#3963=CARTESIAN_POINT('',(-0.137096215640497,-0.199586424661328,-0.0195011827952169));
#3964=CARTESIAN_POINT('',(-0.137053124132181,-0.199613292132057,-0.0194833727652003));
#3965=CARTESIAN_POINT('',(-0.137032835915747,-0.19962498153226,-0.0194739210850421));
#3966=CARTESIAN_POINT('',(-0.137021207467974,-0.199631444304789,-0.0194682398122006));
#3967=CARTESIAN_POINT('',(-0.137018297424261,-0.199633041924194,-0.0194667961345943));
#3968=CARTESIAN_POINT('',(-0.13701538468816,-0.199634621219123,-0.019465329068493));
#3969=CARTESIAN_POINT('',(-0.137456518655048,-0.199157838038237,-0.0194855155689546));
#3970=CARTESIAN_POINT('',(-0.137454933519928,-0.199160687498774,-0.0194869445484056));
#3971=CARTESIAN_POINT('',(-0.137453331245053,-0.199163534011128,-0.0194883506304342));
#3972=CARTESIAN_POINT('',(-0.137440377793054,-0.19918628082586,-0.0194994163920926));
#3973=CARTESIAN_POINT('',(-0.137414314874947,-0.199228599249756,-0.0195177642039716));
#3974=CARTESIAN_POINT('',(-0.13738481514632,-0.199269872143978,-0.0195310241778961));
#3975=CARTESIAN_POINT('',(-0.137335040923531,-0.19933469045561,-0.0195479531978341));
#3976=CARTESIAN_POINT('',(-0.137298425232359,-0.199376278237866,-0.0195535232933376));
#3977=CARTESIAN_POINT('',(-0.137220237900684,-0.199454465571091,-0.0195535232934609));
#3978=CARTESIAN_POINT('',(-0.137178650134265,-0.199491081253775,-0.0195479532053924));
#3979=CARTESIAN_POINT('',(-0.137113831834411,-0.199540855469716,-0.0195310241909845));
#3980=CARTESIAN_POINT('',(-0.137080813521927,-0.199564455250665,-0.0195204162132042));
#3981=CARTESIAN_POINT('',(-0.137038704193868,-0.199591205535829,-0.0195030859640913));
#3982=CARTESIAN_POINT('',(-0.137018867092174,-0.199602894850405,-0.0194938835163296));
#3983=CARTESIAN_POINT('',(-0.137007493677965,-0.199609371579999,-0.0194883506322347));
#3984=CARTESIAN_POINT('',(-0.137004647163785,-0.199610973855836,-0.0194869445493346));
#3985=CARTESIAN_POINT('',(-0.137001797701299,-0.199612558991985,-0.0194855155689543));
#3986=CARTESIAN_POINT('',(-0.137411576073751,-0.199129965022328,-0.0195248255672262));
#3987=CARTESIAN_POINT('',(-0.137409981905964,-0.199132695873054,-0.0195261786713079));
#3988=CARTESIAN_POINT('',(-0.137408373085235,-0.199135423071724,-0.019527509917818));
#3989=CARTESIAN_POINT('',(-0.137395386816852,-0.199157210195816,-0.0195379853869885));
#3990=CARTESIAN_POINT('',(-0.137369518967653,-0.199197661196864,-0.0195553365409722));
#3991=CARTESIAN_POINT('',(-0.137340696427712,-0.199237009500994,-0.0195678502149069));
#3992=CARTESIAN_POINT('',(-0.137292351056411,-0.199298786046259,-0.019583812780965));
#3993=CARTESIAN_POINT('',(-0.137257148399018,-0.199338396087976,-0.0195890420753537));
#3994=CARTESIAN_POINT('',(-0.137182355750951,-0.199413188736864,-0.0195890420754336));
#3995=CARTESIAN_POINT('',(-0.137142745725632,-0.199448391384885,-0.0195838127889054));
#3996=CARTESIAN_POINT('',(-0.137080969192607,-0.19949673674891,-0.0195678502287128));
#3997=CARTESIAN_POINT('',(-0.137049490552333,-0.199519794778921,-0.0195578392910164));
#3998=CARTESIAN_POINT('',(-0.137009260080143,-0.199546253572046,-0.0195414556279549));
#3999=CARTESIAN_POINT('',(-0.136990276307921,-0.199557920281693,-0.0195327476577586));
#4000=CARTESIAN_POINT('',(-0.136979382738729,-0.199564413419934,-0.0195275099197217));
#4001=CARTESIAN_POINT('',(-0.136976655538151,-0.199566022241745,-0.0195261786722901));
#4002=CARTESIAN_POINT('',(-0.136973924685391,-0.199567616410689,-0.0195248255672258));
#4003=CARTESIAN_POINT('',(-0.137388695719592,-0.199115678993282,-0.0195439490650365));
#4004=CARTESIAN_POINT('',(-0.137387098646446,-0.19911835355716,-0.019545264081155));
#4005=CARTESIAN_POINT('',(-0.137385488198591,-0.199121024055206,-0.0195465577931971));
#4006=CARTESIAN_POINT('',(-0.137372498943218,-0.199142354490164,-0.0195567374354001));
#4007=CARTESIAN_POINT('',(-0.13734675713737,-0.199181908719697,-0.0195735923040098));
#4008=CARTESIAN_POINT('',(-0.137318304176887,-0.199220318016473,-0.0195857389122755));
#4009=CARTESIAN_POINT('',(-0.137270720346888,-0.199280599512395,-0.0196012284371442));
#4010=CARTESIAN_POINT('',(-0.13723625233592,-0.199319222671117,-0.0196062947225814));
#4011=CARTESIAN_POINT('',(-0.13716318233416,-0.199392292673388,-0.0196062947225695));
#4012=CARTESIAN_POINT('',(-0.137124559191942,-0.199426760674688,-0.019601228445035));
#4013=CARTESIAN_POINT('',(-0.137064277708354,-0.199474344497288,-0.0195857389260979));
#4014=CARTESIAN_POINT('',(-0.137033550273994,-0.19949710686375,-0.0195760216409703));
#4015=CARTESIAN_POINT('',(-0.136994225020393,-0.199523390906605,-0.019560108419339));
#4016=CARTESIAN_POINT('',(-0.136975648946945,-0.199535033901309,-0.0195516476196812));
#4017=CARTESIAN_POINT('',(-0.136964983722249,-0.199541528533204,-0.0195465577951108));
#4018=CARTESIAN_POINT('',(-0.136962313222277,-0.199543138982183,-0.0195452640821425));
#4019=CARTESIAN_POINT('',(-0.136959638656345,-0.19954473605653,-0.0195439490650362));
#4020=CARTESIAN_POINT('',(-0.13734151399948,-0.199086037301572,-0.0195816438781492));
#4021=CARTESIAN_POINT('',(-0.137339918308627,-0.199088591886225,-0.0195828786338665));
#4022=CARTESIAN_POINT('',(-0.137338311607427,-0.199091141893761,-0.0195840933395764));
#4023=CARTESIAN_POINT('',(-0.137325370880721,-0.199111504673805,-0.0195936509636727));
#4024=CARTESIAN_POINT('',(-0.137299963606164,-0.199149195583232,-0.0196094712255709));
#4025=CARTESIAN_POINT('',(-0.13727229628068,-0.199185707398261,-0.0196208653926232));
#4026=CARTESIAN_POINT('',(-0.13722628539305,-0.199242992787718,-0.0196353917927625));
#4027=CARTESIAN_POINT('',(-0.137193287245489,-0.19927967169457,-0.019640137036663));
#4028=CARTESIAN_POINT('',(-0.137123631358404,-0.199349327581183,-0.0196401370367421));
#4029=CARTESIAN_POINT('',(-0.137086952467457,-0.19938232571869,-0.0196353918008353));
#4030=CARTESIAN_POINT('',(-0.137029667089829,-0.199428336599058,-0.0196208654066616));
#4031=CARTESIAN_POINT('',(-0.137000457640713,-0.199450470457768,-0.0196117500744964));
#4032=CARTESIAN_POINT('',(-0.136963002539667,-0.199476329749362,-0.0195968150263943));
#4033=CARTESIAN_POINT('',(-0.136945282957856,-0.199487881573978,-0.0195888721570708));
#4034=CARTESIAN_POINT('',(-0.136935101560737,-0.199494351941867,-0.0195840933415125));
#4035=CARTESIAN_POINT('',(-0.136932551551308,-0.199495958644275,-0.0195828786348656));
#4036=CARTESIAN_POINT('',(-0.136929996964635,-0.199497554336416,-0.0195816438781491));
#4037=CARTESIAN_POINT('',(-0.137317406408817,-0.199070797450428,-0.0196000071083227));
#4038=CARTESIAN_POINT('',(-0.137315813520179,-0.199073293069176,-0.0196012012446844));
#4039=CARTESIAN_POINT('',(-0.137314210782306,-0.199075783836701,-0.0196023759775434));
#4040=CARTESIAN_POINT('',(-0.137301310869179,-0.199095670681025,-0.019611618984955));
#4041=CARTESIAN_POINT('',(-0.137276099649007,-0.199132442755702,-0.0196269171459341));
#4042=CARTESIAN_POINT('',(-0.137248848694678,-0.199168013932637,-0.0196379333450378));
#4043=CARTESIAN_POINT('',(-0.137203657074792,-0.199223809718289,-0.0196519768545169));
#4044=CARTESIAN_POINT('',(-0.137171409204253,-0.199259516112135,-0.0196565626487209));
#4045=CARTESIAN_POINT('',(-0.13710347577627,-0.199327449539355,-0.0196565626487042));
#4046=CARTESIAN_POINT('',(-0.137067769397893,-0.199359697399887,-0.0196519768622747));
#4047=CARTESIAN_POINT('',(-0.137011973623713,-0.199404889012684,-0.0196379333586326));
#4048=CARTESIAN_POINT('',(-0.136983516684969,-0.199426689774582,-0.019629120400812));
#4049=CARTESIAN_POINT('',(-0.136946984779524,-0.199452308948583,-0.0196146786272016));
#4050=CARTESIAN_POINT('',(-0.136929686932717,-0.199463801155597,-0.0196069974865444));
#4051=CARTESIAN_POINT('',(-0.1369197435036,-0.199470251116729,-0.0196023759794262));
#4052=CARTESIAN_POINT('',(-0.136917252734219,-0.199471853855819,-0.0196012012456562));
#4053=CARTESIAN_POINT('',(-0.136914757113492,-0.199473446745754,-0.0196000071083227));
#4054=CARTESIAN_POINT('',(-0.137268769572464,-0.199039878996624,-0.0196353491565054));
#4055=CARTESIAN_POINT('',(-0.13726719124963,-0.199042251524756,-0.0196364597398651));
#4056=CARTESIAN_POINT('',(-0.137265605042531,-0.199044618965465,-0.0196375522666334));
#4057=CARTESIAN_POINT('',(-0.137252852811392,-0.199063517573103,-0.0196461483799115));
#4058=CARTESIAN_POINT('',(-0.137228121089676,-0.199098415413194,-0.0196603747684126));
#4059=CARTESIAN_POINT('',(-0.137201727856908,-0.199132119385411,-0.0196706175930635));
#4060=CARTESIAN_POINT('',(-0.137158176817845,-0.199184984991563,-0.0196836743624207));
#4061=CARTESIAN_POINT('',(-0.137127380302957,-0.19921881439647,-0.01968793654188));
#4062=CARTESIAN_POINT('',(-0.137062774061511,-0.199283420636469,-0.019687936541827));
#4063=CARTESIAN_POINT('',(-0.137028944670739,-0.199314217141653,-0.0196836743696729));
#4064=CARTESIAN_POINT('',(-0.136976079074953,-0.199357768174216,-0.0196706176058145));
#4065=CARTESIAN_POINT('',(-0.136949115899654,-0.199378882759194,-0.0196624233474785));
#4066=CARTESIAN_POINT('',(-0.136914456823387,-0.199403946790397,-0.0196489936670529));
#4067=CARTESIAN_POINT('',(-0.136898027942447,-0.199415269256793,-0.0196418503282476));
#4068=CARTESIAN_POINT('',(-0.136888578632117,-0.19942164537695,-0.0196375522684026));
#4069=CARTESIAN_POINT('',(-0.136886211189671,-0.199423231585269,-0.0196364597407784));
#4070=CARTESIAN_POINT('',(-0.136883838659688,-0.1994248099094,-0.0196353491565055));
#4071=CARTESIAN_POINT('',(-0.137244240326773,-0.199024200393964,-0.0196523279745147));
#4072=CARTESIAN_POINT('',(-0.137242674126428,-0.199026507472762,-0.019653395317628));
#4073=CARTESIAN_POINT('',(-0.137241100813765,-0.199028809549045,-0.0196544453093471));
#4074=CARTESIAN_POINT('',(-0.137228457821493,-0.199047186000909,-0.0196627067690246));
#4075=CARTESIAN_POINT('',(-0.13720401076709,-0.199081114769178,-0.0196763795336862));
#4076=CARTESIAN_POINT('',(-0.137178055147082,-0.199113886858825,-0.0196862240774253));
#4077=CARTESIAN_POINT('',(-0.137135317101529,-0.199165308620282,-0.0196987733180627));
#4078=CARTESIAN_POINT('',(-0.137105212999775,-0.199198238351946,-0.0197028701060274));
#4079=CARTESIAN_POINT('',(-0.13704219801764,-0.199261253332355,-0.0197028701059713));
#4080=CARTESIAN_POINT('',(-0.137009268299272,-0.199291357424718,-0.0196987733249996));
#4081=CARTESIAN_POINT('',(-0.136957846547455,-0.199334095464205,-0.019686224089628));
#4082=CARTESIAN_POINT('',(-0.136931628877982,-0.199354859959185,-0.0196783484559637));
#4083=CARTESIAN_POINT('',(-0.136897931436021,-0.199379608734065,-0.0196654413309942));
#4084=CARTESIAN_POINT('',(-0.136881957447707,-0.199390819647529,-0.0196585760439483));
#4085=CARTESIAN_POINT('',(-0.136872769215542,-0.19939714114821,-0.0196544453110407));
#4086=CARTESIAN_POINT('',(-0.136870467137597,-0.199398714462082,-0.0196533953185023));
#4087=CARTESIAN_POINT('',(-0.136868160057028,-0.19940028066371,-0.0196523279745149));
#4088=CARTESIAN_POINT('',(-0.137170027819838,-0.198976533646258,-0.0197012907432697));
#4089=CARTESIAN_POINT('',(-0.13716851111526,-0.198978636651422,-0.019702226515313));
#4090=CARTESIAN_POINT('',(-0.137166989089297,-0.198980735363458,-0.0197031470982059));
#4091=CARTESIAN_POINT('',(-0.137154770560194,-0.198997490691833,-0.019710390532004));
#4092=CARTESIAN_POINT('',(-0.137131305349727,-0.199028455853656,-0.0197223808352136));
#4093=CARTESIAN_POINT('',(-0.137106699004562,-0.199058449910915,-0.0197310174472288));
#4094=CARTESIAN_POINT('',(-0.137066403021589,-0.199105607331265,-0.0197420287103215));
#4095=CARTESIAN_POINT('',(-0.137038304591993,-0.199135934849815,-0.019745626464208));
#4096=CARTESIAN_POINT('',(-0.13697989451792,-0.199194344921591,-0.0197456264641875));
#4097=CARTESIAN_POINT('',(-0.136949567009875,-0.199222443343128,-0.0197420287162164));
#4098=CARTESIAN_POINT('',(-0.136902409596673,-0.199262739321649,-0.0197310174575679));
#4099=CARTESIAN_POINT('',(-0.136878414352289,-0.199282424397463,-0.0197241081690708));
#4100=CARTESIAN_POINT('',(-0.136847643403006,-0.19930611784227,-0.0197127886002929));
#4101=CARTESIAN_POINT('',(-0.136833072698952,-0.199316920155066,-0.0197067688191341));
#4102=CARTESIAN_POINT('',(-0.136824695029445,-0.199323029423898,-0.0197031470996388));
#4103=CARTESIAN_POINT('',(-0.136822596315992,-0.199324551450996,-0.0197022265160527));
#4104=CARTESIAN_POINT('',(-0.136820493309322,-0.199326068156774,-0.01970129074327));
#4105=CARTESIAN_POINT('',(-0.137119719788728,-0.198943914561486,-0.0197313010087426));
#4106=CARTESIAN_POINT('',(-0.137118251615485,-0.198945876099038,-0.0197321481862766));
#4107=CARTESIAN_POINT('',(-0.137116778752794,-0.198947834239251,-0.0197329816535685));
#4108=CARTESIAN_POINT('',(-0.137104958598141,-0.198963472108739,-0.0197395399465126));
#4109=CARTESIAN_POINT('',(-0.137082306860927,-0.198992435428782,-0.0197504002750323));
#4110=CARTESIAN_POINT('',(-0.137058659052574,-0.199020617814031,-0.0197582290220564));
#4111=CARTESIAN_POINT('',(-0.137020022971929,-0.199065029124551,-0.0197682134847006));
#4112=CARTESIAN_POINT('',(-0.136993199468459,-0.199093729323725,-0.0197714810830041));
#4113=CARTESIAN_POINT('',(-0.136937688993708,-0.199149239796055,-0.0197714810830839));
#4114=CARTESIAN_POINT('',(-0.136908988802786,-0.199176063292803,-0.0197682134898069));
#4115=CARTESIAN_POINT('',(-0.136864577497385,-0.199214699370385,-0.0197582290309028));
#4116=CARTESIAN_POINT('',(-0.136842031589931,-0.199233617617291,-0.0197519660342035));
#4117=CARTESIAN_POINT('',(-0.136813224449346,-0.199256468575885,-0.0197417120187223));
#4118=CARTESIAN_POINT('',(-0.136799612844113,-0.199266909006351,-0.019736260803466));
#4119=CARTESIAN_POINT('',(-0.136791793904811,-0.1992728190876,-0.0197329816547863));
#4120=CARTESIAN_POINT('',(-0.136789835763388,-0.199274291951328,-0.0197321481869052));
#4121=CARTESIAN_POINT('',(-0.136787874224549,-0.199275760125664,-0.019731301008743));
#4122=CARTESIAN_POINT('',(-0.137017478807809,-0.198877138886255,-0.0197866073548191));
#4123=CARTESIAN_POINT('',(-0.137016121288606,-0.198878835171263,-0.0197872887927777));
#4124=CARTESIAN_POINT('',(-0.13701476021673,-0.198880529488943,-0.0197879592994128));
#4125=CARTESIAN_POINT('',(-0.13700384347907,-0.198894068146423,-0.0197932360438347));
#4126=CARTESIAN_POINT('',(-0.136983004961187,-0.198919244652194,-0.0198019840134727));
#4127=CARTESIAN_POINT('',(-0.136961425308175,-0.198943945806167,-0.0198083043690899));
#4128=CARTESIAN_POINT('',(-0.13692631510607,-0.198983034112196,-0.0198163726242363));
#4129=CARTESIAN_POINT('',(-0.136902131294955,-0.199008514929112,-0.0198190257092128));
#4130=CARTESIAN_POINT('',(-0.136852474602765,-0.199058171619193,-0.0198190257095833));
#4131=CARTESIAN_POINT('',(-0.136826993789906,-0.19908235542651,-0.0198163726279452));
#4132=CARTESIAN_POINT('',(-0.136787905485134,-0.199117465628345,-0.0198083043751637));
#4133=CARTESIAN_POINT('',(-0.136768144561377,-0.199134729351977,-0.0198032480911918));
#4134=CARTESIAN_POINT('',(-0.136743063120046,-0.199155716103193,-0.0197949856421087));
#4135=CARTESIAN_POINT('',(-0.136731258485576,-0.19916534218015,-0.0197905976739042));
#4136=CARTESIAN_POINT('',(-0.136724489153704,-0.199170800552028,-0.0197879593002224));
#4137=CARTESIAN_POINT('',(-0.136722794835198,-0.199172161624704,-0.0197872887931953));
#4138=CARTESIAN_POINT('',(-0.136721098549319,-0.199173519144745,-0.0197866073548194));
#4139=CARTESIAN_POINT('',(-0.136965524133166,-0.198842964921492,-0.0198119053022579));
#4140=CARTESIAN_POINT('',(-0.136964228894608,-0.19884453663062,-0.0198125093110612));
#4141=CARTESIAN_POINT('',(-0.136962930591984,-0.198846106932771,-0.0198131036929907));
#4142=CARTESIAN_POINT('',(-0.136952519905972,-0.198858657922249,-0.0198177818280553));
#4143=CARTESIAN_POINT('',(-0.136932681391357,-0.198882041038518,-0.0198255437514208));
#4144=CARTESIAN_POINT('',(-0.136912209153081,-0.198905068902581,-0.0198311609172953));
#4145=CARTESIAN_POINT('',(-0.136878960317597,-0.198941577327455,-0.0198383363563385));
#4146=CARTESIAN_POINT('',(-0.136856136754952,-0.198965468067198,-0.0198407039472259));
#4147=CARTESIAN_POINT('',(-0.13680942774252,-0.199012177077905,-0.0198407039478007));
#4148=CARTESIAN_POINT('',(-0.136785537004878,-0.199035000638306,-0.0198383363594668));
#4149=CARTESIAN_POINT('',(-0.136749028579443,-0.19906824947489,-0.0198311609221232));
#4150=CARTESIAN_POINT('',(-0.136730606286983,-0.199084627267178,-0.0198266671897408));
#4151=CARTESIAN_POINT('',(-0.136707294215992,-0.199104592532235,-0.0198193342160761));
#4152=CARTESIAN_POINT('',(-0.136696342094336,-0.199113765582025,-0.0198154427622722));
#4153=CARTESIAN_POINT('',(-0.136690066597149,-0.199118970927568,-0.0198131036936104));
#4154=CARTESIAN_POINT('',(-0.136688496294356,-0.199120269230854,-0.0198125093113805));
#4155=CARTESIAN_POINT('',(-0.136686924584556,-0.199121564470103,-0.0198119053022581));
#4156=CARTESIAN_POINT('',(-0.136859838687096,-0.198773042866595,-0.019857817801193));
#4157=CARTESIAN_POINT('',(-0.136858672605166,-0.198774387759079,-0.0198582815904827));
#4158=CARTESIAN_POINT('',(-0.136857504670885,-0.198775731672203,-0.0198587380857571));
#4159=CARTESIAN_POINT('',(-0.136848146497034,-0.19878647504198,-0.0198623317194839));
#4160=CARTESIAN_POINT('',(-0.136830406988859,-0.198806514710694,-0.0198683042215796));
#4161=CARTESIAN_POINT('',(-0.136812277525701,-0.1988263114512,-0.0198726408923979));
#4162=CARTESIAN_POINT('',(-0.136782960513045,-0.198857759675881,-0.0198781881979214));
#4163=CARTESIAN_POINT('',(-0.136763002675803,-0.198878423078832,-0.0198800312445563));
#4164=CARTESIAN_POINT('',(-0.136722382756946,-0.198919042996971,-0.0198800312454438));
#4165=CARTESIAN_POINT('',(-0.136701719353367,-0.19893900083452,-0.0198781882001912));
#4166=CARTESIAN_POINT('',(-0.136670271125459,-0.19896831785043,-0.0198726408953715));
#4167=CARTESIAN_POINT('',(-0.13665443373087,-0.198982821423281,-0.0198691715587265));
#4168=CARTESIAN_POINT('',(-0.136634442643558,-0.19900063892709,-0.0198635262217614));
#4169=CARTESIAN_POINT('',(-0.136625063022476,-0.199008865918343,-0.019860534903577));
#4170=CARTESIAN_POINT('',(-0.136619691336061,-0.199013545006947,-0.0198587380860937));
#4171=CARTESIAN_POINT('',(-0.136618347422546,-0.19901471294166,-0.0198582815906555));
#4172=CARTESIAN_POINT('',(-0.136617002529658,-0.199015879024033,-0.0198578178011931));
#4173=CARTESIAN_POINT('',(-0.136806107915669,-0.198737294776461,-0.0198784323526896));
#4174=CARTESIAN_POINT('',(-0.136805008082456,-0.198738538286763,-0.0198788331227161));
#4175=CARTESIAN_POINT('',(-0.136803907153017,-0.198739780648337,-0.0198792276307129));
#4176=CARTESIAN_POINT('',(-0.13679509094113,-0.198749710357659,-0.01988233359845));
#4177=CARTESIAN_POINT('',(-0.136778445353959,-0.198768208032301,-0.0198874997748358));
#4178=CARTESIAN_POINT('',(-0.136761551639131,-0.198786448719836,-0.019891256994383));
#4179=CARTESIAN_POINT('',(-0.136734308699611,-0.198815415784422,-0.0198960662356766));
#4180=CARTESIAN_POINT('',(-0.136715862745537,-0.198834436446853,-0.0198976693165633));
#4181=CARTESIAN_POINT('',(-0.136678396127564,-0.198871903064828,-0.0198976693176042));
#4182=CARTESIAN_POINT('',(-0.136659375463665,-0.198890349020375,-0.0198960662377584));
#4183=CARTESIAN_POINT('',(-0.136630408394668,-0.198917591964307,-0.0198912569968551));
#4184=CARTESIAN_POINT('',(-0.136615815841882,-0.198931106938927,-0.0198882512211197));
#4185=CARTESIAN_POINT('',(-0.13659736956018,-0.198947802156108,-0.0198833668351563));
#4186=CARTESIAN_POINT('',(-0.136588705168216,-0.198955539381858,-0.019880780615308));
#4187=CARTESIAN_POINT('',(-0.136583740312129,-0.198959947489224,-0.0198792276309671));
#4188=CARTESIAN_POINT('',(-0.136582497950194,-0.198961048419026,-0.0198788331228463));
#4189=CARTESIAN_POINT('',(-0.136581254439524,-0.198962148252606,-0.0198784323526896));
#4190=CARTESIAN_POINT('',(-0.136699102761344,-0.198665786493258,-0.0199142223833465));
#4191=CARTESIAN_POINT('',(-0.136698144514663,-0.198666832184244,-0.0199145113882472));
#4192=CARTESIAN_POINT('',(-0.136697186322478,-0.198667876454418,-0.0199147958774478));
#4193=CARTESIAN_POINT('',(-0.136689521036553,-0.198676219433726,-0.0199170356654501));
#4194=CARTESIAN_POINT('',(-0.136675151927102,-0.19869171575507,-0.019920761119429));
#4195=CARTESIAN_POINT('',(-0.136660753586047,-0.198706933886788,-0.0199234705407501));
#4196=CARTESIAN_POINT('',(-0.136637655888491,-0.198731080916541,-0.0199269386002289));
#4197=CARTESIAN_POINT('',(-0.136622176954298,-0.198746909628382,-0.0199280946203679));
#4198=CARTESIAN_POINT('',(-0.136590869307254,-0.198778217275995,-0.0199280946210828));
#4199=CARTESIAN_POINT('',(-0.136575040594404,-0.198793696211767,-0.0199269386016587));
#4200=CARTESIAN_POINT('',(-0.136550893560876,-0.198816793913311,-0.0199234705424481));
#4201=CARTESIAN_POINT('',(-0.136538719053049,-0.198828312588554,-0.0199213030053241));
#4202=CARTESIAN_POINT('',(-0.136523278365431,-0.19884268754801,-0.0199177807572274));
#4203=CARTESIAN_POINT('',(-0.136516007609229,-0.198849394014757,-0.0199159157719478));
#4204=CARTESIAN_POINT('',(-0.136511836118192,-0.198853226658843,-0.0199147958776222));
#4205=CARTESIAN_POINT('',(-0.136510791847666,-0.198854184851313,-0.0199145113883364));
#4206=CARTESIAN_POINT('',(-0.136509746156321,-0.198855143098282,-0.0199142223833463));
#4207=CARTESIAN_POINT('',(-0.136646017895795,-0.198630168664443,-0.0199295316114077));
#4208=CARTESIAN_POINT('',(-0.136645134515446,-0.198631119772097,-0.0199297712067961));
#4209=CARTESIAN_POINT('',(-0.136644251636569,-0.198632069320041,-0.0199300070585076));
#4210=CARTESIAN_POINT('',(-0.136637192359687,-0.198639653483562,-0.0199318639227853));
#4211=CARTESIAN_POINT('',(-0.136624005488494,-0.198653713402268,-0.0199349524572378));
#4212=CARTESIAN_POINT('',(-0.136610873477622,-0.198667480357092,-0.0199371986643159));
#4213=CARTESIAN_POINT('',(-0.136589859605809,-0.198689306957398,-0.0199400738095314));
#4214=CARTESIAN_POINT('',(-0.136575846818709,-0.198703590654385,-0.019941032191529));
#4215=CARTESIAN_POINT('',(-0.136547550333747,-0.198731887140239,-0.0199410321921214));
#4216=CARTESIAN_POINT('',(-0.136533266635884,-0.198745899929106,-0.0199400738107162));
#4217=CARTESIAN_POINT('',(-0.136511440031782,-0.198766913805049,-0.0199371986657229));
#4218=CARTESIAN_POINT('',(-0.136500426465405,-0.198777419416182,-0.0199354017000049));
#4219=CARTESIAN_POINT('',(-0.136486425135045,-0.198790595318932,-0.0199324816304891));
#4220=CARTESIAN_POINT('',(-0.136479821067111,-0.198796762333442,-0.0199309354910598));
#4221=CARTESIAN_POINT('',(-0.136476028983868,-0.198800291972961,-0.0199300070586521));
#4222=CARTESIAN_POINT('',(-0.136475079435546,-0.198801174852109,-0.01992977120687));
#4223=CARTESIAN_POINT('',(-0.136474128327506,-0.198802058232733,-0.0199295316114076));
#4224=CARTESIAN_POINT('',(-0.136539284006756,-0.198558365891615,-0.0199556634490494));
#4225=CARTESIAN_POINT('',(-0.136538565307648,-0.198559118645448,-0.0199558160932691));
#4226=CARTESIAN_POINT('',(-0.13653784739255,-0.198559870083168,-0.0199559663524235));
#4227=CARTESIAN_POINT('',(-0.136532110081314,-0.198565871318551,-0.0199571493451364));
#4228=CARTESIAN_POINT('',(-0.136521431498144,-0.198576988888662,-0.0199591170246162));
#4229=CARTESIAN_POINT('',(-0.136510870250851,-0.198587869399529,-0.0199605480643542));
#4230=CARTESIAN_POINT('',(-0.136494021978734,-0.198605126329284,-0.0199623797953079));
#4231=CARTESIAN_POINT('',(-0.136482856095392,-0.19861642843228,-0.0199629903724406));
#4232=CARTESIAN_POINT('',(-0.136460388108503,-0.198638896420174,-0.0199629903727793));
#4233=CARTESIAN_POINT('',(-0.136449086004955,-0.198650062305074,-0.0199623797959853));
#4234=CARTESIAN_POINT('',(-0.136431829072223,-0.198666910580543,-0.0199605480651587));
#4235=CARTESIAN_POINT('',(-0.136423124661505,-0.198675359580308,-0.0199594032333364));
#4236=CARTESIAN_POINT('',(-0.136412054499573,-0.19868601469906,-0.0199575428814973));
#4237=CARTESIAN_POINT('',(-0.136406830365818,-0.198691019072675,-0.0199565578490162));
#4238=CARTESIAN_POINT('',(-0.136403829746876,-0.198693887729086,-0.0199559663525061));
#4239=CARTESIAN_POINT('',(-0.136403078308837,-0.198694605644385,-0.0199558160933114));
#4240=CARTESIAN_POINT('',(-0.136402325554678,-0.198695324343693,-0.0199556634490493));
#4241=CARTESIAN_POINT('',(-0.136485634983266,-0.198522180947601,-0.0199664860586299));
#4242=CARTESIAN_POINT('',(-0.136485004488162,-0.198522833154515,-0.0199666016731476));
#4243=CARTESIAN_POINT('',(-0.136484374713336,-0.198523484301906,-0.019966715481189));
#4244=CARTESIAN_POINT('',(-0.136479342054483,-0.198528685227319,-0.0199676114937084));
#4245=CARTESIAN_POINT('',(-0.136469978528386,-0.19853832863246,-0.0199691018371593));
#4246=CARTESIAN_POINT('',(-0.136460727007855,-0.198547783701712,-0.0199701857233849));
#4247=CARTESIAN_POINT('',(-0.136445977437681,-0.198562793814497,-0.0199715730978145));
#4248=CARTESIAN_POINT('',(-0.136436214874469,-0.198572643225661,-0.0199720355560588));
#4249=CARTESIAN_POINT('',(-0.136416602899692,-0.198592255201385,-0.01997203555629));
#4250=CARTESIAN_POINT('',(-0.136406753488127,-0.198602017765945,-0.0199715730982769));
#4251=CARTESIAN_POINT('',(-0.136391743372896,-0.19861676733892,-0.019970185723934));
#4252=CARTESIAN_POINT('',(-0.136384179315809,-0.19862416855694,-0.0199693186149319));
#4253=CARTESIAN_POINT('',(-0.136374573574751,-0.198633509684159,-0.019967909562716));
#4254=CARTESIAN_POINT('',(-0.136370044429287,-0.198637898719896,-0.01996716348761));
#4255=CARTESIAN_POINT('',(-0.136367443965519,-0.198640415049955,-0.0199667154812454));
#4256=CARTESIAN_POINT('',(-0.136366792817856,-0.198641044824939,-0.0199666016731764));
#4257=CARTESIAN_POINT('',(-0.136366140610664,-0.198641675320203,-0.0199664860586298));
#4258=CARTESIAN_POINT('',(-0.136378713410907,-0.198449968097104,-0.0199835468837127));
#4259=CARTESIAN_POINT('',(-0.136378263158977,-0.198450423363746,-0.0199836037146316));
#4260=CARTESIAN_POINT('',(-0.136377813391342,-0.198450878067739,-0.0199836596575676));
#4261=CARTESIAN_POINT('',(-0.136374218993753,-0.198454511329359,-0.0199841000971919));
#4262=CARTESIAN_POINT('',(-0.136367528631615,-0.198461266334444,-0.0199848326832772));
#4263=CARTESIAN_POINT('',(-0.136360917790471,-0.198467924188894,-0.0199853654731862));
#4264=CARTESIAN_POINT('',(-0.136350383175805,-0.198478518980785,-0.0199860474442916));
#4265=CARTESIAN_POINT('',(-0.136343417074248,-0.198485505141741,-0.0199862747680298));
#4266=CARTESIAN_POINT('',(-0.136329464811572,-0.198499457405158,-0.0199862747681132));
#4267=CARTESIAN_POINT('',(-0.136322478650453,-0.198506423507618,-0.0199860474444584));
#4268=CARTESIAN_POINT('',(-0.136311883857101,-0.198516958124022,-0.0199853654733843));
#4269=CARTESIAN_POINT('',(-0.136306557572507,-0.198522246797902,-0.0199849392414494));
#4270=CARTESIAN_POINT('',(-0.136299821995589,-0.19852892125713,-0.0199842466145235));
#4271=CARTESIAN_POINT('',(-0.136296654362652,-0.198532056528962,-0.019983879877438));
#4272=CARTESIAN_POINT('',(-0.136294837731157,-0.198533853728105,-0.019983659657588));
#4273=CARTESIAN_POINT('',(-0.136294383026989,-0.198534303495827,-0.0199836037146421));
#4274=CARTESIAN_POINT('',(-0.136293927760168,-0.198534753747844,-0.0199835468837128));
#4275=CARTESIAN_POINT('',(-0.136325433677348,-0.198413958476132,-0.0199897927659199));
#4276=CARTESIAN_POINT('',(-0.136325075824321,-0.198414316962953,-0.0199898278060253));
#4277=CARTESIAN_POINT('',(-0.136324718272275,-0.198414675138891,-0.0199898622986291));
#4278=CARTESIAN_POINT('',(-0.136321860187258,-0.198417538135828,-0.0199901338594472));
#4279=CARTESIAN_POINT('',(-0.136316531876901,-0.198422874616329,-0.0199905855483157));
#4280=CARTESIAN_POINT('',(-0.136311254078323,-0.198428158357026,-0.0199909140493242));
#4281=CARTESIAN_POINT('',(-0.13630283801923,-0.198436582022182,-0.0199913345306254));
#4282=CARTESIAN_POINT('',(-0.136297265204677,-0.198442157372339,-0.0199914746910759));
#4283=CARTESIAN_POINT('',(-0.136286117039902,-0.198453305537685,-0.0199914746911146));
#4284=CARTESIAN_POINT('',(-0.136280541689679,-0.198458878352874,-0.0199913345307027));
#4285=CARTESIAN_POINT('',(-0.136272118023577,-0.198467294413127,-0.019990914049416));
#4286=CARTESIAN_POINT('',(-0.136267891030335,-0.198471516652621,-0.0199906512486056));
#4287=CARTESIAN_POINT('',(-0.136262565096465,-0.198476834861434,-0.019990224197274));
#4288=CARTESIAN_POINT('',(-0.136260066301137,-0.198479329566388,-0.0199899980790652));
#4289=CARTESIAN_POINT('',(-0.136258634802199,-0.198480758609106,-0.0199898622986386));
#4290=CARTESIAN_POINT('',(-0.13625827662614,-0.198481116161206,-0.0199898278060301));
#4291=CARTESIAN_POINT('',(-0.136257918139196,-0.198481474014284,-0.0199897927659199));
#4292=CARTESIAN_POINT('',(-0.136220100642831,-0.198342753376655,-0.0199980193240636));
#4293=CARTESIAN_POINT('',(-0.136219924547609,-0.198342926448566,-0.0199980259853741));
#4294=CARTESIAN_POINT('',(-0.136219748508342,-0.198343099511761,-0.0199980325426017));
#4295=CARTESIAN_POINT('',(-0.136218340633756,-0.198344483955692,-0.0199980841677589));
#4296=CARTESIAN_POINT('',(-0.136215706638035,-0.198347078979102,-0.0199981700362152));
#4297=CARTESIAN_POINT('',(-0.136213083413231,-0.198349673860488,-0.0199982324860007));
#4298=CARTESIAN_POINT('',(-0.136208893892639,-0.19835382710157,-0.0199983124217254));
#4299=CARTESIAN_POINT('',(-0.136206111064369,-0.198356597836775,-0.0199983390669657));
#4300=CARTESIAN_POINT('',(-0.136200557500932,-0.19836215140045,-0.0199983390669631));
#4301=CARTESIAN_POINT('',(-0.136197786765766,-0.198364934228922,-0.01999831242172));
#4302=CARTESIAN_POINT('',(-0.136193633524486,-0.198369123749803,-0.0199982324859942));
#4303=CARTESIAN_POINT('',(-0.136191557619213,-0.198371222329786,-0.0199981825261661));
#4304=CARTESIAN_POINT('',(-0.136188962623852,-0.198373854171462,-0.0199981013414464));
#4305=CARTESIAN_POINT('',(-0.136187751396993,-0.19837508490795,-0.0199980583551785));
#4306=CARTESIAN_POINT('',(-0.136187059174894,-0.198375788845268,-0.0199980325426011));
#4307=CARTESIAN_POINT('',(-0.136186886111664,-0.198375964884541,-0.0199980259853738));
#4308=CARTESIAN_POINT('',(-0.136186713039719,-0.198376140979767,-0.0199980193240636));
#4309=CARTESIAN_POINT('',(-0.136168047341874,-0.19830755789815,-0.02));
#4310=CARTESIAN_POINT('',(-0.136167959435795,-0.19830764458975,-0.02));
#4311=CARTESIAN_POINT('',(-0.136167871595746,-0.198307731234295,-0.02));
#4312=CARTESIAN_POINT('',(-0.136167169389461,-0.198308424028362,-0.02));
#4313=CARTESIAN_POINT('',(-0.136165859500353,-0.198309718262094,-0.02));
#4314=CARTESIAN_POINT('',(-0.136164561287594,-0.198311005089169,-0.02));
#4315=CARTESIAN_POINT('',(-0.136162491396958,-0.198313060406165,-0.02));
#4316=CARTESIAN_POINT('',(-0.136161121136236,-0.198314425809063,-0.02));
#4317=CARTESIAN_POINT('',(-0.136158385472644,-0.198317161472785,-0.02));
#4318=CARTESIAN_POINT('',(-0.136157020069773,-0.198318531733609,-0.02));
#4319=CARTESIAN_POINT('',(-0.136154964752688,-0.198320601624383,-0.02));
#4320=CARTESIAN_POINT('',(-0.136153935290951,-0.198321640194655,-0.02));
#4321=CARTESIAN_POINT('',(-0.136152642538377,-0.198322947748549,-0.02));
#4322=CARTESIAN_POINT('',(-0.136152037294492,-0.19832356082953,-0.02));
#4323=CARTESIAN_POINT('',(-0.136151690897393,-0.198323911932679,-0.02));
#4324=CARTESIAN_POINT('',(-0.136151604252831,-0.19832399977273,-0.02));
#4325=CARTESIAN_POINT('',(-0.136151517561214,-0.198324087678811,-0.02));
#4326=CARTESIAN_POINT('',(-0.1361170394209,-0.198273079757837,-0.02));
#4327=CARTESIAN_POINT('',(-0.1361170394209,-0.198273079757837,-0.02));
#4328=CARTESIAN_POINT('',(-0.1361170394209,-0.198273079757837,-0.02));
#4329=CARTESIAN_POINT('',(-0.1361170394209,-0.198273079757837,-0.02));
#4330=CARTESIAN_POINT('',(-0.1361170394209,-0.198273079757837,-0.02));
#4331=CARTESIAN_POINT('',(-0.1361170394209,-0.198273079757837,-0.02));
#4332=CARTESIAN_POINT('',(-0.1361170394209,-0.198273079757837,-0.02));
#4333=CARTESIAN_POINT('',(-0.1361170394209,-0.198273079757837,-0.02));
#4334=CARTESIAN_POINT('',(-0.1361170394209,-0.198273079757837,-0.02));
#4335=CARTESIAN_POINT('',(-0.1361170394209,-0.198273079757837,-0.02));
#4336=CARTESIAN_POINT('',(-0.1361170394209,-0.198273079757837,-0.02));
#4337=CARTESIAN_POINT('',(-0.1361170394209,-0.198273079757837,-0.02));
#4338=CARTESIAN_POINT('',(-0.1361170394209,-0.198273079757837,-0.02));
#4339=CARTESIAN_POINT('',(-0.1361170394209,-0.198273079757837,-0.02));
#4340=CARTESIAN_POINT('',(-0.1361170394209,-0.198273079757837,-0.02));
#4341=CARTESIAN_POINT('',(-0.1361170394209,-0.198273079757837,-0.02));
#4342=CARTESIAN_POINT('',(-0.1361170394209,-0.198273079757837,-0.02));
#4343=CARTESIAN_POINT('',(-0.138086654926925,-0.199477818634361,-0.0183472963553339));
#4344=CARTESIAN_POINT('',(-0.138065119475099,-0.199477818666661,-0.0184694299717485));
#4345=CARTESIAN_POINT('',(-0.13800146922689,-0.199461046447564,-0.0187094876088692));
#4346=CARTESIAN_POINT('',(-0.137818005070136,-0.199371237751571,-0.0190721363214517));
#4347=CARTESIAN_POINT('',(-0.137622352779448,-0.199259779237003,-0.0193336652645475));
#4348=CARTESIAN_POINT('',(-0.137329920270822,-0.199080199982011,-0.0196034453870326));
#4349=CARTESIAN_POINT('',(-0.137125978875429,-0.198948086999159,-0.0197318478091905));
#4350=CARTESIAN_POINT('',(-0.13692271234151,-0.198814793089792,-0.0198341339289508));
#4351=CARTESIAN_POINT('',(-0.136740445789502,-0.198693582635018,-0.0199023835089796));
#4352=CARTESIAN_POINT('',(-0.136614169802258,-0.198608781529964,-0.0199399662767046));
#4353=CARTESIAN_POINT('',(-0.136413277429752,-0.198473399955444,-0.0199800265519389));
#4354=CARTESIAN_POINT('',(-0.136320686247036,-0.198410635225695,-0.0199908357179714));
#4355=CARTESIAN_POINT('',(-0.136188669338201,-0.198321497068171,-0.02));
#4356=CARTESIAN_POINT('',(-0.1361170394209,-0.198273079757837,-0.02));
#4357=CARTESIAN_POINT('',(-0.0580569016679238,-0.162477818634361,-0.0183472963553339));
#4358=CARTESIAN_POINT('',(-0.0580570870504051,-0.162471670714031,-0.01834834771163));
#4359=CARTESIAN_POINT('',(-0.0580573452692175,-0.162465522677703,-0.0183493862453695));
#4360=CARTESIAN_POINT('',(-0.0580599918059737,-0.162416351317819,-0.0183575898269596));
#4361=CARTESIAN_POINT('',(-0.0580725768820176,-0.162324324734048,-0.0183715975081601));
#4362=CARTESIAN_POINT('',(-0.0581011216445418,-0.162235390266213,-0.0183822458425634));
#4363=CARTESIAN_POINT('',(-0.0581600465539469,-0.162098394600706,-0.0183960118232685));
#4364=CARTESIAN_POINT('',(-0.0582170010112995,-0.162014240844338,-0.0184008077935412));
#4365=CARTESIAN_POINT('',(-0.0583582005060861,-0.161873041349256,-0.0184008077935934));
#4366=CARTESIAN_POINT('',(-0.0584423542619867,-0.161816086891931,-0.0183960118233981));
#4367=CARTESIAN_POINT('',(-0.0585793499273487,-0.161757161982167,-0.0183822458427818));
#4368=CARTESIAN_POINT('',(-0.0586504974585102,-0.161734326173166,-0.0183737271826806));
#4369=CARTESIAN_POINT('',(-0.0587419056063183,-0.161718549159944,-0.0183603913730714));
#4370=CARTESIAN_POINT('',(-0.0587848966248203,-0.161714708875635,-0.0183534880423186));
#4371=CARTESIAN_POINT('',(-0.0588094823270678,-0.16171338560657,-0.0183493862477118));
#4372=CARTESIAN_POINT('',(-0.0588156303697931,-0.161713127387562,-0.0183483477128786));
#4373=CARTESIAN_POINT('',(-0.0588217782974243,-0.16171294200486,-0.0183472963553339));
#4374=CARTESIAN_POINT('',(-0.0580664771968666,-0.162477818619986,-0.0184016018785408));
#4375=CARTESIAN_POINT('',(-0.0580667149181042,-0.162471772224211,-0.018402782558767));
#4376=CARTESIAN_POINT('',(-0.0580669178708061,-0.162465718049746,-0.018403673395823));
#4377=CARTESIAN_POINT('',(-0.0580695343830758,-0.162417317699026,-0.0184118075462384));
#4378=CARTESIAN_POINT('',(-0.0580819061718419,-0.162326640581522,-0.0184257117493732));
#4379=CARTESIAN_POINT('',(-0.0581100301289309,-0.162238835271247,-0.0184362767631553));
#4380=CARTESIAN_POINT('',(-0.0581681900240061,-0.162103477569768,-0.018449938474294));
#4381=CARTESIAN_POINT('',(-0.0582244751039667,-0.162020206122425,-0.0184547023827617));
#4382=CARTESIAN_POINT('',(-0.0583641657841654,-0.161880515441928,-0.0184547023828146));
#4383=CARTESIAN_POINT('',(-0.058447437231256,-0.161824230361096,-0.0184499384745504));
#4384=CARTESIAN_POINT('',(-0.0585827949322687,-0.161766070467006,-0.0184362767633107));
#4385=CARTESIAN_POINT('',(-0.0586530387133706,-0.16174357123019,-0.0184278234148444));
#4386=CARTESIAN_POINT('',(-0.0587431424606748,-0.161728049132157,-0.0184145900952249));
#4387=CARTESIAN_POINT('',(-0.058785477501459,-0.161724266464253,-0.0184077404773127));
#4388=CARTESIAN_POINT('',(-0.058809677699098,-0.161722958207854,-0.0184036733982189));
#4389=CARTESIAN_POINT('',(-0.0588157318802233,-0.161722755255282,-0.0184027825599763));
#4390=CARTESIAN_POINT('',(-0.0588217782830489,-0.161722517533803,-0.0184016018785408));
#4391=CARTESIAN_POINT('',(-0.0580787577160153,-0.162479699133662,-0.0184575681753452));
#4392=CARTESIAN_POINT('',(-0.058079061856295,-0.162473753934162,-0.0184588775592124));
#4393=CARTESIAN_POINT('',(-0.0580792762335582,-0.16246779797362,-0.0184597574828549));
#4394=CARTESIAN_POINT('',(-0.0580821805148583,-0.162420199681485,-0.0184683516152674));
#4395=CARTESIAN_POINT('',(-0.058094886329363,-0.162331060892779,-0.0184830163756575));
#4396=CARTESIAN_POINT('',(-0.0581229401050634,-0.162244761847945,-0.0184941192382434));
#4397=CARTESIAN_POINT('',(-0.0581806579555723,-0.162111700094995,-0.0185084712346019));
#4398=CARTESIAN_POINT('',(-0.0582361901249536,-0.162029807884283,-0.0185134688875879));
#4399=CARTESIAN_POINT('',(-0.0583737675335956,-0.161892230472618,-0.0185134688887773));
#4400=CARTESIAN_POINT('',(-0.058455659743843,-0.16183669829959,-0.018508471237151));
#4401=CARTESIAN_POINT('',(-0.0585887214985159,-0.161778980447443,-0.0184941192409872));
#4402=CARTESIAN_POINT('',(-0.0586577600598409,-0.161756537317978,-0.0184852349404685));
#4403=CARTESIAN_POINT('',(-0.0587463323978387,-0.161740762096199,-0.0184712871258428));
#4404=CARTESIAN_POINT('',(-0.058787958454632,-0.161736768711473,-0.0184640545557896));
#4405=CARTESIAN_POINT('',(-0.0588117576230515,-0.161735316570548,-0.0184597574853993));
#4406=CARTESIAN_POINT('',(-0.0588177135903637,-0.161735102193527,-0.0184588775604611));
#4407=CARTESIAN_POINT('',(-0.0588236587967249,-0.161734798052952,-0.0184575681753451));
#4408=CARTESIAN_POINT('',(-0.0581088345473408,-0.162487504627243,-0.0185706404663492));
#4409=CARTESIAN_POINT('',(-0.0581092845551027,-0.162481870088447,-0.0185721663281763));
#4410=CARTESIAN_POINT('',(-0.0581096021452516,-0.16247622120782,-0.018573155904044));
#4411=CARTESIAN_POINT('',(-0.0581134672508252,-0.162431080499824,-0.0185830209799999));
#4412=CARTESIAN_POINT('',(-0.0581276608783362,-0.162346427016131,-0.0185997725990503));
#4413=CARTESIAN_POINT('',(-0.0581563824713158,-0.162264160062637,-0.0186123563968192));
#4414=CARTESIAN_POINT('',(-0.0582143099167096,-0.162136989707877,-0.0186286068274227));
#4415=CARTESIAN_POINT('',(-0.058268822674139,-0.162058263459483,-0.0186342452075864));
#4416=CARTESIAN_POINT('',(-0.0584022231064187,-0.161924863024612,-0.0186342452098631));
#4417=CARTESIAN_POINT('',(-0.0584809493552241,-0.161870350263073,-0.0186286068320648));
#4418=CARTESIAN_POINT('',(-0.058608119712602,-0.161812422815924,-0.0186123564018865));
#4419=CARTESIAN_POINT('',(-0.058673932450408,-0.161789445404912,-0.0186022868473807));
#4420=CARTESIAN_POINT('',(-0.0587581105053889,-0.161772346415019,-0.0185863744987353));
#4421=CARTESIAN_POINT('',(-0.0587976104876415,-0.161767575035246,-0.0185780884483256));
#4422=CARTESIAN_POINT('',(-0.0588201808598155,-0.161765642482193,-0.018573155906407));
#4423=CARTESIAN_POINT('',(-0.0588258297461122,-0.161765324892374,-0.0185721663292974));
#4424=CARTESIAN_POINT('',(-0.0588314642903068,-0.161764874884278,-0.0185706404663488));
#4425=CARTESIAN_POINT('',(-0.0581266308595176,-0.162493429607148,-0.0186277464605487));
#4426=CARTESIAN_POINT('',(-0.0581271617787304,-0.162487971220821,-0.0186293643622915));
#4427=CARTESIAN_POINT('',(-0.0581275720539916,-0.162482498958085,-0.0186304787027457));
#4428=CARTESIAN_POINT('',(-0.0581321130630881,-0.162438764097939,-0.0186411877986345));
#4429=CARTESIAN_POINT('',(-0.0581474090393384,-0.162356698475567,-0.0186593207053856));
#4430=CARTESIAN_POINT('',(-0.0581767356385671,-0.162276791755322,-0.0186728875796832));
#4431=CARTESIAN_POINT('',(-0.058235071465061,-0.162153077919096,-0.0186903973467924));
#4432=CARTESIAN_POINT('',(-0.0582891149215758,-0.162076213798465,-0.0186964597722574));
#4433=CARTESIAN_POINT('',(-0.0584201734469358,-0.161945155271443,-0.0186964597748237));
#4434=CARTESIAN_POINT('',(-0.0584970375685703,-0.161891111811401,-0.0186903973519125));
#4435=CARTESIAN_POINT('',(-0.0586207514075512,-0.161832775983389,-0.0186728875852904));
#4436=CARTESIAN_POINT('',(-0.0586846760169984,-0.161809314576364,-0.0186620317366984));
#4437=CARTESIAN_POINT('',(-0.0587663116116047,-0.161791212690542,-0.0186448173616649));
#4438=CARTESIAN_POINT('',(-0.0588045911668845,-0.161785882895866,-0.0186358332563589));
#4439=CARTESIAN_POINT('',(-0.0588264586119868,-0.161783612390978,-0.0186304787048614));
#4440=CARTESIAN_POINT('',(-0.0588319308794669,-0.161783202116002,-0.0186293643632882));
#4441=CARTESIAN_POINT('',(-0.0588373892702128,-0.161782671196454,-0.0186277464605482));
#4442=CARTESIAN_POINT('',(-0.0581678450895161,-0.162509607443317,-0.0187409162965432));
#4443=CARTESIAN_POINT('',(-0.0581685480497322,-0.162504475545627,-0.0187426866255399));
#4444=CARTESIAN_POINT('',(-0.0581691791792282,-0.162499333896045,-0.0187440880871411));
#4445=CARTESIAN_POINT('',(-0.0581752401230474,-0.162458234581874,-0.0187565078383049));
#4446=CARTESIAN_POINT('',(-0.05819292835628,-0.162381167855801,-0.0187774379348477));
#4447=CARTESIAN_POINT('',(-0.0582234183995104,-0.162306065466257,-0.018792998152006));
#4448=CARTESIAN_POINT('',(-0.0582823452696965,-0.162189546559227,-0.0188130607996691));
#4449=CARTESIAN_POINT('',(-0.058335107300241,-0.16211678775546,-0.0188199820442404));
#4450=CARTESIAN_POINT('',(-0.0584607474079455,-0.161991147647396,-0.0188199820466296));
#4451=CARTESIAN_POINT('',(-0.058533506213467,-0.161938385614536,-0.0188130608042008));
#4452=CARTESIAN_POINT('',(-0.0586500251231987,-0.161879458743172,-0.0187929981569121));
#4453=CARTESIAN_POINT('',(-0.0587101064904013,-0.161855066617177,-0.0187805483045916));
#4454=CARTESIAN_POINT('',(-0.058786781601429,-0.161834818175084,-0.0187606959871434));
#4455=CARTESIAN_POINT('',(-0.0588227438878903,-0.161828249988538,-0.0187502979665624));
#4456=CARTESIAN_POINT('',(-0.0588432935537474,-0.161825219516261,-0.0187440880885642));
#4457=CARTESIAN_POINT('',(-0.0588484352061624,-0.161824588386939,-0.0187426866262028));
#4458=CARTESIAN_POINT('',(-0.0588535671063817,-0.161823885426453,-0.0187409162965425));
#4459=CARTESIAN_POINT('',(-0.0581912464860532,-0.162519852970247,-0.018796920135673));
#4460=CARTESIAN_POINT('',(-0.0581920376097665,-0.162514874045903,-0.0187987471355593));
#4461=CARTESIAN_POINT('',(-0.0581927940784693,-0.162509888897763,-0.0188003072953421));
#4462=CARTESIAN_POINT('',(-0.0581996774698897,-0.162470038316524,-0.0188135648793703));
#4463=CARTESIAN_POINT('',(-0.0582186289985218,-0.162395404998902,-0.0188358629706483));
#4464=CARTESIAN_POINT('',(-0.0582496739847692,-0.162322747118464,-0.0188523986124112));
#4465=CARTESIAN_POINT('',(-0.0583087912420259,-0.162209954951339,-0.0188737102067007));
#4466=CARTESIAN_POINT('',(-0.0583607640519068,-0.162139415116971,-0.0188810513592516));
#4467=CARTESIAN_POINT('',(-0.0584833747730237,-0.162016804396137,-0.0188810513611323));
#4468=CARTESIAN_POINT('',(-0.0585539146093588,-0.161964831584785,-0.0188737102100825));
#4469=CARTESIAN_POINT('',(-0.0586667067788062,-0.161905714326742,-0.0188523986159777));
#4470=CARTESIAN_POINT('',(-0.0587248327026405,-0.161880878273712,-0.0188391689274004));
#4471=CARTESIAN_POINT('',(-0.0587990718089898,-0.161859508160622,-0.0188180259881932));
#4472=CARTESIAN_POINT('',(-0.0588339232612882,-0.161852276111513,-0.0188069360899718));
#4473=CARTESIAN_POINT('',(-0.0588538485574306,-0.161848834415498,-0.0188003072963097));
#4474=CARTESIAN_POINT('',(-0.0588588337073841,-0.161848077946904,-0.0187987471360077));
#4475=CARTESIAN_POINT('',(-0.058863812633311,-0.161847286822989,-0.0187969201356721));
#4476=CARTESIAN_POINT('',(-0.0582425282337427,-0.162544026220554,-0.0189059183552085));
#4477=CARTESIAN_POINT('',(-0.0582434951314831,-0.162539320512211,-0.0189078279220055));
#4478=CARTESIAN_POINT('',(-0.0582444872368413,-0.162534615463289,-0.0189096409152478));
#4479=CARTESIAN_POINT('',(-0.0582529390232778,-0.162497007930704,-0.0189242033237544));
#4480=CARTESIAN_POINT('',(-0.0582741532918248,-0.162426835034838,-0.0189486326203685));
#4481=CARTESIAN_POINT('',(-0.05830592569772,-0.162358813089462,-0.0189666895125282));
#4482=CARTESIAN_POINT('',(-0.0583648414816783,-0.162253206340678,-0.018989948763127));
#4483=CARTESIAN_POINT('',(-0.0584148826585155,-0.162187117058559,-0.0189979443545252));
#4484=CARTESIAN_POINT('',(-0.0585310767196935,-0.1620709229979,-0.0189979443552798));
#4485=CARTESIAN_POINT('',(-0.0585971660037162,-0.162020881820559,-0.0189899487640499));
#4486=CARTESIAN_POINT('',(-0.0587027727541151,-0.161961966036206,-0.0189666895132263));
#4487=CARTESIAN_POINT('',(-0.058757190202293,-0.161936548093086,-0.0189522436635603));
#4488=CARTESIAN_POINT('',(-0.058826933157637,-0.161913222227607,-0.0189290896085464));
#4489=CARTESIAN_POINT('',(-0.0588597713587207,-0.161904753467074,-0.0189169221200194));
#4490=CARTESIAN_POINT('',(-0.05887857512582,-0.16190052757379,-0.01890964091544));
#4491=CARTESIAN_POINT('',(-0.0588832801750508,-0.161899535468469,-0.0189078279220892));
#4492=CARTESIAN_POINT('',(-0.0588879858836187,-0.161898568570679,-0.0189059183552075));
#4493=CARTESIAN_POINT('',(-0.0582704085848951,-0.162557953943932,-0.0189589127356143));
#4494=CARTESIAN_POINT('',(-0.0582714661138954,-0.162553359563428,-0.018960851112712));
#4495=CARTESIAN_POINT('',(-0.0582725713037393,-0.162548769523254,-0.0189627611099766));
#4496=CARTESIAN_POINT('',(-0.0582817895342792,-0.162512090130535,-0.018977813095773));
#4497=CARTESIAN_POINT('',(-0.0583040180587711,-0.162443853457999,-0.0190030431699464));
#4498=CARTESIAN_POINT('',(-0.0583359409072451,-0.162377989715371,-0.0190216732094217));
#4499=CARTESIAN_POINT('',(-0.0583944115624463,-0.162275824184006,-0.0190456661413291));
#4500=CARTESIAN_POINT('',(-0.0584432507961041,-0.162212002438887,-0.01905390792093));
#4501=CARTESIAN_POINT('',(-0.0585559620989717,-0.162099291135724,-0.0190539079213556));
#4502=CARTESIAN_POINT('',(-0.0586197838457082,-0.162050451901283,-0.01904566614152));
#4503=CARTESIAN_POINT('',(-0.0587219493788715,-0.161991981245018,-0.0190216732092766));
#4504=CARTESIAN_POINT('',(-0.0587746403737178,-0.161966442965736,-0.0190067691775325));
#4505=CARTESIAN_POINT('',(-0.0588424024601401,-0.161942275576121,-0.0189828591103374));
#4506=CARTESIAN_POINT('',(-0.0588743894905517,-0.161933220755915,-0.018970287102721));
#4507=CARTESIAN_POINT('',(-0.0588927291865357,-0.161928611640659,-0.0189627611099194));
#4508=CARTESIAN_POINT('',(-0.058897319226606,-0.161927506450822,-0.0189608511126815));
#4509=CARTESIAN_POINT('',(-0.0589019136069971,-0.161926448921831,-0.0189589127356132));
#4510=CARTESIAN_POINT('',(-0.0583162185538321,-0.162581898307738,-0.0190372629813794));
#4511=CARTESIAN_POINT('',(-0.0583174002289251,-0.162577503550315,-0.0190392127988139));
#4512=CARTESIAN_POINT('',(-0.0583186234661258,-0.162573114173066,-0.0190411340576589));
#4513=CARTESIAN_POINT('',(-0.0583287381779561,-0.162538047510166,-0.0190562747060487));
#4514=CARTESIAN_POINT('',(-0.0583520189493374,-0.162472932177831,-0.0190816522531693));
#4515=CARTESIAN_POINT('',(-0.0583838226016206,-0.162410222967567,-0.0191003895454989));
#4516=CARTESIAN_POINT('',(-0.0584412742373302,-0.162312961686081,-0.0191245197609086));
#4517=CARTESIAN_POINT('',(-0.058488329717212,-0.162252218771671,-0.0191328073014246));
#4518=CARTESIAN_POINT('',(-0.0585961784354567,-0.162144370053446,-0.0191328073012737));
#4519=CARTESIAN_POINT('',(-0.0586569213513464,-0.162097314573235,-0.0191245197599464));
#4520=CARTESIAN_POINT('',(-0.0587541826338057,-0.162039862937407,-0.0191003895439846));
#4521=CARTESIAN_POINT('',(-0.0588043500021915,-0.162014420015616,-0.019085399710011));
#4522=CARTESIAN_POINT('',(-0.0588689841089371,-0.161989434668483,-0.019061350214411));
#4523=CARTESIAN_POINT('',(-0.0588995405058162,-0.161979721158625,-0.0190487043812976));
#4524=CARTESIAN_POINT('',(-0.058917073836533,-0.161974663802938,-0.019041134057461));
#4525=CARTESIAN_POINT('',(-0.0589214632135873,-0.161973440565798,-0.0190392127987114));
#4526=CARTESIAN_POINT('',(-0.0589258579708032,-0.161972258890768,-0.0190372629813782));
#4527=CARTESIAN_POINT('',(-0.0583329904099531,-0.162590850805879,-0.0190644205355256));
#4528=CARTESIAN_POINT('',(-0.0583342148544884,-0.162586528771867,-0.0190663686919435));
#4529=CARTESIAN_POINT('',(-0.0583354787831674,-0.162582212451837,-0.0190682882740963));
#4530=CARTESIAN_POINT('',(-0.0583459026889325,-0.162547732601115,-0.019083415404357));
#4531=CARTESIAN_POINT('',(-0.058369548764116,-0.162483748443533,-0.0191087662322329));
#4532=CARTESIAN_POINT('',(-0.0584013144880392,-0.162422174407816,-0.0191274779615625));
#4533=CARTESIAN_POINT('',(-0.0584584162245853,-0.162326672140814,-0.0191515722592216));
#4534=CARTESIAN_POINT('',(-0.0585048528199745,-0.162267025549676,-0.0191598424986363));
#4535=CARTESIAN_POINT('',(-0.0586109852133066,-0.16216089315617,-0.019159842498479));
#4536=CARTESIAN_POINT('',(-0.0586706318055557,-0.162114456560509,-0.0191515722583806));
#4537=CARTESIAN_POINT('',(-0.0587661340732998,-0.162057354823916,-0.0191274779602675));
#4538=CARTESIAN_POINT('',(-0.0588153933020145,-0.162031942244842,-0.0191125085767196));
#4539=CARTESIAN_POINT('',(-0.0588788954343305,-0.16200667224031,-0.0190884855690348));
#4540=CARTESIAN_POINT('',(-0.0589089321904125,-0.161996731072683,-0.0190758518387572));
#4541=CARTESIAN_POINT('',(-0.0589261721152103,-0.161991519119998,-0.0190682882739292));
#4542=CARTESIAN_POINT('',(-0.0589304884350913,-0.16199025519137,-0.0190663686918569));
#4543=CARTESIAN_POINT('',(-0.0589348104689447,-0.161989030746889,-0.0190644205355244));
#4544=CARTESIAN_POINT('',(-0.0583675304031777,-0.162609629858339,-0.0191175061260366));
#4545=CARTESIAN_POINT('',(-0.0583688317886694,-0.162605463053278,-0.0191194381928302));
#4546=CARTESIAN_POINT('',(-0.0583701689410185,-0.162601302263299,-0.0191213417910573));
#4547=CARTESIAN_POINT('',(-0.0583811493453769,-0.162568068508536,-0.0191363419683537));
#4548=CARTESIAN_POINT('',(-0.0584054544140939,-0.162506445134875,-0.019161466813957));
#4549=CARTESIAN_POINT('',(-0.0584371434346045,-0.162447175147859,-0.019179992734665));
#4550=CARTESIAN_POINT('',(-0.0584935805751953,-0.162355204719483,-0.0192038380073999));
#4551=CARTESIAN_POINT('',(-0.0585388516126206,-0.162297706501699,-0.019212006588693));
#4552=CARTESIAN_POINT('',(-0.0586416661646081,-0.162194891948824,-0.0192120065885102));
#4553=CARTESIAN_POINT('',(-0.0586991643822055,-0.162149620911305,-0.0192038380069769));
#4554=CARTESIAN_POINT('',(-0.0587911348105539,-0.162093183770864,-0.0191799927341299));
#4555=CARTESIAN_POINT('',(-0.0588385508002162,-0.162067832554602,-0.0191651719975698));
#4556=CARTESIAN_POINT('',(-0.0588997034966969,-0.162042050695793,-0.0191413669371482));
#4557=CARTESIAN_POINT('',(-0.0589286450488997,-0.16203169948001,-0.0191288418795376));
#4558=CARTESIAN_POINT('',(-0.0589452619263362,-0.162026209277913,-0.0191213417909975));
#4559=CARTESIAN_POINT('',(-0.0589494227163292,-0.162024872125585,-0.0191194381927989));
#4560=CARTESIAN_POINT('',(-0.0589535895214042,-0.162023570740114,-0.0191175061260353));
#4561=CARTESIAN_POINT('',(-0.0583852985402813,-0.162619456412657,-0.0191434341624015));
#4562=CARTESIAN_POINT('',(-0.0583866342711007,-0.162615374902863,-0.0191453512646459));
#4563=CARTESIAN_POINT('',(-0.0583880041676135,-0.16261129929098,-0.0191472400280725));
#4564=CARTESIAN_POINT('',(-0.0583992338623418,-0.162578745801714,-0.0191621226169889));
#4565=CARTESIAN_POINT('',(-0.0584238401494234,-0.162518382710506,-0.0191870412909493));
#4566=CARTESIAN_POINT('',(-0.0584555030603493,-0.162460296715453,-0.0192054019415922));
#4567=CARTESIAN_POINT('',(-0.058511647209405,-0.162370112968606,-0.0192290276758696));
#4568=CARTESIAN_POINT('',(-0.0585563879642078,-0.162313662264356,-0.0192371097563863));
#4569=CARTESIAN_POINT('',(-0.0586576219272224,-0.162212428300127,-0.0192371097561964));
#4570=CARTESIAN_POINT('',(-0.0587140726304184,-0.162167687545479,-0.0192290276757673));
#4571=CARTESIAN_POINT('',(-0.0588042563766266,-0.162111543396843,-0.0192054019416265));
#4572=CARTESIAN_POINT('',(-0.0588507251725842,-0.16208621306836,-0.0191907134211818));
#4573=CARTESIAN_POINT('',(-0.0589106328452755,-0.162060195456696,-0.0191671063518782));
#4574=CARTESIAN_POINT('',(-0.0589389822087572,-0.162049659351935,-0.0191546813225861));
#4575=CARTESIAN_POINT('',(-0.0589552589538133,-0.162044044504561,-0.0191472400280921));
#4576=CARTESIAN_POINT('',(-0.0589593345658091,-0.162042674608043,-0.0191453512646556));
#4577=CARTESIAN_POINT('',(-0.0589634160757224,-0.162041338877217,-0.0191434341624001));
#4578=CARTESIAN_POINT('',(-0.0584400110602992,-0.162650173908188,-0.0192194097913599));
#4579=CARTESIAN_POINT('',(-0.0584414368755462,-0.162646361961085,-0.019221265163069));
#4580=CARTESIAN_POINT('',(-0.0584428926768124,-0.162642555015859,-0.0192230927858385));
#4581=CARTESIAN_POINT('',(-0.0584547764417763,-0.162612143150093,-0.0192374911558556));
#4582=CARTESIAN_POINT('',(-0.0584801737832831,-0.162555694412328,-0.0192615663153146));
#4583=CARTESIAN_POINT('',(-0.0585117479822648,-0.162501199327702,-0.0192792583234671));
#4584=CARTESIAN_POINT('',(-0.0585670512217073,-0.162416381066611,-0.0193019994213603));
#4585=CARTESIAN_POINT('',(-0.0586102994094312,-0.162363000724969,-0.0193097386664214));
#4586=CARTESIAN_POINT('',(-0.0587069603887665,-0.162266339743676,-0.0193097386661724));
#4587=CARTESIAN_POINT('',(-0.0587603407263791,-0.162223091557292,-0.0193019994223456));
#4588=CARTESIAN_POINT('',(-0.058845158984492,-0.162167788319543,-0.0192792583254712));
#4589=CARTESIAN_POINT('',(-0.0588887550514719,-0.162142528961124,-0.0192651047192505));
#4590=CARTESIAN_POINT('',(-0.0589448130609387,-0.162115896248044,-0.0192423061893225));
#4591=CARTESIAN_POINT('',(-0.0589713087435851,-0.16210487489682,-0.0192302919716824));
#4592=CARTESIAN_POINT('',(-0.0589865146780512,-0.162098933013965,-0.0192230927861357));
#4593=CARTESIAN_POINT('',(-0.0589903216236996,-0.162097477212596,-0.019221265163222));
#4594=CARTESIAN_POINT('',(-0.0589941335712528,-0.162096051397235,-0.0192194097913585));
#4595=CARTESIAN_POINT('',(-0.0584783635519208,-0.162672302681976,-0.0192676489038178));
#4596=CARTESIAN_POINT('',(-0.0584798334053936,-0.162668680997303,-0.0192694428085946));
#4597=CARTESIAN_POINT('',(-0.0584813311310796,-0.162665063250724,-0.0192712095918206));
#4598=CARTESIAN_POINT('',(-0.0584935333870034,-0.162636156216143,-0.0192851264311152));
#4599=CARTESIAN_POINT('',(-0.0585193060288304,-0.162582414088207,-0.0193083667818089));
#4600=CARTESIAN_POINT('',(-0.0585507812829374,-0.162530330523215,-0.0193254026097726));
#4601=CARTESIAN_POINT('',(-0.0586055226828673,-0.162449071319244,-0.0193472782201649));
#4602=CARTESIAN_POINT('',(-0.0586478582739654,-0.162397664516621,-0.019354686341294));
#4603=CARTESIAN_POINT('',(-0.0587416241809214,-0.162303898607273,-0.019354686341094));
#4604=CARTESIAN_POINT('',(-0.0587930309770175,-0.162261563018645,-0.0193472782223203));
#4605=CARTESIAN_POINT('',(-0.0588742901760849,-0.162206821621472,-0.0193254026137691));
#4606=CARTESIAN_POINT('',(-0.0589159570268495,-0.162181641419329,-0.0193117739518958));
#4607=CARTESIAN_POINT('',(-0.0589693674459713,-0.162154728254516,-0.0192897745042823));
#4608=CARTESIAN_POINT('',(-0.0589945693924674,-0.162143472597204,-0.0192781680130675));
#4609=CARTESIAN_POINT('',(-0.0590090229123558,-0.162137371468461,-0.0192712095923892));
#4610=CARTESIAN_POINT('',(-0.0590126406596283,-0.162135873742562,-0.0192694428088876));
#4611=CARTESIAN_POINT('',(-0.0590162623450412,-0.162134403888856,-0.0192676489038162));
#4612=CARTESIAN_POINT('',(-0.0585583631569611,-0.162719470440748,-0.019359495429898));
#4613=CARTESIAN_POINT('',(-0.0585598992573108,-0.162716194750053,-0.0193611527075681));
#4614=CARTESIAN_POINT('',(-0.0585614590510407,-0.162712921701742,-0.0193627843324219));
#4615=CARTESIAN_POINT('',(-0.0585741245306351,-0.162686761294259,-0.0193756319876474));
#4616=CARTESIAN_POINT('',(-0.0586003283829135,-0.162638025254802,-0.0193970262063844));
#4617=CARTESIAN_POINT('',(-0.0586313193563193,-0.162590522741045,-0.0194126212998742));
#4618=CARTESIAN_POINT('',(-0.058684525804826,-0.162516116598758,-0.0194326016164466));
#4619=CARTESIAN_POINT('',(-0.0587248246252405,-0.162468643010199,-0.0194392927168133));
#4620=CARTESIAN_POINT('',(-0.0588126026743767,-0.162380864958359,-0.0194392927168056));
#4621=CARTESIAN_POINT('',(-0.0588600762518112,-0.162340566142836,-0.0194326016211302));
#4622=CARTESIAN_POINT('',(-0.0589344823857999,-0.162287359698967,-0.0194126213080789));
#4623=CARTESIAN_POINT('',(-0.0589724843947535,-0.162262566921887,-0.0194001452341687));
#4624=CARTESIAN_POINT('',(-0.0590209737358389,-0.162235405643345,-0.0193799108374588));
#4625=CARTESIAN_POINT('',(-0.059043801153906,-0.162223832130641,-0.0193692081632287));
#4626=CARTESIAN_POINT('',(-0.0590568813622613,-0.162217499389007,-0.0193627843335565));
#4627=CARTESIAN_POINT('',(-0.0590601544118052,-0.16221593959478,-0.0193611527081529));
#4628=CARTESIAN_POINT('',(-0.0590634301038135,-0.162214403493897,-0.0193594954298964));
#4629=CARTESIAN_POINT('',(-0.0586000218912927,-0.162744515660112,-0.0194031358550604));
#4630=CARTESIAN_POINT('',(-0.0586015792335662,-0.162741397057853,-0.0194047172205403));
#4631=CARTESIAN_POINT('',(-0.0586031582542897,-0.162738280809855,-0.0194062737862997));
#4632=CARTESIAN_POINT('',(-0.0586159615210372,-0.162713372167583,-0.0194185279600543));
#4633=CARTESIAN_POINT('',(-0.0586422133462915,-0.162666948573338,-0.0194389011616305));
#4634=CARTESIAN_POINT('',(-0.0586728193290616,-0.162621618903742,-0.0194537046506543));
#4635=CARTESIAN_POINT('',(-0.058725057734614,-0.162550506378985,-0.0194726461366595));
#4636=CARTESIAN_POINT('',(-0.0587642417824759,-0.162504984624608,-0.0194789483320859));
#4637=CARTESIAN_POINT('',(-0.0588489442885127,-0.162420282115994,-0.019478948332159));
#4638=CARTESIAN_POINT('',(-0.0588944660296375,-0.162381098074347,-0.0194726461425766));
#4639=CARTESIAN_POINT('',(-0.0589655785445397,-0.162328859674338,-0.0194537046609266));
#4640=CARTESIAN_POINT('',(-0.0590018422777946,-0.162304374889949,-0.0194418618707825));
#4641=CARTESIAN_POINT('',(-0.0590480470953364,-0.16227725223018,-0.0194226026079305));
#4642=CARTESIAN_POINT('',(-0.0590697861431159,-0.16226560022843,-0.0194124008771576));
#4643=CARTESIAN_POINT('',(-0.0590822404698384,-0.162259198592597,-0.0194062737877138));
#4644=CARTESIAN_POINT('',(-0.0590853567193278,-0.162257619571212,-0.0194047172212692));
#4645=CARTESIAN_POINT('',(-0.0590884753231773,-0.162256062228227,-0.0194031358550588));
#4646=CARTESIAN_POINT('',(-0.0586649757127375,-0.162784212243518,-0.019465329068563));
#4647=CARTESIAN_POINT('',(-0.0586665550067133,-0.162781299509294,-0.0194667961337758));
#4648=CARTESIAN_POINT('',(-0.0586681526252266,-0.16277838946734,-0.0194682398105488));
#4649=CARTESIAN_POINT('',(-0.0586810781636305,-0.162755132584981,-0.0194796023499869));
#4650=CARTESIAN_POINT('',(-0.0587072112957926,-0.162711833754718,-0.0194984543803924));
#4651=CARTESIAN_POINT('',(-0.0587370160983352,-0.162669571582893,-0.0195120963857502));
#4652=CARTESIAN_POINT('',(-0.0587874517886531,-0.162603204422297,-0.0195295223986956));
#4653=CARTESIAN_POINT('',(-0.0588247395905315,-0.162560629400995,-0.0195352714798234));
#4654=CARTESIAN_POINT('',(-0.0589045890644218,-0.162480779925243,-0.0195352714799487));
#4655=CARTESIAN_POINT('',(-0.0589471640704006,-0.162443492131316,-0.019529522405923));
#4656=CARTESIAN_POINT('',(-0.0590135312196128,-0.162393056447553,-0.0195120963982569));
#4657=CARTESIAN_POINT('',(-0.05904734095428,-0.162369212607453,-0.0195011827952669));
#4658=CARTESIAN_POINT('',(-0.0590904324625784,-0.162342345136733,-0.0194833727652598));
#4659=CARTESIAN_POINT('',(-0.0591107206790043,-0.162330655736532,-0.0194739210851063));
#4660=CARTESIAN_POINT('',(-0.0591223491267723,-0.162324192964006,-0.0194682398122676));
#4661=CARTESIAN_POINT('',(-0.0591252591704842,-0.162322595344602,-0.019466796134662));
#4662=CARTESIAN_POINT('',(-0.059128171906584,-0.162321016049673,-0.0194653290685614));
#4663=CARTESIAN_POINT('',(-0.058687037939877,-0.162797799230381,-0.0194855155690235));
#4664=CARTESIAN_POINT('',(-0.0586886230749967,-0.162794949769844,-0.0194869445484741));
#4665=CARTESIAN_POINT('',(-0.0586902253498714,-0.162792103257493,-0.0194883506305024));
#4666=CARTESIAN_POINT('',(-0.0587031788018681,-0.162769356442773,-0.0194994163921581));
#4667=CARTESIAN_POINT('',(-0.0587292417199689,-0.162727038018897,-0.0195177642040321));
#4668=CARTESIAN_POINT('',(-0.0587587414485866,-0.162685765124693,-0.019531024177952));
#4669=CARTESIAN_POINT('',(-0.0588085156713572,-0.162620946813089,-0.0195479531978834));
#4670=CARTESIAN_POINT('',(-0.0588451313625139,-0.162579359030849,-0.0195535232933835));
#4671=CARTESIAN_POINT('',(-0.0589233186941551,-0.162501171697653,-0.0195535232935039));
#4672=CARTESIAN_POINT('',(-0.0589649064605556,-0.162464556014981,-0.019547953205436));
#4673=CARTESIAN_POINT('',(-0.0590297247603817,-0.162414781799057,-0.0195310241910333));
#4674=CARTESIAN_POINT('',(-0.059062743072851,-0.162391182018116,-0.0195204162132569));
#4675=CARTESIAN_POINT('',(-0.0591048524008924,-0.162364431732961,-0.0195030859641512));
#4676=CARTESIAN_POINT('',(-0.0591246895025783,-0.162352742418389,-0.0194938835163934));
#4677=CARTESIAN_POINT('',(-0.0591360629167832,-0.162346265688797,-0.0194883506323011));
#4678=CARTESIAN_POINT('',(-0.0591389094309617,-0.16234466341296,-0.0194869445494016));
#4679=CARTESIAN_POINT('',(-0.0591417588934463,-0.162343078276812,-0.0194855155690219));
#4680=CARTESIAN_POINT('',(-0.0587319805211769,-0.162825672246292,-0.0195248255672936));
#4681=CARTESIAN_POINT('',(-0.0587335746889634,-0.162822941395567,-0.0195261786713744));
#4682=CARTESIAN_POINT('',(-0.0587351835096917,-0.162820214196898,-0.0195275099178837));
#4683=CARTESIAN_POINT('',(-0.0587481697780685,-0.162798427072814,-0.0195379853870473));
#4684=CARTESIAN_POINT('',(-0.0587740376272548,-0.16275797607178,-0.0195553365410205));
#4685=CARTESIAN_POINT('',(-0.0588028601671845,-0.162718627767666,-0.0195678502149482));
#4686=CARTESIAN_POINT('',(-0.0588512055384659,-0.162656851222427,-0.0195838127809981));
#4687=CARTESIAN_POINT('',(-0.0588864081958454,-0.162617241180727,-0.0195890420753852));
#4688=CARTESIAN_POINT('',(-0.0589612008438835,-0.162542448531873,-0.0195890420754675));
#4689=CARTESIAN_POINT('',(-0.0590008108691868,-0.162507245883868,-0.0195838127889433));
#4690=CARTESIAN_POINT('',(-0.059062587402187,-0.162458900519864,-0.0195678502287596));
#4691=CARTESIAN_POINT('',(-0.0590940660424484,-0.162435842489863,-0.0195578392910684));
#4692=CARTESIAN_POINT('',(-0.0591342965146212,-0.162409383696747,-0.0195414556280141));
#4693=CARTESIAN_POINT('',(-0.0591532802868352,-0.162397716987104,-0.0195327476578216));
#4694=CARTESIAN_POINT('',(-0.0591641738560225,-0.162391223848866,-0.0195275099197868));
#4695=CARTESIAN_POINT('',(-0.0591669010565985,-0.162389615027054,-0.0195261786723558));
#4696=CARTESIAN_POINT('',(-0.0591696319093572,-0.162388020858111,-0.019524825567292));
#4697=CARTESIAN_POINT('',(-0.0587548608753373,-0.162839958275341,-0.019543949065103));
#4698=CARTESIAN_POINT('',(-0.0587564579484817,-0.162837283711463,-0.0195452640812202));
#4699=CARTESIAN_POINT('',(-0.0587580683963347,-0.162834613213418,-0.0195465577932614));
#4700=CARTESIAN_POINT('',(-0.0587710576516943,-0.162813282778468,-0.0195567374354568));
#4701=CARTESIAN_POINT('',(-0.0587967994575271,-0.16277372854896,-0.0195735923040649));
#4702=CARTESIAN_POINT('',(-0.0588252524180101,-0.162735319252225,-0.019585738912348));
#4703=CARTESIAN_POINT('',(-0.0588728362480158,-0.162675037756372,-0.0196012284372531));
#4704=CARTESIAN_POINT('',(-0.0589073042589969,-0.162636414597704,-0.0196062947227261));
#4705=CARTESIAN_POINT('',(-0.0589803742607705,-0.162563344595512,-0.0196062947227681));
#4706=CARTESIAN_POINT('',(-0.0590189974029873,-0.162528876594242,-0.0196012284452518));
#4707=CARTESIAN_POINT('',(-0.0590792788865403,-0.162481292771637,-0.0195857389262982));
#4708=CARTESIAN_POINT('',(-0.0591100063208737,-0.162458530405159,-0.0195760216411516));
#4709=CARTESIAN_POINT('',(-0.0591493315744205,-0.162432246362258,-0.0195601084194687));
#4710=CARTESIAN_POINT('',(-0.0591679076478366,-0.162420603367522,-0.0195516476197783));
#4711=CARTESIAN_POINT('',(-0.0591785728725118,-0.162414108735608,-0.0195465577951871));
#4712=CARTESIAN_POINT('',(-0.059181243372479,-0.162412498286623,-0.0195452640822134));
#4713=CARTESIAN_POINT('',(-0.0591839179384057,-0.162410901212272,-0.0195439490651015));
#4714=CARTESIAN_POINT('',(-0.0588020425954512,-0.162869599967053,-0.0195816438782127));
#4715=CARTESIAN_POINT('',(-0.0588036382863047,-0.162867045382402,-0.01958287863393));
#4716=CARTESIAN_POINT('',(-0.0588052449875056,-0.162864495374867,-0.0195840933396398));
#4717=CARTESIAN_POINT('',(-0.0588181857142155,-0.162844132594832,-0.0195936509637345));
#4718=CARTESIAN_POINT('',(-0.0588435929887684,-0.162806441685414,-0.0196094712256186));
#4719=CARTESIAN_POINT('',(-0.0588712603142299,-0.162769929870378,-0.0196208653926415));
#4720=CARTESIAN_POINT('',(-0.0589172712018148,-0.162712644480904,-0.0196353917927288));
#4721=CARTESIAN_POINT('',(-0.0589502693493335,-0.16267596557403,-0.0196401370365876));
#4722=CARTESIAN_POINT('',(-0.0590199252363422,-0.162606309687397,-0.0196401370366109));
#4723=CARTESIAN_POINT('',(-0.0590566041272565,-0.162573311549889,-0.01963539180069));
#4724=CARTESIAN_POINT('',(-0.0591138895048681,-0.162527300669565,-0.0196208654065472));
#4725=CARTESIAN_POINT('',(-0.0591430989539839,-0.162505166810888,-0.0196117500744105));
#4726=CARTESIAN_POINT('',(-0.0591805540550519,-0.162479307519362,-0.0195968150263758));
#4727=CARTESIAN_POINT('',(-0.0591982736368794,-0.162467755694786,-0.0195888721570933));
#4728=CARTESIAN_POINT('',(-0.0592084550340096,-0.162461285326923,-0.0195840933415611));
#4729=CARTESIAN_POINT('',(-0.0592110050434422,-0.16245967862452,-0.0195828786349209));
#4730=CARTESIAN_POINT('',(-0.0592135596301179,-0.162458082932386,-0.0195816438782113));
#4731=CARTESIAN_POINT('',(-0.058826150186114,-0.162884839818198,-0.0196000071083842));
#4732=CARTESIAN_POINT('',(-0.0588277430747508,-0.162882344199451,-0.0196012012447451));
#4733=CARTESIAN_POINT('',(-0.0588293458126236,-0.162879853431926,-0.0196023759776034));
#4734=CARTESIAN_POINT('',(-0.0588422457257442,-0.162859966587611,-0.0196116189850094));
#4735=CARTESIAN_POINT('',(-0.0588674569459045,-0.162823194512948,-0.019626917145979));
#4736=CARTESIAN_POINT('',(-0.0588947079002199,-0.162787623336028,-0.0196379333450756));
#4737=CARTESIAN_POINT('',(-0.0589398995200849,-0.162731827550398,-0.0196519768545456));
#4738=CARTESIAN_POINT('',(-0.0589721473906084,-0.162696121156567,-0.0196565626487464));
#4739=CARTESIAN_POINT('',(-0.0590400808185596,-0.162628187729376,-0.0196565626487291));
#4740=CARTESIAN_POINT('',(-0.0590757871969206,-0.162595939868858,-0.0196519768623022));
#4741=CARTESIAN_POINT('',(-0.0591315829710778,-0.162550748256083,-0.0196379333586688));
#4742=CARTESIAN_POINT('',(-0.0591600399098103,-0.162528947494196,-0.0196291204008537));
#4743=CARTESIAN_POINT('',(-0.0591965718152422,-0.162503328320208,-0.0196146786272524));
#4744=CARTESIAN_POINT('',(-0.0592138696620428,-0.162491836113201,-0.0196069974866003));
#4745=CARTESIAN_POINT('',(-0.0592238130911562,-0.162485386152072,-0.0196023759794849));
#4746=CARTESIAN_POINT('',(-0.0592263038605369,-0.162483783412982,-0.0196012012457156));
#4747=CARTESIAN_POINT('',(-0.059228799481263,-0.162482190523049,-0.0196000071083829));
#4748=CARTESIAN_POINT('',(-0.0588747870224668,-0.162915758272005,-0.0196353491565629));
#4749=CARTESIAN_POINT('',(-0.0588763653453,-0.162913385743874,-0.0196364597399223));
#4750=CARTESIAN_POINT('',(-0.0588779515523982,-0.162911018303166,-0.0196375522666901));
#4751=CARTESIAN_POINT('',(-0.0588907037835331,-0.162892119695538,-0.019646148379965));
#4752=CARTESIAN_POINT('',(-0.0589154355052415,-0.162857221855466,-0.019660374768461));
#4753=CARTESIAN_POINT('',(-0.0589418287379998,-0.162823517883267,-0.019670617593108));
#4754=CARTESIAN_POINT('',(-0.0589853797770467,-0.162770652277142,-0.0196836743624604));
#4755=CARTESIAN_POINT('',(-0.0590161762919223,-0.162736822872252,-0.0196879365419183));
#4756=CARTESIAN_POINT('',(-0.0590807825333395,-0.162672216632284,-0.0196879365418654));
#4757=CARTESIAN_POINT('',(-0.0591146119240958,-0.162641420127113,-0.0196836743697128));
#4758=CARTESIAN_POINT('',(-0.0591674775198545,-0.162597869094566,-0.0196706176058589));
#4759=CARTESIAN_POINT('',(-0.05919444069514,-0.162576754509596,-0.0196624233475257));
#4760=CARTESIAN_POINT('',(-0.0592290997713876,-0.1625516904784,-0.0196489936671047));
#4761=CARTESIAN_POINT('',(-0.0592455286523186,-0.162540368012006,-0.0196418503283017));
#4762=CARTESIAN_POINT('',(-0.0592549779626429,-0.162533991891851,-0.0196375522684582));
#4763=CARTESIAN_POINT('',(-0.0592573454050877,-0.162532405683532,-0.0196364597408343));
#4764=CARTESIAN_POINT('',(-0.0592597179350693,-0.162530827359402,-0.0196353491565618));
#4765=CARTESIAN_POINT('',(-0.0588993162681568,-0.162931436874665,-0.0196523279745703));
#4766=CARTESIAN_POINT('',(-0.0589008824685015,-0.162929129795869,-0.0196533953176831));
#4767=CARTESIAN_POINT('',(-0.0589024557811644,-0.162926827719587,-0.0196544453094017));
#4768=CARTESIAN_POINT('',(-0.058915098773431,-0.162908451267732,-0.0196627067690755));
#4769=CARTESIAN_POINT('',(-0.0589395458278242,-0.16287452249948,-0.0196763795337304));
#4770=CARTESIAN_POINT('',(-0.0589655014478205,-0.162841750409848,-0.0196862240774641));
#4771=CARTESIAN_POINT('',(-0.0590082394933527,-0.162790328648414,-0.019698773318094));
#4772=CARTESIAN_POINT('',(-0.0590383435950915,-0.162757398916763,-0.0197028701060553));
#4773=CARTESIAN_POINT('',(-0.0591013585771953,-0.162694383936382,-0.0197028701059971));
#4774=CARTESIAN_POINT('',(-0.0591342882955475,-0.162664279844032,-0.0196987733250268));
#4775=CARTESIAN_POINT('',(-0.0591857100473398,-0.162621541804563,-0.0196862240896616));
#4776=CARTESIAN_POINT('',(-0.059211927716802,-0.162600777309593,-0.0196783484560017));
#4777=CARTESIAN_POINT('',(-0.0592456251587488,-0.162576028534725,-0.0196654413310401));
#4778=CARTESIAN_POINT('',(-0.0592615991470563,-0.162564817621267,-0.0196585760439986));
#4779=CARTESIAN_POINT('',(-0.0592707873792184,-0.16255849612059,-0.0196544453110937));
#4780=CARTESIAN_POINT('',(-0.0592730894571626,-0.162556922806719,-0.0196533953185559));
#4781=CARTESIAN_POINT('',(-0.0592753965377307,-0.162555356605092,-0.0196523279745692));
#4782=CARTESIAN_POINT('',(-0.058973528775091,-0.162979103622376,-0.0197012907433195));
#4783=CARTESIAN_POINT('',(-0.0589750454796683,-0.162977000617214,-0.0197022265153621));
#4784=CARTESIAN_POINT('',(-0.0589765675056302,-0.162974901905178,-0.0197031470982544));
#4785=CARTESIAN_POINT('',(-0.0589887860347274,-0.162958146576811,-0.0197103905320477));
#4786=CARTESIAN_POINT('',(-0.0590122512451843,-0.162927181415002,-0.01972238083525));
#4787=CARTESIAN_POINT('',(-0.059036857590339,-0.162897187357759,-0.019731017447261));
#4788=CARTESIAN_POINT('',(-0.0590771535732966,-0.162850029937434,-0.0197420287103494));
#4789=CARTESIAN_POINT('',(-0.0591052520028818,-0.162819702418902,-0.0197456264642359));
#4790=CARTESIAN_POINT('',(-0.0591636620769306,-0.162761292347158,-0.0197456264642187));
#4791=CARTESIAN_POINT('',(-0.0591939895849625,-0.162733193925636,-0.0197420287162509));
#4792=CARTESIAN_POINT('',(-0.0592411469981402,-0.162692897947133,-0.0197310174576078));
#4793=CARTESIAN_POINT('',(-0.0592651422425114,-0.162673212871327,-0.0197241081691135));
#4794=CARTESIAN_POINT('',(-0.059295913191775,-0.162649519426526,-0.019712788600339));
#4795=CARTESIAN_POINT('',(-0.0593104838958196,-0.162638717113732,-0.0197067688191816));
#4796=CARTESIAN_POINT('',(-0.0593188615653215,-0.162632607844901,-0.019703147099687));
#4797=CARTESIAN_POINT('',(-0.0593209602787724,-0.162631085817804,-0.019702226516101));
#4798=CARTESIAN_POINT('',(-0.0593230632854414,-0.162629569112026,-0.0197012907433185));
#4799=CARTESIAN_POINT('',(-0.0590238368061997,-0.163011722707153,-0.0197313010087886));
#4800=CARTESIAN_POINT('',(-0.0590253049794418,-0.163009761169601,-0.0197321481863223));
#4801=CARTESIAN_POINT('',(-0.0590267778421325,-0.163007803029389,-0.0197329816536139));
#4802=CARTESIAN_POINT('',(-0.059038597996781,-0.16299216515991,-0.0197395399465559));
#4803=CARTESIAN_POINT('',(-0.0590612497339858,-0.162963201839884,-0.0197504002750717));
#4804=CARTESIAN_POINT('',(-0.059084897542328,-0.162935019454649,-0.0197582290220925));
#4805=CARTESIAN_POINT('',(-0.0591235336229546,-0.162890608144151,-0.0197682134847319));
#4806=CARTESIAN_POINT('',(-0.0591503571264108,-0.162861907944991,-0.0197714810830331));
#4807=CARTESIAN_POINT('',(-0.0592058676011337,-0.162806397472686,-0.0197714810831112));
#4808=CARTESIAN_POINT('',(-0.0592345677920405,-0.162779573975949,-0.0197682134898348));
#4809=CARTESIAN_POINT('',(-0.0592789790974186,-0.162740937898385,-0.0197582290309345));
#4810=CARTESIAN_POINT('',(-0.0593015250048621,-0.162722019651488,-0.0197519660342379));
#4811=CARTESIAN_POINT('',(-0.0593303321454326,-0.162699168692904,-0.0197417120187617));
#4812=CARTESIAN_POINT('',(-0.0593439437506588,-0.162688728262444,-0.0197362608035082));
#4813=CARTESIAN_POINT('',(-0.0593517626899575,-0.162682818181198,-0.0197329816548302));
#4814=CARTESIAN_POINT('',(-0.0593537208313796,-0.162681345317471,-0.0197321481869496));
#4815=CARTESIAN_POINT('',(-0.0593556823702177,-0.162679877143135,-0.0197313010087877));
#4816=CARTESIAN_POINT('',(-0.0591260777871155,-0.163078498382391,-0.0197866073548575));
#4817=CARTESIAN_POINT('',(-0.0591274353063175,-0.163076802097384,-0.0197872887928155));
#4818=CARTESIAN_POINT('',(-0.0591287963781931,-0.163075107779704,-0.01978795929945));
#4819=CARTESIAN_POINT('',(-0.0591397131158469,-0.16306156912223,-0.0197932360438675));
#4820=CARTESIAN_POINT('',(-0.0591605516337194,-0.16303639261647,-0.0198019840134982));
#4821=CARTESIAN_POINT('',(-0.0591821312867206,-0.16301169146251,-0.0198083043691105));
#4822=CARTESIAN_POINT('',(-0.0592172414888072,-0.162972603156501,-0.0198163726242512));
#4823=CARTESIAN_POINT('',(-0.0592414252999111,-0.162947122339598,-0.0198190257092263));
#4824=CARTESIAN_POINT('',(-0.0592910819920768,-0.162897465649546,-0.0198190257095979));
#4825=CARTESIAN_POINT('',(-0.0593165628049227,-0.16287328184224,-0.0198163726279624));
#4826=CARTESIAN_POINT('',(-0.059355651109675,-0.162838171640424,-0.019808304375187));
#4827=CARTESIAN_POINT('',(-0.059375412033422,-0.162820907916802,-0.0198032480912188));
#4828=CARTESIAN_POINT('',(-0.0594004934747401,-0.162799921165594,-0.019794985642141));
#4829=CARTESIAN_POINT('',(-0.0594122981092039,-0.162790295088643,-0.0197905976739393));
#4830=CARTESIAN_POINT('',(-0.0594190674410724,-0.162784836716767,-0.019787959300259));
#4831=CARTESIAN_POINT('',(-0.0594207617595779,-0.162783475644092,-0.0197872887932323));
#4832=CARTESIAN_POINT('',(-0.0594224580454553,-0.162782118124051,-0.0197866073548569));
#4833=CARTESIAN_POINT('',(-0.0591780324617564,-0.163112672347159,-0.0198119053022925));
#4834=CARTESIAN_POINT('',(-0.0591793277003137,-0.163111100638032,-0.0198125093110956));
#4835=CARTESIAN_POINT('',(-0.0591806260029377,-0.163109530335881,-0.0198131036930249));
#4836=CARTESIAN_POINT('',(-0.0591910366889459,-0.163096979346412,-0.0198177818280878));
#4837=CARTESIAN_POINT('',(-0.059210875203552,-0.163073596230157,-0.01982554375145));
#4838=CARTESIAN_POINT('',(-0.0592313474418175,-0.163050568366105,-0.0198311609173213));
#4839=CARTESIAN_POINT('',(-0.0592645962772834,-0.163014059941251,-0.0198383363563598));
#4840=CARTESIAN_POINT('',(-0.0592874198399154,-0.162990169201519,-0.0198407039472447));
#4841=CARTESIAN_POINT('',(-0.0593341288523198,-0.162943460190833,-0.0198407039478172));
#4842=CARTESIAN_POINT('',(-0.0593580195899483,-0.162920636630442,-0.0198383363594834));
#4843=CARTESIAN_POINT('',(-0.0593945280153636,-0.162887387793874,-0.0198311609221435));
#4844=CARTESIAN_POINT('',(-0.0594129503078144,-0.162871010001595,-0.0198266671897637));
#4845=CARTESIAN_POINT('',(-0.0594362623787948,-0.162851044736549,-0.0198193342161043));
#4846=CARTESIAN_POINT('',(-0.0594472145004463,-0.162841871686765,-0.0198154427623033));
#4847=CARTESIAN_POINT('',(-0.059453489997631,-0.162836666341225,-0.0198131036936434));
#4848=CARTESIAN_POINT('',(-0.0594550603004234,-0.16283536803794,-0.0198125093114139));
#4849=CARTESIAN_POINT('',(-0.0594566320102231,-0.162834072798692,-0.019811905302292));
#4850=CARTESIAN_POINT('',(-0.0592837179078211,-0.163182594402065,-0.0198578178012206));
#4851=CARTESIAN_POINT('',(-0.0592848839897502,-0.163181249509581,-0.0198582815905097));
#4852=CARTESIAN_POINT('',(-0.0592860519240312,-0.163179905596459,-0.0198587380857837));
#4853=CARTESIAN_POINT('',(-0.0592954100978758,-0.163169162226685,-0.0198623317195072));
#4854=CARTESIAN_POINT('',(-0.0593131496060409,-0.163149122557982,-0.0198683042215979));
#4855=CARTESIAN_POINT('',(-0.0593312790691894,-0.163129325817486,-0.0198726408924132));
#4856=CARTESIAN_POINT('',(-0.0593605960818309,-0.163097877592822,-0.0198781881979334));
#4857=CARTESIAN_POINT('',(-0.0593805539190636,-0.163077214189884,-0.0198800312445681));
#4858=CARTESIAN_POINT('',(-0.0594211738379016,-0.16303659427177,-0.0198800312454577));
#4859=CARTESIAN_POINT('',(-0.059441837241471,-0.163016636434233,-0.0198781882002073));
#4860=CARTESIAN_POINT('',(-0.0594732854693621,-0.162987319418339,-0.0198726408953915));
#4861=CARTESIAN_POINT('',(-0.059489122863942,-0.162972815845495,-0.0198691715587485));
#4862=CARTESIAN_POINT('',(-0.0595091139512417,-0.162954998341693,-0.0198635262217861));
#4863=CARTESIAN_POINT('',(-0.0595184935723169,-0.162946771350444,-0.019860534903603));
#4864=CARTESIAN_POINT('',(-0.0595238652587285,-0.162942092261842,-0.0198587380861203));
#4865=CARTESIAN_POINT('',(-0.059525209172243,-0.16294092432713,-0.0198582815906823));
#4866=CARTESIAN_POINT('',(-0.0595265540651296,-0.162939758244757,-0.0198578178012201));
#4867=CARTESIAN_POINT('',(-0.0593374486792449,-0.163218342492204,-0.0198784323527136));
#4868=CARTESIAN_POINT('',(-0.0593385485124557,-0.163217098981901,-0.019878833122739));
#4869=CARTESIAN_POINT('',(-0.0593396494418927,-0.163215856620326,-0.0198792276307347));
#4870=CARTESIAN_POINT('',(-0.0593484656537606,-0.163205926910995,-0.0198823335984628));
#4871=CARTESIAN_POINT('',(-0.0593651112409,-0.16318742923634,-0.0198874997748338));
#4872=CARTESIAN_POINT('',(-0.0593820049557033,-0.1631691885488,-0.0198912569943709));
#4873=CARTESIAN_POINT('',(-0.0594092478951894,-0.163140221484211,-0.0198960662356519));
#4874=CARTESIAN_POINT('',(-0.0594276938492479,-0.163121200821785,-0.0198976693165349));
#4875=CARTESIAN_POINT('',(-0.0594651604672033,-0.163083734203831,-0.019897669317577));
#4876=CARTESIAN_POINT('',(-0.0594841811311003,-0.163065288248303,-0.0198960662377362));
#4877=CARTESIAN_POINT('',(-0.0595131482001018,-0.163038045304406,-0.019891256996846));
#4878=CARTESIAN_POINT('',(-0.0595277407528917,-0.163024530329806,-0.0198882512211186));
#4879=CARTESIAN_POINT('',(-0.059546187034603,-0.163007835112652,-0.0198833668351677));
#4880=CARTESIAN_POINT('',(-0.0595548514265715,-0.163000097886917,-0.0198807806153258));
#4881=CARTESIAN_POINT('',(-0.0595598162826615,-0.162995689779558,-0.0198792276309888));
#4882=CARTESIAN_POINT('',(-0.0595610586445977,-0.162994588849759,-0.0198788331228689));
#4883=CARTESIAN_POINT('',(-0.0595623021552682,-0.16299348901618,-0.0198784323527132));
#4884=CARTESIAN_POINT('',(-0.0594444538335622,-0.163289850775416,-0.019914222383364));
#4885=CARTESIAN_POINT('',(-0.0594454120802446,-0.163288805084432,-0.0199145113882653));
#4886=CARTESIAN_POINT('',(-0.0594463702724307,-0.16328776081426,-0.0199147958774666));
#4887=CARTESIAN_POINT('',(-0.0594540355583646,-0.16327941783497,-0.0199170356654741));
#4888=CARTESIAN_POINT('',(-0.0594684046678297,-0.163263921513658,-0.0199207611194613));
#4889=CARTESIAN_POINT('',(-0.0594828030088922,-0.163248703381963,-0.0199234705407882));
#4890=CARTESIAN_POINT('',(-0.0595059007064537,-0.163224556352242,-0.0199269386002739));
#4891=CARTESIAN_POINT('',(-0.0595213796406434,-0.163208727640414,-0.0199280946204147));
#4892=CARTESIAN_POINT('',(-0.0595526872876671,-0.163177419992817,-0.0199280946211282));
#4893=CARTESIAN_POINT('',(-0.0595685160005011,-0.163161941057046,-0.0199269386017011));
#4894=CARTESIAN_POINT('',(-0.0595926630339957,-0.163138843355495,-0.019923470542483));
#4895=CARTESIAN_POINT('',(-0.0596048375418039,-0.163127324680247,-0.0199213030053545));
#4896=CARTESIAN_POINT('',(-0.0596202782293955,-0.163112949720781,-0.0199177807572512));
#4897=CARTESIAN_POINT('',(-0.059627548985584,-0.163106243254028,-0.0199159157719682));
#4898=CARTESIAN_POINT('',(-0.0596317204766127,-0.163102410609938,-0.0199147958776405));
#4899=CARTESIAN_POINT('',(-0.0596327647471371,-0.163101452417468,-0.0199145113883543));
#4900=CARTESIAN_POINT('',(-0.0596338104384805,-0.163100494170498,-0.0199142223833636));
#4901=CARTESIAN_POINT('',(-0.0594975386991064,-0.163325468604235,-0.0199295316114221));
#4902=CARTESIAN_POINT('',(-0.0594984220794545,-0.163324517496582,-0.0199297712068102));
#4903=CARTESIAN_POINT('',(-0.0594993049583302,-0.163323567948638,-0.0199300070585214));
#4904=CARTESIAN_POINT('',(-0.0595063642352054,-0.163315983785117,-0.0199318639227968));
#4905=CARTESIAN_POINT('',(-0.0595195511063856,-0.163301923866414,-0.0199349524572455));
#4906=CARTESIAN_POINT('',(-0.0595326831172461,-0.163288156911594,-0.0199371986643209));
#4907=CARTESIAN_POINT('',(-0.0595536969890425,-0.163266330311296,-0.0199400738095331));
#4908=CARTESIAN_POINT('',(-0.0595677097761327,-0.163252046614314,-0.0199410321915298));
#4909=CARTESIAN_POINT('',(-0.0595960062610792,-0.163223750128477,-0.0199410321921225));
#4910=CARTESIAN_POINT('',(-0.0596102899589355,-0.163209737339619,-0.0199400738107186));
#4911=CARTESIAN_POINT('',(-0.0596321165630301,-0.163188723463692,-0.0199371986657286));
#4912=CARTESIAN_POINT('',(-0.059643130129405,-0.163178217852569,-0.0199354017000127));
#4913=CARTESIAN_POINT('',(-0.0596571314597618,-0.163165041949832,-0.0199324816305002));
#4914=CARTESIAN_POINT('',(-0.0596637355276948,-0.163158874935328,-0.0199309354910726));
#4915=CARTESIAN_POINT('',(-0.059667527610937,-0.163155345295812,-0.0199300070586659));
#4916=CARTESIAN_POINT('',(-0.0596684771592591,-0.163154462416665,-0.019929771206884));
#4917=CARTESIAN_POINT('',(-0.0596694282672987,-0.163153579036042,-0.0199295316114218));
#4918=CARTESIAN_POINT('',(-0.0596042725881351,-0.163397271377072,-0.0199556634490585));
#4919=CARTESIAN_POINT('',(-0.0596049912872426,-0.163396518623241,-0.0199558160932782));
#4920=CARTESIAN_POINT('',(-0.0596057092023413,-0.163395767185521,-0.0199559663524327));
#4921=CARTESIAN_POINT('',(-0.0596114465135772,-0.163389765950145,-0.0199571493451457));
#4922=CARTESIAN_POINT('',(-0.0596221250967471,-0.163378648380046,-0.019959117024626));
#4923=CARTESIAN_POINT('',(-0.0596326863440376,-0.163367767869189,-0.0199605480643643));
#4924=CARTESIAN_POINT('',(-0.0596495346161496,-0.163350510939448,-0.0199623797953181));
#4925=CARTESIAN_POINT('',(-0.0596607004994873,-0.163339208836461,-0.0199629903724508));
#4926=CARTESIAN_POINT('',(-0.0596831684863641,-0.16331674084858,-0.0199629903727893));
#4927=CARTESIAN_POINT('',(-0.0596944705899033,-0.163305574963685,-0.019962379795995));
#4928=CARTESIAN_POINT('',(-0.0597117275226202,-0.163288726688219,-0.0199605480651681));
#4929=CARTESIAN_POINT('',(-0.0597204319333306,-0.163280277688456,-0.0199594032333457));
#4930=CARTESIAN_POINT('',(-0.0597315020952513,-0.163269622569704,-0.0199575428815065));
#4931=CARTESIAN_POINT('',(-0.0597367262290003,-0.16326461819609,-0.0199565578490253));
#4932=CARTESIAN_POINT('',(-0.0597397268479386,-0.163261749539679,-0.0199559663525152));
#4933=CARTESIAN_POINT('',(-0.0597404782859776,-0.16326103162438,-0.0199558160933204));
#4934=CARTESIAN_POINT('',(-0.0597412310401355,-0.163260312925072,-0.0199556634490584));
#4935=CARTESIAN_POINT('',(-0.0596579216116197,-0.163433456321091,-0.0199664860586368));
#4936=CARTESIAN_POINT('',(-0.0596585521067235,-0.163432804114176,-0.0199666016731544));
#4937=CARTESIAN_POINT('',(-0.0596591818815489,-0.163432152966786,-0.0199667154811957));
#4938=CARTESIAN_POINT('',(-0.0596642145403988,-0.163426952041377,-0.0199676114937144));
#4939=CARTESIAN_POINT('',(-0.0596735780664899,-0.163417308636241,-0.0199691018371643));
#4940=CARTESIAN_POINT('',(-0.0596828295870157,-0.163407853566993,-0.0199701857233889));
#4941=CARTESIAN_POINT('',(-0.0596975791571796,-0.163392843454215,-0.019971573097817));
#4942=CARTESIAN_POINT('',(-0.0597073417203855,-0.163382994043056,-0.0199720355560607));
#4943=CARTESIAN_POINT('',(-0.0597269536951505,-0.163363382067342,-0.0199720355562914));
#4944=CARTESIAN_POINT('',(-0.0597368031067096,-0.163353619502788,-0.0199715730982785));
#4945=CARTESIAN_POINT('',(-0.0597518132219329,-0.163338869929822,-0.0199701857239369));
#4946=CARTESIAN_POINT('',(-0.0597593772790156,-0.163331468711807,-0.0199693186149356));
#4947=CARTESIAN_POINT('',(-0.0597689830200697,-0.163322127584594,-0.0199679095627213));
#4948=CARTESIAN_POINT('',(-0.0597735121655326,-0.163317738548861,-0.0199671634876161));
#4949=CARTESIAN_POINT('',(-0.0597761126292997,-0.163315222218803,-0.019966715481252));
#4950=CARTESIAN_POINT('',(-0.0597767637769619,-0.16331459244382,-0.0199666016731832));
#4951=CARTESIAN_POINT('',(-0.0597774159841541,-0.163313961948556,-0.0199664860586367));
#4952=CARTESIAN_POINT('',(-0.0597648431839683,-0.163505669171596,-0.0199835468837162));
#4953=CARTESIAN_POINT('',(-0.0597652934358983,-0.163505213904955,-0.019983603714635));
#4954=CARTESIAN_POINT('',(-0.0597657432035332,-0.163504759200962,-0.019983659657571));
#4955=CARTESIAN_POINT('',(-0.0597693376011198,-0.163501125939343,-0.019984100097195));
#4956=CARTESIAN_POINT('',(-0.0597760279632549,-0.163494370934263,-0.0199848326832799));
#4957=CARTESIAN_POINT('',(-0.0597826388043958,-0.163487713079818,-0.0199853654731888));
#4958=CARTESIAN_POINT('',(-0.0597931734190564,-0.163477118287934,-0.0199860474442941));
#4959=CARTESIAN_POINT('',(-0.0598001395206105,-0.163470132126982,-0.0199862747680326));
#4960=CARTESIAN_POINT('',(-0.05981409178328,-0.163456179863575,-0.0199862747681165));
#4961=CARTESIAN_POINT('',(-0.0598210779443954,-0.163449213761119,-0.0199860474444619));
#4962=CARTESIAN_POINT('',(-0.0598316727377404,-0.163438679144721,-0.019985365473388));
#4963=CARTESIAN_POINT('',(-0.0598369990223309,-0.163433390470843,-0.0199849392414531));
#4964=CARTESIAN_POINT('',(-0.0598437345992434,-0.163426716011618,-0.0199842466145271));
#4965=CARTESIAN_POINT('',(-0.0598469022321781,-0.163423580739786,-0.0199838798774415));
#4966=CARTESIAN_POINT('',(-0.0598487188636716,-0.163421783540644,-0.0199836596575914));
#4967=CARTESIAN_POINT('',(-0.0598491735678392,-0.163421333772922,-0.0199836037146455));
#4968=CARTESIAN_POINT('',(-0.0598496288346596,-0.163420883520905,-0.0199835468837161));
#4969=CARTESIAN_POINT('',(-0.0598181229175228,-0.163541678792573,-0.0199897927659221));
#4970=CARTESIAN_POINT('',(-0.0598184807705489,-0.163541320305752,-0.0199898278060274));
#4971=CARTESIAN_POINT('',(-0.0598188383225951,-0.163540962129814,-0.0199898622986312));
#4972=CARTESIAN_POINT('',(-0.0598216964076085,-0.163538099132878,-0.0199901338594489));
#4973=CARTESIAN_POINT('',(-0.0598270247179612,-0.163532762652376,-0.019990585548317));
#4974=CARTESIAN_POINT('',(-0.0598323025165349,-0.163527478911682,-0.0199909140493251));
#4975=CARTESIAN_POINT('',(-0.059840718575622,-0.163519055246531,-0.0199913345306259));
#4976=CARTESIAN_POINT('',(-0.0598462913901722,-0.163513479896377,-0.0199914746910764));
#4977=CARTESIAN_POINT('',(-0.0598574395549428,-0.163502331731039,-0.0199914746911151));
#4978=CARTESIAN_POINT('',(-0.0598630149051632,-0.163496758915854,-0.0199913345307034));
#4979=CARTESIAN_POINT('',(-0.0598714385712614,-0.163488342855606,-0.0199909140494173));
#4980=CARTESIAN_POINT('',(-0.0598756655645024,-0.163484120616116,-0.019990651248607));
#4981=CARTESIAN_POINT('',(-0.0598809914983699,-0.163478802407307,-0.0199902241972757));
#4982=CARTESIAN_POINT('',(-0.0598834902936966,-0.163476307702354,-0.0199899980790671));
#4983=CARTESIAN_POINT('',(-0.0598849217926339,-0.163474878659637,-0.0199898622986407));
#4984=CARTESIAN_POINT('',(-0.0598852799686927,-0.163474521107537,-0.0199898278060322));
#4985=CARTESIAN_POINT('',(-0.0598856384556364,-0.163474163254459,-0.019989792765922));
#4986=CARTESIAN_POINT('',(-0.0599234559520287,-0.163612883892058,-0.019998019324064));
#4987=CARTESIAN_POINT('',(-0.0599236320472506,-0.163612710820148,-0.0199980259853746));
#4988=CARTESIAN_POINT('',(-0.059923808086518,-0.163612537756952,-0.0199980325426022));
#4989=CARTESIAN_POINT('',(-0.0599252159611044,-0.163611153313024,-0.0199980841677594));
#4990=CARTESIAN_POINT('',(-0.0599278499568258,-0.163608558289617,-0.0199981700362159));
#4991=CARTESIAN_POINT('',(-0.0599304731816288,-0.163605963408232,-0.0199982324860014));
#4992=CARTESIAN_POINT('',(-0.0599346627022196,-0.163601810167154,-0.0199983124217262));
#4993=CARTESIAN_POINT('',(-0.0599374455304881,-0.163599039431951,-0.0199983390669665));
#4994=CARTESIAN_POINT('',(-0.0599429990939204,-0.163593485868277,-0.0199983390669636));
#4995=CARTESIAN_POINT('',(-0.0599457698290842,-0.163590703039807,-0.0199983124217205));
#4996=CARTESIAN_POINT('',(-0.0599499230703605,-0.163586513518928,-0.0199982324859946));
#4997=CARTESIAN_POINT('',(-0.0599519989756314,-0.163584414938944,-0.0199981825261665));
#4998=CARTESIAN_POINT('',(-0.0599545939709905,-0.163581783097269,-0.0199981013414468));
#4999=CARTESIAN_POINT('',(-0.0599558051978487,-0.163580552360782,-0.0199980583551788));
#5000=CARTESIAN_POINT('',(-0.0599564974199466,-0.163579848423465,-0.0199980325426015));
#5001=CARTESIAN_POINT('',(-0.0599566704831765,-0.163579672384192,-0.0199980259853742));
#5002=CARTESIAN_POINT('',(-0.0599568435551222,-0.163579496288965,-0.019998019324064));
#5003=CARTESIAN_POINT('',(-0.0599755092529801,-0.163648079370567,-0.02));
#5004=CARTESIAN_POINT('',(-0.0599755971590597,-0.163647992678967,-0.02));
#5005=CARTESIAN_POINT('',(-0.0599756849991087,-0.163647906034423,-0.02));
#5006=CARTESIAN_POINT('',(-0.0599763872053926,-0.163647213240356,-0.02));
#5007=CARTESIAN_POINT('',(-0.0599776970945003,-0.163645919006625,-0.02));
#5008=CARTESIAN_POINT('',(-0.059978995307258,-0.16364463217955,-0.02));
#5009=CARTESIAN_POINT('',(-0.0599810651978934,-0.163642576862555,-0.02));
#5010=CARTESIAN_POINT('',(-0.0599824354586142,-0.163641211459658,-0.02));
#5011=CARTESIAN_POINT('',(-0.0599851711222052,-0.163638475795938,-0.02));
#5012=CARTESIAN_POINT('',(-0.0599865365250753,-0.163637105535114,-0.02));
#5013=CARTESIAN_POINT('',(-0.0599885918421586,-0.163635035644342,-0.02));
#5014=CARTESIAN_POINT('',(-0.0599896213038948,-0.163633997074071,-0.02));
#5015=CARTESIAN_POINT('',(-0.0599909140564687,-0.163632689520178,-0.02));
#5016=CARTESIAN_POINT('',(-0.0599915193003528,-0.163632076439197,-0.02));
#5017=CARTESIAN_POINT('',(-0.0599918656974519,-0.163631725336048,-0.02));
#5018=CARTESIAN_POINT('',(-0.0599919523420142,-0.163631637495997,-0.02));
#5019=CARTESIAN_POINT('',(-0.0599920390336311,-0.163631549589916,-0.02));
#5020=CARTESIAN_POINT('',(-0.0600265171739482,-0.163682557510885,-0.02));
#5021=CARTESIAN_POINT('',(-0.0600265171739482,-0.163682557510885,-0.02));
#5022=CARTESIAN_POINT('',(-0.0600265171739482,-0.163682557510885,-0.02));
#5023=CARTESIAN_POINT('',(-0.0600265171739482,-0.163682557510885,-0.02));
#5024=CARTESIAN_POINT('',(-0.0600265171739482,-0.163682557510885,-0.02));
#5025=CARTESIAN_POINT('',(-0.0600265171739482,-0.163682557510885,-0.02));
#5026=CARTESIAN_POINT('',(-0.0600265171739482,-0.163682557510885,-0.02));
#5027=CARTESIAN_POINT('',(-0.0600265171739482,-0.163682557510885,-0.02));
#5028=CARTESIAN_POINT('',(-0.0600265171739482,-0.163682557510885,-0.02));
#5029=CARTESIAN_POINT('',(-0.0600265171739482,-0.163682557510885,-0.02));
#5030=CARTESIAN_POINT('',(-0.0600265171739482,-0.163682557510885,-0.02));
#5031=CARTESIAN_POINT('',(-0.0600265171739482,-0.163682557510885,-0.02));
#5032=CARTESIAN_POINT('',(-0.0600265171739482,-0.163682557510885,-0.02));
#5033=CARTESIAN_POINT('',(-0.0600265171739482,-0.163682557510885,-0.02));
#5034=CARTESIAN_POINT('',(-0.0600265171739482,-0.163682557510885,-0.02));
#5035=CARTESIAN_POINT('',(-0.0600265171739482,-0.163682557510885,-0.02));
#5036=CARTESIAN_POINT('',(-0.0600265171739482,-0.163682557510885,-0.02));
#5037=CARTESIAN_POINT('',(-0.0588217782974243,-0.161712942004861,-0.0183472963553339));
#5038=CARTESIAN_POINT('',(-0.0588217782650977,-0.161734474879135,-0.0184694153537333));
#5039=CARTESIAN_POINT('',(-0.0588385478731683,-0.161798109960313,-0.0187094511225428));
#5040=CARTESIAN_POINT('',(-0.0589283683185263,-0.161981610415371,-0.0190721610578539));
#5041=CARTESIAN_POINT('',(-0.0590397837518928,-0.162177187682119,-0.0193336028054067));
#5042=CARTESIAN_POINT('',(-0.0592194148298666,-0.162469704730718,-0.0196034705283613));
#5043=CARTESIAN_POINT('',(-0.059351481597455,-0.162673576227487,-0.019731820244399));
#5044=CARTESIAN_POINT('',(-0.0594847791353721,-0.162876845485391,-0.0198341194144879));
#5045=CARTESIAN_POINT('',(-0.0596060323503507,-0.163059178539617,-0.0199023915213945));
#5046=CARTESIAN_POINT('',(-0.0596907678936736,-0.16318535664525,-0.0199399487415651));
#5047=CARTESIAN_POINT('',(-0.0598262168669205,-0.16338634892781,-0.0199800324457317));
#5048=CARTESIAN_POINT('',(-0.0598889296517023,-0.16347886346601,-0.0199908296779545));
#5049=CARTESIAN_POINT('',(-0.0599780875569841,-0.163610909386829,-0.02));
#5050=CARTESIAN_POINT('',(-0.0600265171739481,-0.163682557510885,-0.02));
#5051=CARTESIAN_POINT('',(-0.1361170394209,-0.192140142159923,-0.018));
#5052=CARTESIAN_POINT('',(-0.138086654926925,-0.162477818634361,-0.0183472963553339));
#5053=CARTESIAN_POINT('',(-0.138065122052673,-0.162477818602044,-0.0184694153536029));
#5054=CARTESIAN_POINT('',(-0.138001486971597,-0.162494588210123,-0.0187094511222518));
#5055=CARTESIAN_POINT('',(-0.137817986516372,-0.16258440865553,-0.0190721610579402));
#5056=CARTESIAN_POINT('',(-0.137622409249739,-0.162695824088772,-0.0193336028053046));
#5057=CARTESIAN_POINT('',(-0.13732989220114,-0.162875455166818,-0.0196034705283238));
#5058=CARTESIAN_POINT('',(-0.137126020704064,-0.163007521934598,-0.0197318202445605));
#5059=CARTESIAN_POINT('',(-0.136922751446066,-0.163140819472557,-0.0198341194146044));
#5060=CARTESIAN_POINT('',(-0.136740418392598,-0.163262072687035,-0.019902391521276));
#5061=CARTESIAN_POINT('',(-0.136614240285201,-0.163346808231516,-0.0199399487419036));
#5062=CARTESIAN_POINT('',(-0.13641324800428,-0.163482257203667,-0.0199800324456463));
#5063=CARTESIAN_POINT('',(-0.136320733465922,-0.163544969988568,-0.0199908296779527));
#5064=CARTESIAN_POINT('',(-0.136188687545065,-0.16363412789386,-0.02));
#5065=CARTESIAN_POINT('',(-0.1361170394209,-0.163682557510885,-0.02));
#5066=CARTESIAN_POINT('',(-0.0985518490149884,-0.163682557510885,-0.018));
#5067=CARTESIAN_POINT('',(-0.137321778297424,-0.161712942004861,-0.0183472963553339));
#5068=CARTESIAN_POINT('',(-0.137321778329743,-0.16173447745667,-0.01846942997166));
#5069=CARTESIAN_POINT('',(-0.137305006110708,-0.161798127704754,-0.018709487608614));
#5070=CARTESIAN_POINT('',(-0.137215197414608,-0.16198159186189,-0.0190721363217482));
#5071=CARTESIAN_POINT('',(-0.13710373890056,-0.162177244151577,-0.0193336652637128));
#5072=CARTESIAN_POINT('',(-0.136924159644946,-0.162469676661319,-0.0196034453873476));
#5073=CARTESIAN_POINT('',(-0.136792046662634,-0.162673618055984,-0.0197318478089806));
#5074=CARTESIAN_POINT('',(-0.136658752753016,-0.162876884590215,-0.0198341339289066));
#5075=CARTESIAN_POINT('',(-0.136537542298449,-0.163059151141811,-0.0199023835088827));
#5076=CARTESIAN_POINT('',(-0.136452741191691,-0.163185427131596,-0.0199399662771754));
#5077=CARTESIAN_POINT('',(-0.136317359619641,-0.16338631950039,-0.0199800265516911));
#5078=CARTESIAN_POINT('',(-0.136254594885704,-0.163478910689314,-0.0199908357185018));
#5079=CARTESIAN_POINT('',(-0.136165456729956,-0.163610927595503,-0.02));
#5080=CARTESIAN_POINT('',(-0.1361170394209,-0.163682557510885,-0.02));
#5081=CARTESIAN_POINT('',(-0.137321778297424,-0.16171294200486,-0.0183472963553339));
#5082=CARTESIAN_POINT('',(-0.137327926217754,-0.161713127387342,-0.01834834771163));
#5083=CARTESIAN_POINT('',(-0.137334074254082,-0.161713385606154,-0.0183493862453695));
#5084=CARTESIAN_POINT('',(-0.137383245613966,-0.16171603214291,-0.0183575898269596));
#5085=CARTESIAN_POINT('',(-0.137475272197738,-0.161728617218955,-0.0183715975081601));
#5086=CARTESIAN_POINT('',(-0.137564206665572,-0.161757161981478,-0.0183822458425634));
#5087=CARTESIAN_POINT('',(-0.137701202331079,-0.161816086890884,-0.0183960118232685));
#5088=CARTESIAN_POINT('',(-0.137785356087447,-0.161873041348236,-0.0184008077935412));
#5089=CARTESIAN_POINT('',(-0.137926555582529,-0.162014240843023,-0.0184008077935934));
#5090=CARTESIAN_POINT('',(-0.137983510039854,-0.162098394598924,-0.0183960118233981));
#5091=CARTESIAN_POINT('',(-0.138042434949618,-0.162235390264285,-0.0183822458427818));
#5092=CARTESIAN_POINT('',(-0.138065270758619,-0.162306537795447,-0.0183737271826806));
#5093=CARTESIAN_POINT('',(-0.138081047771841,-0.162397945943255,-0.0183603913730714));
#5094=CARTESIAN_POINT('',(-0.13808488805615,-0.162440936961757,-0.0183534880423186));
#5095=CARTESIAN_POINT('',(-0.138086211325216,-0.162465522664004,-0.0183493862477118));
#5096=CARTESIAN_POINT('',(-0.138086469544223,-0.16247167070673,-0.0183483477128786));
#5097=CARTESIAN_POINT('',(-0.138086654926925,-0.162477818634361,-0.0183472963553339));
#5098=CARTESIAN_POINT('',(-0.137321778311794,-0.161722517533803,-0.0184016018785394));
#5099=CARTESIAN_POINT('',(-0.137327824707563,-0.161722755255043,-0.0184027825587584));
#5100=CARTESIAN_POINT('',(-0.137333878882045,-0.161722958207744,-0.0184036733958214));
#5101=CARTESIAN_POINT('',(-0.137382279232685,-0.161725574720003,-0.018411807546238));
#5102=CARTESIAN_POINT('',(-0.137472956350251,-0.16173794650875,-0.0184257117493728));
#5103=CARTESIAN_POINT('',(-0.137560761660645,-0.161766070465942,-0.0184362767631508));
#5104=CARTESIAN_POINT('',(-0.137696119361795,-0.161824230360791,-0.0184499384742996));
#5105=CARTESIAN_POINT('',(-0.137779390809185,-0.161880515440728,-0.0184547023827615));
#5106=CARTESIAN_POINT('',(-0.137919081490032,-0.162020206121277,-0.0184547023828128));
#5107=CARTESIAN_POINT('',(-0.137975366570711,-0.162103477568634,-0.0184499384745201));
#5108=CARTESIAN_POINT('',(-0.13803352646477,-0.162238835268987,-0.0184362767633241));
#5109=CARTESIAN_POINT('',(-0.138056025701501,-0.162309079050481,-0.0184278234148199));
#5110=CARTESIAN_POINT('',(-0.138071547799668,-0.162399182797678,-0.0184145900952305));
#5111=CARTESIAN_POINT('',(-0.138075330467455,-0.162441517838317,-0.0184077404772981));
#5112=CARTESIAN_POINT('',(-0.138076638723958,-0.162465718036067,-0.0184036733982219));
#5113=CARTESIAN_POINT('',(-0.138076841676507,-0.162471772217162,-0.0184027825599777));
#5114=CARTESIAN_POINT('',(-0.138077079397982,-0.16247781861999,-0.0184016018785393));
#5115=CARTESIAN_POINT('',(-0.137319897798114,-0.161734798052952,-0.0184575681753424));
#5116=CARTESIAN_POINT('',(-0.137325842997613,-0.161735102193232,-0.0184588775592115));
#5117=CARTESIAN_POINT('',(-0.137331798958184,-0.161735316570492,-0.0184597574828768));
#5118=CARTESIAN_POINT('',(-0.137379397250253,-0.16173822085176,-0.0184683516153857));
#5119=CARTESIAN_POINT('',(-0.137468536039113,-0.161750926666218,-0.018483016375905));
#5120=CARTESIAN_POINT('',(-0.137554835084136,-0.161778980442073,-0.0184941192385314));
#5121=CARTESIAN_POINT('',(-0.137687896836576,-0.161836698292252,-0.0185084712349284));
#5122=CARTESIAN_POINT('',(-0.137769789047306,-0.161892230461617,-0.0185134688878531));
#5123=CARTESIAN_POINT('',(-0.137907366459389,-0.162029807870825,-0.018513468888902));
#5124=CARTESIAN_POINT('',(-0.137962898632131,-0.162111700081491,-0.0185084712371475));
#5125=CARTESIAN_POINT('',(-0.138020616484208,-0.162244761835178,-0.0184941192409742));
#5126=CARTESIAN_POINT('',(-0.13804305961355,-0.162313800397088,-0.0184852349403743));
#5127=CARTESIAN_POINT('',(-0.138058834835577,-0.162402372734905,-0.0184712871258063));
#5128=CARTESIAN_POINT('',(-0.13806282822016,-0.162443998791467,-0.0184640545557429));
#5129=CARTESIAN_POINT('',(-0.138064280361265,-0.162467797960043,-0.0184597574853945));
#5130=CARTESIAN_POINT('',(-0.138064494738258,-0.162473753927308,-0.0184588775604581));
#5131=CARTESIAN_POINT('',(-0.138064798878834,-0.16247969913367,-0.0184575681753423));
#5132=CARTESIAN_POINT('',(-0.137312092304526,-0.161764874884276,-0.0185706404663431));
#5133=CARTESIAN_POINT('',(-0.137317726843323,-0.161765324892037,-0.0185721663281681));
#5134=CARTESIAN_POINT('',(-0.137323375723986,-0.16176564248218,-0.0185731559040602));
#5135=CARTESIAN_POINT('',(-0.137368516431911,-0.161769507587698,-0.018583020980104));
#5136=CARTESIAN_POINT('',(-0.137453169915814,-0.16178370121513,-0.0185997725992693));
#5137=CARTESIAN_POINT('',(-0.13753543686956,-0.161812422808293,-0.0186123563970686));
#5138=CARTESIAN_POINT('',(-0.137662607223705,-0.161870350253266,-0.0186286068277048));
#5139=CARTESIAN_POINT('',(-0.137741333472132,-0.161924863010681,-0.0186342452078041));
#5140=CARTESIAN_POINT('',(-0.137874733907535,-0.162058263443683,-0.0186342452099449));
#5141=CARTESIAN_POINT('',(-0.137929246668715,-0.162136989693024,-0.0186286068320137));
#5142=CARTESIAN_POINT('',(-0.137987174115758,-0.162264160049186,-0.0186123564018538));
#5143=CARTESIAN_POINT('',(-0.138010151526602,-0.16232997278773,-0.018602286847259));
#5144=CARTESIAN_POINT('',(-0.13802725051678,-0.162414150842492,-0.0185863744986908));
#5145=CARTESIAN_POINT('',(-0.138032021896362,-0.162453650824455,-0.0185780884482675));
#5146=CARTESIAN_POINT('',(-0.138033954449631,-0.162476221196826,-0.0185731559063996));
#5147=CARTESIAN_POINT('',(-0.138034272039414,-0.162481870083065,-0.0185721663292918));
#5148=CARTESIAN_POINT('',(-0.13803472204751,-0.162487504627259,-0.018570640466343));
#5149=CARTESIAN_POINT('',(-0.137306167324617,-0.161782671196452,-0.0186277464605408));
#5150=CARTESIAN_POINT('',(-0.137311625710946,-0.161783202115664,-0.0186293643622817));
#5151=CARTESIAN_POINT('',(-0.137317097973717,-0.16178361239092,-0.0186304787027586));
#5152=CARTESIAN_POINT('',(-0.137360832833796,-0.16178815339997,-0.0186411877987294));
#5153=CARTESIAN_POINT('',(-0.137442898456369,-0.161803449376153,-0.01865932070559));
#5154=CARTESIAN_POINT('',(-0.137522805176857,-0.161832775975556,-0.0186728875799206));
#5155=CARTESIAN_POINT('',(-0.137646519012517,-0.161891111801661,-0.0186903973470687));
#5156=CARTESIAN_POINT('',(-0.137723383133186,-0.161945155258163,-0.0186964597724803));
#5157=CARTESIAN_POINT('',(-0.137854441660713,-0.162076213784196,-0.0186964597749289));
#5158=CARTESIAN_POINT('',(-0.137908485120423,-0.162153077906328,-0.0186903973518961));
#5159=CARTESIAN_POINT('',(-0.13796682094833,-0.162276791744171,-0.0186728875852862));
#5160=CARTESIAN_POINT('',(-0.137990282355193,-0.162340716354303,-0.0186620317366066));
#5161=CARTESIAN_POINT('',(-0.13800838424127,-0.162422351948702,-0.0186448173616344));
#5162=CARTESIAN_POINT('',(-0.138013714035762,-0.162460631503712,-0.0186358332563089));
#5163=CARTESIAN_POINT('',(-0.138015984540847,-0.162482498948996,-0.0186304787048546));
#5164=CARTESIAN_POINT('',(-0.138016394815788,-0.162487971216422,-0.018629364363282));
#5165=CARTESIAN_POINT('',(-0.138016925735333,-0.162493429607168,-0.0186277464605407));
#5166=CARTESIAN_POINT('',(-0.137289989488443,-0.161823885426448,-0.0187409162965307));
#5167=CARTESIAN_POINT('',(-0.137295121386133,-0.161824588386664,-0.0187426866255293));
#5168=CARTESIAN_POINT('',(-0.137300263035739,-0.161825219516157,-0.0187440880871499));
#5169=CARTESIAN_POINT('',(-0.137341362349854,-0.161831280459946,-0.0187565078383961));
#5170=CARTESIAN_POINT('',(-0.137418429076055,-0.161848968693135,-0.0187774379350478));
#5171=CARTESIAN_POINT('',(-0.137493531465753,-0.161879458736492,-0.0187929981522367));
#5172=CARTESIAN_POINT('',(-0.137610050372351,-0.161938385606401,-0.0188130607999252));
#5173=CARTESIAN_POINT('',(-0.137682809176128,-0.161991147636934,-0.0188199820444382));
#5174=CARTESIAN_POINT('',(-0.137808449284537,-0.162116787745115,-0.018819982046699));
#5175=CARTESIAN_POINT('',(-0.13786121131716,-0.16218954655099,-0.0188130608041592));
#5176=CARTESIAN_POINT('',(-0.137920138188473,-0.162306065459909,-0.0187929981568653));
#5177=CARTESIAN_POINT('',(-0.137944530314372,-0.162366146827603,-0.0187805483044805));
#5178=CARTESIAN_POINT('',(-0.137964778756682,-0.162442821938486,-0.0187606959870903));
#5179=CARTESIAN_POINT('',(-0.137971346943118,-0.162478784224757,-0.0187502979665073));
#5180=CARTESIAN_POINT('',(-0.137974377415548,-0.162499333890746,-0.0187440880885482));
#5181=CARTESIAN_POINT('',(-0.137975008544849,-0.162504475543123,-0.0187426866261893));
#5182=CARTESIAN_POINT('',(-0.137975711505337,-0.162509607443343,-0.0187409162965303));
#5183=CARTESIAN_POINT('',(-0.137279743961511,-0.161847286822984,-0.0187969201356588));
#5184=CARTESIAN_POINT('',(-0.137284722885859,-0.161848077946693,-0.0187987471355368));
#5185=CARTESIAN_POINT('',(-0.13728970803402,-0.161848834415389,-0.0188003072953237));
#5186=CARTESIAN_POINT('',(-0.137329558615256,-0.161855717806756,-0.0188135648793368));
#5187=CARTESIAN_POINT('',(-0.137404191933016,-0.161874669335309,-0.018835862970585));
#5188=CARTESIAN_POINT('',(-0.13747684981359,-0.161905714321622,-0.0188523986123186));
#5189=CARTESIAN_POINT('',(-0.137589641980438,-0.161964831578664,-0.0188737102065805));
#5190=CARTESIAN_POINT('',(-0.137660181814809,-0.162016804388547,-0.0188810513591087));
#5191=CARTESIAN_POINT('',(-0.137782792535856,-0.162139415110033,-0.0188810513609753));
#5192=CARTESIAN_POINT('',(-0.137834765347018,-0.162209954946643,-0.0188737102099057));
#5193=CARTESIAN_POINT('',(-0.13789388260499,-0.162322747115557,-0.0188523986158709));
#5194=CARTESIAN_POINT('',(-0.137918718657935,-0.162380873039752,-0.0188391689272824));
#5195=CARTESIAN_POINT('',(-0.137940088771162,-0.162455112146014,-0.0188180259881418));
#5196=CARTESIAN_POINT('',(-0.137947320820188,-0.162489963598183,-0.0188069360899254));
#5197=CARTESIAN_POINT('',(-0.137950762516308,-0.16250988889442,-0.0188003072962927));
#5198=CARTESIAN_POINT('',(-0.137951518984886,-0.162514874044347,-0.0187987471359928));
#5199=CARTESIAN_POINT('',(-0.137952310108801,-0.162519852970275,-0.0187969201356584));
#5200=CARTESIAN_POINT('',(-0.1372555707112,-0.161898568570671,-0.0189059183551911));
#5201=CARTESIAN_POINT('',(-0.137260276419539,-0.161899535468415,-0.0189078279219966));
#5202=CARTESIAN_POINT('',(-0.137264981468462,-0.161900527573777,-0.0189096409152507));
#5203=CARTESIAN_POINT('',(-0.137302589001009,-0.161908979360239,-0.0189242033238355));
#5204=CARTESIAN_POINT('',(-0.137372761896865,-0.161930193628824,-0.0189486326205634));
#5205=CARTESIAN_POINT('',(-0.137440783842261,-0.161961966034769,-0.0189666895127781));
#5206=CARTESIAN_POINT('',(-0.137546390590955,-0.162020881818696,-0.0189899487634306));
#5207=CARTESIAN_POINT('',(-0.137612479873096,-0.162070922995527,-0.0189979443548105));
#5208=CARTESIAN_POINT('',(-0.13772867393387,-0.162187117056776,-0.0189979443554867));
#5209=CARTESIAN_POINT('',(-0.137778715111193,-0.162253206340849,-0.0189899487641886));
#5210=CARTESIAN_POINT('',(-0.137837630895563,-0.162358813091058,-0.0189666895132957));
#5211=CARTESIAN_POINT('',(-0.137863048838672,-0.162413230539321,-0.0189522436635828));
#5212=CARTESIAN_POINT('',(-0.137886374704193,-0.162482973494627,-0.0189290896085451));
#5213=CARTESIAN_POINT('',(-0.137894843464699,-0.16251581169567,-0.0189169221200042));
#5214=CARTESIAN_POINT('',(-0.13789906935801,-0.162534615462795,-0.0189096409154257));
#5215=CARTESIAN_POINT('',(-0.137900061463325,-0.162539320512018,-0.0189078279220738));
#5216=CARTESIAN_POINT('',(-0.137901028361114,-0.162544026220586,-0.0189059183551908));
#5217=CARTESIAN_POINT('',(-0.13724164298782,-0.161926448921821,-0.0189589127355952));
#5218=CARTESIAN_POINT('',(-0.137246237368328,-0.161927506450818,-0.0189608511126922));
#5219=CARTESIAN_POINT('',(-0.137250827408504,-0.161928611640658,-0.0189627611099558));
#5220=CARTESIAN_POINT('',(-0.137287506801247,-0.161937829871168,-0.0189778130957446));
#5221=CARTESIAN_POINT('',(-0.137355743473816,-0.161960058395617,-0.0190030431698917));
#5222=CARTESIAN_POINT('',(-0.13742160721646,-0.161991981244071,-0.0190216732093248));
#5223=CARTESIAN_POINT('',(-0.137523772747837,-0.162050451899257,-0.0190456661411606));
#5224=CARTESIAN_POINT('',(-0.137587594492949,-0.162099291132926,-0.0190539079207082));
#5225=CARTESIAN_POINT('',(-0.137700305796089,-0.162212002435833,-0.0190539079210667));
#5226=CARTESIAN_POINT('',(-0.137749145030514,-0.162275824182598,-0.0190456661412172));
#5227=CARTESIAN_POINT('',(-0.137807615686765,-0.1623779897158,-0.0190216732090204));
#5228=CARTESIAN_POINT('',(-0.137833153966044,-0.162430680710663,-0.0190067691773165));
#5229=CARTESIAN_POINT('',(-0.137857321355663,-0.162498442797101,-0.0189828591102121));
#5230=CARTESIAN_POINT('',(-0.137866376175873,-0.162530429827517,-0.0189702871026504));
#5231=CARTESIAN_POINT('',(-0.137870985291133,-0.162548769523504,-0.0189627611098832));
#5232=CARTESIAN_POINT('',(-0.137872090480972,-0.162553359563575,-0.0189608511126542));
#5233=CARTESIAN_POINT('',(-0.137873148009964,-0.162557953943966,-0.018958912735595));
#5234=CARTESIAN_POINT('',(-0.137217698624013,-0.161972258890755,-0.0190372629813574));
#5235=CARTESIAN_POINT('',(-0.137222093381435,-0.161973440565851,-0.0190392127987926));
#5236=CARTESIAN_POINT('',(-0.137226482758683,-0.161974663803054,-0.0190411340576383));
#5237=CARTESIAN_POINT('',(-0.137261549421574,-0.161984778514901,-0.0190562747060338));
#5238=CARTESIAN_POINT('',(-0.137326664753898,-0.162008059286308,-0.0190816522531715));
#5239=CARTESIAN_POINT('',(-0.137389373964162,-0.162039862938605,-0.0191003895455263));
#5240=CARTESIAN_POINT('',(-0.137486635245653,-0.162097314574328,-0.0191245197609781));
#5241=CARTESIAN_POINT('',(-0.137547378160075,-0.16214437005421,-0.0191328073015244));
#5242=CARTESIAN_POINT('',(-0.137655226878325,-0.162252218772446,-0.0191328073014106));
#5243=CARTESIAN_POINT('',(-0.137702282358551,-0.162312961688327,-0.0191245197600902));
#5244=CARTESIAN_POINT('',(-0.137759733994391,-0.162410222970778,-0.0191003895441004));
#5245=CARTESIAN_POINT('',(-0.137785176916187,-0.16246039033916,-0.0190853997101033));
#5246=CARTESIAN_POINT('',(-0.13781016226332,-0.162525024445904,-0.019061350214451));
#5247=CARTESIAN_POINT('',(-0.137819875773176,-0.162555580842784,-0.0190487043813065));
#5248=CARTESIAN_POINT('',(-0.137824933128861,-0.162573114173503,-0.0190411340574502));
#5249=CARTESIAN_POINT('',(-0.137826156366001,-0.162577503550557,-0.0190392127986953));
#5250=CARTESIAN_POINT('',(-0.13782733804103,-0.162581898307773,-0.019037262981357));
#5251=CARTESIAN_POINT('',(-0.137208746125871,-0.161989030746876,-0.0190644205355032));
#5252=CARTESIAN_POINT('',(-0.137213068159883,-0.161990255191412,-0.0190663686919222));
#5253=CARTESIAN_POINT('',(-0.137217384479913,-0.161991519120092,-0.019068288274076));
#5254=CARTESIAN_POINT('',(-0.137251864330632,-0.162001943025862,-0.0190834154043455));
#5255=CARTESIAN_POINT('',(-0.137315848488213,-0.162025589101054,-0.0191087662322347));
#5256=CARTESIAN_POINT('',(-0.137377422523932,-0.162057354824983,-0.0191274779615722));
#5257=CARTESIAN_POINT('',(-0.137472924790937,-0.162114456561538,-0.0191515722592399));
#5258=CARTESIAN_POINT('',(-0.137532571382082,-0.16216089315693,-0.0191598424986551));
#5259=CARTESIAN_POINT('',(-0.1376387037756,-0.162267025550268,-0.0191598424984925));
#5260=CARTESIAN_POINT('',(-0.137685140371268,-0.162326672142519,-0.0191515722583881));
#5261=CARTESIAN_POINT('',(-0.137742242107871,-0.162422174410265,-0.0191274779602645));
#5262=CARTESIAN_POINT('',(-0.137767654686949,-0.162471433638981,-0.019112508576711));
#5263=CARTESIAN_POINT('',(-0.137792924691486,-0.162534935771299,-0.019088485569019));
#5264=CARTESIAN_POINT('',(-0.137802865859114,-0.162564972527382,-0.0190758518387382));
#5265=CARTESIAN_POINT('',(-0.137808077811801,-0.162582212452181,-0.0190682882739084));
#5266=CARTESIAN_POINT('',(-0.137809341740428,-0.162586528772062,-0.0190663686918356));
#5267=CARTESIAN_POINT('',(-0.13781056618491,-0.162590850805915,-0.0190644205355027));
#5268=CARTESIAN_POINT('',(-0.13718996707341,-0.162023570740099,-0.0191175061260134));
#5269=CARTESIAN_POINT('',(-0.137194133878472,-0.16202487212559,-0.0191194381928062));
#5270=CARTESIAN_POINT('',(-0.137198294668452,-0.162026209277938,-0.0191213417910324));
#5271=CARTESIAN_POINT('',(-0.137231528423223,-0.162037189682293,-0.0191363419683227));
#5272=CARTESIAN_POINT('',(-0.137293151796897,-0.162061494751005,-0.0191614668139167));
#5273=CARTESIAN_POINT('',(-0.137352421783922,-0.162093183771513,-0.0191799927346199));
#5274=CARTESIAN_POINT('',(-0.137444392212311,-0.162149620912105,-0.0192038380073502));
#5275=CARTESIAN_POINT('',(-0.1375018904301,-0.162194891949534,-0.0192120065886442));
#5276=CARTESIAN_POINT('',(-0.137604704982979,-0.162297706501534,-0.0192120065884668));
#5277=CARTESIAN_POINT('',(-0.137649976020499,-0.16235520471914,-0.0192038380069381));
#5278=CARTESIAN_POINT('',(-0.13770641316094,-0.162447175147502,-0.019179992734098));
#5279=CARTESIAN_POINT('',(-0.1377317643772,-0.162494591137171,-0.0191651719975412));
#5280=CARTESIAN_POINT('',(-0.137757546236008,-0.162555743833661,-0.0191413669371233));
#5281=CARTESIAN_POINT('',(-0.13776789745179,-0.162584685385868,-0.0191288418795141));
#5282=CARTESIAN_POINT('',(-0.137773387653887,-0.162601302263306,-0.0191213417909747));
#5283=CARTESIAN_POINT('',(-0.137774724806216,-0.1626054630533,-0.0191194381927762));
#5284=CARTESIAN_POINT('',(-0.137776026191687,-0.162609629858375,-0.0191175061260128));
#5285=CARTESIAN_POINT('',(-0.137180140519092,-0.162041338877202,-0.019143434162378));
#5286=CARTESIAN_POINT('',(-0.137184222028889,-0.162042674608019,-0.0191453512646197));
#5287=CARTESIAN_POINT('',(-0.137188297640775,-0.16204404450453,-0.0191472400280437));
#5288=CARTESIAN_POINT('',(-0.137220851130058,-0.162055274199244,-0.0191621226169399));
#5289=CARTESIAN_POINT('',(-0.137281214221296,-0.162079880486303,-0.0191870412908702));
#5290=CARTESIAN_POINT('',(-0.137339300216366,-0.162111543397219,-0.0192054019414974));
#5291=CARTESIAN_POINT('',(-0.137429483963234,-0.162167687546266,-0.0192290276757596));
#5292=CARTESIAN_POINT('',(-0.137485934667488,-0.162212428301075,-0.0192371097562791));
#5293=CARTESIAN_POINT('',(-0.137587168631713,-0.162313662264112,-0.0192371097561072));
#5294=CARTESIAN_POINT('',(-0.137631909386353,-0.162370112967325,-0.0192290276756934));
#5295=CARTESIAN_POINT('',(-0.137688053534977,-0.162460296713559,-0.0192054019415748));
#5296=CARTESIAN_POINT('',(-0.137713383863453,-0.16250676550953,-0.0191907134211411));
#5297=CARTESIAN_POINT('',(-0.13773940147511,-0.162566673182236,-0.0191671063518484));
#5298=CARTESIAN_POINT('',(-0.137749937579868,-0.162595022545724,-0.0191546813225604));
#5299=CARTESIAN_POINT('',(-0.137755552427241,-0.162611299290783,-0.0191472400280684));
#5300=CARTESIAN_POINT('',(-0.137756922323758,-0.16261537490278,-0.0191453512646324));
#5301=CARTESIAN_POINT('',(-0.137758258054584,-0.162619456412694,-0.0191434341623774));
#5302=CARTESIAN_POINT('',(-0.137149423023561,-0.162096051397217,-0.019219409791336));
#5303=CARTESIAN_POINT('',(-0.13715323497066,-0.162097477212469,-0.019221265163051));
#5304=CARTESIAN_POINT('',(-0.137157041915882,-0.16209893301374,-0.0192230927858262));
#5305=CARTESIAN_POINT('',(-0.13718745378162,-0.162110816778735,-0.019237491155888));
#5306=CARTESIAN_POINT('',(-0.137243902519344,-0.162136214120291,-0.0192615663154139));
#5307=CARTESIAN_POINT('',(-0.137298397603951,-0.162167788319302,-0.0192792583236028));
#5308=CARTESIAN_POINT('',(-0.137383215865025,-0.162223091558774,-0.0193019994215332));
#5309=CARTESIAN_POINT('',(-0.137436596206678,-0.162266339746499,-0.0193097386665909));
#5310=CARTESIAN_POINT('',(-0.137533257188007,-0.162363000725817,-0.0193097386663059));
#5311=CARTESIAN_POINT('',(-0.137576505374418,-0.162416381063412,-0.0193019994224464));
#5312=CARTESIAN_POINT('',(-0.137631808612207,-0.162501199321498,-0.0192792583255215));
#5313=CARTESIAN_POINT('',(-0.137657067970645,-0.162544795388465,-0.0192651047192753));
#5314=CARTESIAN_POINT('',(-0.137683700683746,-0.162600853397918,-0.0192423061893193));
#5315=CARTESIAN_POINT('',(-0.137694722034977,-0.162627349080561,-0.0192302919716681));
#5316=CARTESIAN_POINT('',(-0.137700663917836,-0.162642555015025,-0.0192230927861154));
#5317=CARTESIAN_POINT('',(-0.137702119719206,-0.162646361960673,-0.0192212651632002));
#5318=CARTESIAN_POINT('',(-0.137703545534568,-0.162650173908225,-0.0192194097913353));
#5319=CARTESIAN_POINT('',(-0.137127294249772,-0.162134403888838,-0.0192676489037939));
#5320=CARTESIAN_POINT('',(-0.137130915934445,-0.162135873742311,-0.0192694428085714));
#5321=CARTESIAN_POINT('',(-0.137134533681024,-0.162137371467998,-0.0192712095917981));
#5322=CARTESIAN_POINT('',(-0.137163440715605,-0.162149573723924,-0.0192851264310978));
#5323=CARTESIAN_POINT('',(-0.137217182843541,-0.162175346365757,-0.0193083667817973));
#5324=CARTESIAN_POINT('',(-0.137269266408535,-0.162206821619866,-0.0193254026097604));
#5325=CARTESIAN_POINT('',(-0.137350525612507,-0.1622615630198,-0.0193472782201484));
#5326=CARTESIAN_POINT('',(-0.137401932415134,-0.1623038986109,-0.01935468634127));
#5327=CARTESIAN_POINT('',(-0.13749569832449,-0.162397664517861,-0.0193546863410563));
#5328=CARTESIAN_POINT('',(-0.137538033913123,-0.16244907131396,-0.0193472782222762));
#5329=CARTESIAN_POINT('',(-0.137592775310307,-0.162530330513035,-0.0193254026137244));
#5330=CARTESIAN_POINT('',(-0.137617955512458,-0.162571997363805,-0.019311773951853));
#5331=CARTESIAN_POINT('',(-0.137644868677278,-0.162625407782935,-0.0192897745042477));
#5332=CARTESIAN_POINT('',(-0.137656124334595,-0.162650609729436,-0.0192781680130387));
#5333=CARTESIAN_POINT('',(-0.137662225463341,-0.162665063249327,-0.0192712095923642));
#5334=CARTESIAN_POINT('',(-0.137663723189241,-0.1626686809966,-0.0192694428088636));
#5335=CARTESIAN_POINT('',(-0.137665193042948,-0.162672302682014,-0.0192676489037933));
#5336=CARTESIAN_POINT('',(-0.137080126491,-0.162214403493876,-0.0193594954298739));
#5337=CARTESIAN_POINT('',(-0.137083402181696,-0.162215939594225,-0.0193611527075437));
#5338=CARTESIAN_POINT('',(-0.137086675230009,-0.162217499387955,-0.0193627843323972));
#5339=CARTESIAN_POINT('',(-0.137112835637497,-0.162230164867548,-0.0193756319876206));
#5340=CARTESIAN_POINT('',(-0.137161571676966,-0.162256368719826,-0.019397026206357));
#5341=CARTESIAN_POINT('',(-0.137209074190733,-0.162287359693235,-0.019412621299851));
#5342=CARTESIAN_POINT('',(-0.137283480333036,-0.162340566141749,-0.0194326016164327));
#5343=CARTESIAN_POINT('',(-0.137330953921603,-0.162380864962171,-0.0194392927168088));
#5344=CARTESIAN_POINT('',(-0.137418731973455,-0.162468643011323,-0.0194392927168153));
#5345=CARTESIAN_POINT('',(-0.13745903078898,-0.162516116588765,-0.0194326016211449));
#5346=CARTESIAN_POINT('',(-0.137512237232849,-0.162590522722764,-0.0194126213080897));
#5347=CARTESIAN_POINT('',(-0.137537030009928,-0.162628524731722,-0.0194001452341749));
#5348=CARTESIAN_POINT('',(-0.137564191288466,-0.162677014072811,-0.0193799108374521));
#5349=CARTESIAN_POINT('',(-0.137575764801167,-0.162699841490878,-0.0193692081632138));
#5350=CARTESIAN_POINT('',(-0.137582097542801,-0.162712921699234,-0.0193627843335363));
#5351=CARTESIAN_POINT('',(-0.137583657337026,-0.162716194748778,-0.0193611527081313));
#5352=CARTESIAN_POINT('',(-0.13758519343791,-0.162719470440786,-0.0193594954298733));
#5353=CARTESIAN_POINT('',(-0.137055081271637,-0.162256062228206,-0.0194031358550366));
#5354=CARTESIAN_POINT('',(-0.137058199873897,-0.162257619570479,-0.0194047172205162));
#5355=CARTESIAN_POINT('',(-0.137061316121897,-0.162259198591202,-0.0194062737862754));
#5356=CARTESIAN_POINT('',(-0.137086224764175,-0.162272001857946,-0.019418527960028));
#5357=CARTESIAN_POINT('',(-0.137132648358431,-0.162298253683196,-0.0194389011616009));
#5358=CARTESIAN_POINT('',(-0.137177978028032,-0.162328859665967,-0.0194537046506225));
#5359=CARTESIAN_POINT('',(-0.137249090552795,-0.162381098071524,-0.0194726461366252));
#5360=CARTESIAN_POINT('',(-0.137294612307172,-0.162420282119393,-0.0194789483320511));
#5361=CARTESIAN_POINT('',(-0.137379314815786,-0.162504984625448,-0.0194789483321248));
#5362=CARTESIAN_POINT('',(-0.137418498857432,-0.162550506366582,-0.0194726461425437));
#5363=CARTESIAN_POINT('',(-0.137470737257446,-0.162621618881498,-0.0194537046608967));
#5364=CARTESIAN_POINT('',(-0.137495222041839,-0.162657882614758,-0.0194418618707544));
#5365=CARTESIAN_POINT('',(-0.137522344701616,-0.162704087432305,-0.0194226026079051));
#5366=CARTESIAN_POINT('',(-0.137533996703373,-0.162725826480086,-0.0194124008771335));
#5367=CARTESIAN_POINT('',(-0.137540398339209,-0.16273828080681,-0.0194062737876904));
#5368=CARTESIAN_POINT('',(-0.137541977360595,-0.1627413970563,-0.0194047172212462));
#5369=CARTESIAN_POINT('',(-0.13754353470358,-0.162744515660149,-0.019403135855036));
#5370=CARTESIAN_POINT('',(-0.137015384688231,-0.162321016049649,-0.0194653290685396));
#5371=CARTESIAN_POINT('',(-0.137018297422456,-0.162322595343626,-0.0194667961337529));
#5372=CARTESIAN_POINT('',(-0.13702120746441,-0.162324192962139,-0.0194682398105263));
#5373=CARTESIAN_POINT('',(-0.137044464346771,-0.162337118500546,-0.0194796023499677));
#5374=CARTESIAN_POINT('',(-0.137087763177037,-0.162363251632715,-0.0194984543803787));
#5375=CARTESIAN_POINT('',(-0.137130025348868,-0.162393056435263,-0.0195120963857404));
#5376=CARTESIAN_POINT('',(-0.137196392509475,-0.162443492125587,-0.0195295223986909));
#5377=CARTESIAN_POINT('',(-0.137238967530784,-0.162480779927469,-0.0195352714798203));
#5378=CARTESIAN_POINT('',(-0.137318817006553,-0.162560629401366,-0.0195352714799456));
#5379=CARTESIAN_POINT('',(-0.137356104800487,-0.162603204407349,-0.0195295224059183));
#5380=CARTESIAN_POINT('',(-0.137406540484257,-0.162669571556568,-0.0195120963982473));
#5381=CARTESIAN_POINT('',(-0.137430384324358,-0.162703381291239,-0.0195011827952543));
#5382=CARTESIAN_POINT('',(-0.137457251795078,-0.162746472799544,-0.0194833727652424));
#5383=CARTESIAN_POINT('',(-0.137468941195278,-0.162766761015973,-0.0194739210850862));
#5384=CARTESIAN_POINT('',(-0.137475403967804,-0.162778389463742,-0.019468239812246));
#5385=CARTESIAN_POINT('',(-0.137477001587208,-0.162781299507455,-0.01946679613464));
#5386=CARTESIAN_POINT('',(-0.137478580882137,-0.162784212243555,-0.019465329068539));
#5387=CARTESIAN_POINT('',(-0.13700179770137,-0.162343078276788,-0.0194855155690004));
#5388=CARTESIAN_POINT('',(-0.137004647161907,-0.162344663411908,-0.0194869445484512));
#5389=CARTESIAN_POINT('',(-0.137007493674259,-0.162346265686783,-0.0194883506304796));
#5390=CARTESIAN_POINT('',(-0.137030240488983,-0.16235921913878,-0.0194994163921365));
#5391=CARTESIAN_POINT('',(-0.137072558912864,-0.162385282056883,-0.0195177642040125));
#5392=CARTESIAN_POINT('',(-0.137113831807075,-0.162414781785504,-0.0195310241779343));
#5393=CARTESIAN_POINT('',(-0.137178650118687,-0.162464556008281,-0.019547953197868));
#5394=CARTESIAN_POINT('',(-0.137220237900931,-0.162501171699443,-0.0195535232933692));
#5395=CARTESIAN_POINT('',(-0.137298425234136,-0.162579359031096,-0.0195535232934905));
#5396=CARTESIAN_POINT('',(-0.137335040916811,-0.162620946797503,-0.0195479532054221));
#5397=CARTESIAN_POINT('',(-0.137384815132742,-0.162685765097338,-0.0195310241910175));
#5398=CARTESIAN_POINT('',(-0.137408414913686,-0.162718783409812,-0.0195204162132397));
#5399=CARTESIAN_POINT('',(-0.137435165198845,-0.162760892737858,-0.0195030859641316));
#5400=CARTESIAN_POINT('',(-0.137446854513419,-0.162780729839547,-0.0194938835163725));
#5401=CARTESIAN_POINT('',(-0.137453331243012,-0.162792103253753,-0.0194883506322794));
#5402=CARTESIAN_POINT('',(-0.137454933518849,-0.162794949767932,-0.0194869445493797));
#5403=CARTESIAN_POINT('',(-0.137456518654998,-0.162797799230417,-0.0194855155689998));
#5404=CARTESIAN_POINT('',(-0.136973924685459,-0.162388020858087,-0.019524825567271));
#5405=CARTESIAN_POINT('',(-0.136976655536185,-0.162389615025873,-0.019526178671352));
#5406=CARTESIAN_POINT('',(-0.136979382734854,-0.162391223846602,-0.0195275099178616));
#5407=CARTESIAN_POINT('',(-0.13700116985894,-0.162404210114981,-0.0195379853870272));
#5408=CARTESIAN_POINT('',(-0.13704162085998,-0.162430077964171,-0.0195553365410033));
#5409=CARTESIAN_POINT('',(-0.1370809691641,-0.162458900504105,-0.0195678502149332));
#5410=CARTESIAN_POINT('',(-0.137142745709348,-0.162507245875393,-0.0195838127809856));
#5411=CARTESIAN_POINT('',(-0.137182355751055,-0.162542448532776,-0.0195890420753735));
#5412=CARTESIAN_POINT('',(-0.13725714839992,-0.162617241180823,-0.0195890420754554));
#5413=CARTESIAN_POINT('',(-0.137292351047931,-0.162656851206132,-0.0195838127889301));
#5414=CARTESIAN_POINT('',(-0.137340696411941,-0.16271862773914,-0.0195678502287439));
#5415=CARTESIAN_POINT('',(-0.137363754441945,-0.162750106379406,-0.0195578392910512));
#5416=CARTESIAN_POINT('',(-0.137390213235063,-0.162790336851585,-0.0195414556279947));
#5417=CARTESIAN_POINT('',(-0.137401879944706,-0.162809320623802,-0.0195327476578009));
#5418=CARTESIAN_POINT('',(-0.137408373082945,-0.162820214192991,-0.0195275099197654));
#5419=CARTESIAN_POINT('',(-0.137409981904756,-0.162822941393567,-0.0195261786723343));
#5420=CARTESIAN_POINT('',(-0.137411576073699,-0.162825672246326,-0.0195248255672704));
#5421=CARTESIAN_POINT('',(-0.136959638656411,-0.162410901212247,-0.0195439490650807));
#5422=CARTESIAN_POINT('',(-0.13696231322029,-0.162412498285391,-0.0195452640811969));
#5423=CARTESIAN_POINT('',(-0.136964983718336,-0.162414108733242,-0.0195465577932369));
#5424=CARTESIAN_POINT('',(-0.136986314153297,-0.162427097988596,-0.019556737435424));
#5425=CARTESIAN_POINT('',(-0.137025868382819,-0.162452839794421,-0.0195735923040216));
#5426=CARTESIAN_POINT('',(-0.137064277679564,-0.162481292754904,-0.019585738912303));
#5427=CARTESIAN_POINT('',(-0.137124559175425,-0.162528876584916,-0.0196012284372106));
#5428=CARTESIAN_POINT('',(-0.137163182334094,-0.162563344595908,-0.0196062947226919));
#5429=CARTESIAN_POINT('',(-0.137236252336284,-0.162636414597705,-0.0196062947227512));
#5430=CARTESIAN_POINT('',(-0.137270720337552,-0.162675037739935,-0.0196012284452439));
#5431=CARTESIAN_POINT('',(-0.137318304160159,-0.162735319223502,-0.0195857389262945));
#5432=CARTESIAN_POINT('',(-0.137341066526638,-0.162766046657841,-0.0195760216411477));
#5433=CARTESIAN_POINT('',(-0.137367350569546,-0.16280537191139,-0.019560108419458));
#5434=CARTESIAN_POINT('',(-0.137378993564285,-0.162823947984806,-0.0195516476197625));
#5435=CARTESIAN_POINT('',(-0.137385488196202,-0.162834613209481,-0.0195465577951677));
#5436=CARTESIAN_POINT('',(-0.137387098645187,-0.162837283709448,-0.019545264082193));
#5437=CARTESIAN_POINT('',(-0.137388695719539,-0.162839958275375,-0.0195439490650802));
#5438=CARTESIAN_POINT('',(-0.1369299969647,-0.16245808293236,-0.0195816438781916));
#5439=CARTESIAN_POINT('',(-0.13693255154935,-0.162459678623216,-0.0195828786339104));
#5440=CARTESIAN_POINT('',(-0.136935101556884,-0.162461285324418,-0.0195840933396218));
#5441=CARTESIAN_POINT('',(-0.136955464336914,-0.162474226051138,-0.0195936509637282));
#5442=CARTESIAN_POINT('',(-0.136993155246329,-0.162499633325704,-0.0196094712256282));
#5443=CARTESIAN_POINT('',(-0.137029667061368,-0.162527300651173,-0.0196208653926567));
#5444=CARTESIAN_POINT('',(-0.137086952450851,-0.162573311538765,-0.0196353917927465));
#5445=CARTESIAN_POINT('',(-0.137123631357735,-0.162606309686283,-0.0196401370365985));
#5446=CARTESIAN_POINT('',(-0.13719328724439,-0.162675965573287,-0.0196401370366042));
#5447=CARTESIAN_POINT('',(-0.13722628538191,-0.162712644464199,-0.0196353918006728));
#5448=CARTESIAN_POINT('',(-0.137272296262244,-0.162769929841813,-0.0196208654065212));
#5449=CARTESIAN_POINT('',(-0.137294430120926,-0.162799139290932,-0.0196117500743817));
#5450=CARTESIAN_POINT('',(-0.137320289412452,-0.162836594392009,-0.0195968150263493));
#5451=CARTESIAN_POINT('',(-0.137331841237028,-0.162854313973842,-0.0195888721570697));
#5452=CARTESIAN_POINT('',(-0.137338311604889,-0.162864495370975,-0.0195840933415395));
#5453=CARTESIAN_POINT('',(-0.137339918307291,-0.162867045380409,-0.0195828786348999));
#5454=CARTESIAN_POINT('',(-0.137341513999425,-0.162869599967086,-0.019581643878191));
#5455=CARTESIAN_POINT('',(-0.136914757113555,-0.162482190523024,-0.0196000071083638));
#5456=CARTESIAN_POINT('',(-0.136917252732303,-0.16248378341166,-0.0196012012447245));
#5457=CARTESIAN_POINT('',(-0.136919743499828,-0.162485386149532,-0.0196023759775825));
#5458=CARTESIAN_POINT('',(-0.136939630344151,-0.16249828606265,-0.0196116189849869));
#5459=CARTESIAN_POINT('',(-0.136976402418825,-0.162523497282809,-0.0196269171459546));
#5460=CARTESIAN_POINT('',(-0.137011973595753,-0.162550748237126,-0.0196379333450512));
#5461=CARTESIAN_POINT('',(-0.137067769381393,-0.162595939856995,-0.0196519768545222));
#5462=CARTESIAN_POINT('',(-0.137103475775227,-0.162628187727526,-0.019656562648725));
#5463=CARTESIAN_POINT('',(-0.137171409202423,-0.162696121155492,-0.0196565626487118));
#5464=CARTESIAN_POINT('',(-0.137203657062941,-0.162731827533862,-0.0196519768622869));
#5465=CARTESIAN_POINT('',(-0.137248848675719,-0.16278762330803,-0.0196379333586541));
#5466=CARTESIAN_POINT('',(-0.137270649437608,-0.162816080246769,-0.0196291204008388));
#5467=CARTESIAN_POINT('',(-0.137296268611599,-0.162852612152206,-0.0196146786272356));
#5468=CARTESIAN_POINT('',(-0.137307760818609,-0.162869909999009,-0.019606997486582));
#5469=CARTESIAN_POINT('',(-0.137314210779739,-0.162879853428123,-0.0196023759794657));
#5470=CARTESIAN_POINT('',(-0.137315813518829,-0.162882344197504,-0.0196012012456963));
#5471=CARTESIAN_POINT('',(-0.137317406408762,-0.16288483981823,-0.0196000071083633));
#5472=CARTESIAN_POINT('',(-0.136883838659749,-0.162530827359377,-0.0196353491565439));
#5473=CARTESIAN_POINT('',(-0.136886211187879,-0.162532405682211,-0.0196364597399038));
#5474=CARTESIAN_POINT('',(-0.136888578628587,-0.16253399188931,-0.0196375522666723));
#5475=CARTESIAN_POINT('',(-0.136907477236213,-0.16254674412045,-0.0196461483799517));
#5476=CARTESIAN_POINT('',(-0.136942375076285,-0.162571475842167,-0.0196603747684544));
#5477=CARTESIAN_POINT('',(-0.136976079048488,-0.162597869074932,-0.0196706175931051));
#5478=CARTESIAN_POINT('',(-0.137028944654619,-0.162641420113986,-0.0196836743624611));
#5479=CARTESIAN_POINT('',(-0.137062774059517,-0.162672216628864,-0.0196879365419185));
#5480=CARTESIAN_POINT('',(-0.1371273802995,-0.162736822870286,-0.0196879365418619));
#5481=CARTESIAN_POINT('',(-0.137158176804679,-0.162770652261044,-0.019683674369706));
#5482=CARTESIAN_POINT('',(-0.137201727837235,-0.162823517856808,-0.0196706176058472));
#5483=CARTESIAN_POINT('',(-0.13722284242221,-0.162850481032095,-0.0196624233475116));
#5484=CARTESIAN_POINT('',(-0.13724790645341,-0.162885140108348,-0.0196489936670881));
#5485=CARTESIAN_POINT('',(-0.137259228919804,-0.162901568989282,-0.0196418503282842));
#5486=CARTESIAN_POINT('',(-0.13726560503996,-0.162911018299609,-0.0196375522684402));
#5487=CARTESIAN_POINT('',(-0.137267191248279,-0.162913385742054,-0.0196364597408161));
#5488=CARTESIAN_POINT('',(-0.137268769572409,-0.162915758272036,-0.0196353491565435));
#5489=CARTESIAN_POINT('',(-0.136868160057088,-0.162555356605067,-0.019652327974552));
#5490=CARTESIAN_POINT('',(-0.136870467135884,-0.162556922805412,-0.0196533953176652));
#5491=CARTESIAN_POINT('',(-0.136872769212166,-0.162558496118076,-0.0196544453093842));
#5492=CARTESIAN_POINT('',(-0.136891145664022,-0.162571139110347,-0.019662706769061));
#5493=CARTESIAN_POINT('',(-0.136925074432276,-0.162595586164747,-0.0196763795337204));
#5494=CARTESIAN_POINT('',(-0.136957846521913,-0.162621541784747,-0.019686224077456));
#5495=CARTESIAN_POINT('',(-0.137009268283355,-0.162664279830285,-0.0196987733180874));
#5496=CARTESIAN_POINT('',(-0.137042198015013,-0.162694383932026,-0.0197028701060476));
#5497=CARTESIAN_POINT('',(-0.137105212995409,-0.162757398914134,-0.0197028701059859));
#5498=CARTESIAN_POINT('',(-0.137135317087766,-0.162790328632489,-0.019698773325013));
#5499=CARTESIAN_POINT('',(-0.137178055127243,-0.162841750384287,-0.0196862240896451));
#5500=CARTESIAN_POINT('',(-0.137198819622216,-0.162867968053754,-0.0196783484559841));
#5501=CARTESIAN_POINT('',(-0.137223568397085,-0.162901665495708,-0.0196654413310221));
#5502=CARTESIAN_POINT('',(-0.137234779310544,-0.162917639484019,-0.0196585760439807));
#5503=CARTESIAN_POINT('',(-0.137241100811221,-0.162926827716183,-0.0196544453110759));
#5504=CARTESIAN_POINT('',(-0.137242674125092,-0.162929129794129,-0.0196533953185382));
#5505=CARTESIAN_POINT('',(-0.137244240326719,-0.162931436874697,-0.0196523279745516));
#5506=CARTESIAN_POINT('',(-0.136820493309378,-0.162629569112002,-0.0197012907433032));
#5507=CARTESIAN_POINT('',(-0.136822596314542,-0.162631085816578,-0.0197022265153455));
#5508=CARTESIAN_POINT('',(-0.136824695026579,-0.16263260784254,-0.0197031470982376));
#5509=CARTESIAN_POINT('',(-0.136841450354954,-0.162644826371633,-0.0197103905320286));
#5510=CARTESIAN_POINT('',(-0.136872415516776,-0.162668291582087,-0.0197223808352287));
#5511=CARTESIAN_POINT('',(-0.136902409574025,-0.162692897927244,-0.0197310174472408));
#5512=CARTESIAN_POINT('',(-0.136949566994356,-0.162733193910208,-0.0197420287103325));
#5513=CARTESIAN_POINT('',(-0.136979894512889,-0.162761292339802,-0.0197456264642235));
#5514=CARTESIAN_POINT('',(-0.137038304584632,-0.162819702413871,-0.019745626464214));
#5515=CARTESIAN_POINT('',(-0.137066403006153,-0.162850029921913,-0.0197420287162494));
#5516=CARTESIAN_POINT('',(-0.137106698984659,-0.162897187335102,-0.0197310174576061));
#5517=CARTESIAN_POINT('',(-0.137126384060468,-0.162921182579477,-0.0197241081691103));
#5518=CARTESIAN_POINT('',(-0.137150077505276,-0.162951953528742,-0.0197127886003304));
#5519=CARTESIAN_POINT('',(-0.137160879818074,-0.162966524232786,-0.0197067688191695));
#5520=CARTESIAN_POINT('',(-0.137166989086908,-0.162974901902287,-0.0197031470996726));
#5521=CARTESIAN_POINT('',(-0.137168511114005,-0.162977000615737,-0.019702226516086));
#5522=CARTESIAN_POINT('',(-0.137170027819784,-0.162979103622407,-0.019701290743303));
#5523=CARTESIAN_POINT('',(-0.136787874224603,-0.162679877143111,-0.0197313010087736));
#5524=CARTESIAN_POINT('',(-0.136789835762155,-0.162681345316354,-0.0197321481863081));
#5525=CARTESIAN_POINT('',(-0.136791793902365,-0.162682818179046,-0.0197329816536003));
#5526=CARTESIAN_POINT('',(-0.13680743177184,-0.162694638333704,-0.0197395399465476));
#5527=CARTESIAN_POINT('',(-0.136836395091861,-0.162717290070922,-0.0197504002750711));
#5528=CARTESIAN_POINT('',(-0.136864577477095,-0.162740937879273,-0.0197582290220956));
#5529=CARTESIAN_POINT('',(-0.136908988787595,-0.162779573959909,-0.0197682134847385));
#5530=CARTESIAN_POINT('',(-0.136937688986763,-0.162806397463368,-0.0197714810830385));
#5531=CARTESIAN_POINT('',(-0.136993199459084,-0.162861907938091,-0.0197714810831114));
#5532=CARTESIAN_POINT('',(-0.13702002295583,-0.162890608128997,-0.0197682134898309));
#5533=CARTESIAN_POINT('',(-0.137058659033408,-0.162935019434375,-0.0197582290309253));
#5534=CARTESIAN_POINT('',(-0.137077577280312,-0.16295756534182,-0.0197519660342263));
#5535=CARTESIAN_POINT('',(-0.137100428238901,-0.162986372482393,-0.0197417120187481));
#5536=CARTESIAN_POINT('',(-0.137110868669364,-0.162999984087621,-0.0197362608034941));
#5537=CARTESIAN_POINT('',(-0.137116778750611,-0.163007803026921,-0.0197329816548159));
#5538=CARTESIAN_POINT('',(-0.137118251614338,-0.163009761168343,-0.0197321481869353));
#5539=CARTESIAN_POINT('',(-0.137119719788675,-0.163011722707182,-0.0197313010087734));
#5540=CARTESIAN_POINT('',(-0.136721098549368,-0.162782118124028,-0.0197866073548452));
#5541=CARTESIAN_POINT('',(-0.136722794834376,-0.162783475643229,-0.0197872887928027));
#5542=CARTESIAN_POINT('',(-0.136724489152057,-0.162784836715104,-0.0197879592994369));
#5543=CARTESIAN_POINT('',(-0.136738027809541,-0.162795753452752,-0.0197932360438511));
#5544=CARTESIAN_POINT('',(-0.136763204315316,-0.162816591970618,-0.0198019840134776));
#5545=CARTESIAN_POINT('',(-0.136787905469285,-0.162838171623617,-0.0198083043690888));
#5546=CARTESIAN_POINT('',(-0.136826993775305,-0.162873281825705,-0.0198163726242295));
#5547=CARTESIAN_POINT('',(-0.136852474592212,-0.162897465636816,-0.019819025709207));
#5548=CARTESIAN_POINT('',(-0.136902131282265,-0.162947122328997,-0.0198190257095842));
#5549=CARTESIAN_POINT('',(-0.136926315089568,-0.162972603141853,-0.0198163726279519));
#5550=CARTESIAN_POINT('',(-0.136961425291382,-0.16301169144662,-0.0198083043751786));
#5551=CARTESIAN_POINT('',(-0.136978689015005,-0.163031452370373,-0.0198032480912109));
#5552=CARTESIAN_POINT('',(-0.136999675766212,-0.163056533811697,-0.0197949856421317));
#5553=CARTESIAN_POINT('',(-0.137009301843164,-0.163068338446164,-0.0197905976739287));
#5554=CARTESIAN_POINT('',(-0.137014760215041,-0.163075107778033,-0.0197879593002476));
#5555=CARTESIAN_POINT('',(-0.137016121287717,-0.163076802096539,-0.0197872887932207));
#5556=CARTESIAN_POINT('',(-0.137017478807757,-0.163078498382417,-0.0197866073548451));
#5557=CARTESIAN_POINT('',(-0.136686924584602,-0.162834072798669,-0.0198119053022814));
#5558=CARTESIAN_POINT('',(-0.136688496293728,-0.162835368037228,-0.019812509311085));
#5559=CARTESIAN_POINT('',(-0.136690066595878,-0.162836666339853,-0.0198131036930148));
#5560=CARTESIAN_POINT('',(-0.136702617585344,-0.162847077025869,-0.0198177818280813));
#5561=CARTESIAN_POINT('',(-0.136726000701594,-0.162866915540487,-0.0198255437514492));
#5562=CARTESIAN_POINT('',(-0.136749028565645,-0.16288738777876,-0.0198311609173236));
#5563=CARTESIAN_POINT('',(-0.136785536990502,-0.162920636614236,-0.0198383363563653));
#5564=CARTESIAN_POINT('',(-0.13680942773024,-0.16294346017687,-0.0198407039472499));
#5565=CARTESIAN_POINT('',(-0.13685613674094,-0.162990169189276,-0.0198407039478194));
#5566=CARTESIAN_POINT('',(-0.136878960301339,-0.163014059926904,-0.019838336359483));
#5567=CARTESIAN_POINT('',(-0.136912209137919,-0.16305056835232,-0.0198311609221389));
#5568=CARTESIAN_POINT('',(-0.136928586930204,-0.16306899064477,-0.0198266671897569));
#5569=CARTESIAN_POINT('',(-0.136948552195255,-0.163092302715753,-0.0198193342160951));
#5570=CARTESIAN_POINT('',(-0.136957725245041,-0.163103254837405,-0.0198154427622932));
#5571=CARTESIAN_POINT('',(-0.136962930590582,-0.16310953033459,-0.0198131036936329));
#5572=CARTESIAN_POINT('',(-0.136964228893868,-0.163111100637384,-0.0198125093114034));
#5573=CARTESIAN_POINT('',(-0.136965524133116,-0.163112672347184,-0.0198119053022813));
#5574=CARTESIAN_POINT('',(-0.136617002529699,-0.162939758244735,-0.0198578178012116));
#5575=CARTESIAN_POINT('',(-0.136618347422184,-0.162940924326664,-0.0198582815905005));
#5576=CARTESIAN_POINT('',(-0.136619691335308,-0.162942092260944,-0.0198587380857742));
#5577=CARTESIAN_POINT('',(-0.136630434705089,-0.162951450434785,-0.0198623317194957));
#5578=CARTESIAN_POINT('',(-0.136650474373806,-0.162969189942944,-0.0198683042215834));
#5579=CARTESIAN_POINT('',(-0.136670271114309,-0.162987319406091,-0.0198726408923975));
#5580=CARTESIAN_POINT('',(-0.136701719338983,-0.163016636418733,-0.0198781881979173));
#5581=CARTESIAN_POINT('',(-0.136722382741923,-0.163036594255971,-0.0198800312445531));
#5582=CARTESIAN_POINT('',(-0.136763002660039,-0.163077214174823,-0.0198800312454459));
#5583=CARTESIAN_POINT('',(-0.136782960497574,-0.1630978775784,-0.0198781882001974));
#5584=CARTESIAN_POINT('',(-0.136812277513466,-0.163129325806304,-0.0198726408953835));
#5585=CARTESIAN_POINT('',(-0.13682678108631,-0.163145163200889,-0.0198691715587411));
#5586=CARTESIAN_POINT('',(-0.136844598590112,-0.163165154288195,-0.0198635262217785));
#5587=CARTESIAN_POINT('',(-0.136852825581362,-0.163174533909272,-0.0198605349035949));
#5588=CARTESIAN_POINT('',(-0.136857504669964,-0.163179905595685,-0.0198587380861119));
#5589=CARTESIAN_POINT('',(-0.136858672604677,-0.1631812495092,-0.0198582815906738));
#5590=CARTESIAN_POINT('',(-0.13685983868705,-0.163182594402086,-0.0198578178012116));
#5591=CARTESIAN_POINT('',(-0.136581254439562,-0.16299348901616,-0.0198784323527058));
#5592=CARTESIAN_POINT('',(-0.136582497949865,-0.162994588849372,-0.0198788331227313));
#5593=CARTESIAN_POINT('',(-0.13658374031144,-0.162995689778808,-0.0198792276307272));
#5594=CARTESIAN_POINT('',(-0.136593670020772,-0.16300450599068,-0.0198823335984568));
#5595=CARTESIAN_POINT('',(-0.136612167695427,-0.163021151577823,-0.0198874997748304));
#5596=CARTESIAN_POINT('',(-0.13663040838297,-0.163038045292632,-0.0198912569943694));
#5597=CARTESIAN_POINT('',(-0.136659375447563,-0.163065288232124,-0.019896066235653));
#5598=CARTESIAN_POINT('',(-0.136678396109991,-0.163083734186186,-0.0198976693165371));
#5599=CARTESIAN_POINT('',(-0.136715862727952,-0.163121200804149,-0.0198976693175797));
#5600=CARTESIAN_POINT('',(-0.136734308683484,-0.163140221468049,-0.0198960662377382));
#5601=CARTESIAN_POINT('',(-0.136761551627388,-0.163169188537054,-0.0198912569968456));
#5602=CARTESIAN_POINT('',(-0.136775066601992,-0.163183781089844,-0.0198882512211166));
#5603=CARTESIAN_POINT('',(-0.13679176181915,-0.163202227371558,-0.0198833668351629));
#5604=CARTESIAN_POINT('',(-0.136799499044887,-0.163210891763526,-0.0198807806153197));
#5605=CARTESIAN_POINT('',(-0.136803907152247,-0.163215856619617,-0.0198792276309816));
#5606=CARTESIAN_POINT('',(-0.136805008082047,-0.163217098981553,-0.0198788331228615));
#5607=CARTESIAN_POINT('',(-0.136806107915625,-0.163218342492224,-0.0198784323527057));
#5608=CARTESIAN_POINT('',(-0.136509746156353,-0.163100494170479,-0.0199142223833579));
#5609=CARTESIAN_POINT('',(-0.136510791847337,-0.163101452417162,-0.0199145113882593));
#5610=CARTESIAN_POINT('',(-0.13651183611751,-0.163102410609347,-0.0199147958774605));
#5611=CARTESIAN_POINT('',(-0.136520179096803,-0.163110075895282,-0.0199170356654677));
#5612=CARTESIAN_POINT('',(-0.136535675418121,-0.163124445004748,-0.0199207611194544));
#5613=CARTESIAN_POINT('',(-0.136550893549819,-0.163138843345811,-0.0199234705407808));
#5614=CARTESIAN_POINT('',(-0.136575040579547,-0.163161941043375,-0.0199269386002656));
#5615=CARTESIAN_POINT('',(-0.136590869291377,-0.163177419977567,-0.019928094620406));
#5616=CARTESIAN_POINT('',(-0.13662217693898,-0.163208727624596,-0.0199280946211193));
#5617=CARTESIAN_POINT('',(-0.136637655874753,-0.163224556337434,-0.0199269386016922));
#5618=CARTESIAN_POINT('',(-0.136660753576306,-0.163248703370935,-0.0199234705424747));
#5619=CARTESIAN_POINT('',(-0.136672272251556,-0.163260877878747,-0.0199213030053468));
#5620=CARTESIAN_POINT('',(-0.136686647211022,-0.163276318566343,-0.0199177807572442));
#5621=CARTESIAN_POINT('',(-0.136693353677776,-0.163283589322534,-0.0199159157719618));
#5622=CARTESIAN_POINT('',(-0.136697186321866,-0.163287760813564,-0.0199147958776344));
#5623=CARTESIAN_POINT('',(-0.136698144514337,-0.163288805084089,-0.0199145113883482));
#5624=CARTESIAN_POINT('',(-0.136699102761307,-0.163289850775432,-0.0199142223833578));
#5625=CARTESIAN_POINT('',(-0.136474128327536,-0.163153579036025,-0.0199295316114171));
#5626=CARTESIAN_POINT('',(-0.136475079435191,-0.163154462416372,-0.019929771206805));
#5627=CARTESIAN_POINT('',(-0.136476028983135,-0.163155345295248,-0.0199300070585161));
#5628=CARTESIAN_POINT('',(-0.136483613146662,-0.163162404572119,-0.0199318639227903));
#5629=CARTESIAN_POINT('',(-0.136497673065377,-0.163175591443293,-0.019934952457237));
#5630=CARTESIAN_POINT('',(-0.136511440020204,-0.163188723454151,-0.0199371986643112));
#5631=CARTESIAN_POINT('',(-0.136533266620512,-0.163209737325946,-0.0199400738095219));
#5632=CARTESIAN_POINT('',(-0.136547550317497,-0.163223750113038,-0.0199410321915184));
#5633=CARTESIAN_POINT('',(-0.136575846803337,-0.163252046597993,-0.0199410321921115));
#5634=CARTESIAN_POINT('',(-0.136589859592193,-0.163266330295855,-0.0199400738107084));
#5635=CARTESIAN_POINT('',(-0.136610873468117,-0.163288156899961,-0.01993719866572));
#5636=CARTESIAN_POINT('',(-0.136621379079239,-0.163299170466341,-0.0199354017000051));
#5637=CARTESIAN_POINT('',(-0.136634554981974,-0.163313171796706,-0.019932481630494));
#5638=CARTESIAN_POINT('',(-0.136640721996476,-0.163319775864643,-0.0199309354910671));
#5639=CARTESIAN_POINT('',(-0.136644251635991,-0.163323567947887,-0.0199300070586607));
#5640=CARTESIAN_POINT('',(-0.136645134515138,-0.16332451749621,-0.019929771206879));
#5641=CARTESIAN_POINT('',(-0.136646017895761,-0.163325468604249,-0.0199295316114169));
#5642=CARTESIAN_POINT('',(-0.136402325554702,-0.163260312925058,-0.0199556634490554));
#5643=CARTESIAN_POINT('',(-0.136403078308533,-0.163261031624165,-0.0199558160932753));
#5644=CARTESIAN_POINT('',(-0.136403829746252,-0.163261749539265,-0.01995596635243));
#5645=CARTESIAN_POINT('',(-0.136409830981624,-0.163267486850507,-0.019957149345145));
#5646=CARTESIAN_POINT('',(-0.136420948551717,-0.163278165433688,-0.0199591170246283));
#5647=CARTESIAN_POINT('',(-0.136431829062571,-0.163288726680985,-0.0199605480643687));
#5648=CARTESIAN_POINT('',(-0.136449085992309,-0.163305574953106,-0.019962379795325));
#5649=CARTESIAN_POINT('',(-0.136460388095298,-0.163316740836447,-0.0199629903724583));
#5650=CARTESIAN_POINT('',(-0.136482856083187,-0.163339208823325,-0.0199629903727963));
#5651=CARTESIAN_POINT('',(-0.136494021968088,-0.163350510926863,-0.0199623797960009));
#5652=CARTESIAN_POINT('',(-0.136510870243562,-0.163367767859576,-0.0199605480651713));
#5653=CARTESIAN_POINT('',(-0.136519319243331,-0.163376472270284,-0.0199594032333473));
#5654=CARTESIAN_POINT('',(-0.136529974362089,-0.163387542432202,-0.0199575428815057));
#5655=CARTESIAN_POINT('',(-0.136534978735707,-0.16339276656595,-0.0199565578490234));
#5656=CARTESIAN_POINT('',(-0.13653784739212,-0.163395767184887,-0.0199559663525124));
#5657=CARTESIAN_POINT('',(-0.136538565307419,-0.163396518622926,-0.0199558160933175));
#5658=CARTESIAN_POINT('',(-0.136539284006728,-0.163397271377084,-0.0199556634490553));
#5659=CARTESIAN_POINT('',(-0.136366140610685,-0.163313961948544,-0.0199664860586345));
#5660=CARTESIAN_POINT('',(-0.136366792817599,-0.163314592443649,-0.0199666016731522));
#5661=CARTESIAN_POINT('',(-0.136367443964989,-0.163315222218474,-0.0199667154811935));
#5662=CARTESIAN_POINT('',(-0.136372644890396,-0.163320254877328,-0.0199676114937132));
#5663=CARTESIAN_POINT('',(-0.13638228829553,-0.163329618403425,-0.0199691018371642));
#5664=CARTESIAN_POINT('',(-0.136391743364778,-0.163338869923954,-0.0199701857233895));
#5665=CARTESIAN_POINT('',(-0.136406753477557,-0.163353619494122,-0.0199715730978183));
#5666=CARTESIAN_POINT('',(-0.136416602888719,-0.16336338205733,-0.0199720355560619));
#5667=CARTESIAN_POINT('',(-0.136436214864439,-0.163382994032094,-0.019972035556292));
#5668=CARTESIAN_POINT('',(-0.136445977428998,-0.163392843443653,-0.0199715730982785));
#5669=CARTESIAN_POINT('',(-0.136460727001969,-0.163407853558876,-0.019970185723936));
#5670=CARTESIAN_POINT('',(-0.136468128219988,-0.16341541761596,-0.0199693186149342));
#5671=CARTESIAN_POINT('',(-0.136477469347202,-0.163425023357015,-0.0199679095627193));
#5672=CARTESIAN_POINT('',(-0.136481858382937,-0.163429552502478,-0.019967163487614));
#5673=CARTESIAN_POINT('',(-0.136484374712994,-0.163432152966246,-0.0199667154812497));
#5674=CARTESIAN_POINT('',(-0.136485004487978,-0.163432804113909,-0.0199666016731809));
#5675=CARTESIAN_POINT('',(-0.136485634983241,-0.163433456321101,-0.0199664860586344));
#5676=CARTESIAN_POINT('',(-0.136293927760182,-0.163420883520896,-0.019983546883715));
#5677=CARTESIAN_POINT('',(-0.136294383026823,-0.163421333772826,-0.0199836037146338));
#5678=CARTESIAN_POINT('',(-0.136294837730816,-0.16342178354046,-0.0199836596575697));
#5679=CARTESIAN_POINT('',(-0.136298470992439,-0.163425377938045,-0.0199841000971932));
#5680=CARTESIAN_POINT('',(-0.136305225997525,-0.163432068300177,-0.0199848326832774));
#5681=CARTESIAN_POINT('',(-0.136311883851973,-0.163438679141318,-0.019985365473186));
#5682=CARTESIAN_POINT('',(-0.136322478643861,-0.163449213755979,-0.0199860474442911));
#5683=CARTESIAN_POINT('',(-0.136329464804813,-0.163456179857535,-0.0199862747680298));
#5684=CARTESIAN_POINT('',(-0.136343417068219,-0.16347013212021,-0.0199862747681143));
#5685=CARTESIAN_POINT('',(-0.136350383170674,-0.163477118281329,-0.0199860474444602));
#5686=CARTESIAN_POINT('',(-0.136360917787072,-0.163487713074679,-0.0199853654733868));
#5687=CARTESIAN_POINT('',(-0.136366206460949,-0.163493039359272,-0.019984939241452));
#5688=CARTESIAN_POINT('',(-0.136372880920175,-0.163499774936186,-0.0199842466145261));
#5689=CARTESIAN_POINT('',(-0.136376016192007,-0.163502942569121,-0.0199838798774404));
#5690=CARTESIAN_POINT('',(-0.13637781339115,-0.163504759200615,-0.0199836596575903));
#5691=CARTESIAN_POINT('',(-0.136378263158872,-0.163505213904783,-0.0199836037146444));
#5692=CARTESIAN_POINT('',(-0.136378713410889,-0.163505669171604,-0.019983546883715));
#5693=CARTESIAN_POINT('',(-0.136257918139209,-0.163474163254454,-0.0199897927659213));
#5694=CARTESIAN_POINT('',(-0.136258276626029,-0.16347452110748,-0.0199898278060267));
#5695=CARTESIAN_POINT('',(-0.136258634801968,-0.163474878659527,-0.0199898622986306));
#5696=CARTESIAN_POINT('',(-0.136261497798903,-0.163477736744543,-0.0199901338594487));
#5697=CARTESIAN_POINT('',(-0.136266834279401,-0.1634830650549,-0.0199905855483173));
#5698=CARTESIAN_POINT('',(-0.136272118020095,-0.163488342853476,-0.0199909140493259));
#5699=CARTESIAN_POINT('',(-0.136280541685245,-0.163496758912567,-0.0199913345306271));
#5700=CARTESIAN_POINT('',(-0.1362861170354,-0.163502331727119,-0.0199914746910776));
#5701=CARTESIAN_POINT('',(-0.136297265200741,-0.16351347989189,-0.0199914746911162));
#5702=CARTESIAN_POINT('',(-0.136302838015929,-0.163519055242111,-0.0199913345307042));
#5703=CARTESIAN_POINT('',(-0.13631125407618,-0.163527478908208,-0.0199909140494175));
#5704=CARTESIAN_POINT('',(-0.136315476315673,-0.163531705901448,-0.019990651248607));
#5705=CARTESIAN_POINT('',(-0.136320794524485,-0.163537031835315,-0.0199902241972754));
#5706=CARTESIAN_POINT('',(-0.136323289229438,-0.163539530630641,-0.0199899980790666));
#5707=CARTESIAN_POINT('',(-0.136324718272157,-0.163540962129578,-0.01998986229864));
#5708=CARTESIAN_POINT('',(-0.136325075824256,-0.163541320305637,-0.0199898278060315));
#5709=CARTESIAN_POINT('',(-0.136325433677335,-0.163541678792581,-0.0199897927659213));
#5710=CARTESIAN_POINT('',(-0.136186713039729,-0.163579496288965,-0.0199980193240638));
#5711=CARTESIAN_POINT('',(-0.13618688611164,-0.163579672384186,-0.0199980259853744));
#5712=CARTESIAN_POINT('',(-0.136187059174835,-0.163579848423453,-0.019998032542602));
#5713=CARTESIAN_POINT('',(-0.136188443618767,-0.163581256298038,-0.0199980841677589));
#5714=CARTESIAN_POINT('',(-0.136191038642177,-0.163583890293757,-0.0199981700362149));
#5715=CARTESIAN_POINT('',(-0.136193633523564,-0.163586513518559,-0.0199982324860001));
#5716=CARTESIAN_POINT('',(-0.136197786764644,-0.163590703039148,-0.0199983124217246));
#5717=CARTESIAN_POINT('',(-0.136200557499848,-0.163593485867417,-0.0199983390669649));
#5718=CARTESIAN_POINT('',(-0.136206111063521,-0.163599039430853,-0.0199983390669623));
#5719=CARTESIAN_POINT('',(-0.13620889389199,-0.163601810166018,-0.0199983124217193));
#5720=CARTESIAN_POINT('',(-0.136213083412868,-0.163605963407298,-0.0199982324859939));
#5721=CARTESIAN_POINT('',(-0.13621518199285,-0.163608039312571,-0.0199981825261659));
#5722=CARTESIAN_POINT('',(-0.136217813834524,-0.163610634307932,-0.0199981013414465));
#5723=CARTESIAN_POINT('',(-0.13621904457101,-0.163611845534791,-0.0199980583551786));
#5724=CARTESIAN_POINT('',(-0.136219748508327,-0.16361253775689,-0.0199980325426013));
#5725=CARTESIAN_POINT('',(-0.1362199245476,-0.16361271082012,-0.0199980259853741));
#5726=CARTESIAN_POINT('',(-0.136220100642827,-0.163612883892066,-0.0199980193240639));
#5727=CARTESIAN_POINT('',(-0.136151517561222,-0.163631549589918,-0.02));
#5728=CARTESIAN_POINT('',(-0.136151604252821,-0.163631637495997,-0.02));
#5729=CARTESIAN_POINT('',(-0.136151690897366,-0.163631725336047,-0.02));
#5730=CARTESIAN_POINT('',(-0.136152383691433,-0.163632427542331,-0.02));
#5731=CARTESIAN_POINT('',(-0.136153677925164,-0.163633737431439,-0.02));
#5732=CARTESIAN_POINT('',(-0.136154964752239,-0.163635035644197,-0.02));
#5733=CARTESIAN_POINT('',(-0.136157020069233,-0.163637105534833,-0.02));
#5734=CARTESIAN_POINT('',(-0.136158385472131,-0.163638475795554,-0.02));
#5735=CARTESIAN_POINT('',(-0.136161121135852,-0.163641211459145,-0.02));
#5736=CARTESIAN_POINT('',(-0.136162491396675,-0.163642576862016,-0.02));
#5737=CARTESIAN_POINT('',(-0.136164561287448,-0.1636446321791,-0.02));
#5738=CARTESIAN_POINT('',(-0.136165599857719,-0.163645661640836,-0.02));
#5739=CARTESIAN_POINT('',(-0.136166907411613,-0.163646954393411,-0.02));
#5740=CARTESIAN_POINT('',(-0.136167520492593,-0.163647559637295,-0.02));
#5741=CARTESIAN_POINT('',(-0.136167871595742,-0.163647906034394,-0.02));
#5742=CARTESIAN_POINT('',(-0.136167959435793,-0.163647992678956,-0.02));
#5743=CARTESIAN_POINT('',(-0.136168047341874,-0.163648079370573,-0.02));
#5744=CARTESIAN_POINT('',(-0.1361170394209,-0.163682557510885,-0.02));
#5745=CARTESIAN_POINT('',(-0.1361170394209,-0.163682557510885,-0.02));
#5746=CARTESIAN_POINT('',(-0.1361170394209,-0.163682557510885,-0.02));
#5747=CARTESIAN_POINT('',(-0.1361170394209,-0.163682557510885,-0.02));
#5748=CARTESIAN_POINT('',(-0.1361170394209,-0.163682557510885,-0.02));
#5749=CARTESIAN_POINT('',(-0.1361170394209,-0.163682557510885,-0.02));
#5750=CARTESIAN_POINT('',(-0.1361170394209,-0.163682557510885,-0.02));
#5751=CARTESIAN_POINT('',(-0.1361170394209,-0.163682557510885,-0.02));
#5752=CARTESIAN_POINT('',(-0.1361170394209,-0.163682557510885,-0.02));
#5753=CARTESIAN_POINT('',(-0.1361170394209,-0.163682557510885,-0.02));
#5754=CARTESIAN_POINT('',(-0.1361170394209,-0.163682557510885,-0.02));
#5755=CARTESIAN_POINT('',(-0.1361170394209,-0.163682557510885,-0.02));
#5756=CARTESIAN_POINT('',(-0.1361170394209,-0.163682557510885,-0.02));
#5757=CARTESIAN_POINT('',(-0.1361170394209,-0.163682557510885,-0.02));
#5758=CARTESIAN_POINT('',(-0.1361170394209,-0.163682557510885,-0.02));
#5759=CARTESIAN_POINT('',(-0.1361170394209,-0.163682557510885,-0.02));
#5760=CARTESIAN_POINT('',(-0.1361170394209,-0.163682557510885,-0.02));
#5761=CARTESIAN_POINT('',(-0.119696778297424,-0.160477818634361,0.0065));
#5762=CARTESIAN_POINT('',(-0.114696778297424,-0.160477818634361,0.0065));
#5763=CARTESIAN_POINT('',(-0.114696778297424,-0.160477818634361,0.0065));
#5764=CARTESIAN_POINT('',(-0.114696778297424,-0.160477818634361,0.0005));
#5765=CARTESIAN_POINT('',(-0.124696778297424,-0.160477818634361,0.0005));
#5766=CARTESIAN_POINT('',(-0.124696778297424,-0.160477818634361,0.0005));
#5767=CARTESIAN_POINT('',(-0.124696778297424,-0.160477818634361,0.0065));
#5768=CARTESIAN_POINT('',(-0.124696778297424,-0.160477818634361,0.0065));
#5769=CARTESIAN_POINT('',(-0.119696778297424,-0.160477818634361,0.0065));
#5770=CARTESIAN_POINT('',(-0.114696778297424,-0.161227818634361,0.0065));
#5771=CARTESIAN_POINT('',(-0.114696778297424,-0.161227818634361,0.0065));
#5772=CARTESIAN_POINT('',(-0.114696778297424,-0.160977818634361,0.0065));
#5773=CARTESIAN_POINT('',(-0.114696778297424,-0.16115761502771,0.00638765074421261));
#5774=CARTESIAN_POINT('',(-0.114696778297424,-0.163727818634361,0.00478160928224935));
#5775=CARTESIAN_POINT('',(-0.114696778297424,-0.163727818634361,0.0055));
#5776=CARTESIAN_POINT('',(-0.114696778297424,-0.163727818634361,0.0045));
#5777=CARTESIAN_POINT('',(-0.114696778297424,-0.163727818634361,0.0045));
#5778=CARTESIAN_POINT('',(-0.114696778297424,-0.163777818634361,0.0018));
#5779=CARTESIAN_POINT('',(-0.114696778297424,-0.159977818634361,0.0005));
#5780=CARTESIAN_POINT('',(-0.124696778297424,-0.161227818634361,0.0065));
#5781=CARTESIAN_POINT('',(-0.124696778297424,-0.163727818634361,0.0055));
#5782=CARTESIAN_POINT('',(-0.124696778297424,-0.163727818634361,0.00478160928224935));
#5783=CARTESIAN_POINT('',(-0.124696778297424,-0.163727818634361,0.0045));
#5784=CARTESIAN_POINT('',(-0.124696778297424,-0.160977818634361,0.0065));
#5785=CARTESIAN_POINT('',(-0.124696778297424,-0.160977818634361,0.0065));
#5786=CARTESIAN_POINT('',(-0.124696778297424,-0.161227818634361,0.0065));
#5787=CARTESIAN_POINT('',(-0.124696778297424,-0.159977818634361,0.0005));
#5788=CARTESIAN_POINT('',(-0.124696778297424,-0.163777818634361,0.0018));
#5789=CARTESIAN_POINT('',(-0.124696778297424,-0.163727818634361,0.0045));
#5790=CARTESIAN_POINT('',(-0.0985518490149884,-0.100558980397142,0.0065));
#5791=CARTESIAN_POINT('',(-0.114696778297424,-0.160977818634361,0.0065));
#5792=CARTESIAN_POINT('',(-0.0714467782974243,-0.201727818634361,0.0065));
#5793=CARTESIAN_POINT('',(-0.0714467782974243,-0.201727818634361,0.0065));
#5794=CARTESIAN_POINT('',(-0.0714467782974243,-0.20147757056092,0.0065));
#5795=CARTESIAN_POINT('',(-0.0714467782974243,-0.200977818634361,0.0065));
#5796=CARTESIAN_POINT('',(-0.0714467782974243,-0.201477747086989,0.00649988969426941));
#5797=CARTESIAN_POINT('',(-0.0714467782974243,-0.202477818634361,0.00587497563462585));
#5798=CARTESIAN_POINT('',(-0.0714467782974243,-0.202477818634361,0.0065));
#5799=CARTESIAN_POINT('',(-0.0714467782974243,-0.202977818634361,0.0005));
#5800=CARTESIAN_POINT('',(-0.0714467782974243,-0.199177818634361,0.0018));
#5801=CARTESIAN_POINT('',(-0.0714467782974243,-0.200977818634361,0.0018));
#5802=CARTESIAN_POINT('',(-0.0714467782974243,-0.200977818634361,0.0065));
#5803=CARTESIAN_POINT('',(-0.0814467782974243,-0.201727818634361,0.0065));
#5804=CARTESIAN_POINT('',(-0.0814467782974243,-0.202477818634361,0.0065));
#5805=CARTESIAN_POINT('',(-0.0814467782974243,-0.202477818634361,0.00587503222221702));
#5806=CARTESIAN_POINT('',(-0.0814467782974243,-0.201657570795407,0.00638757995772782));
#5807=CARTESIAN_POINT('',(-0.0814467782974243,-0.201477661119996,0.0065));
#5808=CARTESIAN_POINT('',(-0.0814467782974243,-0.201727818634361,0.0065));
#5809=CARTESIAN_POINT('',(-0.0814467782974243,-0.200977818634361,0.0065));
#5810=CARTESIAN_POINT('',(-0.0814467782974243,-0.200977818634361,0.0065));
#5811=CARTESIAN_POINT('',(-0.0814467782974243,-0.200977818634361,0.0018));
#5812=CARTESIAN_POINT('',(-0.0814467782974243,-0.199177818634361,0.0018));
#5813=CARTESIAN_POINT('',(-0.0814467782974243,-0.202977818634361,0.0005));
#5814=CARTESIAN_POINT('',(-0.0764467782974243,-0.200977818634361,0.0065));
#5815=CARTESIAN_POINT('',(-0.0764467782974243,-0.200977818634361,0.0018));
#5816=CARTESIAN_POINT('',(-0.0764467782974243,-0.200977818634361,0.0065));
#5817=CARTESIAN_POINT('',(-0.0985518490149884,-0.100558980397142,0.0065));
#5818=CARTESIAN_POINT('',(-0.071441851824998,-0.201477570516306,0.0065));
#5819=CARTESIAN_POINT('',(-0.114696798310646,-0.201713671839062,0.0065));
#5820=CARTESIAN_POINT('',(-0.114696798310646,-0.201713671839062,0.0065));
#5821=CARTESIAN_POINT('',(-0.114696798310646,-0.201463667836402,0.0065));
#5822=CARTESIAN_POINT('',(-0.114696798310646,-0.200963671839062,0.0065));
#5823=CARTESIAN_POINT('',(-0.114696798310646,-0.204223842962384,0.00477525806142787));
#5824=CARTESIAN_POINT('',(-0.114696798310646,-0.202463671839062,0.00587513064809067));
#5825=CARTESIAN_POINT('',(-0.114696798310646,-0.202463671839062,0.0065));
#5826=CARTESIAN_POINT('',(-0.114696798310646,-0.202463671839062,0.0045));
#5827=CARTESIAN_POINT('',(-0.114696798310646,-0.202463671839062,0.0065));
#5828=CARTESIAN_POINT('',(-0.114696798310646,-0.202463671839062,0.0005));
#5829=CARTESIAN_POINT('',(-0.114696798310646,-0.202963673840392,0.0005));
#5830=CARTESIAN_POINT('',(-0.114696798310646,-0.199163664634273,0.0018));
#5831=CARTESIAN_POINT('',(-0.114696798310646,-0.200963671839062,0.0018));
#5832=CARTESIAN_POINT('',(-0.114696798310646,-0.200963671839062,0.0065));
#5833=CARTESIAN_POINT('',(-0.119696778297424,-0.202477818634365,0.0065));
#5834=CARTESIAN_POINT('',(-0.119696778297424,-0.202477818634365,0.0045));
#5835=CARTESIAN_POINT('',(-0.124696758284202,-0.202491965429667,0.0045));
#5836=CARTESIAN_POINT('',(-0.124696758284202,-0.202491965429667,0.0065));
#5837=CARTESIAN_POINT('',(-0.124696758284202,-0.202491965429667,0.0005));
#5838=CARTESIAN_POINT('',(-0.119696778297424,-0.202477818634365,0.0005));
#5839=CARTESIAN_POINT('',(-0.124696758284202,-0.201741965429666,0.0065));
#5840=CARTESIAN_POINT('',(-0.124696758284202,-0.202491965429667,0.0065));
#5841=CARTESIAN_POINT('',(-0.124696758284202,-0.202491965429667,0.00587513064809067));
#5842=CARTESIAN_POINT('',(-0.124696758284202,-0.2016717611032,0.00638764914256612));
#5843=CARTESIAN_POINT('',(-0.124696758284202,-0.201491961427007,0.0065));
#5844=CARTESIAN_POINT('',(-0.124696758284202,-0.201741965429666,0.0065));
#5845=CARTESIAN_POINT('',(-0.124696758284202,-0.200991965429666,0.0065));
#5846=CARTESIAN_POINT('',(-0.124696758284202,-0.200991965429666,0.0065));
#5847=CARTESIAN_POINT('',(-0.124696758284202,-0.200991965429666,0.0018));
#5848=CARTESIAN_POINT('',(-0.124696758284202,-0.199191958224877,0.0018));
#5849=CARTESIAN_POINT('',(-0.124696758284202,-0.202991967430997,0.0005));
#5850=CARTESIAN_POINT('',(-0.119696778297424,-0.200977818634364,0.0065));
#5851=CARTESIAN_POINT('',(-0.119696778297424,-0.200977818634364,0.0018));
#5852=CARTESIAN_POINT('',(-0.119696778297424,-0.200977818634364,0.0065));
#5853=CARTESIAN_POINT('',(-0.0985518490149884,-0.100558980397142,0.0065));
#5854=CARTESIAN_POINT('',(-0.114699627669706,-0.201463675841707,0.0065));
#5855=CARTESIAN_POINT('',(-0.0930717782974243,-0.201727773354823,0.0065));
#5856=CARTESIAN_POINT('',(-0.0930717782974243,-0.201727773354823,0.0065));
#5857=CARTESIAN_POINT('',(-0.0930717782974243,-0.201477766394922,0.0065));
#5858=CARTESIAN_POINT('',(-0.0930717782974243,-0.200977773354823,0.0065));
#5859=CARTESIAN_POINT('',(-0.0930717782974243,-0.204227728506683,0.00478163295751915));
#5860=CARTESIAN_POINT('',(-0.0930717782974243,-0.202477773354823,0.00587512629908738));
#5861=CARTESIAN_POINT('',(-0.0930717782974243,-0.202477773354823,0.0065));
#5862=CARTESIAN_POINT('',(-0.0930717782974243,-0.202977773354843,0.0005));
#5863=CARTESIAN_POINT('',(-0.0930717782974243,-0.199177773354749,0.0018));
#5864=CARTESIAN_POINT('',(-0.0930717782974243,-0.200977773354823,0.0018));
#5865=CARTESIAN_POINT('',(-0.0930717782974243,-0.200977773354823,0.0065));
#5866=CARTESIAN_POINT('',(-0.103071778297424,-0.201727863913899,0.0065));
#5867=CARTESIAN_POINT('',(-0.103071778297424,-0.202477863913899,0.0065));
#5868=CARTESIAN_POINT('',(-0.103071778297424,-0.202477863913899,0.00587512629908738));
#5869=CARTESIAN_POINT('',(-0.103071778297424,-0.201657658352811,0.00638764761645577));
#5870=CARTESIAN_POINT('',(-0.103071778297424,-0.201477856953998,0.0065));
#5871=CARTESIAN_POINT('',(-0.103071778297424,-0.201727863913899,0.0065));
#5872=CARTESIAN_POINT('',(-0.103071778297424,-0.200977863913899,0.0065));
#5873=CARTESIAN_POINT('',(-0.103071778297424,-0.200977863913899,0.0065));
#5874=CARTESIAN_POINT('',(-0.103071778297424,-0.200977863913899,0.0018));
#5875=CARTESIAN_POINT('',(-0.103071778297424,-0.199177863913825,0.0018));
#5876=CARTESIAN_POINT('',(-0.103071778297424,-0.20297786391392,0.0005));
#5877=CARTESIAN_POINT('',(-0.0980717782974243,-0.200977818634361,0.0065));
#5878=CARTESIAN_POINT('',(-0.0980717782974243,-0.200977818634361,0.0018));
#5879=CARTESIAN_POINT('',(-0.0980717782974243,-0.200977818634361,0.0065));
#5880=CARTESIAN_POINT('',(-0.0985518490149884,-0.100558980397142,0.0065));
#5881=CARTESIAN_POINT('',(-0.0930668518228145,-0.201477766350308,0.0065));
#5882=CARTESIAN_POINT('',(-0.0764467782974243,-0.160477818634361,0.0065));
#5883=CARTESIAN_POINT('',(-0.0714467782974243,-0.160477818634361,0.0065));
#5884=CARTESIAN_POINT('',(-0.0714467782974243,-0.160477818634361,0.0065));
#5885=CARTESIAN_POINT('',(-0.0714467782974243,-0.160477818634361,0.0005));
#5886=CARTESIAN_POINT('',(-0.0814467782974243,-0.160477818634361,0.0005));
#5887=CARTESIAN_POINT('',(-0.0814467782974243,-0.160477818634361,0.0005));
#5888=CARTESIAN_POINT('',(-0.0814467782974243,-0.160477818634361,0.0065));
#5889=CARTESIAN_POINT('',(-0.0814467782974243,-0.160477818634361,0.0065));
#5890=CARTESIAN_POINT('',(-0.0764467782974243,-0.160477818634361,0.0065));
#5891=CARTESIAN_POINT('',(-0.0714467782974243,-0.161227818634361,0.0065));
#5892=CARTESIAN_POINT('',(-0.0714467782974243,-0.161227818634361,0.0065));
#5893=CARTESIAN_POINT('',(-0.0714467782974243,-0.160977818634361,0.0065));
#5894=CARTESIAN_POINT('',(-0.0714467782974243,-0.16115761502771,0.00638765074421261));
#5895=CARTESIAN_POINT('',(-0.0714467782974243,-0.163727818634361,0.00478160928224935));
#5896=CARTESIAN_POINT('',(-0.0714467782974243,-0.163727818634361,0.0065));
#5897=CARTESIAN_POINT('',(-0.0714467782974243,-0.163727818634361,0.0045));
#5898=CARTESIAN_POINT('',(-0.0714467782974243,-0.163727818634361,0.0045));
#5899=CARTESIAN_POINT('',(-0.0714467782974243,-0.161977818634361,0.0045));
#5900=CARTESIAN_POINT('',(-0.0714467782974243,-0.161977818634361,0.0065));
#5901=CARTESIAN_POINT('',(-0.0714467782974243,-0.161977818634361,0.0018));
#5902=CARTESIAN_POINT('',(-0.0714467782974243,-0.163777818634361,0.0018));
#5903=CARTESIAN_POINT('',(-0.0714467782974243,-0.159977818634361,0.0005));
#5904=CARTESIAN_POINT('',(-0.0764467782974243,-0.161977818634361,0.0065));
#5905=CARTESIAN_POINT('',(-0.0764467782974243,-0.161977818634361,0.0045));
#5906=CARTESIAN_POINT('',(-0.0814467782974243,-0.161977818634361,0.0045));
#5907=CARTESIAN_POINT('',(-0.0814467782974243,-0.161977818634361,0.0065));
#5908=CARTESIAN_POINT('',(-0.0814467782974243,-0.161977818634361,0.0018));
#5909=CARTESIAN_POINT('',(-0.0714467782974243,-0.161977818634361,0.0018));
#5910=CARTESIAN_POINT('',(-0.0814467782974243,-0.161227818634361,0.0065));
#5911=CARTESIAN_POINT('',(-0.0814467782974243,-0.163727818634361,0.0065));
#5912=CARTESIAN_POINT('',(-0.0814467782974243,-0.163727818634361,0.00478160928224935));
#5913=CARTESIAN_POINT('',(-0.0814467782974243,-0.163727818634361,0.0045));
#5914=CARTESIAN_POINT('',(-0.0814467782974243,-0.160977818634361,0.0065));
#5915=CARTESIAN_POINT('',(-0.0814467782974243,-0.160977818634361,0.0065));
#5916=CARTESIAN_POINT('',(-0.0814467782974243,-0.161227818634361,0.0065));
#5917=CARTESIAN_POINT('',(-0.0814467782974243,-0.159977818634361,0.0005));
#5918=CARTESIAN_POINT('',(-0.0814467782974243,-0.163777818634361,0.0018));
#5919=CARTESIAN_POINT('',(-0.0814467782974243,-0.163727818634361,0.0045));
#5920=CARTESIAN_POINT('',(-0.0985518490149884,-0.100558980397142,0.0065));
#5921=CARTESIAN_POINT('',(-0.0714467782974243,-0.160977818634361,0.0065));
#5922=CARTESIAN_POINT('',(-0.0575717782974243,-0.173477818634361,0.0065));
#5923=CARTESIAN_POINT('',(-0.0598217782974243,-0.173477818634361,0.0065));
#5924=CARTESIAN_POINT('',(-0.0598217782974243,-0.173477818634361,0.00474948115447573));
#5925=CARTESIAN_POINT('',(-0.0598217782974243,-0.173477818634361,0.0045));
#5926=CARTESIAN_POINT('',(-0.0573217782974243,-0.173477818634361,0.0065));
#5927=CARTESIAN_POINT('',(-0.0573217782974243,-0.173477818634361,0.0065));
#5928=CARTESIAN_POINT('',(-0.0575717782974243,-0.173477818634361,0.0065));
#5929=CARTESIAN_POINT('',(-0.0568217782974243,-0.173477818634361,0.0065));
#5930=CARTESIAN_POINT('',(-0.0568217782974243,-0.173477818634361,0.0065));
#5931=CARTESIAN_POINT('',(-0.0568217782974243,-0.173477818634361,0.0018));
#5932=CARTESIAN_POINT('',(-0.0550217782974243,-0.173477818634361,0.0018));
#5933=CARTESIAN_POINT('',(-0.0588217782974243,-0.173477818634361,0.0005));
#5934=CARTESIAN_POINT('',(-0.0583217782974243,-0.173477818634361,0.0005));
#5935=CARTESIAN_POINT('',(-0.0583217782974243,-0.173477818634361,0.0065));
#5936=CARTESIAN_POINT('',(-0.0583217782974243,-0.173477818634361,0.0045));
#5937=CARTESIAN_POINT('',(-0.0598217782974243,-0.173477818634361,0.0045));
#5938=CARTESIAN_POINT('',(-0.0568217782974243,-0.180977818634361,0.0065));
#5939=CARTESIAN_POINT('',(-0.0568217782974243,-0.188477818634361,0.0065));
#5940=CARTESIAN_POINT('',(-0.0568217782974243,-0.188477818634361,0.0065));
#5941=CARTESIAN_POINT('',(-0.0568217782974243,-0.188477818634361,0.0018));
#5942=CARTESIAN_POINT('',(-0.0568217782974243,-0.180977818634361,0.0018));
#5943=CARTESIAN_POINT('',(-0.0568217782974243,-0.180977818634361,0.0065));
#5944=CARTESIAN_POINT('',(-0.0575717782974243,-0.188477818634361,0.0065));
#5945=CARTESIAN_POINT('',(-0.0575717782974243,-0.188477818634361,0.0065));
#5946=CARTESIAN_POINT('',(-0.0573217782974243,-0.188477818634361,0.0065));
#5947=CARTESIAN_POINT('',(-0.05748953081534,-0.188477818634361,0.00638253842240176));
#5948=CARTESIAN_POINT('',(-0.0598217782974243,-0.188477818634361,0.00474948115447573));
#5949=CARTESIAN_POINT('',(-0.0598217782974243,-0.188477818634361,0.0065));
#5950=CARTESIAN_POINT('',(-0.0598217782974243,-0.188477818634361,0.0045));
#5951=CARTESIAN_POINT('',(-0.0598217782974243,-0.188477818634361,0.0045));
#5952=CARTESIAN_POINT('',(-0.0583217782974243,-0.188477818634361,0.0045));
#5953=CARTESIAN_POINT('',(-0.0583217782974243,-0.188477818634361,0.0065));
#5954=CARTESIAN_POINT('',(-0.0583217782974243,-0.188477818634361,0.0005));
#5955=CARTESIAN_POINT('',(-0.0588217782974243,-0.188477818634361,0.0005));
#5956=CARTESIAN_POINT('',(-0.0550217782974243,-0.188477818634361,0.0018));
#5957=CARTESIAN_POINT('',(-0.0583217782974243,-0.180977818634361,0.0065));
#5958=CARTESIAN_POINT('',(-0.0583217782974243,-0.180977818634361,0.0045));
#5959=CARTESIAN_POINT('',(-0.0583217782974243,-0.188477818634361,0.0005));
#5960=CARTESIAN_POINT('',(-0.0985518490149884,-0.100558980397142,0.0065));
#5961=CARTESIAN_POINT('',(-0.0573217782974243,-0.188477818634361,0.0065));
#5962=CARTESIAN_POINT('',(-0.140321778297424,-0.180977818634361,0.0065));
#5963=CARTESIAN_POINT('',(-0.140321778297424,-0.173477818634361,0.0065));
#5964=CARTESIAN_POINT('',(-0.140321778297424,-0.173477818634361,0.0045));
#5965=CARTESIAN_POINT('',(-0.140321778297424,-0.173477818634361,0.0005));
#5966=CARTESIAN_POINT('',(-0.140321778297424,-0.180977818634361,0.0045));
#5967=CARTESIAN_POINT('',(-0.140321778297424,-0.188477818634361,0.0045));
#5968=CARTESIAN_POINT('',(-0.140321778297424,-0.188477818634361,0.0065));
#5969=CARTESIAN_POINT('',(-0.140321778297424,-0.188477818634361,0.0005));
#5970=CARTESIAN_POINT('',(-0.140321778297424,-0.173477818634361,0.0005));
#5971=CARTESIAN_POINT('',(-0.141071778297424,-0.188477818634361,0.0065));
#5972=CARTESIAN_POINT('',(-0.138821778297424,-0.188477818634361,0.0065));
#5973=CARTESIAN_POINT('',(-0.138821778297424,-0.188477818634361,0.00474948115447573));
#5974=CARTESIAN_POINT('',(-0.138821778297424,-0.188477818634361,0.0045));
#5975=CARTESIAN_POINT('',(-0.141321778297424,-0.188477818634361,0.0065));
#5976=CARTESIAN_POINT('',(-0.141321778297424,-0.188477818634361,0.0065));
#5977=CARTESIAN_POINT('',(-0.141071778297424,-0.188477818634361,0.0065));
#5978=CARTESIAN_POINT('',(-0.141821778297424,-0.188477818634361,0.0065));
#5979=CARTESIAN_POINT('',(-0.141821778297424,-0.188477818634361,0.0065));
#5980=CARTESIAN_POINT('',(-0.141821778297424,-0.188477818634361,0.));
#5981=CARTESIAN_POINT('',(-0.141071778297424,-0.188477818634361,0.));
#5982=CARTESIAN_POINT('',(-0.139821778297424,-0.188477818634361,0.0005));
#5983=CARTESIAN_POINT('',(-0.138821778297424,-0.188477818634361,0.0045));
#5984=CARTESIAN_POINT('',(-0.141821778297424,-0.180977818634361,0.0065));
#5985=CARTESIAN_POINT('',(-0.141821778297424,-0.173477818634361,0.0065));
#5986=CARTESIAN_POINT('',(-0.141821778297424,-0.173477818634361,0.0065));
#5987=CARTESIAN_POINT('',(-0.141821778297424,-0.173477818634361,0.));
#5988=CARTESIAN_POINT('',(-0.141821778297424,-0.188477818634361,0.));
#5989=CARTESIAN_POINT('',(-0.141821778297424,-0.180977818634361,0.0065));
#5990=CARTESIAN_POINT('',(-0.141071778297424,-0.173477818634361,0.0065));
#5991=CARTESIAN_POINT('',(-0.141071778297424,-0.173477818634361,0.0065));
#5992=CARTESIAN_POINT('',(-0.141321778297424,-0.173477818634361,0.0065));
#5993=CARTESIAN_POINT('',(-0.141154025779508,-0.173477818634361,0.00638253842240176));
#5994=CARTESIAN_POINT('',(-0.138821778297424,-0.173477818634361,0.00474948115447573));
#5995=CARTESIAN_POINT('',(-0.138821778297424,-0.173477818634361,0.0065));
#5996=CARTESIAN_POINT('',(-0.138821778297424,-0.173477818634361,0.0045));
#5997=CARTESIAN_POINT('',(-0.138821778297424,-0.173477818634361,0.0045));
#5998=CARTESIAN_POINT('',(-0.139821778297424,-0.173477818634361,0.0005));
#5999=CARTESIAN_POINT('',(-0.141071778297424,-0.173477818634361,0.));
#6000=CARTESIAN_POINT('',(-0.0985518490149884,-0.100558980397142,0.0065));
#6001=CARTESIAN_POINT('',(-0.141321778297424,-0.173477818634361,0.0065));
#6002=CARTESIAN_POINT('',(-0.141071778297424,-0.173477818634361,0.));
#6003=CARTESIAN_POINT('',(-0.141263504101844,-0.174419544438781,-0.00351456854889495));
#6004=CARTESIAN_POINT('',(-0.141071778297424,-0.174227818634361,-0.00279903810567664));
#6005=CARTESIAN_POINT('',(-0.141774692007203,-0.173524904924582,-0.000175728427444747));
#6006=CARTESIAN_POINT('',(-0.141821778297424,-0.188477818634361,0.));
#6007=CARTESIAN_POINT('',(-0.141071778297424,-0.188477818634361,-0.00279903810567666));
#6008=CARTESIAN_POINT('',(-0.141071778297424,-0.187727818634361,-0.00279903810567665));
#6009=CARTESIAN_POINT('',(-0.141774692007203,-0.18843073234414,-0.000175728427444747));
#6010=CARTESIAN_POINT('',(-0.141071778297424,-0.188477818634361,0.));
#6011=CARTESIAN_POINT('',(-0.140321778297424,-0.188477818634361,0.));
#6012=CARTESIAN_POINT('',(-0.140321778297424,-0.188477818634361,0.));
#6013=CARTESIAN_POINT('',(-0.0764467782974243,-0.163777818634361,0.0018));
#6014=CARTESIAN_POINT('',(-0.119696778297424,-0.163777818634361,0.0018));
#6015=CARTESIAN_POINT('',(-0.098532106272302,-0.199117928733331,0.0018));
#6016=CARTESIAN_POINT('',(-0.0985517852824011,-0.199177822981186,0.0018));
#6017=CARTESIAN_POINT('',(-0.0985518490149884,-0.199177818634361,0.0018));
#6018=CARTESIAN_POINT('',(-0.0550217782974243,-0.192140142159923,0.0018));
#6019=CARTESIAN_POINT('',(-0.0985213547248598,-0.20291790751934,0.0005));
#6020=CARTESIAN_POINT('',(-0.0985517508699522,-0.202977822980969,0.0005));
#6021=CARTESIAN_POINT('',(-0.0985518490149884,-0.202977818634361,0.0005));
#6022=CARTESIAN_POINT('',(-0.0588217782974243,-0.180977818634361,0.0005));
#6023=CARTESIAN_POINT('',(-0.0764467782974243,-0.159977818634361,0.0005));
#6024=CARTESIAN_POINT('',(-0.119696778297424,-0.159977818634361,0.0005));
#6025=CARTESIAN_POINT('',(-0.139821778297424,-0.180977818634361,0.0005));
#6026=CARTESIAN_POINT('',(-0.0598217782974243,-0.180977818634361,0.0045));
#6027=CARTESIAN_POINT('',(-0.0598217782974243,-0.180977818634361,0.0045));
#6028=CARTESIAN_POINT('',(-0.0598217782974243,-0.180977818634361,0.0035));
#6029=CARTESIAN_POINT('',(-0.0598217782974243,-0.173477818634361,0.00474948115447573));
#6030=CARTESIAN_POINT('',(-0.081441826920432,-0.20422766107527,0.0055));
#6031=CARTESIAN_POINT('',(-0.081441826920432,-0.20422766107527,0.0055));
#6032=CARTESIAN_POINT('',(-0.081441826920432,-0.20422766107527,0.0045));
#6033=CARTESIAN_POINT('',(-0.081441826920432,-0.20422766107527,0.00478160928224935));
#6034=CARTESIAN_POINT('',(-0.0814427403566164,-0.203904820280332,0.00498334260571232));
#6035=CARTESIAN_POINT('',(-0.081441826920432,-0.20422766107527,0.0045));
#6036=CARTESIAN_POINT('',(-0.076441826920842,-0.204227615795732,0.0045));
#6037=CARTESIAN_POINT('',(-0.0714418269212521,-0.204227570516194,0.0045));
#6038=CARTESIAN_POINT('',(-0.0714418269212521,-0.204227570516194,0.0045));
#6039=CARTESIAN_POINT('',(-0.076441826920842,-0.204227615795732,0.0045));
#6040=CARTESIAN_POINT('',(-0.0714418269212521,-0.204227570516194,0.0055));
#6041=CARTESIAN_POINT('',(-0.0714427403574365,-0.203904729721256,0.00498334260571231));
#6042=CARTESIAN_POINT('',(-0.0714418269212521,-0.204227570516194,0.00478160928224935));
#6043=CARTESIAN_POINT('',(-0.0714418269212521,-0.204227570516194,0.0055));
#6044=CARTESIAN_POINT('',(-0.0872543269201603,-0.204227713712733,0.0035));
#6045=CARTESIAN_POINT('',(-0.081441826920432,-0.20422766107527,0.00478160928224935));
#6046=CARTESIAN_POINT('',(-0.0980668269190685,-0.204227811629733,0.0045));
#6047=CARTESIAN_POINT('',(-0.0930668269190685,-0.204227766350195,0.0045));
#6048=CARTESIAN_POINT('',(-0.0930668269190685,-0.204227766350195,0.0045));
#6049=CARTESIAN_POINT('',(-0.0980668269190685,-0.204227811629733,0.0045));
#6050=CARTESIAN_POINT('',(-0.103066826919069,-0.204227856909272,0.0045));
#6051=CARTESIAN_POINT('',(-0.103066826919069,-0.204227856909272,0.0045));
#6052=CARTESIAN_POINT('',(-0.0930668269190685,-0.204227766350195,0.0065));
#6053=CARTESIAN_POINT('',(-0.0930690118585753,-0.203455531114378,0.00526415542592055));
#6054=CARTESIAN_POINT('',(-0.0930668269190685,-0.204227766350195,0.00478160928224938));
#6055=CARTESIAN_POINT('',(-0.0930668269190685,-0.204227766350195,0.0065));
#6056=CARTESIAN_POINT('',(-0.103066826919069,-0.204227856909272,0.0065));
#6057=CARTESIAN_POINT('',(-0.103066826919069,-0.204227856909272,0.0065));
#6058=CARTESIAN_POINT('',(-0.103066826919069,-0.204227856909272,0.00478160928224938));
#6059=CARTESIAN_POINT('',(-0.103066736173309,-0.204259929684135,0.00476156798769411));
#6060=CARTESIAN_POINT('',(-0.0872543269201603,-0.204227713712733,0.0035));
#6061=CARTESIAN_POINT('',(-0.103066826919069,-0.204227856909272,0.00478160928224938));
#6062=CARTESIAN_POINT('',(-0.124691806905847,-0.204241958425039,0.0065));
#6063=CARTESIAN_POINT('',(-0.124691806905847,-0.204241958425039,0.0065));
#6064=CARTESIAN_POINT('',(-0.124691806905847,-0.204241958425039,0.00478160928224935));
#6065=CARTESIAN_POINT('',(-0.124691806905847,-0.204241958425039,0.0045));
#6066=CARTESIAN_POINT('',(-0.124691806905847,-0.204241958425039,0.00478160928224935));
#6067=CARTESIAN_POINT('',(-0.124691806905847,-0.204241958425039,0.0045));
#6068=CARTESIAN_POINT('',(-0.119691826919069,-0.204227811629737,0.0045));
#6069=CARTESIAN_POINT('',(-0.11469184693229,-0.204213664834435,0.0045));
#6070=CARTESIAN_POINT('',(-0.11469184693229,-0.204213664834435,0.0045));
#6071=CARTESIAN_POINT('',(-0.119691826919069,-0.204227811629737,0.0045));
#6072=CARTESIAN_POINT('',(-0.11469184693229,-0.204213664834435,0.0065));
#6073=CARTESIAN_POINT('',(-0.114694031875606,-0.20344142825227,0.00526415818633864));
#6074=CARTESIAN_POINT('',(-0.11469184693229,-0.204213664834435,0.00478160928224935));
#6075=CARTESIAN_POINT('',(-0.11469184693229,-0.204213664834435,0.0065));
#6076=CARTESIAN_POINT('',(-0.119691826919069,-0.204227811629737,0.00325));
#6077=CARTESIAN_POINT('',(-0.124691806905847,-0.204241958425039,0.00478160928224935));
#6078=CARTESIAN_POINT('',(-0.138821778297424,-0.180977818634361,0.0045));
#6079=CARTESIAN_POINT('',(-0.138821778297424,-0.180977818634361,0.0045));
#6080=CARTESIAN_POINT('',(-0.138821778297424,-0.180977818634361,0.00325));
#6081=CARTESIAN_POINT('',(-0.138821778297424,-0.188477818634361,0.00474948115447573));
#6082=CARTESIAN_POINT('',(-0.141321778297424,-0.100558980397142,0.0065));
#6083=CARTESIAN_POINT('',(-0.0573217782974243,-0.100558980397142,0.0065));
#6084=CARTESIAN_POINT('',(-0.0764467782974243,-0.163727818634361,0.0045));
#6085=CARTESIAN_POINT('',(-0.0764467782974243,-0.163727818634361,0.0045));
#6086=CARTESIAN_POINT('',(-0.0980717782974243,-0.163727818634361,0.00415));
#6087=CARTESIAN_POINT('',(-0.0814467782974243,-0.163727818634361,0.00478160928224935));
#6088=CARTESIAN_POINT('',(-0.119696778297424,-0.163727818634361,0.0045));
#6089=CARTESIAN_POINT('',(-0.119696778297424,-0.163727818634361,0.0045));
#6090=CARTESIAN_POINT('',(-0.0980717782974243,-0.163727818634361,0.00415));
#6091=CARTESIAN_POINT('',(-0.124696778297424,-0.163727818634361,0.00478160928224935));
#6092=CARTESIAN_POINT('',(-0.0985518490149884,-0.160977818634361,0.0065));
#6093=CARTESIAN_POINT('',(-0.0985518490149884,-0.160977818634361,0.0065));
#6094=CARTESIAN_POINT('',(-0.119691826919069,-0.204227811629737,0.00478160928224935));
#6095=CARTESIAN_POINT('',(-0.0985509351033373,-0.201477816013659,0.0065));
#6096=CARTESIAN_POINT('',(-0.0872543269201603,-0.204227713712733,0.00478160928224938));
#6097=MECHANICAL_DESIGN_GEOMETRIC_PRESENTATION_REPRESENTATION('',(#2012),#6098);
#6098=(
GEOMETRIC_REPRESENTATION_CONTEXT(3)
GLOBAL_UNCERTAINTY_ASSIGNED_CONTEXT((#6099))
GLOBAL_UNIT_ASSIGNED_CONTEXT((#6102,#6101,#6100))
REPRESENTATION_CONTEXT('CaseBattHolder','TOP_LEVEL_ASSEMBLY_PART')
);
#6099=UNCERTAINTY_MEASURE_WITH_UNIT(LENGTH_MEASURE(2.02411135400677E-05),#6102,'DISTANCE_ACCURACY_VALUE','Maximum Tolerance applied to model');
#6100=(
NAMED_UNIT(*)
SI_UNIT($,.STERADIAN.)
SOLID_ANGLE_UNIT()
);
#6101=(
NAMED_UNIT(*)
PLANE_ANGLE_UNIT()
SI_UNIT($,.RADIAN.)
);
#6102=(
LENGTH_UNIT()
NAMED_UNIT(*)
SI_UNIT($,.METRE.)
);
#6103=PRODUCT_DEFINITION_SHAPE('','',#6104);
#6104=PRODUCT_DEFINITION('','',#6106,#6105);
#6105=PRODUCT_DEFINITION_CONTEXT('',#6112,'design');
#6106=PRODUCT_DEFINITION_FORMATION_WITH_SPECIFIED_SOURCE('','',#6108,.NOT_KNOWN.);
#6107=PRODUCT_RELATED_PRODUCT_CATEGORY('','',(#6108));
#6108=PRODUCT('CaseBattHolder','CaseBattHolder','CaseBattHolder',(#6110));
#6109=PRODUCT_CATEGORY('','');
#6110=PRODUCT_CONTEXT('',#6112,'mechanical');
#6111=APPLICATION_PROTOCOL_DEFINITION('international standard','ap242_managed_model_based_3d_engineering',2020,#6112);
#6112=APPLICATION_CONTEXT('managed model based 3d engineering');
#6113=COMPOSITE_SHAPE_ASPECT('hole_callout.FTOgrZjlvhiump4_380.JVD.2',$,#6103,$);
#6114=SHAPE_ASPECT('hole_callout.FTOgrZjlvhiump4_380.JVD.2',$,#6103,.T.);
#6115=GEOMETRIC_ITEM_SPECIFIC_USAGE('','',#6114,#11,#1926);
#6116=SHAPE_ASPECT_RELATIONSHIP('','',#6113,#6114);
#6117=SHAPE_ASPECT('hole_callout.FTOgrZjlvhiump4_380.JVD.2',$,#6103,.T.);
#6118=GEOMETRIC_ITEM_SPECIFIC_USAGE('','',#6117,#11,#1925);
#6119=SHAPE_ASPECT_RELATIONSHIP('','',#6113,#6117);
#6120=SHAPE_ASPECT('hole_callout.FTOgrZjlvhiump4_380.JVD.2',$,#6103,.T.);
#6121=GEOMETRIC_ITEM_SPECIFIC_USAGE('','',#6120,#11,#1920);
#6122=SHAPE_ASPECT_RELATIONSHIP('','',#6113,#6120);
#6123=SHAPE_ASPECT('hole_callout.FTOgrZjlvhiump4_380.JVD.2',$,#6103,.T.);
#6124=GEOMETRIC_ITEM_SPECIFIC_USAGE('','',#6123,#11,#1919);
#6125=SHAPE_ASPECT_RELATIONSHIP('','',#6113,#6123);
#6126=SHAPE_ASPECT('hole_callout.FTOgrZjlvhiump4_380.JVD.2',$,#6103,.T.);
#6127=GEOMETRIC_ITEM_SPECIFIC_USAGE('','',#6126,#11,#1924);
#6128=SHAPE_ASPECT_RELATIONSHIP('','',#6113,#6126);
#6129=SHAPE_ASPECT('hole_callout.FTOgrZjlvhiump4_380.JVD.2',$,#6103,.T.);
#6130=GEOMETRIC_ITEM_SPECIFIC_USAGE('','',#6129,#11,#1923);
#6131=SHAPE_ASPECT_RELATIONSHIP('','',#6113,#6129);
#6132=SHAPE_ASPECT('hole_callout.FTOgrZjlvhiump4_380.JVD.2',$,#6103,.T.);
#6133=GEOMETRIC_ITEM_SPECIFIC_USAGE('','',#6132,#11,#1922);
#6134=SHAPE_ASPECT_RELATIONSHIP('','',#6113,#6132);
#6135=SHAPE_ASPECT('hole_callout.FTOgrZjlvhiump4_380.JVD.2',$,#6103,.T.);
#6136=GEOMETRIC_ITEM_SPECIFIC_USAGE('','',#6135,#11,#1921);
#6137=SHAPE_ASPECT_RELATIONSHIP('','',#6113,#6135);
#6138=DIMENSIONAL_SIZE(#6113,'depth');
#6139=(
LENGTH_UNIT()
NAMED_UNIT(*)
SI_UNIT(.MILLI.,.METRE.)
);
#6141=PRECISION_QUALIFIER(3);
#6140=(
LENGTH_MEASURE_WITH_UNIT()
MEASURE_REPRESENTATION_ITEM()
MEASURE_WITH_UNIT(POSITIVE_LENGTH_MEASURE(4.),#6139)
QUALIFIED_REPRESENTATION_ITEM((#6141))
REPRESENTATION_ITEM('nominal value')
);
#6142=COMPOUND_REPRESENTATION_ITEM('modifiers',SET_REPRESENTATION_ITEM((#6143)));
#6143=DESCRIPTIVE_REPRESENTATION_ITEM('dimensional note','depth');
#6144=SHAPE_DIMENSION_REPRESENTATION('',(#6140,#6142),#6098);
#6145=DIMENSIONAL_CHARACTERISTIC_REPRESENTATION(#6138,#6144);
#6146=DIMENSIONAL_SIZE(#6113,'diameter');
#6147=(
LENGTH_UNIT()
NAMED_UNIT(*)
SI_UNIT(.MILLI.,.METRE.)
);
#6149=PRECISION_QUALIFIER(3);
#6148=(
LENGTH_MEASURE_WITH_UNIT()
MEASURE_REPRESENTATION_ITEM()
MEASURE_WITH_UNIT(POSITIVE_LENGTH_MEASURE(3.65),#6147)
QUALIFIED_REPRESENTATION_ITEM((#6149))
REPRESENTATION_ITEM('nominal value')
);
#6150=COMPOUND_REPRESENTATION_ITEM('modifiers',SET_REPRESENTATION_ITEM((#6151)));
#6151=DESCRIPTIVE_REPRESENTATION_ITEM('dimensional note','diameter');
#6152=SHAPE_DIMENSION_REPRESENTATION('',(#6148,#6150),#6098);
#6153=DIMENSIONAL_CHARACTERISTIC_REPRESENTATION(#6146,#6152);
#6154=PRESENTATION_STYLE_ASSIGNMENT((NULL_STYLE(.NULL.)));
#6155=CARTESIAN_POINT('',(-0.0673668267260157,-0.16866886380601,-0.0175));
#6156=DIRECTION('',(0.,0.,-1.));
#6157=DIRECTION('',(1.,0.,0.));
#6158=AXIS2_PLACEMENT_3D('',#6155,#6156,#6157);
#6159=PLANE('',#6158);
#6160=ANNOTATION_PLANE('',(#6154),#6159,(#6187));
#6161=CARTESIAN_POINT('',(0.,0.,0.));
#6162=DIRECTION('',(0.,0.,1.));
#6163=DIRECTION('',(1.,0.,0.));
#6164=AXIS2_PLACEMENT_3D('',#6161,#6162,#6163);
#6165=CARTESIAN_POINT('',(0.,0.,0.));
#6166=DIRECTION('',(0.,0.,1.));
#6167=DIRECTION('',(1.,0.,0.));
#6168=AXIS2_PLACEMENT_3D('',#6165,#6166,#6167);
#6169=SHAPE_REPRESENTATION('',(#6168,#2020),#6098);
#6170=REPRESENTATION_MAP(#6164,#6169);
#6171=MAPPED_ITEM('',#6170,#6164);
#6172=PRESENTATION_STYLE_ASSIGNMENT((NULL_STYLE(.NULL.)));
#6173=STYLED_ITEM('',(#6172),#6171);
#6174=DRAUGHTING_MODEL('',(#6160,#6164,#6171,#6173),#6098);
#6175=DRAUGHTING_PRE_DEFINED_CURVE_FONT('continuous');
#6176=COLOUR_RGB('',0.,0.,0.);
#6177=CURVE_STYLE('',#6175,POSITIVE_LENGTH_MEASURE(0.02),#6176);
#6178=PRESENTATION_STYLE_ASSIGNMENT((#6177));
#6179=COORDINATES_LIST('coordinates',2226,((-0.0660764,-0.1699593,-0.0175000),(-0.0646621,-0.1727878,-0.0175000),(-0.0632479,-0.1713735,-0.0175000),(-0.0543853,-0.1781181,-0.0175000),(-0.0542883,-0.1780774,-0.0175000),(-0.0541903,-0.1780421,-0.0175000),(-0.0543853,-0.1781181,-0.0175000),(-0.0541903,-0.1780421,-0.0175000),(-0.0540913,-0.1780123,-0.0175000),(-0.0543853,-0.1781181,-0.0175000),(-0.0540913,-0.1780123,-0.0175000),(-0.0539914,-0.1779879,-0.0175000),(-0.0543853,-0.1781181,-0.0175000),(-0.0539914,-0.1779879,-0.0175000),(-0.0538905,-0.1779689,-0.0175000),(-0.0543853,-0.1781181,-0.0175000),(-0.0538905,-0.1779689,-0.0175000),(-0.0537886,-0.1779553,-0.0175000),(-0.0543853,-0.1781181,-0.0175000),(-0.0537886,-0.1779553,-0.0175000),(-0.0536858,-0.1779472,-0.0175000),(-0.0543853,-0.1781181,-0.0175000),(-0.0536858,-0.1779472,-0.0175000),(-0.0535821,-0.1779445,-0.0175000),(-0.0543853,-0.1781181,-0.0175000),(-0.0535821,-0.1779445,-0.0175000),(-0.0534463,-0.1779488,-0.0175000),(-0.0543853,-0.1781181,-0.0175000),(-0.0534463,-0.1779488,-0.0175000),(-0.0533130,-0.1779618,-0.0175000),(-0.0543853,-0.1781181,-0.0175000),(-0.0533130,-0.1779618,-0.0175000),(-0.0531824,-0.1779833,-0.0175000),(-0.0543853,-0.1781181,-0.0175000),(-0.0531824,-0.1779833,-0.0175000),(-0.0530542,-0.1780136,-0.0175000),(-0.0543853,-0.1781181,-0.0175000),(-0.0530542,-0.1780136,-0.0175000),(-0.0529286,-0.1780524,-0.0175000),(-0.0543853,-0.1781181,-0.0175000),(-0.0529286,-0.1780524,-0.0175000),(-0.0528056,-0.1780999,-0.0175000),(-0.0543853,-0.1781181,-0.0175000),(-0.0528056,-0.1780999,-0.0175000),(-0.0526851,-0.1781560,-0.0175000),(-0.0543853,-0.1781181,-0.0175000),(-0.0526851,-0.1781560,-0.0175000),(-0.0525671,-0.1782207,-0.0175000),(-0.0543853,-0.1781181,-0.0175000),(-0.0525671,-0.1782207,-0.0175000),(-0.0524535,-0.1782931,-0.0175000),(-0.0543853,-0.1781181,-0.0175000),(-0.0524535,-0.1782931,-0.0175000),(-0.0523462,-0.1783717,-0.0175000),(-0.0543853,-0.1781181,-0.0175000),(-0.0523462,-0.1783717,-0.0175000),(-0.0522451,-0.1784564,-0.0175000),(-0.0543853,-0.1781181,-0.0175000),(-0.0522451,-0.1784564,-0.0175000),(-0.0521501,-0.1785472,-0.0175000),(-0.0543853,-0.1781181,-0.0175000),(-0.0521501,-0.1785472,-0.0175000),(-0.0520614,-0.1786442,-0.0175000),(-0.0520614,-0.1786442,-0.0175000),(-0.0519789,-0.1787474,-0.0175000),(-0.0519027,-0.1788567,-0.0175000),(-0.0520614,-0.1786442,-0.0175000),(-0.0519027,-0.1788567,-0.0175000),(-0.0518326,-0.1789721,-0.0175000),(-0.0520614,-0.1786442,-0.0175000),(-0.0518326,-0.1789721,-0.0175000),(-0.0517696,-0.1790919,-0.0175000),(-0.0520614,-0.1786442,-0.0175000),(-0.0517696,-0.1790919,-0.0175000),(-0.0517150,-0.1792142,-0.0175000),(-0.0520614,-0.1786442,-0.0175000),(-0.0517150,-0.1792142,-0.0175000),(-0.0516688,-0.1793389,-0.0175000),(-0.0520614,-0.1786442,-0.0175000),(-0.0516688,-0.1793389,-0.0175000),(-0.0516310,-0.1794661,-0.0175000),(-0.0520614,-0.1786442,-0.0175000),(-0.0516310,-0.1794661,-0.0175000),(-0.0516016,-0.1795958,-0.0175000),(-0.0520614,-0.1786442,-0.0175000),(-0.0516016,-0.1795958,-0.0175000),(-0.0515806,-0.1797280,-0.0175000),(-0.0520614,-0.1786442,-0.0175000),(-0.0515806,-0.1797280,-0.0175000),(-0.0515680,-0.1798626,-0.0175000),(-0.0520614,-0.1786442,-0.0175000),(-0.0515680,-0.1798626,-0.0175000),(-0.0515638,-0.1799998,-0.0175000),(-0.0520614,-0.1786442,-0.0175000),(-0.0515638,-0.1799998,-0.0175000),(-0.0515680,-0.1801314,-0.0175000),(-0.0520614,-0.1786442,-0.0175000),(-0.0515680,-0.1801314,-0.0175000),(-0.0515806,-0.1802623,-0.0175000),(-0.0520614,-0.1786442,-0.0175000),(-0.0515806,-0.1802623,-0.0175000),(-0.0516016,-0.1803923,-0.0175000),(-0.0520614,-0.1786442,-0.0175000),(-0.0516016,-0.1803923,-0.0175000),(-0.0516310,-0.1805215,-0.0175000),(-0.0520614,-0.1786442,-0.0175000),(-0.0516310,-0.1805215,-0.0175000),(-0.0516688,-0.1806500,-0.0175000),(-0.0520614,-0.1786442,-0.0175000),(-0.0516688,-0.1806500,-0.0175000),(-0.0517150,-0.1807777,-0.0175000),(-0.0517150,-0.1807777,-0.0175000),(-0.0521068,-0.1806362,-0.0175000),(-0.0520702,-0.1805383,-0.0175000),(-0.0517150,-0.1807777,-0.0175000),(-0.0520702,-0.1805383,-0.0175000),(-0.0520403,-0.1804371,-0.0175000),(-0.0517150,-0.1807777,-0.0175000),(-0.0520403,-0.1804371,-0.0175000),(-0.0520171,-0.1803327,-0.0175000),(-0.0517150,-0.1807777,-0.0175000),(-0.0520171,-0.1803327,-0.0175000),(-0.0520004,-0.1802250,-0.0175000),(-0.0517150,-0.1807777,-0.0175000),(-0.0520004,-0.1802250,-0.0175000),(-0.0519905,-0.1801140,-0.0175000),(-0.0517150,-0.1807777,-0.0175000),(-0.0519905,-0.1801140,-0.0175000),(-0.0519871,-0.1799998,-0.0175000),(-0.0517150,-0.1807777,-0.0175000),(-0.0519871,-0.1799998,-0.0175000),(-0.0519905,-0.1798898,-0.0175000),(-0.0520614,-0.1786442,-0.0175000),(-0.0517150,-0.1807777,-0.0175000),(-0.0519905,-0.1798898,-0.0175000),(-0.0520614,-0.1786442,-0.0175000),(-0.0519905,-0.1798898,-0.0175000),(-0.0520006,-0.1797819,-0.0175000),(-0.0520614,-0.1786442,-0.0175000),(-0.0520006,-0.1797819,-0.0175000),(-0.0520174,-0.1796762,-0.0175000),(-0.0520614,-0.1786442,-0.0175000),(-0.0520174,-0.1796762,-0.0175000),(-0.0520409,-0.1795727,-0.0175000),(-0.0520614,-0.1786442,-0.0175000),(-0.0520409,-0.1795727,-0.0175000),(-0.0520711,-0.1794714,-0.0175000),(-0.0520614,-0.1786442,-0.0175000),(-0.0520711,-0.1794714,-0.0175000),(-0.0521080,-0.1793723,-0.0175000),(-0.0520614,-0.1786442,-0.0175000),(-0.0521080,-0.1793723,-0.0175000),(-0.0521516,-0.1792754,-0.0175000),(-0.0520614,-0.1786442,-0.0175000),(-0.0521516,-0.1792754,-0.0175000),(-0.0522020,-0.1791806,-0.0175000),(-0.0520614,-0.1786442,-0.0175000),(-0.0522020,-0.1791806,-0.0175000),(-0.0522578,-0.1790894,-0.0175000),(-0.0520614,-0.1786442,-0.0175000),(-0.0522578,-0.1790894,-0.0175000),(-0.0523185,-0.1790031,-0.0175000),(-0.0520614,-0.1786442,-0.0175000),(-0.0523185,-0.1790031,-0.0175000),(-0.0523839,-0.1789217,-0.0175000),(-0.0520614,-0.1786442,-0.0175000),(-0.0523839,-0.1789217,-0.0175000),(-0.0524541,-0.1788451,-0.0175000),(-0.0520614,-0.1786442,-0.0175000),(-0.0524541,-0.1788451,-0.0175000),(-0.0525292,-0.1787735,-0.0175000),(-0.0520614,-0.1786442,-0.0175000),(-0.0525292,-0.1787735,-0.0175000),(-0.0526090,-0.1787068,-0.0175000),(-0.0520614,-0.1786442,-0.0175000),(-0.0526090,-0.1787068,-0.0175000),(-0.0526936,-0.1786449,-0.0175000),(-0.0520614,-0.1786442,-0.0175000),(-0.0526936,-0.1786449,-0.0175000),(-0.0527830,-0.1785880,-0.0175000),(-0.0520614,-0.1786442,-0.0175000),(-0.0527830,-0.1785880,-0.0175000),(-0.0528756,-0.1785369,-0.0175000),(-0.0520614,-0.1786442,-0.0175000),(-0.0528756,-0.1785369,-0.0175000),(-0.0529703,-0.1784926,-0.0175000),(-0.0520614,-0.1786442,-0.0175000),(-0.0529703,-0.1784926,-0.0175000),(-0.0530670,-0.1784551,-0.0175000),(-0.0520614,-0.1786442,-0.0175000),(-0.0530670,-0.1784551,-0.0175000),(-0.0531659,-0.1784245,-0.0175000),(-0.0543853,-0.1781181,-0.0175000),(-0.0520614,-0.1786442,-0.0175000),(-0.0531659,-0.1784245,-0.0175000),(-0.0543853,-0.1781181,-0.0175000),(-0.0531659,-0.1784245,-0.0175000),(-0.0532668,-0.1784006,-0.0175000),(-0.0543853,-0.1781181,-0.0175000),(-0.0532668,-0.1784006,-0.0175000),(-0.0533698,-0.1783836,-0.0175000),(-0.0543853,-0.1781181,-0.0175000),(-0.0533698,-0.1783836,-0.0175000),(-0.0534749,-0.1783734,-0.0175000),(-0.0543853,-0.1781181,-0.0175000),(-0.0534749,-0.1783734,-0.0175000),(-0.0535821,-0.1783700,-0.0175000),(-0.0543853,-0.1781181,-0.0175000),(-0.0535821,-0.1783700,-0.0175000),(-0.0537356,-0.1783770,-0.0175000),(-0.0543853,-0.1781181,-0.0175000),(-0.0537356,-0.1783770,-0.0175000),(-0.0538853,-0.1783983,-0.0175000),(-0.0543853,-0.1781181,-0.0175000),(-0.0538853,-0.1783983,-0.0175000),(-0.0540309,-0.1784336,-0.0175000),(-0.0543853,-0.1781181,-0.0175000),(-0.0540309,-0.1784336,-0.0175000),(-0.0541726,-0.1784832,-0.0175000),(-0.0543853,-0.1781181,-0.0175000),(-0.0541726,-0.1784832,-0.0175000),(-0.0525756,-0.1812666,-0.0175000),(-0.0549462,-0.1771433,-0.0175000),(-0.0543853,-0.1781181,-0.0175000),(-0.0525756,-0.1812666,-0.0175000),(-0.0521500,-0.1807308,-0.0175000),(-0.0521068,-0.1806362,-0.0175000),(-0.0517150,-0.1807777,-0.0175000),(-0.0521999,-0.1808221,-0.0175000),(-0.0521500,-0.1807308,-0.0175000),(-0.0517150,-0.1807777,-0.0175000),(-0.0522678,-0.1809261,-0.0175000),(-0.0521999,-0.1808221,-0.0175000),(-0.0517150,-0.1807777,-0.0175000),(-0.0523531,-0.1810348,-0.0175000),(-0.0522678,-0.1809261,-0.0175000),(-0.0517150,-0.1807777,-0.0175000),(-0.0524022,-0.1810910,-0.0175000),(-0.0523531,-0.1810348,-0.0175000),(-0.0517150,-0.1807777,-0.0175000),(-0.0524557,-0.1811483,-0.0175000),(-0.0524022,-0.1810910,-0.0175000),(-0.0517150,-0.1807777,-0.0175000),(-0.0525135,-0.1812069,-0.0175000),(-0.0524557,-0.1811483,-0.0175000),(-0.0517150,-0.1807777,-0.0175000),(-0.0525756,-0.1812666,-0.0175000),(-0.0525135,-0.1812069,-0.0175000),(-0.0517150,-0.1807777,-0.0175000),(-0.0525756,-0.1812666,-0.0175000),(-0.0517150,-0.1807777,-0.0175000),(-0.0517696,-0.1809045,-0.0175000),(-0.0525756,-0.1812666,-0.0175000),(-0.0517696,-0.1809045,-0.0175000),(-0.0518326,-0.1810306,-0.0175000),(-0.0525756,-0.1812666,-0.0175000),(-0.0518326,-0.1810306,-0.0175000),(-0.0518828,-0.1811173,-0.0175000),(-0.0525756,-0.1812666,-0.0175000),(-0.0518828,-0.1811173,-0.0175000),(-0.0519376,-0.1812007,-0.0175000),(-0.0525756,-0.1812666,-0.0175000),(-0.0519376,-0.1812007,-0.0175000),(-0.0519970,-0.1812808,-0.0175000),(-0.0525756,-0.1812666,-0.0175000),(-0.0519970,-0.1812808,-0.0175000),(-0.0520610,-0.1813576,-0.0175000),(-0.0525756,-0.1812666,-0.0175000),(-0.0520610,-0.1813576,-0.0175000),(-0.0521295,-0.1814311,-0.0175000),(-0.0525756,-0.1812666,-0.0175000),(-0.0521295,-0.1814311,-0.0175000),(-0.0522027,-0.1815013,-0.0175000),(-0.0525756,-0.1812666,-0.0175000),(-0.0522027,-0.1815013,-0.0175000),(-0.0522805,-0.1815682,-0.0175000),(-0.0525756,-0.1812666,-0.0175000),(-0.0522805,-0.1815682,-0.0175000),(-0.0523629,-0.1816317,-0.0175000),(-0.0525756,-0.1812666,-0.0175000),(-0.0523629,-0.1816317,-0.0175000),(-0.0518210,-0.1825842,-0.0175000),(-0.0549462,-0.1771433,-0.0175000),(-0.0525756,-0.1812666,-0.0175000),(-0.0518210,-0.1825842,-0.0175000),(-0.0549462,-0.1771433,-0.0175000),(-0.0518210,-0.1825842,-0.0175000),(-0.0517924,-0.1826880,-0.0175000),(-0.0549462,-0.1771433,-0.0175000),(-0.0517924,-0.1826880,-0.0175000),(-0.0517998,-0.1827483,-0.0175000),(-0.0549462,-0.1771433,-0.0175000),(-0.0517998,-0.1827483,-0.0175000),(-0.0518385,-0.1828234,-0.0175000),(-0.0549462,-0.1771433,-0.0175000),(-0.0518385,-0.1828234,-0.0175000),(-0.0519035,-0.1828774,-0.0175000),(-0.0549462,-0.1771433,-0.0175000),(-0.0519035,-0.1828774,-0.0175000),(-0.0520062,-0.1829081,-0.0175000),(-0.0549462,-0.1771433,-0.0175000),(-0.0520062,-0.1829081,-0.0175000),(-0.0520665,-0.1829007,-0.0175000),(-0.0549462,-0.1771433,-0.0175000),(-0.0520665,-0.1829007,-0.0175000),(-0.0521422,-0.1828620,-0.0175000),(-0.0549462,-0.1771433,-0.0175000),(-0.0521422,-0.1828620,-0.0175000),(-0.0521978,-0.1827970,-0.0175000),(-0.0549462,-0.1771433,-0.0175000),(-0.0521978,-0.1827970,-0.0175000),(-0.0527333,-0.1818688,-0.0175000),(-0.0527333,-0.1818688,-0.0175000),(-0.0528339,-0.1819132,-0.0175000),(-0.0529378,-0.1819517,-0.0175000),(-0.0527333,-0.1818688,-0.0175000),(-0.0529378,-0.1819517,-0.0175000),(-0.0530450,-0.1819842,-0.0175000),(-0.0527333,-0.1818688,-0.0175000),(-0.0530450,-0.1819842,-0.0175000),(-0.0531555,-0.1820109,-0.0175000),(-0.0527333,-0.1818688,-0.0175000),(-0.0531555,-0.1820109,-0.0175000),(-0.0532694,-0.1820316,-0.0175000),(-0.0527333,-0.1818688,-0.0175000),(-0.0532694,-0.1820316,-0.0175000),(-0.0533865,-0.1820464,-0.0175000),(-0.0527333,-0.1818688,-0.0175000),(-0.0533865,-0.1820464,-0.0175000),(-0.0535070,-0.1820553,-0.0175000),(-0.0527333,-0.1818688,-0.0175000),(-0.0535070,-0.1820553,-0.0175000),(-0.0536307,-0.1820582,-0.0175000),(-0.0527333,-0.1818688,-0.0175000),(-0.0536307,-0.1820582,-0.0175000),(-0.0537553,-0.1820539,-0.0175000),(-0.0527333,-0.1818688,-0.0175000),(-0.0537553,-0.1820539,-0.0175000),(-0.0538789,-0.1820409,-0.0175000),(-0.0527333,-0.1818688,-0.0175000),(-0.0538789,-0.1820409,-0.0175000),(-0.0540013,-0.1820192,-0.0175000),(-0.0527333,-0.1818688,-0.0175000),(-0.0540013,-0.1820192,-0.0175000),(-0.0541226,-0.1819889,-0.0175000),(-0.0527333,-0.1818688,-0.0175000),(-0.0541226,-0.1819889,-0.0175000),(-0.0542428,-0.1819499,-0.0175000),(-0.0527333,-0.1818688,-0.0175000),(-0.0542428,-0.1819499,-0.0175000),(-0.0543620,-0.1819023,-0.0175000),(-0.0527333,-0.1818688,-0.0175000),(-0.0543620,-0.1819023,-0.0175000),(-0.0544800,-0.1818459,-0.0175000),(-0.0527333,-0.1818688,-0.0175000),(-0.0544800,-0.1818459,-0.0175000),(-0.0545970,-0.1817810,-0.0175000),(-0.0527333,-0.1818688,-0.0175000),(-0.0545970,-0.1817810,-0.0175000),(-0.0547101,-0.1817088,-0.0175000),(-0.0527333,-0.1818688,-0.0175000),(-0.0547101,-0.1817088,-0.0175000),(-0.0548171,-0.1816304,-0.0175000),(-0.0527333,-0.1818688,-0.0175000),(-0.0548171,-0.1816304,-0.0175000),(-0.0549181,-0.1815458,-0.0175000),(-0.0527333,-0.1818688,-0.0175000),(-0.0549181,-0.1815458,-0.0175000),(-0.0550129,-0.1814550,-0.0175000),(-0.0527333,-0.1818688,-0.0175000),(-0.0550129,-0.1814550,-0.0175000),(-0.0551017,-0.1813580,-0.0175000),(-0.0551017,-0.1813580,-0.0175000),(-0.0551844,-0.1812547,-0.0175000),(-0.0552610,-0.1811452,-0.0175000),(-0.0551017,-0.1813580,-0.0175000),(-0.0552610,-0.1811452,-0.0175000),(-0.0553315,-0.1810295,-0.0175000),(-0.0551017,-0.1813580,-0.0175000),(-0.0553315,-0.1810295,-0.0175000),(-0.0553947,-0.1809097,-0.0175000),(-0.0551017,-0.1813580,-0.0175000),(-0.0553947,-0.1809097,-0.0175000),(-0.0554496,-0.1807874,-0.0175000),(-0.0551017,-0.1813580,-0.0175000),(-0.0554496,-0.1807874,-0.0175000),(-0.0554959,-0.1806625,-0.0175000),(-0.0551017,-0.1813580,-0.0175000),(-0.0554959,-0.1806625,-0.0175000),(-0.0555339,-0.1805350,-0.0175000),(-0.0551017,-0.1813580,-0.0175000),(-0.0555339,-0.1805350,-0.0175000),(-0.0555634,-0.1804050,-0.0175000),(-0.0551017,-0.1813580,-0.0175000),(-0.0555634,-0.1804050,-0.0175000),(-0.0555845,-0.1802725,-0.0175000),(-0.0551017,-0.1813580,-0.0175000),(-0.0555845,-0.1802725,-0.0175000),(-0.0555971,-0.1801374,-0.0175000),(-0.0551017,-0.1813580,-0.0175000),(-0.0555971,-0.1801374,-0.0175000),(-0.0556014,-0.1799998,-0.0175000),(-0.0551017,-0.1813580,-0.0175000),(-0.0556014,-0.1799998,-0.0175000),(-0.0555972,-0.1798617,-0.0175000),(-0.0551017,-0.1813580,-0.0175000),(-0.0555972,-0.1798617,-0.0175000),(-0.0555846,-0.1797264,-0.0175000),(-0.0551017,-0.1813580,-0.0175000),(-0.0555846,-0.1797264,-0.0175000),(-0.0555636,-0.1795938,-0.0175000),(-0.0551017,-0.1813580,-0.0175000),(-0.0555636,-0.1795938,-0.0175000),(-0.0555342,-0.1794640,-0.0175000),(-0.0551017,-0.1813580,-0.0175000),(-0.0555342,-0.1794640,-0.0175000),(-0.0554964,-0.1793369,-0.0175000),(-0.0551017,-0.1813580,-0.0175000),(-0.0554964,-0.1793369,-0.0175000),(-0.0554501,-0.1792126,-0.0175000),(-0.0551017,-0.1813580,-0.0175000),(-0.0554501,-0.1792126,-0.0175000),(-0.0553955,-0.1790910,-0.0175000),(-0.0551017,-0.1813580,-0.0175000),(-0.0553955,-0.1790910,-0.0175000),(-0.0553325,-0.1789721,-0.0175000),(-0.0553325,-0.1789721,-0.0175000),(-0.0549642,-0.1791806,-0.0175000),(-0.0550136,-0.1792754,-0.0175000),(-0.0553325,-0.1789721,-0.0175000),(-0.0550136,-0.1792754,-0.0175000),(-0.0550564,-0.1793723,-0.0175000),(-0.0553325,-0.1789721,-0.0175000),(-0.0550564,-0.1793723,-0.0175000),(-0.0550926,-0.1794713,-0.0175000),(-0.0553325,-0.1789721,-0.0175000),(-0.0550926,-0.1794713,-0.0175000),(-0.0551222,-0.1795725,-0.0175000),(-0.0553325,-0.1789721,-0.0175000),(-0.0551222,-0.1795725,-0.0175000),(-0.0551452,-0.1796758,-0.0175000),(-0.0553325,-0.1789721,-0.0175000),(-0.0551452,-0.1796758,-0.0175000),(-0.0551617,-0.1797813,-0.0175000),(-0.0553325,-0.1789721,-0.0175000),(-0.0551617,-0.1797813,-0.0175000),(-0.0551716,-0.1798889,-0.0175000),(-0.0553325,-0.1789721,-0.0175000),(-0.0551716,-0.1798889,-0.0175000),(-0.0551748,-0.1799987,-0.0175000),(-0.0553325,-0.1789721,-0.0175000),(-0.0551748,-0.1799987,-0.0175000),(-0.0551715,-0.1801085,-0.0175000),(-0.0551017,-0.1813580,-0.0175000),(-0.0553325,-0.1789721,-0.0175000),(-0.0551715,-0.1801085,-0.0175000),(-0.0551017,-0.1813580,-0.0175000),(-0.0551715,-0.1801085,-0.0175000),(-0.0551615,-0.1802163,-0.0175000),(-0.0551017,-0.1813580,-0.0175000),(-0.0551615,-0.1802163,-0.0175000),(-0.0551448,-0.1803219,-0.0175000),(-0.0551017,-0.1813580,-0.0175000),(-0.0551448,-0.1803219,-0.0175000),(-0.0551214,-0.1804255,-0.0175000),(-0.0551017,-0.1813580,-0.0175000),(-0.0551214,-0.1804255,-0.0175000),(-0.0550913,-0.1805270,-0.0175000),(-0.0551017,-0.1813580,-0.0175000),(-0.0550913,-0.1805270,-0.0175000),(-0.0550546,-0.1806264,-0.0175000),(-0.0551017,-0.1813580,-0.0175000),(-0.0550546,-0.1806264,-0.0175000),(-0.0550112,-0.1807237,-0.0175000),(-0.0551017,-0.1813580,-0.0175000),(-0.0550112,-0.1807237,-0.0175000),(-0.0549611,-0.1808189,-0.0175000),(-0.0551017,-0.1813580,-0.0175000),(-0.0549611,-0.1808189,-0.0175000),(-0.0549052,-0.1809109,-0.0175000),(-0.0551017,-0.1813580,-0.0175000),(-0.0549052,-0.1809109,-0.0175000),(-0.0548446,-0.1809978,-0.0175000),(-0.0551017,-0.1813580,-0.0175000),(-0.0548446,-0.1809978,-0.0175000),(-0.0547791,-0.1810797,-0.0175000),(-0.0551017,-0.1813580,-0.0175000),(-0.0547791,-0.1810797,-0.0175000),(-0.0547089,-0.1811565,-0.0175000),(-0.0551017,-0.1813580,-0.0175000),(-0.0547089,-0.1811565,-0.0175000),(-0.0546339,-0.1812284,-0.0175000),(-0.0551017,-0.1813580,-0.0175000),(-0.0546339,-0.1812284,-0.0175000),(-0.0545541,-0.1812952,-0.0175000),(-0.0551017,-0.1813580,-0.0175000),(-0.0545541,-0.1812952,-0.0175000),(-0.0544695,-0.1813570,-0.0175000),(-0.0551017,-0.1813580,-0.0175000),(-0.0544695,-0.1813570,-0.0175000),(-0.0543800,-0.1814137,-0.0175000),(-0.0551017,-0.1813580,-0.0175000),(-0.0543800,-0.1814137,-0.0175000),(-0.0542880,-0.1814648,-0.0175000),(-0.0551017,-0.1813580,-0.0175000),(-0.0542880,-0.1814648,-0.0175000),(-0.0541954,-0.1815091,-0.0175000),(-0.0551017,-0.1813580,-0.0175000),(-0.0541954,-0.1815091,-0.0175000),(-0.0541022,-0.1815466,-0.0175000),(-0.0551017,-0.1813580,-0.0175000),(-0.0541022,-0.1815466,-0.0175000),(-0.0540086,-0.1815772,-0.0175000),(-0.0551017,-0.1813580,-0.0175000),(-0.0540086,-0.1815772,-0.0175000),(-0.0539144,-0.1816011,-0.0175000),(-0.0527333,-0.1818688,-0.0175000),(-0.0551017,-0.1813580,-0.0175000),(-0.0539144,-0.1816011,-0.0175000),(-0.0527333,-0.1818688,-0.0175000),(-0.0539144,-0.1816011,-0.0175000),(-0.0538197,-0.1816181,-0.0175000),(-0.0527333,-0.1818688,-0.0175000),(-0.0538197,-0.1816181,-0.0175000),(-0.0537244,-0.1816283,-0.0175000),(-0.0527333,-0.1818688,-0.0175000),(-0.0537244,-0.1816283,-0.0175000),(-0.0536286,-0.1816317,-0.0175000),(-0.0527333,-0.1818688,-0.0175000),(-0.0536286,-0.1816317,-0.0175000),(-0.0536223,-0.1816317,-0.0175000),(-0.0527333,-0.1818688,-0.0175000),(-0.0536223,-0.1816317,-0.0175000),(-0.0535286,-0.1816297,-0.0175000),(-0.0527333,-0.1818688,-0.0175000),(-0.0535286,-0.1816297,-0.0175000),(-0.0534374,-0.1816234,-0.0175000),(-0.0527333,-0.1818688,-0.0175000),(-0.0534374,-0.1816234,-0.0175000),(-0.0533488,-0.1816130,-0.0175000),(-0.0527333,-0.1818688,-0.0175000),(-0.0533488,-0.1816130,-0.0175000),(-0.0532627,-0.1815984,-0.0175000),(-0.0527333,-0.1818688,-0.0175000),(-0.0532627,-0.1815984,-0.0175000),(-0.0531792,-0.1815796,-0.0175000),(-0.0527333,-0.1818688,-0.0175000),(-0.0531792,-0.1815796,-0.0175000),(-0.0530982,-0.1815567,-0.0175000),(-0.0527333,-0.1818688,-0.0175000),(-0.0530982,-0.1815567,-0.0175000),(-0.0530198,-0.1815296,-0.0175000),(-0.0527333,-0.1818688,-0.0175000),(-0.0530198,-0.1815296,-0.0175000),(-0.0529439,-0.1814984,-0.0175000),(-0.0549462,-0.1771433,-0.0175000),(-0.0527333,-0.1818688,-0.0175000),(-0.0529439,-0.1814984,-0.0175000),(-0.0549462,-0.1771433,-0.0175000),(-0.0529439,-0.1814984,-0.0175000),(-0.0545483,-0.1787033,-0.0175000),(-0.0549462,-0.1771433,-0.0175000),(-0.0545483,-0.1787033,-0.0175000),(-0.0546688,-0.1788062,-0.0175000),(-0.0549219,-0.1791114,-0.0175000),(-0.0549642,-0.1791806,-0.0175000),(-0.0553325,-0.1789721,-0.0175000),(-0.0548767,-0.1790448,-0.0175000),(-0.0549219,-0.1791114,-0.0175000),(-0.0553325,-0.1789721,-0.0175000),(-0.0547782,-0.1789200,-0.0175000),(-0.0548767,-0.1790448,-0.0175000),(-0.0553325,-0.1789721,-0.0175000),(-0.0546688,-0.1788062,-0.0175000),(-0.0547782,-0.1789200,-0.0175000),(-0.0553325,-0.1789721,-0.0175000),(-0.0546688,-0.1788062,-0.0175000),(-0.0553325,-0.1789721,-0.0175000),(-0.0552746,-0.1788771,-0.0175000),(-0.0546688,-0.1788062,-0.0175000),(-0.0552746,-0.1788771,-0.0175000),(-0.0552129,-0.1787861,-0.0175000),(-0.0546688,-0.1788062,-0.0175000),(-0.0552129,-0.1787861,-0.0175000),(-0.0551476,-0.1786993,-0.0175000),(-0.0546688,-0.1788062,-0.0175000),(-0.0551476,-0.1786993,-0.0175000),(-0.0550785,-0.1786165,-0.0175000),(-0.0546688,-0.1788062,-0.0175000),(-0.0550785,-0.1786165,-0.0175000),(-0.0550058,-0.1785379,-0.0175000),(-0.0546688,-0.1788062,-0.0175000),(-0.0550058,-0.1785379,-0.0175000),(-0.0549293,-0.1784633,-0.0175000),(-0.0546688,-0.1788062,-0.0175000),(-0.0549293,-0.1784633,-0.0175000),(-0.0548491,-0.1783929,-0.0175000),(-0.0546688,-0.1788062,-0.0175000),(-0.0548491,-0.1783929,-0.0175000),(-0.0547653,-0.1783266,-0.0175000),(-0.0549462,-0.1771433,-0.0175000),(-0.0546688,-0.1788062,-0.0175000),(-0.0547653,-0.1783266,-0.0175000),(-0.0549462,-0.1771433,-0.0175000),(-0.0547653,-0.1783266,-0.0175000),(-0.0553209,-0.1773561,-0.0175000),(-0.0549462,-0.1771433,-0.0175000),(-0.0553209,-0.1773561,-0.0175000),(-0.0553484,-0.1772545,-0.0175000),(-0.0549462,-0.1771433,-0.0175000),(-0.0553484,-0.1772545,-0.0175000),(-0.0553421,-0.1771941,-0.0175000),(-0.0549462,-0.1771433,-0.0175000),(-0.0553421,-0.1771941,-0.0175000),(-0.0553029,-0.1771171,-0.0175000),(-0.0549462,-0.1771433,-0.0175000),(-0.0553029,-0.1771171,-0.0175000),(-0.0552405,-0.1770619,-0.0175000),(-0.0549462,-0.1771433,-0.0175000),(-0.0552405,-0.1770619,-0.0175000),(-0.0551357,-0.1770343,-0.0175000),(-0.0549462,-0.1771433,-0.0175000),(-0.0551357,-0.1770343,-0.0175000),(-0.0550754,-0.1770417,-0.0175000),(-0.0549462,-0.1771433,-0.0175000),(-0.0550754,-0.1770417,-0.0175000),(-0.0550029,-0.1770772,-0.0175000),(-0.0453938,-0.1790599,-0.0175000),(-0.0453884,-0.1791944,-0.0175000),(-0.0453897,-0.1792977,-0.0175000),(-0.0453938,-0.1790599,-0.0175000),(-0.0453897,-0.1792977,-0.0175000),(-0.0453936,-0.1793969,-0.0175000),(-0.0453938,-0.1790599,-0.0175000),(-0.0453936,-0.1793969,-0.0175000),(-0.0454000,-0.1794921,-0.0175000),(-0.0453938,-0.1790599,-0.0175000),(-0.0454000,-0.1794921,-0.0175000),(-0.0454091,-0.1795833,-0.0175000),(-0.0453938,-0.1790599,-0.0175000),(-0.0454091,-0.1795833,-0.0175000),(-0.0454207,-0.1796704,-0.0175000),(-0.0453938,-0.1790599,-0.0175000),(-0.0454207,-0.1796704,-0.0175000),(-0.0454349,-0.1797534,-0.0175000),(-0.0453938,-0.1790599,-0.0175000),(-0.0454349,-0.1797534,-0.0175000),(-0.0454516,-0.1798325,-0.0175000),(-0.0453938,-0.1790599,-0.0175000),(-0.0454516,-0.1798325,-0.0175000),(-0.0454710,-0.1799074,-0.0175000),(-0.0453938,-0.1790599,-0.0175000),(-0.0454710,-0.1799074,-0.0175000),(-0.0455174,-0.1800453,-0.0175000),(-0.0453938,-0.1790599,-0.0175000),(-0.0455174,-0.1800453,-0.0175000),(-0.0455742,-0.1801669,-0.0175000),(-0.0453938,-0.1790599,-0.0175000),(-0.0455742,-0.1801669,-0.0175000),(-0.0456412,-0.1802724,-0.0175000),(-0.0453938,-0.1790599,-0.0175000),(-0.0456412,-0.1802724,-0.0175000),(-0.0457186,-0.1803617,-0.0175000),(-0.0453938,-0.1790599,-0.0175000),(-0.0457186,-0.1803617,-0.0175000),(-0.0457981,-0.1804312,-0.0175000),(-0.0453938,-0.1790599,-0.0175000),(-0.0457981,-0.1804312,-0.0175000),(-0.0458800,-0.1804914,-0.0175000),(-0.0453938,-0.1790599,-0.0175000),(-0.0458800,-0.1804914,-0.0175000),(-0.0459642,-0.1805423,-0.0175000),(-0.0453938,-0.1790599,-0.0175000),(-0.0459642,-0.1805423,-0.0175000),(-0.0460507,-0.1805840,-0.0175000),(-0.0453938,-0.1790599,-0.0175000),(-0.0460507,-0.1805840,-0.0175000),(-0.0461396,-0.1806164,-0.0175000),(-0.0453938,-0.1790599,-0.0175000),(-0.0461396,-0.1806164,-0.0175000),(-0.0462308,-0.1806395,-0.0175000),(-0.0453938,-0.1790599,-0.0175000),(-0.0462308,-0.1806395,-0.0175000),(-0.0463244,-0.1806534,-0.0175000),(-0.0463244,-0.1806534,-0.0175000),(-0.0464203,-0.1806581,-0.0175000),(-0.0465090,-0.1806545,-0.0175000),(-0.0463244,-0.1806534,-0.0175000),(-0.0465090,-0.1806545,-0.0175000),(-0.0465944,-0.1806438,-0.0175000),(-0.0463244,-0.1806534,-0.0175000),(-0.0465944,-0.1806438,-0.0175000),(-0.0466767,-0.1806261,-0.0175000),(-0.0463244,-0.1806534,-0.0175000),(-0.0466767,-0.1806261,-0.0175000),(-0.0467558,-0.1806012,-0.0175000),(-0.0463244,-0.1806534,-0.0175000),(-0.0467558,-0.1806012,-0.0175000),(-0.0468317,-0.1805692,-0.0175000),(-0.0463244,-0.1806534,-0.0175000),(-0.0468317,-0.1805692,-0.0175000),(-0.0469045,-0.1805301,-0.0175000),(-0.0463244,-0.1806534,-0.0175000),(-0.0469045,-0.1805301,-0.0175000),(-0.0469741,-0.1804839,-0.0175000),(-0.0463244,-0.1806534,-0.0175000),(-0.0469741,-0.1804839,-0.0175000),(-0.0470405,-0.1804305,-0.0175000),(-0.0459295,-0.1813314,-0.0175000),(-0.0458626,-0.1811925,-0.0175000),(-0.0457795,-0.1810973,-0.0175000),(-0.0459295,-0.1813314,-0.0175000),(-0.0457795,-0.1810973,-0.0175000),(-0.0456636,-0.1810444,-0.0175000),(-0.0460245,-0.1814518,-0.0175000),(-0.0459295,-0.1813314,-0.0175000),(-0.0456636,-0.1810444,-0.0175000),(-0.0460245,-0.1814518,-0.0175000),(-0.0456636,-0.1810444,-0.0175000),(-0.0455876,-0.1810759,-0.0175000),(-0.0460245,-0.1814518,-0.0175000),(-0.0455876,-0.1810759,-0.0175000),(-0.0455268,-0.1811219,-0.0175000),(-0.0461176,-0.1815305,-0.0175000),(-0.0460245,-0.1814518,-0.0175000),(-0.0455268,-0.1811219,-0.0175000),(-0.0461176,-0.1815305,-0.0175000),(-0.0455268,-0.1811219,-0.0175000),(-0.0454509,-0.1812571,-0.0175000),(-0.0462158,-0.1815868,-0.0175000),(-0.0461176,-0.1815305,-0.0175000),(-0.0454509,-0.1812571,-0.0175000),(-0.0462158,-0.1815868,-0.0175000),(-0.0454509,-0.1812571,-0.0175000),(-0.0454572,-0.1813312,-0.0175000),(-0.0462158,-0.1815868,-0.0175000),(-0.0454572,-0.1813312,-0.0175000),(-0.0455063,-0.1814480,-0.0175000),(-0.0463192,-0.1816205,-0.0175000),(-0.0462158,-0.1815868,-0.0175000),(-0.0455063,-0.1814480,-0.0175000),(-0.0463192,-0.1816205,-0.0175000),(-0.0455063,-0.1814480,-0.0175000),(-0.0455678,-0.1815571,-0.0175000),(-0.0464277,-0.1816317,-0.0175000),(-0.0463192,-0.1816205,-0.0175000),(-0.0455678,-0.1815571,-0.0175000),(-0.0464277,-0.1816317,-0.0175000),(-0.0455678,-0.1815571,-0.0175000),(-0.0456418,-0.1816586,-0.0175000),(-0.0464277,-0.1816317,-0.0175000),(-0.0456418,-0.1816586,-0.0175000),(-0.0457282,-0.1817524,-0.0175000),(-0.0465230,-0.1816198,-0.0175000),(-0.0464277,-0.1816317,-0.0175000),(-0.0457282,-0.1817524,-0.0175000),(-0.0465230,-0.1816198,-0.0175000),(-0.0457282,-0.1817524,-0.0175000),(-0.0458048,-0.1818241,-0.0175000),(-0.0465230,-0.1816198,-0.0175000),(-0.0458048,-0.1818241,-0.0175000),(-0.0458846,-0.1818862,-0.0175000),(-0.0466238,-0.1815838,-0.0175000),(-0.0465230,-0.1816198,-0.0175000),(-0.0458846,-0.1818862,-0.0175000),(-0.0466238,-0.1815838,-0.0175000),(-0.0458846,-0.1818862,-0.0175000),(-0.0459674,-0.1819388,-0.0175000),(-0.0466238,-0.1815838,-0.0175000),(-0.0459674,-0.1819388,-0.0175000),(-0.0460533,-0.1819818,-0.0175000),(-0.0467299,-0.1815240,-0.0175000),(-0.0466238,-0.1815838,-0.0175000),(-0.0460533,-0.1819818,-0.0175000),(-0.0467299,-0.1815240,-0.0175000),(-0.0460533,-0.1819818,-0.0175000),(-0.0461423,-0.1820152,-0.0175000),(-0.0468415,-0.1814402,-0.0175000),(-0.0467299,-0.1815240,-0.0175000),(-0.0461423,-0.1820152,-0.0175000),(-0.0468415,-0.1814402,-0.0175000),(-0.0461423,-0.1820152,-0.0175000),(-0.0462344,-0.1820391,-0.0175000),(-0.0468415,-0.1814402,-0.0175000),(-0.0462344,-0.1820391,-0.0175000),(-0.0463295,-0.1820535,-0.0175000),(-0.0469286,-0.1813439,-0.0175000),(-0.0468415,-0.1814402,-0.0175000),(-0.0463295,-0.1820535,-0.0175000),(-0.0469286,-0.1813439,-0.0175000),(-0.0463295,-0.1820535,-0.0175000),(-0.0464277,-0.1820582,-0.0175000),(-0.0469286,-0.1813439,-0.0175000),(-0.0464277,-0.1820582,-0.0175000),(-0.0465129,-0.1820536,-0.0175000),(-0.0469286,-0.1813439,-0.0175000),(-0.0465129,-0.1820536,-0.0175000),(-0.0465984,-0.1820399,-0.0175000),(-0.0469908,-0.1812169,-0.0175000),(-0.0469286,-0.1813439,-0.0175000),(-0.0465984,-0.1820399,-0.0175000),(-0.0469908,-0.1812169,-0.0175000),(-0.0465984,-0.1820399,-0.0175000),(-0.0466843,-0.1820169,-0.0175000),(-0.0469908,-0.1812169,-0.0175000),(-0.0466843,-0.1820169,-0.0175000),(-0.0467706,-0.1819847,-0.0175000),(-0.0470125,-0.1811419,-0.0175000),(-0.0469908,-0.1812169,-0.0175000),(-0.0467706,-0.1819847,-0.0175000),(-0.0470125,-0.1811419,-0.0175000),(-0.0467706,-0.1819847,-0.0175000),(-0.0468573,-0.1819433,-0.0175000),(-0.0470125,-0.1811419,-0.0175000),(-0.0468573,-0.1819433,-0.0175000),(-0.0469445,-0.1818927,-0.0175000),(-0.0470281,-0.1810592,-0.0175000),(-0.0470125,-0.1811419,-0.0175000),(-0.0469445,-0.1818927,-0.0175000),(-0.0470374,-0.1809688,-0.0175000),(-0.0470281,-0.1810592,-0.0175000),(-0.0469445,-0.1818927,-0.0175000),(-0.0470374,-0.1809688,-0.0175000),(-0.0469445,-0.1818927,-0.0175000),(-0.0470320,-0.1818330,-0.0175000),(-0.0470405,-0.1808708,-0.0175000),(-0.0470374,-0.1809688,-0.0175000),(-0.0470320,-0.1818330,-0.0175000),(-0.0470405,-0.1808708,-0.0175000),(-0.0470320,-0.1818330,-0.0175000),(-0.0471199,-0.1817640,-0.0175000),(-0.0470405,-0.1804305,-0.0175000),(-0.0470405,-0.1808708,-0.0175000),(-0.0471199,-0.1817640,-0.0175000),(-0.0470405,-0.1804305,-0.0175000),(-0.0471199,-0.1817640,-0.0175000),(-0.0472017,-0.1816875,-0.0175000),(-0.0470405,-0.1804305,-0.0175000),(-0.0472017,-0.1816875,-0.0175000),(-0.0472727,-0.1816014,-0.0175000),(-0.0470405,-0.1804305,-0.0175000),(-0.0472727,-0.1816014,-0.0175000),(-0.0473327,-0.1815056,-0.0175000),(-0.0470405,-0.1804305,-0.0175000),(-0.0473327,-0.1815056,-0.0175000),(-0.0473818,-0.1814002,-0.0175000),(-0.0470405,-0.1804305,-0.0175000),(-0.0473818,-0.1814002,-0.0175000),(-0.0474200,-0.1812852,-0.0175000),(-0.0470405,-0.1804305,-0.0175000),(-0.0474200,-0.1812852,-0.0175000),(-0.0474473,-0.1811606,-0.0175000),(-0.0470405,-0.1804305,-0.0175000),(-0.0474473,-0.1811606,-0.0175000),(-0.0474637,-0.1810263,-0.0175000),(-0.0470405,-0.1804305,-0.0175000),(-0.0474637,-0.1810263,-0.0175000),(-0.0474691,-0.1808824,-0.0175000),(-0.0470405,-0.1804305,-0.0175000),(-0.0474691,-0.1808824,-0.0175000),(-0.0474691,-0.1795627,-0.0175000),(-0.0463244,-0.1806534,-0.0175000),(-0.0470405,-0.1804305,-0.0175000),(-0.0474691,-0.1795627,-0.0175000),(-0.0474691,-0.1795627,-0.0175000),(-0.0470733,-0.1795690,-0.0175000),(-0.0470578,-0.1796943,-0.0175000),(-0.0474691,-0.1795627,-0.0175000),(-0.0470578,-0.1796943,-0.0175000),(-0.0470114,-0.1798172,-0.0175000),(-0.0474691,-0.1795627,-0.0175000),(-0.0470114,-0.1798172,-0.0175000),(-0.0469340,-0.1799377,-0.0175000),(-0.0463244,-0.1806534,-0.0175000),(-0.0474691,-0.1795627,-0.0175000),(-0.0469340,-0.1799377,-0.0175000),(-0.0463244,-0.1806534,-0.0175000),(-0.0469340,-0.1799377,-0.0175000),(-0.0468257,-0.1800559,-0.0175000),(-0.0463244,-0.1806534,-0.0175000),(-0.0468257,-0.1800559,-0.0175000),(-0.0467301,-0.1801337,-0.0175000),(-0.0463244,-0.1806534,-0.0175000),(-0.0467301,-0.1801337,-0.0175000),(-0.0466307,-0.1801892,-0.0175000),(-0.0463244,-0.1806534,-0.0175000),(-0.0466307,-0.1801892,-0.0175000),(-0.0465274,-0.1802226,-0.0175000),(-0.0463244,-0.1806534,-0.0175000),(-0.0465274,-0.1802226,-0.0175000),(-0.0464203,-0.1802337,-0.0175000),(-0.0463244,-0.1806534,-0.0175000),(-0.0464203,-0.1802337,-0.0175000),(-0.0463146,-0.1802226,-0.0175000),(-0.0463244,-0.1806534,-0.0175000),(-0.0463146,-0.1802226,-0.0175000),(-0.0462124,-0.1801892,-0.0175000),(-0.0463244,-0.1806534,-0.0175000),(-0.0462124,-0.1801892,-0.0175000),(-0.0461135,-0.1801337,-0.0175000),(-0.0463244,-0.1806534,-0.0175000),(-0.0461135,-0.1801337,-0.0175000),(-0.0460181,-0.1800559,-0.0175000),(-0.0463244,-0.1806534,-0.0175000),(-0.0460181,-0.1800559,-0.0175000),(-0.0459297,-0.1799273,-0.0175000),(-0.0453938,-0.1790599,-0.0175000),(-0.0463244,-0.1806534,-0.0175000),(-0.0459297,-0.1799273,-0.0175000),(-0.0453938,-0.1790599,-0.0175000),(-0.0459297,-0.1799273,-0.0175000),(-0.0458950,-0.1798412,-0.0175000),(-0.0453938,-0.1790599,-0.0175000),(-0.0458950,-0.1798412,-0.0175000),(-0.0458665,-0.1797405,-0.0175000),(-0.0453938,-0.1790599,-0.0175000),(-0.0458665,-0.1797405,-0.0175000),(-0.0458444,-0.1796253,-0.0175000),(-0.0453938,-0.1790599,-0.0175000),(-0.0458444,-0.1796253,-0.0175000),(-0.0458286,-0.1794955,-0.0175000),(-0.0453938,-0.1790599,-0.0175000),(-0.0458286,-0.1794955,-0.0175000),(-0.0458192,-0.1793512,-0.0175000),(-0.0453938,-0.1790599,-0.0175000),(-0.0458192,-0.1793512,-0.0175000),(-0.0458160,-0.1791923,-0.0175000),(-0.0453938,-0.1790599,-0.0175000),(-0.0458160,-0.1791923,-0.0175000),(-0.0458194,-0.1791008,-0.0175000),(-0.0453938,-0.1790599,-0.0175000),(-0.0458194,-0.1791008,-0.0175000),(-0.0458295,-0.1790143,-0.0175000),(-0.0453938,-0.1790599,-0.0175000),(-0.0458295,-0.1790143,-0.0175000),(-0.0458464,-0.1789328,-0.0175000),(-0.0453938,-0.1790599,-0.0175000),(-0.0458464,-0.1789328,-0.0175000),(-0.0458700,-0.1788563,-0.0175000),(-0.0453938,-0.1790599,-0.0175000),(-0.0458700,-0.1788563,-0.0175000),(-0.0459375,-0.1787180,-0.0175000),(-0.0453938,-0.1790599,-0.0175000),(-0.0459375,-0.1787180,-0.0175000),(-0.0460319,-0.1785996,-0.0175000),(-0.0453938,-0.1790599,-0.0175000),(-0.0460319,-0.1785996,-0.0175000),(-0.0461232,-0.1785237,-0.0175000),(-0.0470724,-0.1794788,-0.0175000),(-0.0470733,-0.1795690,-0.0175000),(-0.0474691,-0.1795627,-0.0175000),(-0.0470696,-0.1793926,-0.0175000),(-0.0470724,-0.1794788,-0.0175000),(-0.0474691,-0.1795627,-0.0175000),(-0.0470584,-0.1792322,-0.0175000),(-0.0470696,-0.1793926,-0.0175000),(-0.0474691,-0.1795627,-0.0175000),(-0.0470398,-0.1790878,-0.0175000),(-0.0470584,-0.1792322,-0.0175000),(-0.0474691,-0.1795627,-0.0175000),(-0.0470138,-0.1789594,-0.0175000),(-0.0470398,-0.1790878,-0.0175000),(-0.0474691,-0.1795627,-0.0175000),(-0.0469803,-0.1788471,-0.0175000),(-0.0470138,-0.1789594,-0.0175000),(-0.0474691,-0.1795627,-0.0175000),(-0.0469394,-0.1787507,-0.0175000),(-0.0469803,-0.1788471,-0.0175000),(-0.0474691,-0.1795627,-0.0175000),(-0.0468910,-0.1786703,-0.0175000),(-0.0469394,-0.1787507,-0.0175000),(-0.0474691,-0.1795627,-0.0175000),(-0.0468910,-0.1786703,-0.0175000),(-0.0474691,-0.1795627,-0.0175000),(-0.0474678,-0.1794470,-0.0175000),(-0.0468910,-0.1786703,-0.0175000),(-0.0474678,-0.1794470,-0.0175000),(-0.0474638,-0.1793362,-0.0175000),(-0.0468910,-0.1786703,-0.0175000),(-0.0474638,-0.1793362,-0.0175000),(-0.0474571,-0.1792303,-0.0175000),(-0.0468352,-0.1786060,-0.0175000),(-0.0468910,-0.1786703,-0.0175000),(-0.0474571,-0.1792303,-0.0175000),(-0.0468352,-0.1786060,-0.0175000),(-0.0474571,-0.1792303,-0.0175000),(-0.0474477,-0.1791292,-0.0175000),(-0.0468352,-0.1786060,-0.0175000),(-0.0474477,-0.1791292,-0.0175000),(-0.0474356,-0.1790331,-0.0175000),(-0.0467381,-0.1785272,-0.0175000),(-0.0468352,-0.1786060,-0.0175000),(-0.0474356,-0.1790331,-0.0175000),(-0.0467381,-0.1785272,-0.0175000),(-0.0474356,-0.1790331,-0.0175000),(-0.0474209,-0.1789418,-0.0175000),(-0.0467381,-0.1785272,-0.0175000),(-0.0474209,-0.1789418,-0.0175000),(-0.0474035,-0.1788555,-0.0175000),(-0.0466375,-0.1784710,-0.0175000),(-0.0467381,-0.1785272,-0.0175000),(-0.0474035,-0.1788555,-0.0175000),(-0.0466375,-0.1784710,-0.0175000),(-0.0474035,-0.1788555,-0.0175000),(-0.0473834,-0.1787740,-0.0175000),(-0.0466375,-0.1784710,-0.0175000),(-0.0473834,-0.1787740,-0.0175000),(-0.0473606,-0.1786974,-0.0175000),(-0.0465334,-0.1784373,-0.0175000),(-0.0466375,-0.1784710,-0.0175000),(-0.0473606,-0.1786974,-0.0175000),(-0.0465334,-0.1784373,-0.0175000),(-0.0473606,-0.1786974,-0.0175000),(-0.0473352,-0.1786257,-0.0175000),(-0.0465334,-0.1784373,-0.0175000),(-0.0473352,-0.1786257,-0.0175000),(-0.0472762,-0.1784969,-0.0175000),(-0.0464256,-0.1784260,-0.0175000),(-0.0465334,-0.1784373,-0.0175000),(-0.0472762,-0.1784969,-0.0175000),(-0.0464256,-0.1784260,-0.0175000),(-0.0472762,-0.1784969,-0.0175000),(-0.0472066,-0.1783877,-0.0175000),(-0.0464256,-0.1784260,-0.0175000),(-0.0472066,-0.1783877,-0.0175000),(-0.0471262,-0.1782980,-0.0175000),(-0.0463200,-0.1784369,-0.0175000),(-0.0464256,-0.1784260,-0.0175000),(-0.0471262,-0.1782980,-0.0175000),(-0.0463200,-0.1784369,-0.0175000),(-0.0471262,-0.1782980,-0.0175000),(-0.0470469,-0.1782285,-0.0175000),(-0.0463200,-0.1784369,-0.0175000),(-0.0470469,-0.1782285,-0.0175000),(-0.0469649,-0.1781683,-0.0175000),(-0.0462192,-0.1784694,-0.0175000),(-0.0463200,-0.1784369,-0.0175000),(-0.0469649,-0.1781683,-0.0175000),(-0.0462192,-0.1784694,-0.0175000),(-0.0469649,-0.1781683,-0.0175000),(-0.0468803,-0.1781174,-0.0175000),(-0.0462192,-0.1784694,-0.0175000),(-0.0468803,-0.1781174,-0.0175000),(-0.0467931,-0.1780757,-0.0175000),(-0.0461232,-0.1785237,-0.0175000),(-0.0462192,-0.1784694,-0.0175000),(-0.0467931,-0.1780757,-0.0175000),(-0.0461232,-0.1785237,-0.0175000),(-0.0467931,-0.1780757,-0.0175000),(-0.0467033,-0.1780433,-0.0175000),(-0.0453938,-0.1790599,-0.0175000),(-0.0461232,-0.1785237,-0.0175000),(-0.0467033,-0.1780433,-0.0175000),(-0.0453938,-0.1790599,-0.0175000),(-0.0467033,-0.1780433,-0.0175000),(-0.0466109,-0.1780202,-0.0175000),(-0.0453938,-0.1790599,-0.0175000),(-0.0466109,-0.1780202,-0.0175000),(-0.0465158,-0.1780063,-0.0175000),(-0.0453938,-0.1790599,-0.0175000),(-0.0465158,-0.1780063,-0.0175000),(-0.0464182,-0.1780017,-0.0175000),(-0.0453938,-0.1790599,-0.0175000),(-0.0464182,-0.1780017,-0.0175000),(-0.0463229,-0.1780064,-0.0175000),(-0.0453938,-0.1790599,-0.0175000),(-0.0463229,-0.1780064,-0.0175000),(-0.0462303,-0.1780205,-0.0175000),(-0.0453938,-0.1790599,-0.0175000),(-0.0462303,-0.1780205,-0.0175000),(-0.0461404,-0.1780441,-0.0175000),(-0.0453938,-0.1790599,-0.0175000),(-0.0461404,-0.1780441,-0.0175000),(-0.0460531,-0.1780771,-0.0175000),(-0.0453938,-0.1790599,-0.0175000),(-0.0460531,-0.1780771,-0.0175000),(-0.0459684,-0.1781195,-0.0175000),(-0.0453938,-0.1790599,-0.0175000),(-0.0459684,-0.1781195,-0.0175000),(-0.0458864,-0.1781713,-0.0175000),(-0.0453938,-0.1790599,-0.0175000),(-0.0458864,-0.1781713,-0.0175000),(-0.0458070,-0.1782326,-0.0175000),(-0.0453938,-0.1790599,-0.0175000),(-0.0458070,-0.1782326,-0.0175000),(-0.0457303,-0.1783033,-0.0175000),(-0.0453938,-0.1790599,-0.0175000),(-0.0457303,-0.1783033,-0.0175000),(-0.0456502,-0.1783915,-0.0175000),(-0.0453938,-0.1790599,-0.0175000),(-0.0456502,-0.1783915,-0.0175000),(-0.0455807,-0.1784864,-0.0175000),(-0.0453938,-0.1790599,-0.0175000),(-0.0455807,-0.1784864,-0.0175000),(-0.0455220,-0.1785878,-0.0175000),(-0.0453938,-0.1790599,-0.0175000),(-0.0455220,-0.1785878,-0.0175000),(-0.0454739,-0.1786959,-0.0175000),(-0.0453938,-0.1790599,-0.0175000),(-0.0454739,-0.1786959,-0.0175000),(-0.0454365,-0.1788106,-0.0175000),(-0.0453938,-0.1790599,-0.0175000),(-0.0454365,-0.1788106,-0.0175000),(-0.0454098,-0.1789319,-0.0175000),(-0.0447206,-0.1789213,-0.0175000),(-0.0447185,-0.1788727,-0.0175000),(-0.0446946,-0.1787806,-0.0175000),(-0.0447206,-0.1789213,-0.0175000),(-0.0446946,-0.1787806,-0.0175000),(-0.0446667,-0.1786943,-0.0175000),(-0.0447206,-0.1789213,-0.0175000),(-0.0446667,-0.1786943,-0.0175000),(-0.0446349,-0.1786137,-0.0175000),(-0.0447206,-0.1789213,-0.0175000),(-0.0446349,-0.1786137,-0.0175000),(-0.0445992,-0.1785390,-0.0175000),(-0.0447206,-0.1789213,-0.0175000),(-0.0445992,-0.1785390,-0.0175000),(-0.0445595,-0.1784701,-0.0175000),(-0.0447206,-0.1789213,-0.0175000),(-0.0445595,-0.1784701,-0.0175000),(-0.0445159,-0.1784069,-0.0175000),(-0.0447206,-0.1789213,-0.0175000),(-0.0445159,-0.1784069,-0.0175000),(-0.0444169,-0.1782980,-0.0175000),(-0.0447206,-0.1789213,-0.0175000),(-0.0444169,-0.1782980,-0.0175000),(-0.0443359,-0.1782285,-0.0175000),(-0.0447206,-0.1789213,-0.0175000),(-0.0443359,-0.1782285,-0.0175000),(-0.0442528,-0.1781683,-0.0175000),(-0.0447206,-0.1789213,-0.0175000),(-0.0442528,-0.1781683,-0.0175000),(-0.0441675,-0.1781174,-0.0175000),(-0.0447206,-0.1789213,-0.0175000),(-0.0441675,-0.1781174,-0.0175000),(-0.0440801,-0.1780757,-0.0175000),(-0.0447206,-0.1789213,-0.0175000),(-0.0440801,-0.1780757,-0.0175000),(-0.0439905,-0.1780433,-0.0175000),(-0.0447206,-0.1789213,-0.0175000),(-0.0439905,-0.1780433,-0.0175000),(-0.0438988,-0.1780202,-0.0175000),(-0.0447206,-0.1789213,-0.0175000),(-0.0438988,-0.1780202,-0.0175000),(-0.0438049,-0.1780063,-0.0175000),(-0.0447206,-0.1789213,-0.0175000),(-0.0438049,-0.1780063,-0.0175000),(-0.0437089,-0.1780017,-0.0175000),(-0.0447206,-0.1789213,-0.0175000),(-0.0437089,-0.1780017,-0.0175000),(-0.0436136,-0.1780064,-0.0175000),(-0.0447206,-0.1789213,-0.0175000),(-0.0436136,-0.1780064,-0.0175000),(-0.0435210,-0.1780205,-0.0175000),(-0.0447206,-0.1789213,-0.0175000),(-0.0435210,-0.1780205,-0.0175000),(-0.0434311,-0.1780441,-0.0175000),(-0.0447206,-0.1789213,-0.0175000),(-0.0434311,-0.1780441,-0.0175000),(-0.0433437,-0.1780771,-0.0175000),(-0.0433437,-0.1780771,-0.0175000),(-0.0432591,-0.1781195,-0.0175000),(-0.0431771,-0.1781713,-0.0175000),(-0.0433437,-0.1780771,-0.0175000),(-0.0431771,-0.1781713,-0.0175000),(-0.0430977,-0.1782326,-0.0175000),(-0.0433437,-0.1780771,-0.0175000),(-0.0430977,-0.1782326,-0.0175000),(-0.0430209,-0.1783033,-0.0175000),(-0.0433437,-0.1780771,-0.0175000),(-0.0430209,-0.1783033,-0.0175000),(-0.0429408,-0.1783915,-0.0175000),(-0.0433437,-0.1780771,-0.0175000),(-0.0429408,-0.1783915,-0.0175000),(-0.0428714,-0.1784864,-0.0175000),(-0.0433437,-0.1780771,-0.0175000),(-0.0428714,-0.1784864,-0.0175000),(-0.0428126,-0.1785878,-0.0175000),(-0.0433437,-0.1780771,-0.0175000),(-0.0428126,-0.1785878,-0.0175000),(-0.0427646,-0.1786959,-0.0175000),(-0.0433437,-0.1780771,-0.0175000),(-0.0427646,-0.1786959,-0.0175000),(-0.0427272,-0.1788106,-0.0175000),(-0.0433437,-0.1780771,-0.0175000),(-0.0427272,-0.1788106,-0.0175000),(-0.0427005,-0.1789319,-0.0175000),(-0.0433437,-0.1780771,-0.0175000),(-0.0427005,-0.1789319,-0.0175000),(-0.0426844,-0.1790599,-0.0175000),(-0.0433437,-0.1780771,-0.0175000),(-0.0426844,-0.1790599,-0.0175000),(-0.0426791,-0.1791944,-0.0175000),(-0.0433437,-0.1780771,-0.0175000),(-0.0426791,-0.1791944,-0.0175000),(-0.0426804,-0.1792977,-0.0175000),(-0.0433437,-0.1780771,-0.0175000),(-0.0426804,-0.1792977,-0.0175000),(-0.0426843,-0.1793969,-0.0175000),(-0.0433437,-0.1780771,-0.0175000),(-0.0426843,-0.1793969,-0.0175000),(-0.0426907,-0.1794921,-0.0175000),(-0.0433437,-0.1780771,-0.0175000),(-0.0426907,-0.1794921,-0.0175000),(-0.0426997,-0.1795833,-0.0175000),(-0.0433437,-0.1780771,-0.0175000),(-0.0426997,-0.1795833,-0.0175000),(-0.0427114,-0.1796704,-0.0175000),(-0.0433437,-0.1780771,-0.0175000),(-0.0427114,-0.1796704,-0.0175000),(-0.0427255,-0.1797534,-0.0175000),(-0.0433437,-0.1780771,-0.0175000),(-0.0427255,-0.1797534,-0.0175000),(-0.0427423,-0.1798325,-0.0175000),(-0.0433437,-0.1780771,-0.0175000),(-0.0427423,-0.1798325,-0.0175000),(-0.0427617,-0.1799074,-0.0175000),(-0.0433437,-0.1780771,-0.0175000),(-0.0427617,-0.1799074,-0.0175000),(-0.0428081,-0.1800453,-0.0175000),(-0.0428081,-0.1800453,-0.0175000),(-0.0428648,-0.1801669,-0.0175000),(-0.0429319,-0.1802724,-0.0175000),(-0.0428081,-0.1800453,-0.0175000),(-0.0429319,-0.1802724,-0.0175000),(-0.0430093,-0.1803617,-0.0175000),(-0.0428081,-0.1800453,-0.0175000),(-0.0430093,-0.1803617,-0.0175000),(-0.0430888,-0.1804312,-0.0175000),(-0.0428081,-0.1800453,-0.0175000),(-0.0430888,-0.1804312,-0.0175000),(-0.0431706,-0.1804914,-0.0175000),(-0.0428081,-0.1800453,-0.0175000),(-0.0431706,-0.1804914,-0.0175000),(-0.0432548,-0.1805423,-0.0175000),(-0.0428081,-0.1800453,-0.0175000),(-0.0432548,-0.1805423,-0.0175000),(-0.0433414,-0.1805840,-0.0175000),(-0.0428081,-0.1800453,-0.0175000),(-0.0433414,-0.1805840,-0.0175000),(-0.0434302,-0.1806164,-0.0175000),(-0.0428081,-0.1800453,-0.0175000),(-0.0434302,-0.1806164,-0.0175000),(-0.0435215,-0.1806395,-0.0175000),(-0.0428081,-0.1800453,-0.0175000),(-0.0435215,-0.1806395,-0.0175000),(-0.0436151,-0.1806534,-0.0175000),(-0.0428081,-0.1800453,-0.0175000),(-0.0436151,-0.1806534,-0.0175000),(-0.0437110,-0.1806581,-0.0175000),(-0.0428081,-0.1800453,-0.0175000),(-0.0437110,-0.1806581,-0.0175000),(-0.0437963,-0.1806548,-0.0175000),(-0.0428081,-0.1800453,-0.0175000),(-0.0437963,-0.1806548,-0.0175000),(-0.0438787,-0.1806450,-0.0175000),(-0.0428081,-0.1800453,-0.0175000),(-0.0438787,-0.1806450,-0.0175000),(-0.0439581,-0.1806287,-0.0175000),(-0.0428081,-0.1800453,-0.0175000),(-0.0439581,-0.1806287,-0.0175000),(-0.0440346,-0.1806059,-0.0175000),(-0.0428081,-0.1800453,-0.0175000),(-0.0440346,-0.1806059,-0.0175000),(-0.0441787,-0.1805408,-0.0175000),(-0.0428081,-0.1800453,-0.0175000),(-0.0441787,-0.1805408,-0.0175000),(-0.0443111,-0.1804496,-0.0175000),(-0.0442687,-0.1816275,-0.0175000),(-0.0429934,-0.1816275,-0.0175000),(-0.0429119,-0.1816434,-0.0175000),(-0.0442687,-0.1816275,-0.0175000),(-0.0429119,-0.1816434,-0.0175000),(-0.0428431,-0.1816910,-0.0175000),(-0.0442687,-0.1816275,-0.0175000),(-0.0428431,-0.1816910,-0.0175000),(-0.0427963,-0.1817603,-0.0175000),(-0.0442687,-0.1816275,-0.0175000),(-0.0427963,-0.1817603,-0.0175000),(-0.0427807,-0.1818413,-0.0175000),(-0.0442687,-0.1816275,-0.0175000),(-0.0427807,-0.1818413,-0.0175000),(-0.0427963,-0.1819220,-0.0175000),(-0.0442687,-0.1816275,-0.0175000),(-0.0427963,-0.1819220,-0.0175000),(-0.0428431,-0.1819905,-0.0175000),(-0.0442687,-0.1816275,-0.0175000),(-0.0428431,-0.1819905,-0.0175000),(-0.0429119,-0.1820381,-0.0175000),(-0.0442687,-0.1816275,-0.0175000),(-0.0429119,-0.1820381,-0.0175000),(-0.0429934,-0.1820540,-0.0175000),(-0.0442687,-0.1816275,-0.0175000),(-0.0429934,-0.1820540,-0.0175000),(-0.0444656,-0.1820540,-0.0175000),(-0.0443111,-0.1804496,-0.0175000),(-0.0442687,-0.1816275,-0.0175000),(-0.0444656,-0.1820540,-0.0175000),(-0.0443111,-0.1804496,-0.0175000),(-0.0444656,-0.1820540,-0.0175000),(-0.0445460,-0.1820400,-0.0175000),(-0.0443111,-0.1804496,-0.0175000),(-0.0445460,-0.1820400,-0.0175000),(-0.0446159,-0.1819979,-0.0175000),(-0.0443111,-0.1804496,-0.0175000),(-0.0446159,-0.1819979,-0.0175000),(-0.0446635,-0.1819328,-0.0175000),(-0.0443111,-0.1804496,-0.0175000),(-0.0446635,-0.1819328,-0.0175000),(-0.0446794,-0.1818540,-0.0175000),(-0.0443111,-0.1804496,-0.0175000),(-0.0446794,-0.1818540,-0.0175000),(-0.0447598,-0.1797892,-0.0175000),(-0.0443111,-0.1804496,-0.0175000),(-0.0447598,-0.1797892,-0.0175000),(-0.0447466,-0.1797098,-0.0175000),(-0.0443111,-0.1804496,-0.0175000),(-0.0447466,-0.1797098,-0.0175000),(-0.0447069,-0.1796389,-0.0175000),(-0.0443111,-0.1804496,-0.0175000),(-0.0447069,-0.1796389,-0.0175000),(-0.0446418,-0.1795849,-0.0175000),(-0.0443111,-0.1804496,-0.0175000),(-0.0446418,-0.1795849,-0.0175000),(-0.0445587,-0.1795669,-0.0175000),(-0.0443111,-0.1804496,-0.0175000),(-0.0445587,-0.1795669,-0.0175000),(-0.0444775,-0.1795804,-0.0175000),(-0.0443111,-0.1804496,-0.0175000),(-0.0444775,-0.1795804,-0.0175000),(-0.0444052,-0.1796209,-0.0175000),(-0.0443111,-0.1804496,-0.0175000),(-0.0444052,-0.1796209,-0.0175000),(-0.0443428,-0.1797225,-0.0175000),(-0.0443111,-0.1804496,-0.0175000),(-0.0443428,-0.1797225,-0.0175000),(-0.0443088,-0.1798076,-0.0175000),(-0.0443111,-0.1804496,-0.0175000),(-0.0443088,-0.1798076,-0.0175000),(-0.0442597,-0.1798916,-0.0175000),(-0.0443111,-0.1804496,-0.0175000),(-0.0442597,-0.1798916,-0.0175000),(-0.0441956,-0.1799743,-0.0175000),(-0.0443111,-0.1804496,-0.0175000),(-0.0441956,-0.1799743,-0.0175000),(-0.0441163,-0.1800559,-0.0175000),(-0.0443111,-0.1804496,-0.0175000),(-0.0441163,-0.1800559,-0.0175000),(-0.0440207,-0.1801337,-0.0175000),(-0.0443111,-0.1804496,-0.0175000),(-0.0440207,-0.1801337,-0.0175000),(-0.0439213,-0.1801892,-0.0175000),(-0.0443111,-0.1804496,-0.0175000),(-0.0439213,-0.1801892,-0.0175000),(-0.0438181,-0.1802226,-0.0175000),(-0.0443111,-0.1804496,-0.0175000),(-0.0438181,-0.1802226,-0.0175000),(-0.0437110,-0.1802337,-0.0175000),(-0.0443111,-0.1804496,-0.0175000),(-0.0437110,-0.1802337,-0.0175000),(-0.0436045,-0.1802226,-0.0175000),(-0.0428081,-0.1800453,-0.0175000),(-0.0443111,-0.1804496,-0.0175000),(-0.0436045,-0.1802226,-0.0175000),(-0.0428081,-0.1800453,-0.0175000),(-0.0436045,-0.1802226,-0.0175000),(-0.0435020,-0.1801892,-0.0175000),(-0.0428081,-0.1800453,-0.0175000),(-0.0435020,-0.1801892,-0.0175000),(-0.0434034,-0.1801337,-0.0175000),(-0.0428081,-0.1800453,-0.0175000),(-0.0434034,-0.1801337,-0.0175000),(-0.0433088,-0.1800559,-0.0175000),(-0.0428081,-0.1800453,-0.0175000),(-0.0433088,-0.1800559,-0.0175000),(-0.0432185,-0.1799273,-0.0175000),(-0.0428081,-0.1800453,-0.0175000),(-0.0432185,-0.1799273,-0.0175000),(-0.0431831,-0.1798412,-0.0175000),(-0.0428081,-0.1800453,-0.0175000),(-0.0431831,-0.1798412,-0.0175000),(-0.0431540,-0.1797405,-0.0175000),(-0.0428081,-0.1800453,-0.0175000),(-0.0431540,-0.1797405,-0.0175000),(-0.0431315,-0.1796253,-0.0175000),(-0.0428081,-0.1800453,-0.0175000),(-0.0431315,-0.1796253,-0.0175000),(-0.0431153,-0.1794955,-0.0175000),(-0.0428081,-0.1800453,-0.0175000),(-0.0431153,-0.1794955,-0.0175000),(-0.0431057,-0.1793512,-0.0175000),(-0.0428081,-0.1800453,-0.0175000),(-0.0431057,-0.1793512,-0.0175000),(-0.0431024,-0.1791923,-0.0175000),(-0.0428081,-0.1800453,-0.0175000),(-0.0431024,-0.1791923,-0.0175000),(-0.0431059,-0.1791008,-0.0175000),(-0.0428081,-0.1800453,-0.0175000),(-0.0431059,-0.1791008,-0.0175000),(-0.0431162,-0.1790143,-0.0175000),(-0.0428081,-0.1800453,-0.0175000),(-0.0431162,-0.1790143,-0.0175000),(-0.0431334,-0.1789328,-0.0175000),(-0.0433437,-0.1780771,-0.0175000),(-0.0428081,-0.1800453,-0.0175000),(-0.0431334,-0.1789328,-0.0175000),(-0.0433437,-0.1780771,-0.0175000),(-0.0431334,-0.1789328,-0.0175000),(-0.0431575,-0.1788563,-0.0175000),(-0.0433437,-0.1780771,-0.0175000),(-0.0431575,-0.1788563,-0.0175000),(-0.0432263,-0.1787180,-0.0175000),(-0.0433437,-0.1780771,-0.0175000),(-0.0432263,-0.1787180,-0.0175000),(-0.0433226,-0.1785996,-0.0175000),(-0.0433437,-0.1780771,-0.0175000),(-0.0433226,-0.1785996,-0.0175000),(-0.0434139,-0.1785237,-0.0175000),(-0.0433437,-0.1780771,-0.0175000),(-0.0434139,-0.1785237,-0.0175000),(-0.0435099,-0.1784694,-0.0175000),(-0.0433437,-0.1780771,-0.0175000),(-0.0435099,-0.1784694,-0.0175000),(-0.0436107,-0.1784369,-0.0175000),(-0.0433437,-0.1780771,-0.0175000),(-0.0436107,-0.1784369,-0.0175000),(-0.0437163,-0.1784260,-0.0175000),(-0.0433437,-0.1780771,-0.0175000),(-0.0437163,-0.1784260,-0.0175000),(-0.0438189,-0.1784373,-0.0175000),(-0.0433437,-0.1780771,-0.0175000),(-0.0438189,-0.1784373,-0.0175000),(-0.0439213,-0.1784710,-0.0175000),(-0.0433437,-0.1780771,-0.0175000),(-0.0439213,-0.1784710,-0.0175000),(-0.0440237,-0.1785272,-0.0175000),(-0.0447206,-0.1789213,-0.0175000),(-0.0433437,-0.1780771,-0.0175000),(-0.0440237,-0.1785272,-0.0175000),(-0.0447206,-0.1789213,-0.0175000),(-0.0440237,-0.1785272,-0.0175000),(-0.0441258,-0.1786060,-0.0175000),(-0.0447206,-0.1789213,-0.0175000),(-0.0441258,-0.1786060,-0.0175000),(-0.0442280,-0.1787488,-0.0175000),(-0.0447206,-0.1789213,-0.0175000),(-0.0442280,-0.1787488,-0.0175000),(-0.0442675,-0.1788488,-0.0175000),(-0.0447206,-0.1789213,-0.0175000),(-0.0442675,-0.1788488,-0.0175000),(-0.0442994,-0.1789679,-0.0175000),(-0.0447206,-0.1789213,-0.0175000),(-0.0442994,-0.1789679,-0.0175000),(-0.0443435,-0.1790406,-0.0175000),(-0.0447206,-0.1789213,-0.0175000),(-0.0443435,-0.1790406,-0.0175000),(-0.0443920,-0.1790925,-0.0175000),(-0.0447206,-0.1789213,-0.0175000),(-0.0443920,-0.1790925,-0.0175000),(-0.0445026,-0.1791341,-0.0175000),(-0.0447206,-0.1789213,-0.0175000),(-0.0445026,-0.1791341,-0.0175000),(-0.0445100,-0.1791341,-0.0175000),(-0.0447206,-0.1789213,-0.0175000),(-0.0445100,-0.1791341,-0.0175000),(-0.0445839,-0.1791184,-0.0175000),(-0.0447206,-0.1789213,-0.0175000),(-0.0445839,-0.1791184,-0.0175000),(-0.0446436,-0.1790777,-0.0175000),(-0.0494334,-0.1802898,-0.0175000),(-0.0493858,-0.1803385,-0.0175000),(-0.0493297,-0.1804160,-0.0175000),(-0.0494334,-0.1802898,-0.0175000),(-0.0493297,-0.1804160,-0.0175000),(-0.0492811,-0.1804974,-0.0175000),(-0.0494334,-0.1802898,-0.0175000),(-0.0492811,-0.1804974,-0.0175000),(-0.0492400,-0.1805826,-0.0175000),(-0.0494334,-0.1802898,-0.0175000),(-0.0492400,-0.1805826,-0.0175000),(-0.0492064,-0.1806716,-0.0175000),(-0.0494334,-0.1802898,-0.0175000),(-0.0492064,-0.1806716,-0.0175000),(-0.0491802,-0.1807643,-0.0175000),(-0.0494334,-0.1802898,-0.0175000),(-0.0491802,-0.1807643,-0.0175000),(-0.0491615,-0.1808609,-0.0175000),(-0.0494334,-0.1802898,-0.0175000),(-0.0491615,-0.1808609,-0.0175000),(-0.0491503,-0.1809613,-0.0175000),(-0.0494334,-0.1802898,-0.0175000),(-0.0491503,-0.1809613,-0.0175000),(-0.0491466,-0.1810655,-0.0175000),(-0.0494334,-0.1802898,-0.0175000),(-0.0491466,-0.1810655,-0.0175000),(-0.0491503,-0.1811696,-0.0175000),(-0.0494334,-0.1802898,-0.0175000),(-0.0491503,-0.1811696,-0.0175000),(-0.0491615,-0.1812693,-0.0175000),(-0.0494334,-0.1802898,-0.0175000),(-0.0491615,-0.1812693,-0.0175000),(-0.0491801,-0.1813644,-0.0175000),(-0.0494334,-0.1802898,-0.0175000),(-0.0491801,-0.1813644,-0.0175000),(-0.0492061,-0.1814550,-0.0175000),(-0.0494334,-0.1802898,-0.0175000),(-0.0492061,-0.1814550,-0.0175000),(-0.0492396,-0.1815411,-0.0175000),(-0.0494334,-0.1802898,-0.0175000),(-0.0492396,-0.1815411,-0.0175000),(-0.0492805,-0.1816227,-0.0175000),(-0.0494334,-0.1802898,-0.0175000),(-0.0492805,-0.1816227,-0.0175000),(-0.0493289,-0.1816999,-0.0175000),(-0.0494334,-0.1802898,-0.0175000),(-0.0493289,-0.1816999,-0.0175000),(-0.0493847,-0.1817725,-0.0175000),(-0.0494334,-0.1802898,-0.0175000),(-0.0493847,-0.1817725,-0.0175000),(-0.0494465,-0.1818385,-0.0175000),(-0.0494334,-0.1802898,-0.0175000),(-0.0494465,-0.1818385,-0.0175000),(-0.0495132,-0.1818957,-0.0175000),(-0.0494334,-0.1802898,-0.0175000),(-0.0495132,-0.1818957,-0.0175000),(-0.0495848,-0.1819440,-0.0175000),(-0.0494334,-0.1802898,-0.0175000),(-0.0495848,-0.1819440,-0.0175000),(-0.0496615,-0.1819836,-0.0175000),(-0.0496615,-0.1819836,-0.0175000),(-0.0497431,-0.1820144,-0.0175000),(-0.0498296,-0.1820364,-0.0175000),(-0.0496615,-0.1819836,-0.0175000),(-0.0498296,-0.1820364,-0.0175000),(-0.0499211,-0.1820496,-0.0175000),(-0.0496615,-0.1819836,-0.0175000),(-0.0499211,-0.1820496,-0.0175000),(-0.0500176,-0.1820540,-0.0175000),(-0.0496615,-0.1819836,-0.0175000),(-0.0500176,-0.1820540,-0.0175000),(-0.0501131,-0.1820496,-0.0175000),(-0.0496615,-0.1819836,-0.0175000),(-0.0501131,-0.1820496,-0.0175000),(-0.0502044,-0.1820365,-0.0175000),(-0.0496615,-0.1819836,-0.0175000),(-0.0502044,-0.1820365,-0.0175000),(-0.0502914,-0.1820146,-0.0175000),(-0.0496615,-0.1819836,-0.0175000),(-0.0502914,-0.1820146,-0.0175000),(-0.0503742,-0.1819839,-0.0175000),(-0.0496615,-0.1819836,-0.0175000),(-0.0503742,-0.1819839,-0.0175000),(-0.0504528,-0.1819445,-0.0175000),(-0.0496615,-0.1819836,-0.0175000),(-0.0504528,-0.1819445,-0.0175000),(-0.0505272,-0.1818963,-0.0175000),(-0.0496615,-0.1819836,-0.0175000),(-0.0505272,-0.1818963,-0.0175000),(-0.0505973,-0.1818393,-0.0175000),(-0.0496615,-0.1819836,-0.0175000),(-0.0505973,-0.1818393,-0.0175000),(-0.0506632,-0.1817736,-0.0175000),(-0.0496615,-0.1819836,-0.0175000),(-0.0506632,-0.1817736,-0.0175000),(-0.0507230,-0.1817011,-0.0175000),(-0.0496615,-0.1819836,-0.0175000),(-0.0507230,-0.1817011,-0.0175000),(-0.0507748,-0.1816241,-0.0175000),(-0.0496615,-0.1819836,-0.0175000),(-0.0507748,-0.1816241,-0.0175000),(-0.0508186,-0.1815425,-0.0175000),(-0.0496615,-0.1819836,-0.0175000),(-0.0508186,-0.1815425,-0.0175000),(-0.0508545,-0.1814563,-0.0175000),(-0.0496615,-0.1819836,-0.0175000),(-0.0508545,-0.1814563,-0.0175000),(-0.0508824,-0.1813655,-0.0175000),(-0.0496615,-0.1819836,-0.0175000),(-0.0508824,-0.1813655,-0.0175000),(-0.0509023,-0.1812701,-0.0175000),(-0.0496615,-0.1819836,-0.0175000),(-0.0509023,-0.1812701,-0.0175000),(-0.0509142,-0.1811701,-0.0175000),(-0.0509142,-0.1811701,-0.0175000),(-0.0509182,-0.1810655,-0.0175000),(-0.0509029,-0.1809832,-0.0175000),(-0.0509142,-0.1811701,-0.0175000),(-0.0509029,-0.1809832,-0.0175000),(-0.0508568,-0.1809142,-0.0175000),(-0.0509142,-0.1811701,-0.0175000),(-0.0508568,-0.1809142,-0.0175000),(-0.0507886,-0.1808674,-0.0175000),(-0.0509142,-0.1811701,-0.0175000),(-0.0507886,-0.1808674,-0.0175000),(-0.0507066,-0.1808517,-0.0175000),(-0.0509142,-0.1811701,-0.0175000),(-0.0507066,-0.1808517,-0.0175000),(-0.0506238,-0.1808674,-0.0175000),(-0.0509142,-0.1811701,-0.0175000),(-0.0506238,-0.1808674,-0.0175000),(-0.0505552,-0.1809142,-0.0175000),(-0.0509142,-0.1811701,-0.0175000),(-0.0505552,-0.1809142,-0.0175000),(-0.0505092,-0.1809832,-0.0175000),(-0.0509142,-0.1811701,-0.0175000),(-0.0505092,-0.1809832,-0.0175000),(-0.0504938,-0.1810655,-0.0175000),(-0.0509142,-0.1811701,-0.0175000),(-0.0504938,-0.1810655,-0.0175000),(-0.0504852,-0.1811918,-0.0175000),(-0.0509142,-0.1811701,-0.0175000),(-0.0504852,-0.1811918,-0.0175000),(-0.0504592,-0.1813029,-0.0175000),(-0.0509142,-0.1811701,-0.0175000),(-0.0504592,-0.1813029,-0.0175000),(-0.0504159,-0.1813987,-0.0175000),(-0.0509142,-0.1811701,-0.0175000),(-0.0504159,-0.1813987,-0.0175000),(-0.0503552,-0.1814793,-0.0175000),(-0.0509142,-0.1811701,-0.0175000),(-0.0503552,-0.1814793,-0.0175000),(-0.0502837,-0.1815442,-0.0175000),(-0.0496615,-0.1819836,-0.0175000),(-0.0509142,-0.1811701,-0.0175000),(-0.0502837,-0.1815442,-0.0175000),(-0.0496615,-0.1819836,-0.0175000),(-0.0502837,-0.1815442,-0.0175000),(-0.0502036,-0.1815905,-0.0175000),(-0.0496615,-0.1819836,-0.0175000),(-0.0502036,-0.1815905,-0.0175000),(-0.0501149,-0.1816182,-0.0175000),(-0.0496615,-0.1819836,-0.0175000),(-0.0501149,-0.1816182,-0.0175000),(-0.0500176,-0.1816275,-0.0175000),(-0.0496615,-0.1819836,-0.0175000),(-0.0500176,-0.1816275,-0.0175000),(-0.0499237,-0.1816183,-0.0175000),(-0.0496615,-0.1819836,-0.0175000),(-0.0499237,-0.1816183,-0.0175000),(-0.0498390,-0.1815907,-0.0175000),(-0.0496615,-0.1819836,-0.0175000),(-0.0498390,-0.1815907,-0.0175000),(-0.0497634,-0.1815448,-0.0175000),(-0.0496615,-0.1819836,-0.0175000),(-0.0497634,-0.1815448,-0.0175000),(-0.0496969,-0.1814804,-0.0175000),(-0.0496615,-0.1819836,-0.0175000),(-0.0496969,-0.1814804,-0.0175000),(-0.0496427,-0.1813993,-0.0175000),(-0.0496615,-0.1819836,-0.0175000),(-0.0496427,-0.1813993,-0.0175000),(-0.0496040,-0.1813031,-0.0175000),(-0.0496615,-0.1819836,-0.0175000),(-0.0496040,-0.1813031,-0.0175000),(-0.0495808,-0.1811919,-0.0175000),(-0.0494334,-0.1802898,-0.0175000),(-0.0496615,-0.1819836,-0.0175000),(-0.0495808,-0.1811919,-0.0175000),(-0.0494334,-0.1802898,-0.0175000),(-0.0495808,-0.1811919,-0.0175000),(-0.0495731,-0.1810655,-0.0175000),(-0.0494334,-0.1802898,-0.0175000),(-0.0495731,-0.1810655,-0.0175000),(-0.0495808,-0.1809375,-0.0175000),(-0.0494334,-0.1802898,-0.0175000),(-0.0495808,-0.1809375,-0.0175000),(-0.0496038,-0.1808221,-0.0175000),(-0.0494334,-0.1802898,-0.0175000),(-0.0496038,-0.1808221,-0.0175000),(-0.0496421,-0.1807195,-0.0175000),(-0.0494334,-0.1802898,-0.0175000),(-0.0496421,-0.1807195,-0.0175000),(-0.0496959,-0.1806295,-0.0175000),(-0.0494334,-0.1802898,-0.0175000),(-0.0496959,-0.1806295,-0.0175000),(-0.0497581,-0.1805647,-0.0175000),(-0.0493490,-0.1802136,-0.0175000),(-0.0494334,-0.1802898,-0.0175000),(-0.0497581,-0.1805647,-0.0175000),(-0.0493490,-0.1802136,-0.0175000),(-0.0497581,-0.1805647,-0.0175000),(-0.0498274,-0.1805184,-0.0175000),(-0.0493490,-0.1802136,-0.0175000),(-0.0498274,-0.1805184,-0.0175000),(-0.0499036,-0.1804906,-0.0175000),(-0.0493490,-0.1802136,-0.0175000),(-0.0499036,-0.1804906,-0.0175000),(-0.0499869,-0.1804813,-0.0175000),(-0.0493490,-0.1802136,-0.0175000),(-0.0499869,-0.1804813,-0.0175000),(-0.0500292,-0.1804813,-0.0175000),(-0.0493490,-0.1802136,-0.0175000),(-0.0500292,-0.1804813,-0.0175000),(-0.0500959,-0.1804813,-0.0175000),(-0.0493490,-0.1802136,-0.0175000),(-0.0500959,-0.1804813,-0.0175000),(-0.0501774,-0.1804657,-0.0175000),(-0.0493490,-0.1802136,-0.0175000),(-0.0501774,-0.1804657,-0.0175000),(-0.0502462,-0.1804189,-0.0175000),(-0.0493490,-0.1802136,-0.0175000),(-0.0502462,-0.1804189,-0.0175000),(-0.0502930,-0.1803504,-0.0175000),(-0.0493490,-0.1802136,-0.0175000),(-0.0502930,-0.1803504,-0.0175000),(-0.0503086,-0.1802697,-0.0175000),(-0.0493490,-0.1802136,-0.0175000),(-0.0503086,-0.1802697,-0.0175000),(-0.0502930,-0.1801887,-0.0175000),(-0.0493490,-0.1802136,-0.0175000),(-0.0502930,-0.1801887,-0.0175000),(-0.0502462,-0.1801194,-0.0175000),(-0.0493490,-0.1802136,-0.0175000),(-0.0502462,-0.1801194,-0.0175000),(-0.0501774,-0.1800718,-0.0175000),(-0.0493490,-0.1802136,-0.0175000),(-0.0501774,-0.1800718,-0.0175000),(-0.0500959,-0.1800559,-0.0175000),(-0.0493490,-0.1802136,-0.0175000),(-0.0500959,-0.1800559,-0.0175000),(-0.0500292,-0.1800559,-0.0175000),(-0.0493490,-0.1802136,-0.0175000),(-0.0500292,-0.1800559,-0.0175000),(-0.0498989,-0.1800419,-0.0175000),(-0.0493490,-0.1802136,-0.0175000),(-0.0498989,-0.1800419,-0.0175000),(-0.0497808,-0.1800000,-0.0175000),(-0.0493490,-0.1802136,-0.0175000),(-0.0497808,-0.1800000,-0.0175000),(-0.0496750,-0.1799303,-0.0175000),(-0.0493490,-0.1802136,-0.0175000),(-0.0496750,-0.1799303,-0.0175000),(-0.0495816,-0.1798326,-0.0175000),(-0.0493490,-0.1802136,-0.0175000),(-0.0495816,-0.1798326,-0.0175000),(-0.0495047,-0.1797114,-0.0175000),(-0.0493490,-0.1802136,-0.0175000),(-0.0495047,-0.1797114,-0.0175000),(-0.0494498,-0.1795712,-0.0175000),(-0.0493490,-0.1802136,-0.0175000),(-0.0494498,-0.1795712,-0.0175000),(-0.0494169,-0.1794119,-0.0175000),(-0.0493490,-0.1802136,-0.0175000),(-0.0494169,-0.1794119,-0.0175000),(-0.0494086,-0.1793251,-0.0175000),(-0.0493490,-0.1802136,-0.0175000),(-0.0494086,-0.1793251,-0.0175000),(-0.0494059,-0.1792336,-0.0175000),(-0.0493490,-0.1802136,-0.0175000),(-0.0494059,-0.1792336,-0.0175000),(-0.0494087,-0.1791429,-0.0175000),(-0.0506277,-0.1791980,-0.0175000),(-0.0506304,-0.1792981,-0.0175000),(-0.0506462,-0.1793801,-0.0175000),(-0.0506195,-0.1791037,-0.0175000),(-0.0506277,-0.1791980,-0.0175000),(-0.0506462,-0.1793801,-0.0175000),(-0.0506195,-0.1791037,-0.0175000),(-0.0506462,-0.1793801,-0.0175000),(-0.0506939,-0.1794484,-0.0175000),(-0.0506060,-0.1790151,-0.0175000),(-0.0506195,-0.1791037,-0.0175000),(-0.0506939,-0.1794484,-0.0175000),(-0.0506060,-0.1790151,-0.0175000),(-0.0506939,-0.1794484,-0.0175000),(-0.0507632,-0.1794944,-0.0175000),(-0.0505870,-0.1789322,-0.0175000),(-0.0506060,-0.1790151,-0.0175000),(-0.0507632,-0.1794944,-0.0175000),(-0.0505870,-0.1789322,-0.0175000),(-0.0507632,-0.1794944,-0.0175000),(-0.0508463,-0.1795098,-0.0175000),(-0.0505327,-0.1787836,-0.0175000),(-0.0505870,-0.1789322,-0.0175000),(-0.0508463,-0.1795098,-0.0175000),(-0.0505327,-0.1787836,-0.0175000),(-0.0508463,-0.1795098,-0.0175000),(-0.0509291,-0.1794944,-0.0175000),(-0.0505327,-0.1787836,-0.0175000),(-0.0509291,-0.1794944,-0.0175000),(-0.0509976,-0.1794484,-0.0175000),(-0.0504568,-0.1786578,-0.0175000),(-0.0505327,-0.1787836,-0.0175000),(-0.0509976,-0.1794484,-0.0175000),(-0.0504568,-0.1786578,-0.0175000),(-0.0509976,-0.1794484,-0.0175000),(-0.0510436,-0.1793801,-0.0175000),(-0.0504568,-0.1786578,-0.0175000),(-0.0510436,-0.1793801,-0.0175000),(-0.0510590,-0.1792981,-0.0175000),(-0.0503662,-0.1785583,-0.0175000),(-0.0504568,-0.1786578,-0.0175000),(-0.0510590,-0.1792981,-0.0175000),(-0.0503662,-0.1785583,-0.0175000),(-0.0510590,-0.1792981,-0.0175000),(-0.0510546,-0.1791611,-0.0175000),(-0.0503662,-0.1785583,-0.0175000),(-0.0510546,-0.1791611,-0.0175000),(-0.0510413,-0.1790302,-0.0175000),(-0.0503662,-0.1785583,-0.0175000),(-0.0510413,-0.1790302,-0.0175000),(-0.0510193,-0.1789052,-0.0175000),(-0.0502629,-0.1784872,-0.0175000),(-0.0503662,-0.1785583,-0.0175000),(-0.0510193,-0.1789052,-0.0175000),(-0.0502629,-0.1784872,-0.0175000),(-0.0510193,-0.1789052,-0.0175000),(-0.0509883,-0.1787861,-0.0175000),(-0.0502629,-0.1784872,-0.0175000),(-0.0509883,-0.1787861,-0.0175000),(-0.0509486,-0.1786731,-0.0175000),(-0.0501466,-0.1784445,-0.0175000),(-0.0502629,-0.1784872,-0.0175000),(-0.0509486,-0.1786731,-0.0175000),(-0.0501466,-0.1784445,-0.0175000),(-0.0509486,-0.1786731,-0.0175000),(-0.0509000,-0.1785661,-0.0175000),(-0.0501466,-0.1784445,-0.0175000),(-0.0509000,-0.1785661,-0.0175000),(-0.0508426,-0.1784650,-0.0175000),(-0.0500176,-0.1784303,-0.0175000),(-0.0501466,-0.1784445,-0.0175000),(-0.0508426,-0.1784650,-0.0175000),(-0.0500176,-0.1784303,-0.0175000),(-0.0508426,-0.1784650,-0.0175000),(-0.0507764,-0.1783700,-0.0175000),(-0.0500176,-0.1784303,-0.0175000),(-0.0507764,-0.1783700,-0.0175000),(-0.0507044,-0.1782844,-0.0175000),(-0.0498940,-0.1784437,-0.0175000),(-0.0500176,-0.1784303,-0.0175000),(-0.0507044,-0.1782844,-0.0175000),(-0.0498940,-0.1784437,-0.0175000),(-0.0507044,-0.1782844,-0.0175000),(-0.0506258,-0.1782102,-0.0175000),(-0.0498940,-0.1784437,-0.0175000),(-0.0506258,-0.1782102,-0.0175000),(-0.0505407,-0.1781475,-0.0175000),(-0.0497805,-0.1784840,-0.0175000),(-0.0498940,-0.1784437,-0.0175000),(-0.0505407,-0.1781475,-0.0175000),(-0.0497805,-0.1784840,-0.0175000),(-0.0505407,-0.1781475,-0.0175000),(-0.0504491,-0.1780961,-0.0175000),(-0.0497805,-0.1784840,-0.0175000),(-0.0504491,-0.1780961,-0.0175000),(-0.0503510,-0.1780562,-0.0175000),(-0.0496771,-0.1785511,-0.0175000),(-0.0497805,-0.1784840,-0.0175000),(-0.0503510,-0.1780562,-0.0175000),(-0.0496771,-0.1785511,-0.0175000),(-0.0503510,-0.1780562,-0.0175000),(-0.0502464,-0.1780276,-0.0175000),(-0.0496771,-0.1785511,-0.0175000),(-0.0502464,-0.1780276,-0.0175000),(-0.0501352,-0.1780105,-0.0175000),(-0.0495837,-0.1786451,-0.0175000),(-0.0496771,-0.1785511,-0.0175000),(-0.0501352,-0.1780105,-0.0175000),(-0.0495837,-0.1786451,-0.0175000),(-0.0501352,-0.1780105,-0.0175000),(-0.0500176,-0.1780048,-0.0175000),(-0.0495837,-0.1786451,-0.0175000),(-0.0500176,-0.1780048,-0.0175000),(-0.0499045,-0.1780103,-0.0175000),(-0.0495059,-0.1787629,-0.0175000),(-0.0495837,-0.1786451,-0.0175000),(-0.0499045,-0.1780103,-0.0175000),(-0.0495059,-0.1787629,-0.0175000),(-0.0499045,-0.1780103,-0.0175000),(-0.0497969,-0.1780268,-0.0175000),(-0.0494503,-0.1789002,-0.0175000),(-0.0495059,-0.1787629,-0.0175000),(-0.0497969,-0.1780268,-0.0175000),(-0.0494503,-0.1789002,-0.0175000),(-0.0497969,-0.1780268,-0.0175000),(-0.0496948,-0.1780542,-0.0175000),(-0.0494503,-0.1789002,-0.0175000),(-0.0496948,-0.1780542,-0.0175000),(-0.0495982,-0.1780927,-0.0175000),(-0.0494309,-0.1789762,-0.0175000),(-0.0494503,-0.1789002,-0.0175000),(-0.0495982,-0.1780927,-0.0175000),(-0.0494309,-0.1789762,-0.0175000),(-0.0495982,-0.1780927,-0.0175000),(-0.0495072,-0.1781421,-0.0175000),(-0.0494170,-0.1790571,-0.0175000),(-0.0494309,-0.1789762,-0.0175000),(-0.0495072,-0.1781421,-0.0175000),(-0.0494170,-0.1790571,-0.0175000),(-0.0495072,-0.1781421,-0.0175000),(-0.0494217,-0.1782025,-0.0175000),(-0.0494087,-0.1791429,-0.0175000),(-0.0494170,-0.1790571,-0.0175000),(-0.0494217,-0.1782025,-0.0175000),(-0.0493490,-0.1802136,-0.0175000),(-0.0494087,-0.1791429,-0.0175000),(-0.0494217,-0.1782025,-0.0175000),(-0.0493490,-0.1802136,-0.0175000),(-0.0494217,-0.1782025,-0.0175000),(-0.0493417,-0.1782738,-0.0175000),(-0.0493490,-0.1802136,-0.0175000),(-0.0493417,-0.1782738,-0.0175000),(-0.0492672,-0.1783562,-0.0175000),(-0.0493490,-0.1802136,-0.0175000),(-0.0492672,-0.1783562,-0.0175000),(-0.0491995,-0.1784475,-0.0175000),(-0.0493490,-0.1802136,-0.0175000),(-0.0491995,-0.1784475,-0.0175000),(-0.0491408,-0.1785440,-0.0175000),(-0.0493490,-0.1802136,-0.0175000),(-0.0491408,-0.1785440,-0.0175000),(-0.0490912,-0.1786458,-0.0175000),(-0.0493490,-0.1802136,-0.0175000),(-0.0490912,-0.1786458,-0.0175000),(-0.0490505,-0.1787528,-0.0175000),(-0.0493490,-0.1802136,-0.0175000),(-0.0490505,-0.1787528,-0.0175000),(-0.0490189,-0.1788651,-0.0175000),(-0.0493490,-0.1802136,-0.0175000),(-0.0490189,-0.1788651,-0.0175000),(-0.0489964,-0.1789827,-0.0175000),(-0.0493490,-0.1802136,-0.0175000),(-0.0489964,-0.1789827,-0.0175000),(-0.0489828,-0.1791055,-0.0175000),(-0.0493490,-0.1802136,-0.0175000),(-0.0489828,-0.1791055,-0.0175000),(-0.0489783,-0.1792336,-0.0175000),(-0.0493490,-0.1802136,-0.0175000),(-0.0489783,-0.1792336,-0.0175000),(-0.0489828,-0.1793629,-0.0175000),(-0.0493490,-0.1802136,-0.0175000),(-0.0489828,-0.1793629,-0.0175000),(-0.0489962,-0.1794870,-0.0175000),(-0.0493490,-0.1802136,-0.0175000),(-0.0489962,-0.1794870,-0.0175000),(-0.0490186,-0.1796058,-0.0175000),(-0.0493490,-0.1802136,-0.0175000),(-0.0490186,-0.1796058,-0.0175000),(-0.0490500,-0.1797193,-0.0175000),(-0.0493490,-0.1802136,-0.0175000),(-0.0490500,-0.1797193,-0.0175000),(-0.0490903,-0.1798275,-0.0175000),(-0.0493490,-0.1802136,-0.0175000),(-0.0490903,-0.1798275,-0.0175000),(-0.0491396,-0.1799305,-0.0175000),(-0.0493490,-0.1802136,-0.0175000),(-0.0491396,-0.1799305,-0.0175000),(-0.0491979,-0.1800281,-0.0175000),(-0.0493490,-0.1802136,-0.0175000),(-0.0491979,-0.1800281,-0.0175000),(-0.0492651,-0.1801204,-0.0175000),(-0.0485200,-0.1780321,-0.0175000),(-0.0484470,-0.1779255,-0.0175000),(-0.0483404,-0.1778524,-0.0175000),(-0.0485200,-0.1780321,-0.0175000),(-0.0483404,-0.1778524,-0.0175000),(-0.0482152,-0.1778281,-0.0175000),(-0.0485200,-0.1780321,-0.0175000),(-0.0482152,-0.1778281,-0.0175000),(-0.0480904,-0.1778524,-0.0175000),(-0.0485200,-0.1780321,-0.0175000),(-0.0480904,-0.1778524,-0.0175000),(-0.0479845,-0.1779255,-0.0175000),(-0.0485200,-0.1780321,-0.0175000),(-0.0479845,-0.1779255,-0.0175000),(-0.0479115,-0.1780321,-0.0175000),(-0.0485200,-0.1780321,-0.0175000),(-0.0479115,-0.1780321,-0.0175000),(-0.0478872,-0.1781572,-0.0175000),(-0.0485200,-0.1780321,-0.0175000),(-0.0478872,-0.1781572,-0.0175000),(-0.0479115,-0.1782824,-0.0175000),(-0.0485200,-0.1780321,-0.0175000),(-0.0479115,-0.1782824,-0.0175000),(-0.0479845,-0.1783890,-0.0175000),(-0.0485200,-0.1780321,-0.0175000),(-0.0479845,-0.1783890,-0.0175000),(-0.0480904,-0.1784620,-0.0175000),(-0.0485200,-0.1780321,-0.0175000),(-0.0480904,-0.1784620,-0.0175000),(-0.0482152,-0.1784864,-0.0175000),(-0.0485200,-0.1780321,-0.0175000),(-0.0482152,-0.1784864,-0.0175000),(-0.0483404,-0.1784620,-0.0175000),(-0.0485200,-0.1780321,-0.0175000),(-0.0483404,-0.1784620,-0.0175000),(-0.0484470,-0.1783890,-0.0175000),(-0.0485200,-0.1780321,-0.0175000),(-0.0484470,-0.1783890,-0.0175000),(-0.0485200,-0.1782824,-0.0175000),(-0.0485200,-0.1780321,-0.0175000),(-0.0485200,-0.1782824,-0.0175000),(-0.0485444,-0.1781572,-0.0175000),(-0.0389462,-0.1780450,-0.0175000),(-0.0388467,-0.1779360,-0.0175000),(-0.0387335,-0.1779085,-0.0175000),(-0.0389462,-0.1780450,-0.0175000),(-0.0387335,-0.1779085,-0.0175000),(-0.0386324,-0.1779339,-0.0175000),(-0.0389462,-0.1780450,-0.0175000),(-0.0386324,-0.1779339,-0.0175000),(-0.0385557,-0.1780101,-0.0175000),(-0.0389462,-0.1780450,-0.0175000),(-0.0385557,-0.1780101,-0.0175000),(-0.0385482,-0.1780165,-0.0175000),(-0.0389462,-0.1780450,-0.0175000),(-0.0385482,-0.1780165,-0.0175000),(-0.0373026,-0.1801839,-0.0175000),(-0.0389462,-0.1780450,-0.0175000),(-0.0373026,-0.1801839,-0.0175000),(-0.0372751,-0.1802908,-0.0175000),(-0.0389462,-0.1780450,-0.0175000),(-0.0372751,-0.1802908,-0.0175000),(-0.0373029,-0.1804001,-0.0175000),(-0.0389462,-0.1780450,-0.0175000),(-0.0373029,-0.1804001,-0.0175000),(-0.0373862,-0.1804782,-0.0175000),(-0.0389462,-0.1780450,-0.0175000),(-0.0373862,-0.1804782,-0.0175000),(-0.0374931,-0.1805078,-0.0175000),(-0.0389462,-0.1780450,-0.0175000),(-0.0374931,-0.1805078,-0.0175000),(-0.0376018,-0.1804800,-0.0175000),(-0.0389462,-0.1780450,-0.0175000),(-0.0376018,-0.1804800,-0.0175000),(-0.0376783,-0.1803967,-0.0175000),(-0.0389462,-0.1780450,-0.0175000),(-0.0376783,-0.1803967,-0.0175000),(-0.0385207,-0.1789309,-0.0175000),(-0.0389462,-0.1780450,-0.0175000),(-0.0385207,-0.1789309,-0.0175000),(-0.0385207,-0.1815386,-0.0175000),(-0.0385207,-0.1815386,-0.0175000),(-0.0369343,-0.1815386,-0.0175000),(-0.0368494,-0.1815545,-0.0175000),(-0.0385207,-0.1815386,-0.0175000),(-0.0368494,-0.1815545,-0.0175000),(-0.0367787,-0.1816021,-0.0175000),(-0.0385207,-0.1815386,-0.0175000),(-0.0367787,-0.1816021,-0.0175000),(-0.0367311,-0.1816717,-0.0175000),(-0.0385207,-0.1815386,-0.0175000),(-0.0367311,-0.1816717,-0.0175000),(-0.0367152,-0.1817534,-0.0175000),(-0.0385207,-0.1815386,-0.0175000),(-0.0367152,-0.1817534,-0.0175000),(-0.0367311,-0.1818355,-0.0175000),(-0.0385207,-0.1815386,-0.0175000),(-0.0367311,-0.1818355,-0.0175000),(-0.0367787,-0.1819058,-0.0175000),(-0.0385207,-0.1815386,-0.0175000),(-0.0367787,-0.1819058,-0.0175000),(-0.0368494,-0.1819551,-0.0175000),(-0.0385207,-0.1815386,-0.0175000),(-0.0368494,-0.1819551,-0.0175000),(-0.0369343,-0.1819715,-0.0175000),(-0.0385207,-0.1815386,-0.0175000),(-0.0369343,-0.1819715,-0.0175000),(-0.0387409,-0.1819715,-0.0175000),(-0.0389462,-0.1780450,-0.0175000),(-0.0385207,-0.1815386,-0.0175000),(-0.0387409,-0.1819715,-0.0175000),(-0.0387409,-0.1819715,-0.0175000),(-0.0405464,-0.1819715,-0.0175000),(-0.0406292,-0.1819551,-0.0175000),(-0.0387409,-0.1819715,-0.0175000),(-0.0406292,-0.1819551,-0.0175000),(-0.0406977,-0.1819058,-0.0175000),(-0.0387409,-0.1819715,-0.0175000),(-0.0406977,-0.1819058,-0.0175000),(-0.0407438,-0.1818355,-0.0175000),(-0.0387409,-0.1819715,-0.0175000),(-0.0407438,-0.1818355,-0.0175000),(-0.0407591,-0.1817534,-0.0175000),(-0.0387409,-0.1819715,-0.0175000),(-0.0407591,-0.1817534,-0.0175000),(-0.0407438,-0.1816717,-0.0175000),(-0.0387409,-0.1819715,-0.0175000),(-0.0407438,-0.1816717,-0.0175000),(-0.0406977,-0.1816021,-0.0175000),(-0.0387409,-0.1819715,-0.0175000),(-0.0406977,-0.1816021,-0.0175000),(-0.0406292,-0.1815545,-0.0175000),(-0.0387409,-0.1819715,-0.0175000),(-0.0406292,-0.1815545,-0.0175000),(-0.0405464,-0.1815386,-0.0175000),(-0.0387409,-0.1819715,-0.0175000),(-0.0405464,-0.1815386,-0.0175000),(-0.0389536,-0.1815386,-0.0175000),(-0.0389462,-0.1780450,-0.0175000),(-0.0387409,-0.1819715,-0.0175000),(-0.0389536,-0.1815386,-0.0175000),(-0.0389462,-0.1780450,-0.0175000),(-0.0389536,-0.1815386,-0.0175000),(-0.0389536,-0.1789266,-0.0175000),(-0.0389462,-0.1780450,-0.0175000),(-0.0389536,-0.1789266,-0.0175000),(-0.0398098,-0.1804157,-0.0175000),(-0.0389462,-0.1780450,-0.0175000),(-0.0398098,-0.1804157,-0.0175000),(-0.0398894,-0.1804951,-0.0175000),(-0.0389462,-0.1780450,-0.0175000),(-0.0398894,-0.1804951,-0.0175000),(-0.0399971,-0.1805215,-0.0175000),(-0.0389462,-0.1780450,-0.0175000),(-0.0399971,-0.1805215,-0.0175000),(-0.0401082,-0.1804940,-0.0175000),(-0.0389462,-0.1780450,-0.0175000),(-0.0401082,-0.1804940,-0.0175000),(-0.0401900,-0.1804144,-0.0175000),(-0.0389462,-0.1780450,-0.0175000),(-0.0401900,-0.1804144,-0.0175000),(-0.0402172,-0.1803046,-0.0175000),(-0.0389462,-0.1780450,-0.0175000),(-0.0402172,-0.1803046,-0.0175000),(-0.0401855,-0.1801956,-0.0175000),(-0.0340577,-0.1796325,-0.0175000),(-0.0344631,-0.1796325,-0.0175000),(-0.0351531,-0.1796188,-0.0175000),(-0.0338154,-0.1796325,-0.0175000),(-0.0340577,-0.1796325,-0.0175000),(-0.0351531,-0.1796188,-0.0175000),(-0.0344631,-0.1809682,-0.0175000),(-0.0344631,-0.1796325,-0.0175000),(-0.0340577,-0.1796325,-0.0175000),(-0.0344631,-0.1809682,-0.0175000),(-0.0340577,-0.1796325,-0.0175000),(-0.0340577,-0.1818201,-0.0175000),(-0.0351531,-0.1796188,-0.0175000),(-0.0344631,-0.1809682,-0.0175000),(-0.0340577,-0.1818201,-0.0175000),(-0.0351531,-0.1796188,-0.0175000),(-0.0340577,-0.1818201,-0.0175000),(-0.0340675,-0.1818950,-0.0175000),(-0.0351531,-0.1796188,-0.0175000),(-0.0340675,-0.1818950,-0.0175000),(-0.0340969,-0.1819524,-0.0175000),(-0.0351531,-0.1796188,-0.0175000),(-0.0340969,-0.1819524,-0.0175000),(-0.0342059,-0.1820265,-0.0175000),(-0.0351531,-0.1796188,-0.0175000),(-0.0342059,-0.1820265,-0.0175000),(-0.0342662,-0.1820339,-0.0175000),(-0.0351531,-0.1796188,-0.0175000),(-0.0342662,-0.1820339,-0.0175000),(-0.0343424,-0.1820244,-0.0175000),(-0.0351531,-0.1796188,-0.0175000),(-0.0343424,-0.1820244,-0.0175000),(-0.0344493,-0.1819408,-0.0175000),(-0.0351531,-0.1796188,-0.0175000),(-0.0344493,-0.1819408,-0.0175000),(-0.0357267,-0.1795214,-0.0175000),(-0.0338154,-0.1796325,-0.0175000),(-0.0351531,-0.1796188,-0.0175000),(-0.0357267,-0.1795214,-0.0175000),(-0.0338154,-0.1796325,-0.0175000),(-0.0357267,-0.1795214,-0.0175000),(-0.0357617,-0.1793944,-0.0175000),(-0.0338154,-0.1796325,-0.0175000),(-0.0357617,-0.1793944,-0.0175000),(-0.0357363,-0.1793066,-0.0175000),(-0.0338154,-0.1796325,-0.0175000),(-0.0357363,-0.1793066,-0.0175000),(-0.0356593,-0.1792320,-0.0175000),(-0.0338154,-0.1796325,-0.0175000),(-0.0356593,-0.1792320,-0.0175000),(-0.0355489,-0.1792071,-0.0175000),(-0.0338154,-0.1796325,-0.0175000),(-0.0355489,-0.1792071,-0.0175000),(-0.0344842,-0.1792071,-0.0175000),(-0.0344842,-0.1792071,-0.0175000),(-0.0344842,-0.1781953,-0.0175000),(-0.0344686,-0.1781120,-0.0175000),(-0.0344842,-0.1792071,-0.0175000),(-0.0344686,-0.1781120,-0.0175000),(-0.0344218,-0.1780440,-0.0175000),(-0.0344842,-0.1792071,-0.0175000),(-0.0344218,-0.1780440,-0.0175000),(-0.0343530,-0.1779979,-0.0175000),(-0.0344842,-0.1792071,-0.0175000),(-0.0343530,-0.1779979,-0.0175000),(-0.0342715,-0.1779826,-0.0175000),(-0.0344842,-0.1792071,-0.0175000),(-0.0342715,-0.1779826,-0.0175000),(-0.0341892,-0.1779979,-0.0175000),(-0.0344842,-0.1792071,-0.0175000),(-0.0341892,-0.1779979,-0.0175000),(-0.0341202,-0.1780440,-0.0175000),(-0.0344842,-0.1792071,-0.0175000),(-0.0341202,-0.1780440,-0.0175000),(-0.0340734,-0.1781120,-0.0175000),(-0.0344842,-0.1792071,-0.0175000),(-0.0340734,-0.1781120,-0.0175000),(-0.0340577,-0.1781953,-0.0175000),(-0.0344842,-0.1792071,-0.0175000),(-0.0340577,-0.1781953,-0.0175000),(-0.0340577,-0.1792071,-0.0175000),(-0.0338154,-0.1796325,-0.0175000),(-0.0344842,-0.1792071,-0.0175000),(-0.0340577,-0.1792071,-0.0175000),(-0.0338154,-0.1796325,-0.0175000),(-0.0340577,-0.1792071,-0.0175000),(-0.0338154,-0.1792071,-0.0175000),(-0.0338154,-0.1796325,-0.0175000),(-0.0338154,-0.1792071,-0.0175000),(-0.0337318,-0.1792227,-0.0175000),(-0.0338154,-0.1796325,-0.0175000),(-0.0337318,-0.1792227,-0.0175000),(-0.0336630,-0.1792695,-0.0175000),(-0.0338154,-0.1796325,-0.0175000),(-0.0336630,-0.1792695,-0.0175000),(-0.0336169,-0.1793383,-0.0175000),(-0.0338154,-0.1796325,-0.0175000),(-0.0336169,-0.1793383,-0.0175000),(-0.0336016,-0.1794198,-0.0175000),(-0.0338154,-0.1796325,-0.0175000),(-0.0336016,-0.1794198,-0.0175000),(-0.0336169,-0.1795013,-0.0175000),(-0.0338154,-0.1796325,-0.0175000),(-0.0336169,-0.1795013,-0.0175000),(-0.0336630,-0.1795701,-0.0175000),(-0.0338154,-0.1796325,-0.0175000),(-0.0336630,-0.1795701,-0.0175000),(-0.0337318,-0.1796169,-0.0175000)));
#6180=COMPLEX_TRIANGULATED_SURFACE_SET('surface set',#6179,2226,(),(),(),((1,2,3),(4,5,6),(7,8,9),(10,11,12),(13,14,15),(16,17,18),(19,20,21),(22,23,24),(25,26,27),(28,29,30),(31,32,33),(34,35,36),(37,38,39),(40,41,42),(43,44,45),(46,47,48),(49,50,51),(52,53,54),(55,56,57),(58,59,60),(61,62,63),(64,65,66),(67,68,69),(70,71,72),(73,74,75),(76,77,78),(79,80,81),(82,83,84),(85,86,87),(88,89,90),(91,92,93),(94,95,96),(97,98,99),(100,101,102),(103,104,105),(106,107,108),(109,110,111),(112,113,114),(115,116,117),(118,119,120),(121,122,123),(124,125,126),(127,128,129),(130,131,132),(133,134,135),(136,137,138),(139,140,141),(142,143,144),(145,146,147),(148,149,150),(151,152,153),(154,155,156),(157,158,159),(160,161,162),(163,164,165),(166,167,168),(169,170,171),(172,173,174),(175,176,177),(178,179,180),(181,182,183),(184,185,186),(187,188,189),(190,191,192),(193,194,195),(196,197,198),(199,200,201),(202,203,204),(205,206,207),(208,209,210),(211,212,213),(214,215,216),(217,218,219),(220,221,222),(223,224,225),(226,227,228),(229,230,231),(232,233,234),(235,236,237),(238,239,240),(241,242,243),(244,245,246),(247,248,249),(250,251,252),(253,254,255),(256,257,258),(259,260,261),(262,263,264),(265,266,267),(268,269,270),(271,272,273),(274,275,276),(277,278,279),(280,281,282),(283,284,285),(286,287,288),(289,290,291),(292,293,294),(295,296,297),(298,299,300),(301,302,303),(304,305,306),(307,308,309),(310,311,312),(313,314,315),(316,317,318),(319,320,321),(322,323,324),(325,326,327),(328,329,330),(331,332,333),(334,335,336),(337,338,339),(340,341,342),(343,344,345),(346,347,348),(349,350,351),(352,353,354),(355,356,357),(358,359,360),(361,362,363),(364,365,366),(367,368,369),(370,371,372),(373,374,375),(376,377,378),(379,380,381),(382,383,384),(385,386,387),(388,389,390),(391,392,393),(394,395,396),(397,398,399),(400,401,402),(403,404,405),(406,407,408),(409,410,411),(412,413,414),(415,416,417),(418,419,420),(421,422,423),(424,425,426),(427,428,429),(430,431,432),(433,434,435),(436,437,438),(439,440,441),(442,443,444),(445,446,447),(448,449,450),(451,452,453),(454,455,456),(457,458,459),(460,461,462),(463,464,465),(466,467,468),(469,470,471),(472,473,474),(475,476,477),(478,479,480),(481,482,483),(484,485,486),(487,488,489),(490,491,492),(493,494,495),(496,497,498),(499,500,501),(502,503,504),(505,506,507),(508,509,510),(511,512,513),(514,515,516),(517,518,519),(520,521,522),(523,524,525),(526,527,528),(529,530,531),(532,533,534),(535,536,537),(538,539,540),(541,542,543),(544,545,546),(547,548,549),(550,551,552),(553,554,555),(556,557,558),(559,560,561),(562,563,564),(565,566,567),(568,569,570),(571,572,573),(574,575,576),(577,578,579),(580,581,582),(583,584,585),(586,587,588),(589,590,591),(592,593,594),(595,596,597),(598,599,600),(601,602,603),(604,605,606),(607,608,609),(610,611,612),(613,614,615),(616,617,618),(619,620,621),(622,623,624),(625,626,627),(628,629,630),(631,632,633),(634,635,636),(637,638,639),(640,641,642),(643,644,645),(646,647,648),(649,650,651),(652,653,654),(655,656,657),(658,659,660),(661,662,663),(664,665,666),(667,668,669),(670,671,672),(673,674,675),(676,677,678),(679,680,681),(682,683,684),(685,686,687),(688,689,690),(691,692,693),(694,695,696),(697,698,699),(700,701,702),(703,704,705),(706,707,708),(709,710,711),(712,713,714),(715,716,717),(718,719,720),(721,722,723),(724,725,726),(727,728,729),(730,731,732),(733,734,735),(736,737,738),(739,740,741),(742,743,744),(745,746,747),(748,749,750),(751,752,753),(754,755,756),(757,758,759),(760,761,762),(763,764,765),(766,767,768),(769,770,771),(772,773,774),(775,776,777),(778,779,780),(781,782,783),(784,785,786),(787,788,789),(790,791,792),(793,794,795),(796,797,798),(799,800,801),(802,803,804),(805,806,807),(808,809,810),(811,812,813),(814,815,816),(817,818,819),(820,821,822),(823,824,825),(826,827,828),(829,830,831),(832,833,834),(835,836,837),(838,839,840),(841,842,843),(844,845,846),(847,848,849),(850,851,852),(853,854,855),(856,857,858),(859,860,861),(862,863,864),(865,866,867),(868,869,870),(871,872,873),(874,875,876),(877,878,879),(880,881,882),(883,884,885),(886,887,888),(889,890,891),(892,893,894),(895,896,897),(898,899,900),(901,902,903),(904,905,906),(907,908,909),(910,911,912),(913,914,915),(916,917,918),(919,920,921),(922,923,924),(925,926,927),(928,929,930),(931,932,933),(934,935,936),(937,938,939),(940,941,942),(943,944,945),(946,947,948),(949,950,951),(952,953,954),(955,956,957),(958,959,960),(961,962,963),(964,965,966),(967,968,969),(970,971,972),(973,974,975),(976,977,978),(979,980,981),(982,983,984),(985,986,987),(988,989,990),(991,992,993),(994,995,996),(997,998,999),(1000,1001,1002),(1003,1004,1005),(1006,1007,1008),(1009,1010,1011),(1012,1013,1014),(1015,1016,1017),(1018,1019,1020),(1021,1022,1023),(1024,1025,1026),(1027,1028,1029),(1030,1031,1032),(1033,1034,1035),(1036,1037,1038),(1039,1040,1041),(1042,1043,1044),(1045,1046,1047),(1048,1049,1050),(1051,1052,1053),(1054,1055,1056),(1057,1058,1059),(1060,1061,1062),(1063,1064,1065),(1066,1067,1068),(1069,1070,1071),(1072,1073,1074),(1075,1076,1077),(1078,1079,1080),(1081,1082,1083),(1084,1085,1086),(1087,1088,1089),(1090,1091,1092),(1093,1094,1095),(1096,1097,1098),(1099,1100,1101),(1102,1103,1104),(1105,1106,1107),(1108,1109,1110),(1111,1112,1113),(1114,1115,1116),(1117,1118,1119),(1120,1121,1122),(1123,1124,1125),(1126,1127,1128),(1129,1130,1131),(1132,1133,1134),(1135,1136,1137),(1138,1139,1140),(1141,1142,1143),(1144,1145,1146),(1147,1148,1149),(1150,1151,1152),(1153,1154,1155),(1156,1157,1158),(1159,1160,1161),(1162,1163,1164),(1165,1166,1167),(1168,1169,1170),(1171,1172,1173),(1174,1175,1176),(1177,1178,1179),(1180,1181,1182),(1183,1184,1185),(1186,1187,1188),(1189,1190,1191),(1192,1193,1194),(1195,1196,1197),(1198,1199,1200),(1201,1202,1203),(1204,1205,1206),(1207,1208,1209),(1210,1211,1212),(1213,1214,1215),(1216,1217,1218),(1219,1220,1221),(1222,1223,1224),(1225,1226,1227),(1228,1229,1230),(1231,1232,1233),(1234,1235,1236),(1237,1238,1239),(1240,1241,1242),(1243,1244,1245),(1246,1247,1248),(1249,1250,1251),(1252,1253,1254),(1255,1256,1257),(1258,1259,1260),(1261,1262,1263),(1264,1265,1266),(1267,1268,1269),(1270,1271,1272),(1273,1274,1275),(1276,1277,1278),(1279,1280,1281),(1282,1283,1284),(1285,1286,1287),(1288,1289,1290),(1291,1292,1293),(1294,1295,1296),(1297,1298,1299),(1300,1301,1302),(1303,1304,1305),(1306,1307,1308),(1309,1310,1311),(1312,1313,1314),(1315,1316,1317),(1318,1319,1320),(1321,1322,1323),(1324,1325,1326),(1327,1328,1329),(1330,1331,1332),(1333,1334,1335),(1336,1337,1338),(1339,1340,1341),(1342,1343,1344),(1345,1346,1347),(1348,1349,1350),(1351,1352,1353),(1354,1355,1356),(1357,1358,1359),(1360,1361,1362),(1363,1364,1365),(1366,1367,1368),(1369,1370,1371),(1372,1373,1374),(1375,1376,1377),(1378,1379,1380),(1381,1382,1383),(1384,1385,1386),(1387,1388,1389),(1390,1391,1392),(1393,1394,1395),(1396,1397,1398),(1399,1400,1401),(1402,1403,1404),(1405,1406,1407),(1408,1409,1410),(1411,1412,1413),(1414,1415,1416),(1417,1418,1419),(1420,1421,1422),(1423,1424,1425),(1426,1427,1428),(1429,1430,1431),(1432,1433,1434),(1435,1436,1437),(1438,1439,1440),(1441,1442,1443),(1444,1445,1446),(1447,1448,1449),(1450,1451,1452),(1453,1454,1455),(1456,1457,1458),(1459,1460,1461),(1462,1463,1464),(1465,1466,1467),(1468,1469,1470),(1471,1472,1473),(1474,1475,1476),(1477,1478,1479),(1480,1481,1482),(1483,1484,1485),(1486,1487,1488),(1489,1490,1491),(1492,1493,1494),(1495,1496,1497),(1498,1499,1500),(1501,1502,1503),(1504,1505,1506),(1507,1508,1509),(1510,1511,1512),(1513,1514,1515),(1516,1517,1518),(1519,1520,1521),(1522,1523,1524),(1525,1526,1527),(1528,1529,1530),(1531,1532,1533),(1534,1535,1536),(1537,1538,1539),(1540,1541,1542),(1543,1544,1545),(1546,1547,1548),(1549,1550,1551),(1552,1553,1554),(1555,1556,1557),(1558,1559,1560),(1561,1562,1563),(1564,1565,1566),(1567,1568,1569),(1570,1571,1572),(1573,1574,1575),(1576,1577,1578),(1579,1580,1581),(1582,1583,1584),(1585,1586,1587),(1588,1589,1590),(1591,1592,1593),(1594,1595,1596),(1597,1598,1599),(1600,1601,1602),(1603,1604,1605),(1606,1607,1608),(1609,1610,1611),(1612,1613,1614),(1615,1616,1617),(1618,1619,1620),(1621,1622,1623),(1624,1625,1626),(1627,1628,1629),(1630,1631,1632),(1633,1634,1635),(1636,1637,1638),(1639,1640,1641),(1642,1643,1644),(1645,1646,1647),(1648,1649,1650),(1651,1652,1653),(1654,1655,1656),(1657,1658,1659),(1660,1661,1662),(1663,1664,1665),(1666,1667,1668),(1669,1670,1671),(1672,1673,1674),(1675,1676,1677),(1678,1679,1680),(1681,1682,1683),(1684,1685,1686),(1687,1688,1689),(1690,1691,1692),(1693,1694,1695),(1696,1697,1698),(1699,1700,1701),(1702,1703,1704),(1705,1706,1707),(1708,1709,1710),(1711,1712,1713),(1714,1715,1716),(1717,1718,1719),(1720,1721,1722),(1723,1724,1725),(1726,1727,1728),(1729,1730,1731),(1732,1733,1734),(1735,1736,1737),(1738,1739,1740),(1741,1742,1743),(1744,1745,1746),(1747,1748,1749),(1750,1751,1752),(1753,1754,1755),(1756,1757,1758),(1759,1760,1761),(1762,1763,1764),(1765,1766,1767),(1768,1769,1770),(1771,1772,1773),(1774,1775,1776),(1777,1778,1779),(1780,1781,1782),(1783,1784,1785),(1786,1787,1788),(1789,1790,1791),(1792,1793,1794),(1795,1796,1797),(1798,1799,1800),(1801,1802,1803),(1804,1805,1806),(1807,1808,1809),(1810,1811,1812),(1813,1814,1815),(1816,1817,1818),(1819,1820,1821),(1822,1823,1824),(1825,1826,1827),(1828,1829,1830),(1831,1832,1833),(1834,1835,1836),(1837,1838,1839),(1840,1841,1842),(1843,1844,1845),(1846,1847,1848),(1849,1850,1851),(1852,1853,1854),(1855,1856,1857),(1858,1859,1860),(1861,1862,1863),(1864,1865,1866),(1867,1868,1869),(1870,1871,1872),(1873,1874,1875),(1876,1877,1878),(1879,1880,1881),(1882,1883,1884),(1885,1886,1887),(1888,1889,1890),(1891,1892,1893),(1894,1895,1896),(1897,1898,1899),(1900,1901,1902),(1903,1904,1905),(1906,1907,1908),(1909,1910,1911),(1912,1913,1914),(1915,1916,1917),(1918,1919,1920),(1921,1922,1923),(1924,1925,1926),(1927,1928,1929),(1930,1931,1932),(1933,1934,1935),(1936,1937,1938),(1939,1940,1941),(1942,1943,1944),(1945,1946,1947),(1948,1949,1950),(1951,1952,1953),(1954,1955,1956),(1957,1958,1959),(1960,1961,1962),(1963,1964,1965),(1966,1967,1968),(1969,1970,1971),(1972,1973,1974),(1975,1976,1977),(1978,1979,1980),(1981,1982,1983),(1984,1985,1986),(1987,1988,1989),(1990,1991,1992),(1993,1994,1995),(1996,1997,1998),(1999,2000,2001),(2002,2003,2004),(2005,2006,2007),(2008,2009,2010),(2011,2012,2013),(2014,2015,2016),(2017,2018,2019),(2020,2021,2022),(2023,2024,2025),(2026,2027,2028),(2029,2030,2031),(2032,2033,2034),(2035,2036,2037),(2038,2039,2040),(2041,2042,2043),(2044,2045,2046),(2047,2048,2049),(2050,2051,2052),(2053,2054,2055),(2056,2057,2058),(2059,2060,2061),(2062,2063,2064),(2065,2066,2067),(2068,2069,2070),(2071,2072,2073),(2074,2075,2076),(2077,2078,2079),(2080,2081,2082),(2083,2084,2085),(2086,2087,2088),(2089,2090,2091),(2092,2093,2094),(2095,2096,2097),(2098,2099,2100),(2101,2102,2103),(2104,2105,2106),(2107,2108,2109),(2110,2111,2112),(2113,2114,2115),(2116,2117,2118),(2119,2120,2121),(2122,2123,2124),(2125,2126,2127),(2128,2129,2130),(2131,2132,2133),(2134,2135,2136),(2137,2138,2139),(2140,2141,2142),(2143,2144,2145),(2146,2147,2148),(2149,2150,2151),(2152,2153,2154),(2155,2156,2157),(2158,2159,2160),(2161,2162,2163),(2164,2165,2166),(2167,2168,2169),(2170,2171,2172),(2173,2174,2175),(2176,2177,2178),(2179,2180,2181),(2182,2183,2184),(2185,2186,2187),(2188,2189,2190),(2191,2192,2193),(2194,2195,2196),(2197,2198,2199),(2200,2201,2202),(2203,2204,2205),(2206,2207,2208),(2209,2210,2211),(2212,2213,2214),(2215,2216,2217),(2218,2219,2220),(2221,2222,2223),(2224,2225,2226)));
#6181=TESSELLATED_GEOMETRIC_SET('hole callout',(#6180));
#6182=COORDINATES_LIST('coordinates',5,((-0.0556014,-0.1754343,-0.0175000),(-0.0329616,-0.1754343,-0.0175000),(-0.0660764,-0.1699593,-0.0175000),(-0.0606014,-0.1754343,-0.0175000),(-0.0556014,-0.1754343,-0.0175000)));
#6183=TESSELLATED_CURVE_SET('curve set',#6182,((1,2),(3,4,5)));
#6184=TESSELLATED_GEOMETRIC_SET('hole callout',(#6183));
#6185=TESSELLATED_ANNOTATION_OCCURRENCE('hole callout',(#6178),#6181);
#6186=TESSELLATED_ANNOTATION_OCCURRENCE('hole callout',(#6178),#6184);
#6187=DRAUGHTING_CALLOUT('hole callout',(#6185,#6186));
#6188=DRAUGHTING_MODEL_ITEM_ASSOCIATION('','',#6138,#6174,#6187);
#6189=DRAUGHTING_MODEL_ITEM_ASSOCIATION('','',#6146,#6174,#6187);
#6190=DRAUGHTING_MODEL_ITEM_ASSOCIATION('','',#6113,#6174,#6187);
ENDSEC;
END-ISO-10303-21;
