ISO-10303-21;
HEADER;
/*Generated by software containing ST-Developer
 * from STEP Tools, Inc. (www.steptools.com) 
 */
/*OPTION: using custom renumber hook */
/*description */
/*implementation_level */
FILE_DESCRIPTION(('STEP AP242 Edition 2','STEP AP242 Edition 2''CAx-IF Rec.Pracs.---Representation and Presentation of Product Manufa
cturing Information (PMI)---4.0---2014-10-13','STEP AP242 Edition 2''CAx-IF Rec.Pracs.---Representation and Presentation of Product Manufa
cturing Information (PMI)---4.0---2014-10-13''CAx-IF Rec.Pracs.---3D Tessellated Geometry---0.4---2014-09-14','STEP AP242 Edition 2''CAx-IF Rec.Pracs.---Representation and Presentation of Product Manufa
cturing Information (PMI)---4.0---2014-10-13''CAx-IF Rec.Pracs.---3D Tessellated Geometry---0.4---2014-09-14''2;1','STEP AP242 Edition 2''CAx-IF Rec.Pracs.---Representation and Presentation of Product Manufa
cturing Information (PMI)---4.0---2014-10-13''CAx-IF Rec.Pracs.---3D Tessellated Geometry---0.4---2014-09-14''2;1''CAx-IF Rec.Pracs.---User Defined Attributes---1.5---2016-08-15'),'2;1');
/*name */
/*time_stamp */
/*author */
/*organization */
/*preprocessor_version */
/*originating_system */
/*authorisation */
FILE_NAME('/vol/tmp/translate-968780454860702111/3D_PCB_PCB_ESP32-sd-int_2026-03-29nosilk Copy 1 - CaseLid.step','2026-05-03T09:33:31',(''),(''),'ST-DEVELOPER v20','ONSHAPE BY PTC INC, 1.214','  ');
FILE_SCHEMA(('AP242_MANAGED_MODEL_BASED_3D_ENGINEERING_MIM_LF { 1 0 10303 442 3 1 4 }'));
ENDSEC;
DATA;
#10=SHAPE_REPRESENTATION_RELATIONSHIP('','',#7711,#11);
#11=ADVANCED_BREP_SHAPE_REPRESENTATION('',(#7709),#12979);
#12=ELLIPSE('',#8364,0.00212132034355965,0.0015);
#13=ELLIPSE('',#8367,0.00212132034355965,0.0015);
#14=ELLIPSE('',#8370,0.00212132034355965,0.0015);
#15=ELLIPSE('',#8373,0.00212132034355965,0.0015);
#16=TOROIDAL_SURFACE('',#8338,0.0025,0.0015);
#17=TOROIDAL_SURFACE('',#8345,0.0025,0.0015);
#18=TOROIDAL_SURFACE('',#8347,0.0025,0.0015);
#19=TOROIDAL_SURFACE('',#8353,0.0025,0.0015);
#20=B_SPLINE_SURFACE_WITH_KNOTS('',3,1,((#11350,#11351),(#11352,#11353),(#11354,#11355),(#11356,#11357)),.SURF_OF_LINEAR_EXTRUSION.,.F.,.F.,.F.,(4,4),(2,2),(0.,1.),(0.,1.),.PIECEWISE_BEZIER_KNOTS.);
#21=B_SPLINE_SURFACE_WITH_KNOTS('',3,1,((#11370,#11371),(#11372,#11373),(#11374,#11375),(#11376,#11377)),.SURF_OF_LINEAR_EXTRUSION.,.F.,.F.,.F.,(4,4),(2,2),(0.,1.),(0.,1.),.PIECEWISE_BEZIER_KNOTS.);
#22=B_SPLINE_SURFACE_WITH_KNOTS('',3,1,((#11411,#11412),(#11413,#11414),(#11415,#11416),(#11417,#11418)),.SURF_OF_LINEAR_EXTRUSION.,.F.,.F.,.F.,(4,4),(2,2),(0.,1.),(0.,1.),.PIECEWISE_BEZIER_KNOTS.);
#23=B_SPLINE_SURFACE_WITH_KNOTS('',3,1,((#11428,#11429),(#11430,#11431),(#11432,#11433),(#11434,#11435)),.SURF_OF_LINEAR_EXTRUSION.,.F.,.F.,.F.,(4,4),(2,2),(0.,1.),(0.,1.),.PIECEWISE_BEZIER_KNOTS.);
#24=B_SPLINE_SURFACE_WITH_KNOTS('',3,1,((#11463,#11464),(#11465,#11466),(#11467,#11468),(#11469,#11470)),.SURF_OF_LINEAR_EXTRUSION.,.F.,.F.,.F.,(4,4),(2,2),(0.,1.),(0.,1.),.PIECEWISE_BEZIER_KNOTS.);
#25=B_SPLINE_SURFACE_WITH_KNOTS('',3,1,((#11478,#11479),(#11480,#11481),(#11482,#11483),(#11484,#11485)),.SURF_OF_LINEAR_EXTRUSION.,.F.,.F.,.F.,(4,4),(2,2),(0.,1.),(0.,1.),.PIECEWISE_BEZIER_KNOTS.);
#26=B_SPLINE_SURFACE_WITH_KNOTS('',3,1,((#11507,#11508),(#11509,#11510),(#11511,#11512),(#11513,#11514)),.SURF_OF_LINEAR_EXTRUSION.,.F.,.F.,.F.,(4,4),(2,2),(0.,1.),(0.,1.),.PIECEWISE_BEZIER_KNOTS.);
#27=B_SPLINE_SURFACE_WITH_KNOTS('',3,1,((#11520,#11521),(#11522,#11523),(#11524,#11525),(#11526,#11527)),.SURF_OF_LINEAR_EXTRUSION.,.F.,.F.,.F.,(4,4),(2,2),(0.,1.),(0.,1.),.PIECEWISE_BEZIER_KNOTS.);
#28=B_SPLINE_SURFACE_WITH_KNOTS('',3,1,((#11897,#11898),(#11899,#11900),(#11901,#11902),(#11903,#11904)),.SURF_OF_LINEAR_EXTRUSION.,.F.,.F.,.F.,(4,4),(2,2),(0.,1.),(0.,1.),.PIECEWISE_BEZIER_KNOTS.);
#29=B_SPLINE_SURFACE_WITH_KNOTS('',3,1,((#11910,#11911),(#11912,#11913),(#11914,#11915),(#11916,#11917)),.SURF_OF_LINEAR_EXTRUSION.,.F.,.F.,.F.,(4,4),(2,2),(0.,1.),(0.,1.),.PIECEWISE_BEZIER_KNOTS.);
#30=B_SPLINE_SURFACE_WITH_KNOTS('',3,1,((#11975,#11976),(#11977,#11978),(#11979,#11980),(#11981,#11982)),.SURF_OF_LINEAR_EXTRUSION.,.F.,.F.,.F.,(4,4),(2,2),(0.,1.),(0.,1.),.PIECEWISE_BEZIER_KNOTS.);
#31=B_SPLINE_SURFACE_WITH_KNOTS('',3,1,((#11988,#11989),(#11990,#11991),(#11992,#11993),(#11994,#11995)),.SURF_OF_LINEAR_EXTRUSION.,.F.,.F.,.F.,(4,4),(2,2),(0.,1.),(0.,1.),.PIECEWISE_BEZIER_KNOTS.);
#32=B_SPLINE_SURFACE_WITH_KNOTS('',3,1,((#12103,#12104),(#12105,#12106),(#12107,#12108),(#12109,#12110)),.SURF_OF_LINEAR_EXTRUSION.,.F.,.F.,.F.,(4,4),(2,2),(0.,1.),(0.,1.),.PIECEWISE_BEZIER_KNOTS.);
#33=B_SPLINE_SURFACE_WITH_KNOTS('',3,1,((#12145,#12146),(#12147,#12148),(#12149,#12150),(#12151,#12152)),.SURF_OF_LINEAR_EXTRUSION.,.F.,.F.,.F.,(4,4),(2,2),(0.,1.),(0.,1.),.PIECEWISE_BEZIER_KNOTS.);
#34=B_SPLINE_SURFACE_WITH_KNOTS('',3,1,((#12186,#12187),(#12188,#12189),(#12190,#12191),(#12192,#12193)),.SURF_OF_LINEAR_EXTRUSION.,.F.,.F.,.F.,(4,4),(2,2),(0.,1.),(0.,1.),.PIECEWISE_BEZIER_KNOTS.);
#35=B_SPLINE_SURFACE_WITH_KNOTS('',3,1,((#12528,#12529),(#12530,#12531),(#12532,#12533),(#12534,#12535)),.SURF_OF_LINEAR_EXTRUSION.,.F.,.F.,.F.,(4,4),(2,2),(0.,1.),(0.,1.),.PIECEWISE_BEZIER_KNOTS.);
#36=B_SPLINE_SURFACE_WITH_KNOTS('',3,1,((#12541,#12542),(#12543,#12544),(#12545,#12546),(#12547,#12548)),.SURF_OF_LINEAR_EXTRUSION.,.F.,.F.,.F.,(4,4),(2,2),(0.,1.),(0.,1.),.PIECEWISE_BEZIER_KNOTS.);
#37=B_SPLINE_SURFACE_WITH_KNOTS('',3,1,((#12606,#12607),(#12608,#12609),(#12610,#12611),(#12612,#12613)),.SURF_OF_LINEAR_EXTRUSION.,.F.,.F.,.F.,(4,4),(2,2),(0.,1.),(0.,1.),.PIECEWISE_BEZIER_KNOTS.);
#38=B_SPLINE_SURFACE_WITH_KNOTS('',3,1,((#12619,#12620),(#12621,#12622),(#12623,#12624),(#12625,#12626)),.SURF_OF_LINEAR_EXTRUSION.,.F.,.F.,.F.,(4,4),(2,2),(0.,1.),(0.,1.),.PIECEWISE_BEZIER_KNOTS.);
#39=B_SPLINE_SURFACE_WITH_KNOTS('',3,1,((#12693,#12694),(#12695,#12696),(#12697,#12698),(#12699,#12700)),.SURF_OF_LINEAR_EXTRUSION.,.F.,.F.,.F.,(4,4),(2,2),(0.,1.),(0.,1.),.PIECEWISE_BEZIER_KNOTS.);
#40=CYLINDRICAL_SURFACE('',#7849,0.004);
#41=CYLINDRICAL_SURFACE('',#7851,0.004);
#42=CYLINDRICAL_SURFACE('',#7853,0.004);
#43=CYLINDRICAL_SURFACE('',#7855,0.004);
#44=CYLINDRICAL_SURFACE('',#7863,0.000252022354053426);
#45=CYLINDRICAL_SURFACE('',#7868,0.000849749284438308);
#46=CYLINDRICAL_SURFACE('',#7872,0.000608262687149042);
#47=CYLINDRICAL_SURFACE('',#7875,0.000582987373776369);
#48=CYLINDRICAL_SURFACE('',#7878,0.000582240472305595);
#49=CYLINDRICAL_SURFACE('',#7881,0.00060959580981608);
#50=CYLINDRICAL_SURFACE('',#7884,0.000609595809787709);
#51=CYLINDRICAL_SURFACE('',#7887,0.000582240472308189);
#52=CYLINDRICAL_SURFACE('',#7890,0.000582987373776214);
#53=CYLINDRICAL_SURFACE('',#7893,0.000823698040264717);
#54=CYLINDRICAL_SURFACE('',#7895,0.000804000351332468);
#55=CYLINDRICAL_SURFACE('',#7897,0.000803224292673344);
#56=CYLINDRICAL_SURFACE('',#7899,0.000823698040269416);
#57=CYLINDRICAL_SURFACE('',#7901,0.000823448486550667);
#58=CYLINDRICAL_SURFACE('',#7903,0.000803224292673357);
#59=CYLINDRICAL_SURFACE('',#7905,0.000804000351317742);
#60=CYLINDRICAL_SURFACE('',#7907,0.000823448486545891);
#61=CYLINDRICAL_SURFACE('',#7909,0.000608262687149342);
#62=CYLINDRICAL_SURFACE('',#7919,0.000541402205358339);
#63=CYLINDRICAL_SURFACE('',#7922,0.000546456750295013);
#64=CYLINDRICAL_SURFACE('',#7933,0.000487320438467965);
#65=CYLINDRICAL_SURFACE('',#7943,0.000562205795492597);
#66=CYLINDRICAL_SURFACE('',#8001,0.000772680182591209);
#67=CYLINDRICAL_SURFACE('',#8003,0.000717247770652383);
#68=CYLINDRICAL_SURFACE('',#8005,0.00074695603378936);
#69=CYLINDRICAL_SURFACE('',#8007,0.000869712452242084);
#70=CYLINDRICAL_SURFACE('',#8009,0.000803224292673289);
#71=CYLINDRICAL_SURFACE('',#8011,0.000823698040269623);
#72=CYLINDRICAL_SURFACE('',#8013,0.000823448486550595);
#73=CYLINDRICAL_SURFACE('',#8015,0.000803224292660821);
#74=CYLINDRICAL_SURFACE('',#8017,0.000865810396131719);
#75=CYLINDRICAL_SURFACE('',#8019,0.000752799613725031);
#76=CYLINDRICAL_SURFACE('',#8021,0.000711111950477528);
#77=CYLINDRICAL_SURFACE('',#8023,0.000778846110024564);
#78=CYLINDRICAL_SURFACE('',#8026,0.000495726936172296);
#79=CYLINDRICAL_SURFACE('',#8028,0.00048926192433079);
#80=CYLINDRICAL_SURFACE('',#8030,0.000539073676653571);
#81=CYLINDRICAL_SURFACE('',#8032,0.000640934035686437);
#82=CYLINDRICAL_SURFACE('',#8034,0.000582240472308001);
#83=CYLINDRICAL_SURFACE('',#8036,0.000609595809811371);
#84=CYLINDRICAL_SURFACE('',#8038,0.000609595809811934);
#85=CYLINDRICAL_SURFACE('',#8040,0.000582240472308217);
#86=CYLINDRICAL_SURFACE('',#8042,0.000640934035686124);
#87=CYLINDRICAL_SURFACE('',#8044,0.000536280946409411);
#88=CYLINDRICAL_SURFACE('',#8046,0.000496125304586113);
#89=CYLINDRICAL_SURFACE('',#8048,0.000489714539467083);
#90=CYLINDRICAL_SURFACE('',#8066,0.000557799101113126);
#91=CYLINDRICAL_SURFACE('',#8068,0.000486092415613583);
#92=CYLINDRICAL_SURFACE('',#8070,0.000634615082423549);
#93=CYLINDRICAL_SURFACE('',#8072,0.000646499075174305);
#94=CYLINDRICAL_SURFACE('',#8074,0.000492911641853423);
#95=CYLINDRICAL_SURFACE('',#8081,0.000296404876888442);
#96=CYLINDRICAL_SURFACE('',#8084,0.000446897052312713);
#97=CYLINDRICAL_SURFACE('',#8087,0.000430532351563626);
#98=CYLINDRICAL_SURFACE('',#8090,0.00028613604000361);
#99=CYLINDRICAL_SURFACE('',#8118,0.000563764185799645);
#100=CYLINDRICAL_SURFACE('',#8121,0.000403086661963406);
#101=CYLINDRICAL_SURFACE('',#8165,0.000563764185799607);
#102=CYLINDRICAL_SURFACE('',#8168,0.000403086661963411);
#103=CYLINDRICAL_SURFACE('',#8179,0.000772680182583186);
#104=CYLINDRICAL_SURFACE('',#8181,0.000717247770651041);
#105=CYLINDRICAL_SURFACE('',#8183,0.000746956033788693);
#106=CYLINDRICAL_SURFACE('',#8185,0.000869712452241593);
#107=CYLINDRICAL_SURFACE('',#8187,0.000803224292670716);
#108=CYLINDRICAL_SURFACE('',#8189,0.000823698040264683);
#109=CYLINDRICAL_SURFACE('',#8191,0.000823448486545905);
#110=CYLINDRICAL_SURFACE('',#8193,0.000803224292670634);
#111=CYLINDRICAL_SURFACE('',#8195,0.000865810396131516);
#112=CYLINDRICAL_SURFACE('',#8197,0.0007527996137246);
#113=CYLINDRICAL_SURFACE('',#8199,0.000711111950476505);
#114=CYLINDRICAL_SURFACE('',#8201,0.000778846110014443);
#115=CYLINDRICAL_SURFACE('',#8204,0.000495726936183581);
#116=CYLINDRICAL_SURFACE('',#8206,0.000489261924337978);
#117=CYLINDRICAL_SURFACE('',#8208,0.000539073676645565);
#118=CYLINDRICAL_SURFACE('',#8210,0.000640934035683469);
#119=CYLINDRICAL_SURFACE('',#8212,0.000582240472305046);
#120=CYLINDRICAL_SURFACE('',#8214,0.000609595809782923);
#121=CYLINDRICAL_SURFACE('',#8216,0.000609595809780888);
#122=CYLINDRICAL_SURFACE('',#8218,0.000582240472305068);
#123=CYLINDRICAL_SURFACE('',#8220,0.000640934035683291);
#124=CYLINDRICAL_SURFACE('',#8222,0.000536280946401411);
#125=CYLINDRICAL_SURFACE('',#8224,0.000496125304594532);
#126=CYLINDRICAL_SURFACE('',#8226,0.000489714539477129);
#127=CYLINDRICAL_SURFACE('',#8229,0.000293263632217368);
#128=CYLINDRICAL_SURFACE('',#8232,0.000451386858668082);
#129=CYLINDRICAL_SURFACE('',#8234,0.000576444939135611);
#130=CYLINDRICAL_SURFACE('',#8236,0.000787003655214924);
#131=CYLINDRICAL_SURFACE('',#8238,0.000799792747555704);
#132=CYLINDRICAL_SURFACE('',#8240,0.000580006826271006);
#133=CYLINDRICAL_SURFACE('',#8242,0.000465466130207644);
#134=CYLINDRICAL_SURFACE('',#8244,0.000404599497881959);
#135=CYLINDRICAL_SURFACE('',#8247,0.00146581431560154);
#136=CYLINDRICAL_SURFACE('',#8249,0.000394323518990302);
#137=CYLINDRICAL_SURFACE('',#8251,0.000224978601217971);
#138=CYLINDRICAL_SURFACE('',#8253,0.000286186490409742);
#139=CYLINDRICAL_SURFACE('',#8255,0.000406587339619561);
#140=CYLINDRICAL_SURFACE('',#8257,0.000623473865973868);
#141=CYLINDRICAL_SURFACE('',#8259,0.000646447579745603);
#142=CYLINDRICAL_SURFACE('',#8261,0.000387241056426836);
#143=CYLINDRICAL_SURFACE('',#8263,0.000296892470794582);
#144=CYLINDRICAL_SURFACE('',#8266,0.000525824199830735);
#145=CYLINDRICAL_SURFACE('',#8268,0.000566095806398553);
#146=CYLINDRICAL_SURFACE('',#8270,0.000879456862451292);
#147=CYLINDRICAL_SURFACE('',#8272,0.00087432074787348);
#148=CYLINDRICAL_SURFACE('',#8274,0.000559048015085318);
#149=CYLINDRICAL_SURFACE('',#8276,0.000507394122997577);
#150=CYLINDRICAL_SURFACE('',#8278,0.000439733712158548);
#151=CYLINDRICAL_SURFACE('',#8280,0.000489907186830448);
#152=CYLINDRICAL_SURFACE('',#8282,0.000788949596013821);
#153=CYLINDRICAL_SURFACE('',#8284,0.00168718117238879);
#154=CYLINDRICAL_SURFACE('',#8287,0.00142428843317334);
#155=CYLINDRICAL_SURFACE('',#8289,0.000642339410997688);
#156=CYLINDRICAL_SURFACE('',#8290,0.000311966105254706);
#157=CYLINDRICAL_SURFACE('',#8292,0.000229381095485302);
#158=CYLINDRICAL_SURFACE('',#8294,0.000269817890519499);
#159=CYLINDRICAL_SURFACE('',#8296,0.000352942116904533);
#160=CYLINDRICAL_SURFACE('',#8298,0.000559178842791477);
#161=CYLINDRICAL_SURFACE('',#8300,0.000525916100064386);
#162=CYLINDRICAL_SURFACE('',#8305,0.000487320438467955);
#163=CYLINDRICAL_SURFACE('',#8318,0.0012);
#164=CYLINDRICAL_SURFACE('',#8322,0.0022);
#165=CYLINDRICAL_SURFACE('',#8323,0.0012);
#166=CYLINDRICAL_SURFACE('',#8327,0.0022);
#167=CYLINDRICAL_SURFACE('',#8328,0.0012);
#168=CYLINDRICAL_SURFACE('',#8332,0.0022);
#169=CYLINDRICAL_SURFACE('',#8333,0.0012);
#170=CYLINDRICAL_SURFACE('',#8337,0.0022);
#171=CYLINDRICAL_SURFACE('',#8341,0.0015);
#172=CYLINDRICAL_SURFACE('',#8343,0.0015);
#173=CYLINDRICAL_SURFACE('',#8349,0.0015);
#174=CYLINDRICAL_SURFACE('',#8351,0.0015);
#175=CYLINDRICAL_SURFACE('',#8375,0.0015);
#176=CYLINDRICAL_SURFACE('',#8376,0.0015);
#177=B_SPLINE_CURVE_WITH_KNOTS('',2,(#10646,#10647,#10648),.UNSPECIFIED.,.F.,.F.,(3,3),(0.,1.),.PIECEWISE_BEZIER_KNOTS.);
#178=B_SPLINE_CURVE_WITH_KNOTS('',2,(#10651,#10652,#10653),.UNSPECIFIED.,.F.,.F.,(3,3),(0.,1.),.PIECEWISE_BEZIER_KNOTS.);
#179=B_SPLINE_CURVE_WITH_KNOTS('',2,(#10663,#10664,#10665),.UNSPECIFIED.,.F.,.F.,(3,3),(0.,1.),.PIECEWISE_BEZIER_KNOTS.);
#180=B_SPLINE_CURVE_WITH_KNOTS('',2,(#10667,#10668,#10669),.UNSPECIFIED.,.F.,.F.,(3,3),(0.,1.),.PIECEWISE_BEZIER_KNOTS.);
#181=B_SPLINE_CURVE_WITH_KNOTS('',2,(#10811,#10812,#10813),.UNSPECIFIED.,.F.,.F.,(3,3),(0.,1.),.PIECEWISE_BEZIER_KNOTS.);
#182=B_SPLINE_CURVE_WITH_KNOTS('',2,(#10815,#10816,#10817),.UNSPECIFIED.,.F.,.F.,(3,3),(0.,1.),.PIECEWISE_BEZIER_KNOTS.);
#183=B_SPLINE_CURVE_WITH_KNOTS('',2,(#10845,#10846,#10847),.UNSPECIFIED.,.F.,.F.,(3,3),(0.,1.),.PIECEWISE_BEZIER_KNOTS.);
#184=B_SPLINE_CURVE_WITH_KNOTS('',2,(#10849,#10850,#10851),.UNSPECIFIED.,.F.,.F.,(3,3),(0.,1.),.PIECEWISE_BEZIER_KNOTS.);
#185=B_SPLINE_CURVE_WITH_KNOTS('',2,(#10889,#10890,#10891),.UNSPECIFIED.,.F.,.F.,(3,3),(0.,1.),.PIECEWISE_BEZIER_KNOTS.);
#186=B_SPLINE_CURVE_WITH_KNOTS('',2,(#11071,#11072,#11073),.UNSPECIFIED.,.F.,.F.,(3,3),(0.,1.),.PIECEWISE_BEZIER_KNOTS.);
#187=B_SPLINE_CURVE_WITH_KNOTS('',2,(#11075,#11076,#11077),.UNSPECIFIED.,.F.,.F.,(3,3),(0.,1.),.PIECEWISE_BEZIER_KNOTS.);
#188=B_SPLINE_CURVE_WITH_KNOTS('',2,(#11105,#11106,#11107),.UNSPECIFIED.,.F.,.F.,(3,3),(0.,1.),.PIECEWISE_BEZIER_KNOTS.);
#189=B_SPLINE_CURVE_WITH_KNOTS('',2,(#11109,#11110,#11111),.UNSPECIFIED.,.F.,.F.,(3,3),(0.,1.),.PIECEWISE_BEZIER_KNOTS.);
#190=B_SPLINE_CURVE_WITH_KNOTS('',2,(#11139,#11140,#11141,#11142,#11143),.UNSPECIFIED.,.F.,.F.,(3,2,3),(-0.01,0.,1.),.PIECEWISE_BEZIER_KNOTS.);
#191=B_SPLINE_CURVE_WITH_KNOTS('',2,(#11191,#11192,#11193),.UNSPECIFIED.,.F.,.F.,(3,3),(0.,1.),.PIECEWISE_BEZIER_KNOTS.);
#192=B_SPLINE_CURVE_WITH_KNOTS('',2,(#11358,#11359,#11360),.UNSPECIFIED.,.F.,.F.,(3,3),(0.,1.),.PIECEWISE_BEZIER_KNOTS.);
#193=B_SPLINE_CURVE_WITH_KNOTS('',2,(#11365,#11366,#11367),.UNSPECIFIED.,.F.,.F.,(3,3),(0.,1.),.PIECEWISE_BEZIER_KNOTS.);
#194=B_SPLINE_CURVE_WITH_KNOTS('',2,(#11378,#11379,#11380),.UNSPECIFIED.,.F.,.F.,(3,3),(0.,1.),.PIECEWISE_BEZIER_KNOTS.);
#195=B_SPLINE_CURVE_WITH_KNOTS('',2,(#11384,#11385,#11386),.UNSPECIFIED.,.F.,.F.,(3,3),(0.,1.),.PIECEWISE_BEZIER_KNOTS.);
#196=B_SPLINE_CURVE_WITH_KNOTS('',2,(#11419,#11420,#11421),.UNSPECIFIED.,.F.,.F.,(3,3),(0.,1.),.PIECEWISE_BEZIER_KNOTS.);
#197=B_SPLINE_CURVE_WITH_KNOTS('',2,(#11425,#11426,#11427),.UNSPECIFIED.,.F.,.F.,(3,3),(0.,1.),.PIECEWISE_BEZIER_KNOTS.);
#198=B_SPLINE_CURVE_WITH_KNOTS('',2,(#11436,#11437,#11438),.UNSPECIFIED.,.F.,.F.,(3,3),(0.,1.),.PIECEWISE_BEZIER_KNOTS.);
#199=B_SPLINE_CURVE_WITH_KNOTS('',2,(#11442,#11443,#11444),.UNSPECIFIED.,.F.,.F.,(3,3),(0.,1.),.PIECEWISE_BEZIER_KNOTS.);
#200=B_SPLINE_CURVE_WITH_KNOTS('',2,(#11473,#11474,#11475),.UNSPECIFIED.,.F.,.F.,(3,3),(0.,1.),.PIECEWISE_BEZIER_KNOTS.);
#201=B_SPLINE_CURVE_WITH_KNOTS('',2,(#11488,#11489,#11490),.UNSPECIFIED.,.F.,.F.,(3,3),(0.,1.),.PIECEWISE_BEZIER_KNOTS.);
#202=B_SPLINE_CURVE_WITH_KNOTS('',2,(#11517,#11518,#11519),.UNSPECIFIED.,.F.,.F.,(3,3),(0.,1.),.PIECEWISE_BEZIER_KNOTS.);
#203=B_SPLINE_CURVE_WITH_KNOTS('',2,(#11530,#11531,#11532),.UNSPECIFIED.,.F.,.F.,(3,3),(0.,1.),.PIECEWISE_BEZIER_KNOTS.);
#204=B_SPLINE_CURVE_WITH_KNOTS('',2,(#11907,#11908,#11909),.UNSPECIFIED.,.F.,.F.,(3,3),(0.,1.),.PIECEWISE_BEZIER_KNOTS.);
#205=B_SPLINE_CURVE_WITH_KNOTS('',2,(#11920,#11921,#11922),.UNSPECIFIED.,.F.,.F.,(3,3),(0.,1.),.PIECEWISE_BEZIER_KNOTS.);
#206=B_SPLINE_CURVE_WITH_KNOTS('',2,(#11985,#11986,#11987),.UNSPECIFIED.,.F.,.F.,(3,3),(0.,1.),.PIECEWISE_BEZIER_KNOTS.);
#207=B_SPLINE_CURVE_WITH_KNOTS('',2,(#11998,#11999,#12000),.UNSPECIFIED.,.F.,.F.,(3,3),(0.,1.),.PIECEWISE_BEZIER_KNOTS.);
#208=B_SPLINE_CURVE_WITH_KNOTS('',2,(#12113,#12114,#12115),.UNSPECIFIED.,.F.,.F.,(3,3),(0.,1.),.PIECEWISE_BEZIER_KNOTS.);
#209=B_SPLINE_CURVE_WITH_KNOTS('',2,(#12153,#12154,#12155),.UNSPECIFIED.,.F.,.F.,(3,3),(0.,1.),.PIECEWISE_BEZIER_KNOTS.);
#210=B_SPLINE_CURVE_WITH_KNOTS('',2,(#12159,#12160,#12161),.UNSPECIFIED.,.F.,.F.,(3,3),(0.,1.),.PIECEWISE_BEZIER_KNOTS.);
#211=B_SPLINE_CURVE_WITH_KNOTS('',2,(#12194,#12195,#12196),.UNSPECIFIED.,.F.,.F.,(3,3),(0.,1.),.PIECEWISE_BEZIER_KNOTS.);
#212=B_SPLINE_CURVE_WITH_KNOTS('',2,(#12197,#12198,#12199),.UNSPECIFIED.,.F.,.F.,(3,3),(0.,1.),.PIECEWISE_BEZIER_KNOTS.);
#213=B_SPLINE_CURVE_WITH_KNOTS('',2,(#12538,#12539,#12540),.UNSPECIFIED.,.F.,.F.,(3,3),(0.,1.),.PIECEWISE_BEZIER_KNOTS.);
#214=B_SPLINE_CURVE_WITH_KNOTS('',2,(#12551,#12552,#12553),.UNSPECIFIED.,.F.,.F.,(3,3),(0.,1.),.PIECEWISE_BEZIER_KNOTS.);
#215=B_SPLINE_CURVE_WITH_KNOTS('',2,(#12616,#12617,#12618),.UNSPECIFIED.,.F.,.F.,(3,3),(0.,1.),.PIECEWISE_BEZIER_KNOTS.);
#216=B_SPLINE_CURVE_WITH_KNOTS('',2,(#12629,#12630,#12631),.UNSPECIFIED.,.F.,.F.,(3,3),(0.,1.),.PIECEWISE_BEZIER_KNOTS.);
#217=B_SPLINE_CURVE_WITH_KNOTS('',2,(#12703,#12704,#12705),.UNSPECIFIED.,.F.,.F.,(3,3),(0.,1.),.PIECEWISE_BEZIER_KNOTS.);
#218=B_SPLINE_CURVE_WITH_KNOTS('',2,(#12801,#12802,#12803,#12804,#12805),.UNSPECIFIED.,.F.,.F.,(3,2,3),(-0.01,0.,1.),.PIECEWISE_BEZIER_KNOTS.);
#219=CIRCLE('',#7716,0.0012);
#220=CIRCLE('',#7717,0.0012);
#221=CIRCLE('',#7718,0.0012);
#222=CIRCLE('',#7719,0.0012);
#223=CIRCLE('',#7721,0.0025);
#224=CIRCLE('',#7722,0.0025);
#225=CIRCLE('',#7723,0.0025);
#226=CIRCLE('',#7724,0.0025);
#227=CIRCLE('',#7725,0.0022);
#228=CIRCLE('',#7726,0.0022);
#229=CIRCLE('',#7727,0.0022);
#230=CIRCLE('',#7728,0.0022);
#231=CIRCLE('',#7729,0.000487320438467965);
#232=CIRCLE('',#7730,0.000546456750295013);
#233=CIRCLE('',#7731,0.000541402205358339);
#234=CIRCLE('',#7732,0.000823448486545891);
#235=CIRCLE('',#7733,0.000804000351317742);
#236=CIRCLE('',#7734,0.000803224292673357);
#237=CIRCLE('',#7735,0.000823448486550667);
#238=CIRCLE('',#7736,0.000823698040269416);
#239=CIRCLE('',#7737,0.000803224292673344);
#240=CIRCLE('',#7738,0.000804000351332468);
#241=CIRCLE('',#7739,0.000823698040264717);
#242=CIRCLE('',#7740,0.000849749284438308);
#243=CIRCLE('',#7741,0.000252022354053426);
#244=CIRCLE('',#7742,0.000562205795492597);
#245=CIRCLE('',#7743,0.000772680182591209);
#246=CIRCLE('',#7744,0.000489714539467083);
#247=CIRCLE('',#7745,0.000496125304586113);
#248=CIRCLE('',#7746,0.000536280946409411);
#249=CIRCLE('',#7747,0.000640934035686124);
#250=CIRCLE('',#7748,0.000582240472308217);
#251=CIRCLE('',#7749,0.000609595809811934);
#252=CIRCLE('',#7750,0.000609595809811371);
#253=CIRCLE('',#7751,0.000582240472308001);
#254=CIRCLE('',#7752,0.000640934035686437);
#255=CIRCLE('',#7753,0.000539073676653571);
#256=CIRCLE('',#7754,0.00048926192433079);
#257=CIRCLE('',#7755,0.000495726936172296);
#258=CIRCLE('',#7756,0.000778846110024564);
#259=CIRCLE('',#7757,0.000711111950477528);
#260=CIRCLE('',#7758,0.000752799613725031);
#261=CIRCLE('',#7759,0.000865810396131719);
#262=CIRCLE('',#7760,0.000803224292660821);
#263=CIRCLE('',#7761,0.000823448486550595);
#264=CIRCLE('',#7762,0.000823698040269623);
#265=CIRCLE('',#7763,0.000803224292673289);
#266=CIRCLE('',#7764,0.000869712452242084);
#267=CIRCLE('',#7765,0.00074695603378936);
#268=CIRCLE('',#7766,0.000717247770652383);
#269=CIRCLE('',#7767,0.000492911641853423);
#270=CIRCLE('',#7768,0.000646499075174305);
#271=CIRCLE('',#7769,0.000634615082423549);
#272=CIRCLE('',#7770,0.000486092415613583);
#273=CIRCLE('',#7771,0.000557799101113126);
#274=CIRCLE('',#7772,0.000403086661963406);
#275=CIRCLE('',#7773,0.000563764185799645);
#276=CIRCLE('',#7774,0.000403086661963411);
#277=CIRCLE('',#7775,0.000563764185799607);
#278=CIRCLE('',#7776,0.000772680182583186);
#279=CIRCLE('',#7777,0.000489714539477129);
#280=CIRCLE('',#7778,0.000496125304594532);
#281=CIRCLE('',#7779,0.000536280946401411);
#282=CIRCLE('',#7780,0.000640934035683291);
#283=CIRCLE('',#7781,0.000582240472305068);
#284=CIRCLE('',#7782,0.000609595809780888);
#285=CIRCLE('',#7783,0.000609595809782923);
#286=CIRCLE('',#7784,0.000582240472305046);
#287=CIRCLE('',#7785,0.000640934035683469);
#288=CIRCLE('',#7786,0.000539073676645565);
#289=CIRCLE('',#7787,0.000489261924337978);
#290=CIRCLE('',#7788,0.000495726936183581);
#291=CIRCLE('',#7789,0.000778846110014443);
#292=CIRCLE('',#7790,0.000711111950476505);
#293=CIRCLE('',#7791,0.0007527996137246);
#294=CIRCLE('',#7792,0.000865810396131516);
#295=CIRCLE('',#7793,0.000803224292670634);
#296=CIRCLE('',#7794,0.000823448486545905);
#297=CIRCLE('',#7795,0.000823698040264683);
#298=CIRCLE('',#7796,0.000803224292670716);
#299=CIRCLE('',#7797,0.000869712452241593);
#300=CIRCLE('',#7798,0.000746956033788693);
#301=CIRCLE('',#7799,0.000717247770651041);
#302=CIRCLE('',#7800,0.000293263632217368);
#303=CIRCLE('',#7801,0.000525916100064386);
#304=CIRCLE('',#7802,0.000559178842791477);
#305=CIRCLE('',#7803,0.000352942116904533);
#306=CIRCLE('',#7804,0.000269817890519499);
#307=CIRCLE('',#7805,0.000229381095485302);
#308=CIRCLE('',#7806,0.000311966105254706);
#309=CIRCLE('',#7807,0.00142428843317334);
#310=CIRCLE('',#7808,0.00168718117238879);
#311=CIRCLE('',#7809,0.000788949596013821);
#312=CIRCLE('',#7810,0.000489907186830448);
#313=CIRCLE('',#7811,0.000439733712158548);
#314=CIRCLE('',#7812,0.000507394122997577);
#315=CIRCLE('',#7813,0.000559048015085318);
#316=CIRCLE('',#7814,0.00087432074787348);
#317=CIRCLE('',#7815,0.000879456862451292);
#318=CIRCLE('',#7816,0.000566095806398553);
#319=CIRCLE('',#7817,0.000525824199830735);
#320=CIRCLE('',#7818,0.000296892470794582);
#321=CIRCLE('',#7819,0.000387241056426836);
#322=CIRCLE('',#7820,0.000646447579745603);
#323=CIRCLE('',#7821,0.000623473865973868);
#324=CIRCLE('',#7822,0.000406587339619561);
#325=CIRCLE('',#7823,0.000286186490409742);
#326=CIRCLE('',#7824,0.000224978601217971);
#327=CIRCLE('',#7825,0.000394323518990302);
#328=CIRCLE('',#7826,0.00146581431560154);
#329=CIRCLE('',#7827,0.000404599497881959);
#330=CIRCLE('',#7828,0.000465466130207644);
#331=CIRCLE('',#7829,0.000580006826271006);
#332=CIRCLE('',#7830,0.000799792747555704);
#333=CIRCLE('',#7831,0.000787003655214924);
#334=CIRCLE('',#7832,0.000576444939135611);
#335=CIRCLE('',#7833,0.000451386858668082);
#336=CIRCLE('',#7834,0.000487320438467955);
#337=CIRCLE('',#7837,0.004);
#338=CIRCLE('',#7838,0.004);
#339=CIRCLE('',#7839,0.004);
#340=CIRCLE('',#7840,0.004);
#341=CIRCLE('',#7850,0.004);
#342=CIRCLE('',#7852,0.004);
#343=CIRCLE('',#7854,0.004);
#344=CIRCLE('',#7856,0.004);
#345=CIRCLE('',#7864,0.000252022354053426);
#346=CIRCLE('',#7869,0.000849749284438308);
#347=CIRCLE('',#7873,0.000608262687149042);
#348=CIRCLE('',#7874,0.000608262687149042);
#349=CIRCLE('',#7876,0.000582987373776369);
#350=CIRCLE('',#7877,0.000582987373776369);
#351=CIRCLE('',#7879,0.000582240472305595);
#352=CIRCLE('',#7880,0.000582240472305595);
#353=CIRCLE('',#7882,0.00060959580981608);
#354=CIRCLE('',#7883,0.00060959580981608);
#355=CIRCLE('',#7885,0.000609595809787709);
#356=CIRCLE('',#7886,0.000609595809787709);
#357=CIRCLE('',#7888,0.000582240472308189);
#358=CIRCLE('',#7889,0.000582240472308189);
#359=CIRCLE('',#7891,0.000582987373776214);
#360=CIRCLE('',#7892,0.000582987373776214);
#361=CIRCLE('',#7894,0.000823698040264717);
#362=CIRCLE('',#7896,0.000804000351332468);
#363=CIRCLE('',#7898,0.000803224292673344);
#364=CIRCLE('',#7900,0.000823698040269416);
#365=CIRCLE('',#7902,0.000823448486550667);
#366=CIRCLE('',#7904,0.000803224292673357);
#367=CIRCLE('',#7906,0.000804000351317742);
#368=CIRCLE('',#7908,0.000823448486545891);
#369=CIRCLE('',#7910,0.000608262687149342);
#370=CIRCLE('',#7911,0.000608262687149342);
#371=CIRCLE('',#7920,0.000541402205358339);
#372=CIRCLE('',#7923,0.000546456750295013);
#373=CIRCLE('',#7934,0.000487320438467965);
#374=CIRCLE('',#7944,0.000562205795492597);
#375=CIRCLE('',#8002,0.000772680182591209);
#376=CIRCLE('',#8004,0.000717247770652383);
#377=CIRCLE('',#8006,0.00074695603378936);
#378=CIRCLE('',#8008,0.000869712452242084);
#379=CIRCLE('',#8010,0.000803224292673289);
#380=CIRCLE('',#8012,0.000823698040269623);
#381=CIRCLE('',#8014,0.000823448486550595);
#382=CIRCLE('',#8016,0.000803224292660821);
#383=CIRCLE('',#8018,0.000865810396131719);
#384=CIRCLE('',#8020,0.000752799613725031);
#385=CIRCLE('',#8022,0.000711111950477528);
#386=CIRCLE('',#8024,0.000778846110024564);
#387=CIRCLE('',#8027,0.000495726936172296);
#388=CIRCLE('',#8029,0.00048926192433079);
#389=CIRCLE('',#8031,0.000539073676653571);
#390=CIRCLE('',#8033,0.000640934035686437);
#391=CIRCLE('',#8035,0.000582240472308001);
#392=CIRCLE('',#8037,0.000609595809811371);
#393=CIRCLE('',#8039,0.000609595809811934);
#394=CIRCLE('',#8041,0.000582240472308217);
#395=CIRCLE('',#8043,0.000640934035686124);
#396=CIRCLE('',#8045,0.000536280946409411);
#397=CIRCLE('',#8047,0.000496125304586113);
#398=CIRCLE('',#8049,0.000489714539467083);
#399=CIRCLE('',#8067,0.000557799101113126);
#400=CIRCLE('',#8069,0.000486092415613583);
#401=CIRCLE('',#8071,0.000634615082423549);
#402=CIRCLE('',#8073,0.000646499075174305);
#403=CIRCLE('',#8075,0.000492911641853423);
#404=CIRCLE('',#8082,0.000296404876888442);
#405=CIRCLE('',#8083,0.000296404876888442);
#406=CIRCLE('',#8085,0.000446897052312713);
#407=CIRCLE('',#8086,0.000446897052312713);
#408=CIRCLE('',#8088,0.000430532351563626);
#409=CIRCLE('',#8089,0.000430532351563626);
#410=CIRCLE('',#8091,0.00028613604000361);
#411=CIRCLE('',#8092,0.00028613604000361);
#412=CIRCLE('',#8119,0.000563764185799645);
#413=CIRCLE('',#8122,0.000403086661963406);
#414=CIRCLE('',#8166,0.000563764185799607);
#415=CIRCLE('',#8169,0.000403086661963411);
#416=CIRCLE('',#8180,0.000772680182583186);
#417=CIRCLE('',#8182,0.000717247770651041);
#418=CIRCLE('',#8184,0.000746956033788693);
#419=CIRCLE('',#8186,0.000869712452241593);
#420=CIRCLE('',#8188,0.000803224292670716);
#421=CIRCLE('',#8190,0.000823698040264683);
#422=CIRCLE('',#8192,0.000823448486545905);
#423=CIRCLE('',#8194,0.000803224292670634);
#424=CIRCLE('',#8196,0.000865810396131516);
#425=CIRCLE('',#8198,0.0007527996137246);
#426=CIRCLE('',#8200,0.000711111950476505);
#427=CIRCLE('',#8202,0.000778846110014443);
#428=CIRCLE('',#8205,0.000495726936183581);
#429=CIRCLE('',#8207,0.000489261924337978);
#430=CIRCLE('',#8209,0.000539073676645565);
#431=CIRCLE('',#8211,0.000640934035683469);
#432=CIRCLE('',#8213,0.000582240472305046);
#433=CIRCLE('',#8215,0.000609595809782923);
#434=CIRCLE('',#8217,0.000609595809780888);
#435=CIRCLE('',#8219,0.000582240472305068);
#436=CIRCLE('',#8221,0.000640934035683291);
#437=CIRCLE('',#8223,0.000536280946401411);
#438=CIRCLE('',#8225,0.000496125304594532);
#439=CIRCLE('',#8227,0.000489714539477129);
#440=CIRCLE('',#8230,0.000293263632217368);
#441=CIRCLE('',#8233,0.000451386858668082);
#442=CIRCLE('',#8235,0.000576444939135611);
#443=CIRCLE('',#8237,0.000787003655214924);
#444=CIRCLE('',#8239,0.000799792747555704);
#445=CIRCLE('',#8241,0.000580006826271006);
#446=CIRCLE('',#8243,0.000465466130207644);
#447=CIRCLE('',#8245,0.000404599497881959);
#448=CIRCLE('',#8248,0.00146581431560154);
#449=CIRCLE('',#8250,0.000394323518990302);
#450=CIRCLE('',#8252,0.000224978601217971);
#451=CIRCLE('',#8254,0.000286186490409742);
#452=CIRCLE('',#8256,0.000406587339619561);
#453=CIRCLE('',#8258,0.000623473865973868);
#454=CIRCLE('',#8260,0.000646447579745603);
#455=CIRCLE('',#8262,0.000387241056426836);
#456=CIRCLE('',#8264,0.000296892470794582);
#457=CIRCLE('',#8267,0.000525824199830735);
#458=CIRCLE('',#8269,0.000566095806398553);
#459=CIRCLE('',#8271,0.000879456862451292);
#460=CIRCLE('',#8273,0.00087432074787348);
#461=CIRCLE('',#8275,0.000559048015085318);
#462=CIRCLE('',#8277,0.000507394122997577);
#463=CIRCLE('',#8279,0.000439733712158548);
#464=CIRCLE('',#8281,0.000489907186830448);
#465=CIRCLE('',#8283,0.000788949596013821);
#466=CIRCLE('',#8285,0.00168718117238879);
#467=CIRCLE('',#8288,0.00142428843317334);
#468=CIRCLE('',#8291,0.000311966105254706);
#469=CIRCLE('',#8293,0.000229381095485302);
#470=CIRCLE('',#8295,0.000269817890519499);
#471=CIRCLE('',#8297,0.000352942116904533);
#472=CIRCLE('',#8299,0.000559178842791477);
#473=CIRCLE('',#8301,0.000525916100064386);
#474=CIRCLE('',#8306,0.000487320438467955);
#475=CIRCLE('',#8319,0.0012);
#476=CIRCLE('',#8321,0.0022);
#477=CIRCLE('',#8324,0.0012);
#478=CIRCLE('',#8326,0.0022);
#479=CIRCLE('',#8329,0.0012);
#480=CIRCLE('',#8331,0.0022);
#481=CIRCLE('',#8334,0.0012);
#482=CIRCLE('',#8336,0.0022);
#483=CIRCLE('',#8339,0.0015);
#484=CIRCLE('',#8340,0.0015);
#485=CIRCLE('',#8342,0.0015);
#486=CIRCLE('',#8344,0.0015);
#487=CIRCLE('',#8346,0.0015);
#488=CIRCLE('',#8348,0.0015);
#489=CIRCLE('',#8350,0.0015);
#490=CIRCLE('',#8352,0.0015);
#491=ORIENTED_EDGE('',*,*,#2703,.T.);
#492=ORIENTED_EDGE('',*,*,#2704,.F.);
#493=ORIENTED_EDGE('',*,*,#2705,.T.);
#494=ORIENTED_EDGE('',*,*,#2706,.T.);
#495=ORIENTED_EDGE('',*,*,#2707,.T.);
#496=ORIENTED_EDGE('',*,*,#2708,.T.);
#497=ORIENTED_EDGE('',*,*,#2709,.F.);
#498=ORIENTED_EDGE('',*,*,#2710,.F.);
#499=ORIENTED_EDGE('',*,*,#2711,.F.);
#500=ORIENTED_EDGE('',*,*,#2712,.F.);
#501=ORIENTED_EDGE('',*,*,#2713,.T.);
#502=ORIENTED_EDGE('',*,*,#2714,.T.);
#503=ORIENTED_EDGE('',*,*,#2715,.T.);
#504=ORIENTED_EDGE('',*,*,#2716,.T.);
#505=ORIENTED_EDGE('',*,*,#2717,.F.);
#506=ORIENTED_EDGE('',*,*,#2718,.F.);
#507=ORIENTED_EDGE('',*,*,#2719,.F.);
#508=ORIENTED_EDGE('',*,*,#2720,.F.);
#509=ORIENTED_EDGE('',*,*,#2721,.F.);
#510=ORIENTED_EDGE('',*,*,#2722,.F.);
#511=ORIENTED_EDGE('',*,*,#2723,.F.);
#512=ORIENTED_EDGE('',*,*,#2724,.T.);
#513=ORIENTED_EDGE('',*,*,#2725,.T.);
#514=ORIENTED_EDGE('',*,*,#2726,.F.);
#515=ORIENTED_EDGE('',*,*,#2727,.F.);
#516=ORIENTED_EDGE('',*,*,#2728,.T.);
#517=ORIENTED_EDGE('',*,*,#2729,.T.);
#518=ORIENTED_EDGE('',*,*,#2730,.F.);
#519=ORIENTED_EDGE('',*,*,#2731,.F.);
#520=ORIENTED_EDGE('',*,*,#2732,.T.);
#521=ORIENTED_EDGE('',*,*,#2733,.T.);
#522=ORIENTED_EDGE('',*,*,#2734,.F.);
#523=ORIENTED_EDGE('',*,*,#2735,.F.);
#524=ORIENTED_EDGE('',*,*,#2736,.F.);
#525=ORIENTED_EDGE('',*,*,#2737,.F.);
#526=ORIENTED_EDGE('',*,*,#2738,.F.);
#527=ORIENTED_EDGE('',*,*,#2739,.T.);
#528=ORIENTED_EDGE('',*,*,#2740,.T.);
#529=ORIENTED_EDGE('',*,*,#2741,.T.);
#530=ORIENTED_EDGE('',*,*,#2742,.T.);
#531=ORIENTED_EDGE('',*,*,#2743,.T.);
#532=ORIENTED_EDGE('',*,*,#2744,.T.);
#533=ORIENTED_EDGE('',*,*,#2745,.T.);
#534=ORIENTED_EDGE('',*,*,#2746,.T.);
#535=ORIENTED_EDGE('',*,*,#2747,.T.);
#536=ORIENTED_EDGE('',*,*,#2748,.T.);
#537=ORIENTED_EDGE('',*,*,#2749,.T.);
#538=ORIENTED_EDGE('',*,*,#2750,.T.);
#539=ORIENTED_EDGE('',*,*,#2751,.F.);
#540=ORIENTED_EDGE('',*,*,#2752,.F.);
#541=ORIENTED_EDGE('',*,*,#2753,.F.);
#542=ORIENTED_EDGE('',*,*,#2754,.F.);
#543=ORIENTED_EDGE('',*,*,#2755,.T.);
#544=ORIENTED_EDGE('',*,*,#2756,.T.);
#545=ORIENTED_EDGE('',*,*,#2757,.T.);
#546=ORIENTED_EDGE('',*,*,#2758,.T.);
#547=ORIENTED_EDGE('',*,*,#2759,.T.);
#548=ORIENTED_EDGE('',*,*,#2760,.T.);
#549=ORIENTED_EDGE('',*,*,#2761,.T.);
#550=ORIENTED_EDGE('',*,*,#2762,.T.);
#551=ORIENTED_EDGE('',*,*,#2763,.T.);
#552=ORIENTED_EDGE('',*,*,#2764,.T.);
#553=ORIENTED_EDGE('',*,*,#2765,.T.);
#554=ORIENTED_EDGE('',*,*,#2766,.F.);
#555=ORIENTED_EDGE('',*,*,#2767,.T.);
#556=ORIENTED_EDGE('',*,*,#2768,.T.);
#557=ORIENTED_EDGE('',*,*,#2769,.T.);
#558=ORIENTED_EDGE('',*,*,#2770,.T.);
#559=ORIENTED_EDGE('',*,*,#2771,.F.);
#560=ORIENTED_EDGE('',*,*,#2772,.F.);
#561=ORIENTED_EDGE('',*,*,#2773,.F.);
#562=ORIENTED_EDGE('',*,*,#2774,.F.);
#563=ORIENTED_EDGE('',*,*,#2775,.F.);
#564=ORIENTED_EDGE('',*,*,#2776,.T.);
#565=ORIENTED_EDGE('',*,*,#2777,.T.);
#566=ORIENTED_EDGE('',*,*,#2778,.T.);
#567=ORIENTED_EDGE('',*,*,#2779,.T.);
#568=ORIENTED_EDGE('',*,*,#2780,.T.);
#569=ORIENTED_EDGE('',*,*,#2781,.T.);
#570=ORIENTED_EDGE('',*,*,#2782,.T.);
#571=ORIENTED_EDGE('',*,*,#2783,.T.);
#572=ORIENTED_EDGE('',*,*,#2784,.T.);
#573=ORIENTED_EDGE('',*,*,#2785,.T.);
#574=ORIENTED_EDGE('',*,*,#2786,.T.);
#575=ORIENTED_EDGE('',*,*,#2787,.T.);
#576=ORIENTED_EDGE('',*,*,#2788,.F.);
#577=ORIENTED_EDGE('',*,*,#2789,.F.);
#578=ORIENTED_EDGE('',*,*,#2790,.F.);
#579=ORIENTED_EDGE('',*,*,#2791,.F.);
#580=ORIENTED_EDGE('',*,*,#2792,.F.);
#581=ORIENTED_EDGE('',*,*,#2793,.F.);
#582=ORIENTED_EDGE('',*,*,#2794,.F.);
#583=ORIENTED_EDGE('',*,*,#2795,.F.);
#584=ORIENTED_EDGE('',*,*,#2796,.F.);
#585=ORIENTED_EDGE('',*,*,#2797,.T.);
#586=ORIENTED_EDGE('',*,*,#2798,.T.);
#587=ORIENTED_EDGE('',*,*,#2799,.F.);
#588=ORIENTED_EDGE('',*,*,#2800,.T.);
#589=ORIENTED_EDGE('',*,*,#2801,.T.);
#590=ORIENTED_EDGE('',*,*,#2802,.T.);
#591=ORIENTED_EDGE('',*,*,#2803,.T.);
#592=ORIENTED_EDGE('',*,*,#2804,.T.);
#593=ORIENTED_EDGE('',*,*,#2805,.T.);
#594=ORIENTED_EDGE('',*,*,#2806,.T.);
#595=ORIENTED_EDGE('',*,*,#2807,.T.);
#596=ORIENTED_EDGE('',*,*,#2808,.T.);
#597=ORIENTED_EDGE('',*,*,#2809,.T.);
#598=ORIENTED_EDGE('',*,*,#2810,.T.);
#599=ORIENTED_EDGE('',*,*,#2811,.T.);
#600=ORIENTED_EDGE('',*,*,#2812,.T.);
#601=ORIENTED_EDGE('',*,*,#2813,.T.);
#602=ORIENTED_EDGE('',*,*,#2814,.T.);
#603=ORIENTED_EDGE('',*,*,#2815,.T.);
#604=ORIENTED_EDGE('',*,*,#2816,.T.);
#605=ORIENTED_EDGE('',*,*,#2817,.T.);
#606=ORIENTED_EDGE('',*,*,#2818,.T.);
#607=ORIENTED_EDGE('',*,*,#2819,.T.);
#608=ORIENTED_EDGE('',*,*,#2820,.T.);
#609=ORIENTED_EDGE('',*,*,#2821,.T.);
#610=ORIENTED_EDGE('',*,*,#2822,.T.);
#611=ORIENTED_EDGE('',*,*,#2823,.T.);
#612=ORIENTED_EDGE('',*,*,#2824,.T.);
#613=ORIENTED_EDGE('',*,*,#2825,.T.);
#614=ORIENTED_EDGE('',*,*,#2826,.T.);
#615=ORIENTED_EDGE('',*,*,#2827,.T.);
#616=ORIENTED_EDGE('',*,*,#2828,.T.);
#617=ORIENTED_EDGE('',*,*,#2829,.T.);
#618=ORIENTED_EDGE('',*,*,#2830,.T.);
#619=ORIENTED_EDGE('',*,*,#2831,.T.);
#620=ORIENTED_EDGE('',*,*,#2832,.T.);
#621=ORIENTED_EDGE('',*,*,#2833,.T.);
#622=ORIENTED_EDGE('',*,*,#2834,.T.);
#623=ORIENTED_EDGE('',*,*,#2835,.T.);
#624=ORIENTED_EDGE('',*,*,#2836,.T.);
#625=ORIENTED_EDGE('',*,*,#2837,.T.);
#626=ORIENTED_EDGE('',*,*,#2838,.T.);
#627=ORIENTED_EDGE('',*,*,#2839,.T.);
#628=ORIENTED_EDGE('',*,*,#2840,.T.);
#629=ORIENTED_EDGE('',*,*,#2841,.T.);
#630=ORIENTED_EDGE('',*,*,#2842,.T.);
#631=ORIENTED_EDGE('',*,*,#2843,.T.);
#632=ORIENTED_EDGE('',*,*,#2844,.T.);
#633=ORIENTED_EDGE('',*,*,#2845,.T.);
#634=ORIENTED_EDGE('',*,*,#2846,.T.);
#635=ORIENTED_EDGE('',*,*,#2847,.T.);
#636=ORIENTED_EDGE('',*,*,#2848,.T.);
#637=ORIENTED_EDGE('',*,*,#2849,.T.);
#638=ORIENTED_EDGE('',*,*,#2850,.T.);
#639=ORIENTED_EDGE('',*,*,#2851,.T.);
#640=ORIENTED_EDGE('',*,*,#2852,.T.);
#641=ORIENTED_EDGE('',*,*,#2853,.T.);
#642=ORIENTED_EDGE('',*,*,#2854,.T.);
#643=ORIENTED_EDGE('',*,*,#2855,.T.);
#644=ORIENTED_EDGE('',*,*,#2856,.T.);
#645=ORIENTED_EDGE('',*,*,#2857,.T.);
#646=ORIENTED_EDGE('',*,*,#2858,.T.);
#647=ORIENTED_EDGE('',*,*,#2859,.T.);
#648=ORIENTED_EDGE('',*,*,#2860,.T.);
#649=ORIENTED_EDGE('',*,*,#2861,.T.);
#650=ORIENTED_EDGE('',*,*,#2862,.T.);
#651=ORIENTED_EDGE('',*,*,#2863,.T.);
#652=ORIENTED_EDGE('',*,*,#2864,.T.);
#653=ORIENTED_EDGE('',*,*,#2865,.T.);
#654=ORIENTED_EDGE('',*,*,#2866,.T.);
#655=ORIENTED_EDGE('',*,*,#2867,.T.);
#656=ORIENTED_EDGE('',*,*,#2868,.T.);
#657=ORIENTED_EDGE('',*,*,#2869,.T.);
#658=ORIENTED_EDGE('',*,*,#2870,.T.);
#659=ORIENTED_EDGE('',*,*,#2871,.T.);
#660=ORIENTED_EDGE('',*,*,#2872,.T.);
#661=ORIENTED_EDGE('',*,*,#2873,.T.);
#662=ORIENTED_EDGE('',*,*,#2874,.T.);
#663=ORIENTED_EDGE('',*,*,#2875,.T.);
#664=ORIENTED_EDGE('',*,*,#2876,.T.);
#665=ORIENTED_EDGE('',*,*,#2877,.T.);
#666=ORIENTED_EDGE('',*,*,#2878,.T.);
#667=ORIENTED_EDGE('',*,*,#2879,.T.);
#668=ORIENTED_EDGE('',*,*,#2880,.T.);
#669=ORIENTED_EDGE('',*,*,#2881,.T.);
#670=ORIENTED_EDGE('',*,*,#2882,.T.);
#671=ORIENTED_EDGE('',*,*,#2883,.T.);
#672=ORIENTED_EDGE('',*,*,#2884,.T.);
#673=ORIENTED_EDGE('',*,*,#2885,.T.);
#674=ORIENTED_EDGE('',*,*,#2886,.T.);
#675=ORIENTED_EDGE('',*,*,#2887,.T.);
#676=ORIENTED_EDGE('',*,*,#2888,.T.);
#677=ORIENTED_EDGE('',*,*,#2889,.T.);
#678=ORIENTED_EDGE('',*,*,#2890,.T.);
#679=ORIENTED_EDGE('',*,*,#2891,.T.);
#680=ORIENTED_EDGE('',*,*,#2892,.T.);
#681=ORIENTED_EDGE('',*,*,#2893,.T.);
#682=ORIENTED_EDGE('',*,*,#2894,.T.);
#683=ORIENTED_EDGE('',*,*,#2895,.T.);
#684=ORIENTED_EDGE('',*,*,#2896,.T.);
#685=ORIENTED_EDGE('',*,*,#2897,.T.);
#686=ORIENTED_EDGE('',*,*,#2898,.T.);
#687=ORIENTED_EDGE('',*,*,#2899,.T.);
#688=ORIENTED_EDGE('',*,*,#2900,.T.);
#689=ORIENTED_EDGE('',*,*,#2901,.T.);
#690=ORIENTED_EDGE('',*,*,#2902,.T.);
#691=ORIENTED_EDGE('',*,*,#2903,.T.);
#692=ORIENTED_EDGE('',*,*,#2904,.T.);
#693=ORIENTED_EDGE('',*,*,#2905,.T.);
#694=ORIENTED_EDGE('',*,*,#2906,.T.);
#695=ORIENTED_EDGE('',*,*,#2907,.T.);
#696=ORIENTED_EDGE('',*,*,#2908,.T.);
#697=ORIENTED_EDGE('',*,*,#2909,.T.);
#698=ORIENTED_EDGE('',*,*,#2910,.T.);
#699=ORIENTED_EDGE('',*,*,#2911,.T.);
#700=ORIENTED_EDGE('',*,*,#2912,.T.);
#701=ORIENTED_EDGE('',*,*,#2913,.T.);
#702=ORIENTED_EDGE('',*,*,#2914,.T.);
#703=ORIENTED_EDGE('',*,*,#2915,.T.);
#704=ORIENTED_EDGE('',*,*,#2916,.T.);
#705=ORIENTED_EDGE('',*,*,#2917,.T.);
#706=ORIENTED_EDGE('',*,*,#2918,.T.);
#707=ORIENTED_EDGE('',*,*,#2919,.T.);
#708=ORIENTED_EDGE('',*,*,#2920,.T.);
#709=ORIENTED_EDGE('',*,*,#2921,.T.);
#710=ORIENTED_EDGE('',*,*,#2922,.T.);
#711=ORIENTED_EDGE('',*,*,#2923,.T.);
#712=ORIENTED_EDGE('',*,*,#2924,.T.);
#713=ORIENTED_EDGE('',*,*,#2925,.T.);
#714=ORIENTED_EDGE('',*,*,#2926,.T.);
#715=ORIENTED_EDGE('',*,*,#2927,.T.);
#716=ORIENTED_EDGE('',*,*,#2928,.T.);
#717=ORIENTED_EDGE('',*,*,#2929,.T.);
#718=ORIENTED_EDGE('',*,*,#2930,.T.);
#719=ORIENTED_EDGE('',*,*,#2931,.T.);
#720=ORIENTED_EDGE('',*,*,#2932,.T.);
#721=ORIENTED_EDGE('',*,*,#2933,.T.);
#722=ORIENTED_EDGE('',*,*,#2934,.T.);
#723=ORIENTED_EDGE('',*,*,#2935,.T.);
#724=ORIENTED_EDGE('',*,*,#2936,.T.);
#725=ORIENTED_EDGE('',*,*,#2937,.T.);
#726=ORIENTED_EDGE('',*,*,#2938,.T.);
#727=ORIENTED_EDGE('',*,*,#2939,.T.);
#728=ORIENTED_EDGE('',*,*,#2940,.T.);
#729=ORIENTED_EDGE('',*,*,#2941,.T.);
#730=ORIENTED_EDGE('',*,*,#2942,.T.);
#731=ORIENTED_EDGE('',*,*,#2943,.T.);
#732=ORIENTED_EDGE('',*,*,#2944,.T.);
#733=ORIENTED_EDGE('',*,*,#2945,.T.);
#734=ORIENTED_EDGE('',*,*,#2946,.T.);
#735=ORIENTED_EDGE('',*,*,#2947,.T.);
#736=ORIENTED_EDGE('',*,*,#2948,.T.);
#737=ORIENTED_EDGE('',*,*,#2949,.T.);
#738=ORIENTED_EDGE('',*,*,#2950,.T.);
#739=ORIENTED_EDGE('',*,*,#2951,.T.);
#740=ORIENTED_EDGE('',*,*,#2952,.T.);
#741=ORIENTED_EDGE('',*,*,#2953,.T.);
#742=ORIENTED_EDGE('',*,*,#2954,.T.);
#743=ORIENTED_EDGE('',*,*,#2955,.T.);
#744=ORIENTED_EDGE('',*,*,#2956,.T.);
#745=ORIENTED_EDGE('',*,*,#2957,.T.);
#746=ORIENTED_EDGE('',*,*,#2958,.T.);
#747=ORIENTED_EDGE('',*,*,#2959,.T.);
#748=ORIENTED_EDGE('',*,*,#2960,.T.);
#749=ORIENTED_EDGE('',*,*,#2961,.T.);
#750=ORIENTED_EDGE('',*,*,#2962,.T.);
#751=ORIENTED_EDGE('',*,*,#2963,.T.);
#752=ORIENTED_EDGE('',*,*,#2964,.T.);
#753=ORIENTED_EDGE('',*,*,#2965,.T.);
#754=ORIENTED_EDGE('',*,*,#2966,.T.);
#755=ORIENTED_EDGE('',*,*,#2967,.T.);
#756=ORIENTED_EDGE('',*,*,#2968,.T.);
#757=ORIENTED_EDGE('',*,*,#2969,.T.);
#758=ORIENTED_EDGE('',*,*,#2970,.T.);
#759=ORIENTED_EDGE('',*,*,#2971,.T.);
#760=ORIENTED_EDGE('',*,*,#2972,.T.);
#761=ORIENTED_EDGE('',*,*,#2973,.T.);
#762=ORIENTED_EDGE('',*,*,#2974,.T.);
#763=ORIENTED_EDGE('',*,*,#2975,.T.);
#764=ORIENTED_EDGE('',*,*,#2976,.T.);
#765=ORIENTED_EDGE('',*,*,#2977,.T.);
#766=ORIENTED_EDGE('',*,*,#2978,.T.);
#767=ORIENTED_EDGE('',*,*,#2979,.T.);
#768=ORIENTED_EDGE('',*,*,#2980,.T.);
#769=ORIENTED_EDGE('',*,*,#2981,.T.);
#770=ORIENTED_EDGE('',*,*,#2982,.T.);
#771=ORIENTED_EDGE('',*,*,#2983,.T.);
#772=ORIENTED_EDGE('',*,*,#2984,.T.);
#773=ORIENTED_EDGE('',*,*,#2985,.T.);
#774=ORIENTED_EDGE('',*,*,#2986,.T.);
#775=ORIENTED_EDGE('',*,*,#2987,.T.);
#776=ORIENTED_EDGE('',*,*,#2988,.T.);
#777=ORIENTED_EDGE('',*,*,#2989,.T.);
#778=ORIENTED_EDGE('',*,*,#2990,.T.);
#779=ORIENTED_EDGE('',*,*,#2991,.T.);
#780=ORIENTED_EDGE('',*,*,#2992,.T.);
#781=ORIENTED_EDGE('',*,*,#2993,.T.);
#782=ORIENTED_EDGE('',*,*,#2994,.T.);
#783=ORIENTED_EDGE('',*,*,#2995,.T.);
#784=ORIENTED_EDGE('',*,*,#2996,.T.);
#785=ORIENTED_EDGE('',*,*,#2997,.T.);
#786=ORIENTED_EDGE('',*,*,#2998,.T.);
#787=ORIENTED_EDGE('',*,*,#2999,.T.);
#788=ORIENTED_EDGE('',*,*,#3000,.T.);
#789=ORIENTED_EDGE('',*,*,#3001,.T.);
#790=ORIENTED_EDGE('',*,*,#3002,.T.);
#791=ORIENTED_EDGE('',*,*,#3003,.T.);
#792=ORIENTED_EDGE('',*,*,#3004,.T.);
#793=ORIENTED_EDGE('',*,*,#3005,.T.);
#794=ORIENTED_EDGE('',*,*,#3006,.T.);
#795=ORIENTED_EDGE('',*,*,#3007,.T.);
#796=ORIENTED_EDGE('',*,*,#3008,.T.);
#797=ORIENTED_EDGE('',*,*,#3009,.T.);
#798=ORIENTED_EDGE('',*,*,#3010,.T.);
#799=ORIENTED_EDGE('',*,*,#3011,.T.);
#800=ORIENTED_EDGE('',*,*,#3012,.T.);
#801=ORIENTED_EDGE('',*,*,#3013,.T.);
#802=ORIENTED_EDGE('',*,*,#3014,.T.);
#803=ORIENTED_EDGE('',*,*,#3015,.T.);
#804=ORIENTED_EDGE('',*,*,#3016,.T.);
#805=ORIENTED_EDGE('',*,*,#3017,.T.);
#806=ORIENTED_EDGE('',*,*,#3018,.T.);
#807=ORIENTED_EDGE('',*,*,#3019,.T.);
#808=ORIENTED_EDGE('',*,*,#3020,.T.);
#809=ORIENTED_EDGE('',*,*,#3021,.T.);
#810=ORIENTED_EDGE('',*,*,#3022,.T.);
#811=ORIENTED_EDGE('',*,*,#3023,.T.);
#812=ORIENTED_EDGE('',*,*,#3024,.T.);
#813=ORIENTED_EDGE('',*,*,#3025,.T.);
#814=ORIENTED_EDGE('',*,*,#3026,.T.);
#815=ORIENTED_EDGE('',*,*,#3027,.T.);
#816=ORIENTED_EDGE('',*,*,#3028,.T.);
#817=ORIENTED_EDGE('',*,*,#3029,.T.);
#818=ORIENTED_EDGE('',*,*,#3030,.T.);
#819=ORIENTED_EDGE('',*,*,#3031,.T.);
#820=ORIENTED_EDGE('',*,*,#3032,.T.);
#821=ORIENTED_EDGE('',*,*,#3033,.T.);
#822=ORIENTED_EDGE('',*,*,#3034,.T.);
#823=ORIENTED_EDGE('',*,*,#3035,.T.);
#824=ORIENTED_EDGE('',*,*,#3036,.T.);
#825=ORIENTED_EDGE('',*,*,#3037,.T.);
#826=ORIENTED_EDGE('',*,*,#3038,.T.);
#827=ORIENTED_EDGE('',*,*,#3039,.T.);
#828=ORIENTED_EDGE('',*,*,#3040,.T.);
#829=ORIENTED_EDGE('',*,*,#3041,.T.);
#830=ORIENTED_EDGE('',*,*,#3042,.T.);
#831=ORIENTED_EDGE('',*,*,#3043,.T.);
#832=ORIENTED_EDGE('',*,*,#3044,.T.);
#833=ORIENTED_EDGE('',*,*,#3045,.T.);
#834=ORIENTED_EDGE('',*,*,#3046,.T.);
#835=ORIENTED_EDGE('',*,*,#3047,.T.);
#836=ORIENTED_EDGE('',*,*,#2703,.F.);
#837=ORIENTED_EDGE('',*,*,#3048,.T.);
#838=ORIENTED_EDGE('',*,*,#2711,.T.);
#839=ORIENTED_EDGE('',*,*,#3049,.F.);
#840=ORIENTED_EDGE('',*,*,#3050,.T.);
#841=ORIENTED_EDGE('',*,*,#3051,.T.);
#842=ORIENTED_EDGE('',*,*,#2729,.F.);
#843=ORIENTED_EDGE('',*,*,#3052,.F.);
#844=ORIENTED_EDGE('',*,*,#3053,.T.);
#845=ORIENTED_EDGE('',*,*,#3054,.T.);
#846=ORIENTED_EDGE('',*,*,#3055,.F.);
#847=ORIENTED_EDGE('',*,*,#3050,.F.);
#848=ORIENTED_EDGE('',*,*,#3056,.F.);
#849=ORIENTED_EDGE('',*,*,#3057,.T.);
#850=ORIENTED_EDGE('',*,*,#3058,.T.);
#851=ORIENTED_EDGE('',*,*,#3059,.F.);
#852=ORIENTED_EDGE('',*,*,#3060,.T.);
#853=ORIENTED_EDGE('',*,*,#3061,.T.);
#854=ORIENTED_EDGE('',*,*,#3062,.T.);
#855=ORIENTED_EDGE('',*,*,#3063,.T.);
#856=ORIENTED_EDGE('',*,*,#3064,.F.);
#857=ORIENTED_EDGE('',*,*,#3065,.T.);
#858=ORIENTED_EDGE('',*,*,#3066,.F.);
#859=ORIENTED_EDGE('',*,*,#3067,.T.);
#860=ORIENTED_EDGE('',*,*,#3068,.T.);
#861=ORIENTED_EDGE('',*,*,#3069,.T.);
#862=ORIENTED_EDGE('',*,*,#3070,.T.);
#863=ORIENTED_EDGE('',*,*,#3071,.T.);
#864=ORIENTED_EDGE('',*,*,#3072,.T.);
#865=ORIENTED_EDGE('',*,*,#3068,.F.);
#866=ORIENTED_EDGE('',*,*,#3073,.T.);
#867=ORIENTED_EDGE('',*,*,#3074,.T.);
#868=ORIENTED_EDGE('',*,*,#3075,.T.);
#869=ORIENTED_EDGE('',*,*,#3066,.T.);
#870=ORIENTED_EDGE('',*,*,#3076,.T.);
#871=ORIENTED_EDGE('',*,*,#3077,.T.);
#872=ORIENTED_EDGE('',*,*,#3078,.T.);
#873=ORIENTED_EDGE('',*,*,#3064,.T.);
#874=ORIENTED_EDGE('',*,*,#3079,.F.);
#875=ORIENTED_EDGE('',*,*,#3080,.T.);
#876=ORIENTED_EDGE('',*,*,#3053,.F.);
#877=ORIENTED_EDGE('',*,*,#3081,.T.);
#878=ORIENTED_EDGE('',*,*,#3082,.T.);
#879=ORIENTED_EDGE('',*,*,#3083,.T.);
#880=ORIENTED_EDGE('',*,*,#3062,.F.);
#881=ORIENTED_EDGE('',*,*,#3084,.T.);
#882=ORIENTED_EDGE('',*,*,#2728,.F.);
#883=ORIENTED_EDGE('',*,*,#3085,.F.);
#884=ORIENTED_EDGE('',*,*,#3056,.T.);
#885=ORIENTED_EDGE('',*,*,#3052,.T.);
#886=ORIENTED_EDGE('',*,*,#2727,.T.);
#887=ORIENTED_EDGE('',*,*,#3086,.F.);
#888=ORIENTED_EDGE('',*,*,#3057,.F.);
#889=ORIENTED_EDGE('',*,*,#3085,.T.);
#890=ORIENTED_EDGE('',*,*,#2726,.T.);
#891=ORIENTED_EDGE('',*,*,#3087,.F.);
#892=ORIENTED_EDGE('',*,*,#3058,.F.);
#893=ORIENTED_EDGE('',*,*,#3086,.T.);
#894=ORIENTED_EDGE('',*,*,#3088,.F.);
#895=ORIENTED_EDGE('',*,*,#3059,.T.);
#896=ORIENTED_EDGE('',*,*,#3087,.T.);
#897=ORIENTED_EDGE('',*,*,#2725,.F.);
#898=ORIENTED_EDGE('',*,*,#3083,.F.);
#899=ORIENTED_EDGE('',*,*,#3089,.T.);
#900=ORIENTED_EDGE('',*,*,#3076,.F.);
#901=ORIENTED_EDGE('',*,*,#3063,.F.);
#902=ORIENTED_EDGE('',*,*,#3078,.F.);
#903=ORIENTED_EDGE('',*,*,#3090,.T.);
#904=ORIENTED_EDGE('',*,*,#3073,.F.);
#905=ORIENTED_EDGE('',*,*,#3065,.F.);
#906=ORIENTED_EDGE('',*,*,#3072,.F.);
#907=ORIENTED_EDGE('',*,*,#3091,.T.);
#908=ORIENTED_EDGE('',*,*,#3081,.F.);
#909=ORIENTED_EDGE('',*,*,#3069,.F.);
#910=ORIENTED_EDGE('',*,*,#3075,.F.);
#911=ORIENTED_EDGE('',*,*,#3092,.T.);
#912=ORIENTED_EDGE('',*,*,#3070,.F.);
#913=ORIENTED_EDGE('',*,*,#3067,.F.);
#914=ORIENTED_EDGE('',*,*,#2731,.T.);
#915=ORIENTED_EDGE('',*,*,#3093,.T.);
#916=ORIENTED_EDGE('',*,*,#2797,.F.);
#917=ORIENTED_EDGE('',*,*,#3094,.F.);
#918=ORIENTED_EDGE('',*,*,#3094,.T.);
#919=ORIENTED_EDGE('',*,*,#2796,.T.);
#920=ORIENTED_EDGE('',*,*,#3095,.F.);
#921=ORIENTED_EDGE('',*,*,#2732,.F.);
#922=ORIENTED_EDGE('',*,*,#3095,.T.);
#923=ORIENTED_EDGE('',*,*,#2799,.T.);
#924=ORIENTED_EDGE('',*,*,#3096,.F.);
#925=ORIENTED_EDGE('',*,*,#2733,.F.);
#926=ORIENTED_EDGE('',*,*,#2734,.T.);
#927=ORIENTED_EDGE('',*,*,#3096,.T.);
#928=ORIENTED_EDGE('',*,*,#2798,.F.);
#929=ORIENTED_EDGE('',*,*,#3093,.F.);
#930=ORIENTED_EDGE('',*,*,#2788,.T.);
#931=ORIENTED_EDGE('',*,*,#3097,.F.);
#932=ORIENTED_EDGE('',*,*,#3098,.F.);
#933=ORIENTED_EDGE('',*,*,#3099,.T.);
#934=ORIENTED_EDGE('',*,*,#2795,.T.);
#935=ORIENTED_EDGE('',*,*,#3100,.F.);
#936=ORIENTED_EDGE('',*,*,#3101,.F.);
#937=ORIENTED_EDGE('',*,*,#3097,.T.);
#938=ORIENTED_EDGE('',*,*,#2794,.T.);
#939=ORIENTED_EDGE('',*,*,#3102,.F.);
#940=ORIENTED_EDGE('',*,*,#3103,.F.);
#941=ORIENTED_EDGE('',*,*,#3100,.T.);
#942=ORIENTED_EDGE('',*,*,#2793,.T.);
#943=ORIENTED_EDGE('',*,*,#3104,.F.);
#944=ORIENTED_EDGE('',*,*,#3105,.F.);
#945=ORIENTED_EDGE('',*,*,#3102,.T.);
#946=ORIENTED_EDGE('',*,*,#2792,.T.);
#947=ORIENTED_EDGE('',*,*,#3106,.F.);
#948=ORIENTED_EDGE('',*,*,#3107,.F.);
#949=ORIENTED_EDGE('',*,*,#3104,.T.);
#950=ORIENTED_EDGE('',*,*,#2791,.T.);
#951=ORIENTED_EDGE('',*,*,#3108,.F.);
#952=ORIENTED_EDGE('',*,*,#3109,.F.);
#953=ORIENTED_EDGE('',*,*,#3106,.T.);
#954=ORIENTED_EDGE('',*,*,#2790,.T.);
#955=ORIENTED_EDGE('',*,*,#3110,.F.);
#956=ORIENTED_EDGE('',*,*,#3111,.F.);
#957=ORIENTED_EDGE('',*,*,#3108,.T.);
#958=ORIENTED_EDGE('',*,*,#2789,.T.);
#959=ORIENTED_EDGE('',*,*,#3099,.F.);
#960=ORIENTED_EDGE('',*,*,#3112,.F.);
#961=ORIENTED_EDGE('',*,*,#3110,.T.);
#962=ORIENTED_EDGE('',*,*,#3098,.T.);
#963=ORIENTED_EDGE('',*,*,#3101,.T.);
#964=ORIENTED_EDGE('',*,*,#3103,.T.);
#965=ORIENTED_EDGE('',*,*,#3105,.T.);
#966=ORIENTED_EDGE('',*,*,#3107,.T.);
#967=ORIENTED_EDGE('',*,*,#3109,.T.);
#968=ORIENTED_EDGE('',*,*,#3111,.T.);
#969=ORIENTED_EDGE('',*,*,#3112,.T.);
#970=ORIENTED_EDGE('',*,*,#3113,.F.);
#971=ORIENTED_EDGE('',*,*,#3114,.F.);
#972=ORIENTED_EDGE('',*,*,#3115,.T.);
#973=ORIENTED_EDGE('',*,*,#3116,.T.);
#974=ORIENTED_EDGE('',*,*,#3117,.F.);
#975=ORIENTED_EDGE('',*,*,#3118,.F.);
#976=ORIENTED_EDGE('',*,*,#3119,.T.);
#977=ORIENTED_EDGE('',*,*,#3114,.T.);
#978=ORIENTED_EDGE('',*,*,#3120,.F.);
#979=ORIENTED_EDGE('',*,*,#3121,.F.);
#980=ORIENTED_EDGE('',*,*,#3122,.T.);
#981=ORIENTED_EDGE('',*,*,#3118,.T.);
#982=ORIENTED_EDGE('',*,*,#3123,.F.);
#983=ORIENTED_EDGE('',*,*,#3124,.F.);
#984=ORIENTED_EDGE('',*,*,#3125,.T.);
#985=ORIENTED_EDGE('',*,*,#3121,.T.);
#986=ORIENTED_EDGE('',*,*,#3126,.F.);
#987=ORIENTED_EDGE('',*,*,#3127,.F.);
#988=ORIENTED_EDGE('',*,*,#3128,.T.);
#989=ORIENTED_EDGE('',*,*,#3124,.T.);
#990=ORIENTED_EDGE('',*,*,#3129,.F.);
#991=ORIENTED_EDGE('',*,*,#3130,.F.);
#992=ORIENTED_EDGE('',*,*,#3131,.T.);
#993=ORIENTED_EDGE('',*,*,#3127,.T.);
#994=ORIENTED_EDGE('',*,*,#3132,.F.);
#995=ORIENTED_EDGE('',*,*,#3133,.F.);
#996=ORIENTED_EDGE('',*,*,#3134,.T.);
#997=ORIENTED_EDGE('',*,*,#3130,.T.);
#998=ORIENTED_EDGE('',*,*,#3135,.F.);
#999=ORIENTED_EDGE('',*,*,#3136,.F.);
#1000=ORIENTED_EDGE('',*,*,#3137,.T.);
#1001=ORIENTED_EDGE('',*,*,#3133,.T.);
#1002=ORIENTED_EDGE('',*,*,#3138,.F.);
#1003=ORIENTED_EDGE('',*,*,#3139,.F.);
#1004=ORIENTED_EDGE('',*,*,#3140,.T.);
#1005=ORIENTED_EDGE('',*,*,#3136,.T.);
#1006=ORIENTED_EDGE('',*,*,#3141,.F.);
#1007=ORIENTED_EDGE('',*,*,#3142,.F.);
#1008=ORIENTED_EDGE('',*,*,#3143,.T.);
#1009=ORIENTED_EDGE('',*,*,#3139,.T.);
#1010=ORIENTED_EDGE('',*,*,#3144,.F.);
#1011=ORIENTED_EDGE('',*,*,#3145,.F.);
#1012=ORIENTED_EDGE('',*,*,#3146,.T.);
#1013=ORIENTED_EDGE('',*,*,#3142,.T.);
#1014=ORIENTED_EDGE('',*,*,#2777,.F.);
#1015=ORIENTED_EDGE('',*,*,#3147,.F.);
#1016=ORIENTED_EDGE('',*,*,#3148,.T.);
#1017=ORIENTED_EDGE('',*,*,#3149,.T.);
#1018=ORIENTED_EDGE('',*,*,#2776,.F.);
#1019=ORIENTED_EDGE('',*,*,#3150,.F.);
#1020=ORIENTED_EDGE('',*,*,#3151,.T.);
#1021=ORIENTED_EDGE('',*,*,#3147,.T.);
#1022=ORIENTED_EDGE('',*,*,#2787,.F.);
#1023=ORIENTED_EDGE('',*,*,#3152,.F.);
#1024=ORIENTED_EDGE('',*,*,#3153,.T.);
#1025=ORIENTED_EDGE('',*,*,#3150,.T.);
#1026=ORIENTED_EDGE('',*,*,#2786,.F.);
#1027=ORIENTED_EDGE('',*,*,#3154,.F.);
#1028=ORIENTED_EDGE('',*,*,#3155,.T.);
#1029=ORIENTED_EDGE('',*,*,#3152,.T.);
#1030=ORIENTED_EDGE('',*,*,#2785,.F.);
#1031=ORIENTED_EDGE('',*,*,#3156,.F.);
#1032=ORIENTED_EDGE('',*,*,#3157,.T.);
#1033=ORIENTED_EDGE('',*,*,#3154,.T.);
#1034=ORIENTED_EDGE('',*,*,#2784,.F.);
#1035=ORIENTED_EDGE('',*,*,#3158,.F.);
#1036=ORIENTED_EDGE('',*,*,#3159,.T.);
#1037=ORIENTED_EDGE('',*,*,#3156,.T.);
#1038=ORIENTED_EDGE('',*,*,#2783,.F.);
#1039=ORIENTED_EDGE('',*,*,#3160,.F.);
#1040=ORIENTED_EDGE('',*,*,#3161,.T.);
#1041=ORIENTED_EDGE('',*,*,#3158,.T.);
#1042=ORIENTED_EDGE('',*,*,#2782,.F.);
#1043=ORIENTED_EDGE('',*,*,#3162,.F.);
#1044=ORIENTED_EDGE('',*,*,#3163,.T.);
#1045=ORIENTED_EDGE('',*,*,#3160,.T.);
#1046=ORIENTED_EDGE('',*,*,#2781,.F.);
#1047=ORIENTED_EDGE('',*,*,#3164,.F.);
#1048=ORIENTED_EDGE('',*,*,#3165,.T.);
#1049=ORIENTED_EDGE('',*,*,#3162,.T.);
#1050=ORIENTED_EDGE('',*,*,#2780,.F.);
#1051=ORIENTED_EDGE('',*,*,#3166,.F.);
#1052=ORIENTED_EDGE('',*,*,#3167,.T.);
#1053=ORIENTED_EDGE('',*,*,#3164,.T.);
#1054=ORIENTED_EDGE('',*,*,#2779,.F.);
#1055=ORIENTED_EDGE('',*,*,#3168,.F.);
#1056=ORIENTED_EDGE('',*,*,#3169,.T.);
#1057=ORIENTED_EDGE('',*,*,#3166,.T.);
#1058=ORIENTED_EDGE('',*,*,#2778,.F.);
#1059=ORIENTED_EDGE('',*,*,#3149,.F.);
#1060=ORIENTED_EDGE('',*,*,#3170,.T.);
#1061=ORIENTED_EDGE('',*,*,#3168,.T.);
#1062=ORIENTED_EDGE('',*,*,#3171,.F.);
#1063=ORIENTED_EDGE('',*,*,#3116,.F.);
#1064=ORIENTED_EDGE('',*,*,#3172,.T.);
#1065=ORIENTED_EDGE('',*,*,#3145,.T.);
#1066=ORIENTED_EDGE('',*,*,#3148,.F.);
#1067=ORIENTED_EDGE('',*,*,#3151,.F.);
#1068=ORIENTED_EDGE('',*,*,#3153,.F.);
#1069=ORIENTED_EDGE('',*,*,#3155,.F.);
#1070=ORIENTED_EDGE('',*,*,#3157,.F.);
#1071=ORIENTED_EDGE('',*,*,#3159,.F.);
#1072=ORIENTED_EDGE('',*,*,#3161,.F.);
#1073=ORIENTED_EDGE('',*,*,#3163,.F.);
#1074=ORIENTED_EDGE('',*,*,#3165,.F.);
#1075=ORIENTED_EDGE('',*,*,#3167,.F.);
#1076=ORIENTED_EDGE('',*,*,#3169,.F.);
#1077=ORIENTED_EDGE('',*,*,#3170,.F.);
#1078=ORIENTED_EDGE('',*,*,#3115,.F.);
#1079=ORIENTED_EDGE('',*,*,#3119,.F.);
#1080=ORIENTED_EDGE('',*,*,#3122,.F.);
#1081=ORIENTED_EDGE('',*,*,#3125,.F.);
#1082=ORIENTED_EDGE('',*,*,#3128,.F.);
#1083=ORIENTED_EDGE('',*,*,#3131,.F.);
#1084=ORIENTED_EDGE('',*,*,#3134,.F.);
#1085=ORIENTED_EDGE('',*,*,#3137,.F.);
#1086=ORIENTED_EDGE('',*,*,#3140,.F.);
#1087=ORIENTED_EDGE('',*,*,#3143,.F.);
#1088=ORIENTED_EDGE('',*,*,#3146,.F.);
#1089=ORIENTED_EDGE('',*,*,#3172,.F.);
#1090=ORIENTED_EDGE('',*,*,#2767,.F.);
#1091=ORIENTED_EDGE('',*,*,#3173,.F.);
#1092=ORIENTED_EDGE('',*,*,#3174,.T.);
#1093=ORIENTED_EDGE('',*,*,#3175,.T.);
#1094=ORIENTED_EDGE('',*,*,#2766,.T.);
#1095=ORIENTED_EDGE('',*,*,#3176,.F.);
#1096=ORIENTED_EDGE('',*,*,#3177,.F.);
#1097=ORIENTED_EDGE('',*,*,#3173,.T.);
#1098=ORIENTED_EDGE('',*,*,#2775,.T.);
#1099=ORIENTED_EDGE('',*,*,#3178,.F.);
#1100=ORIENTED_EDGE('',*,*,#3179,.F.);
#1101=ORIENTED_EDGE('',*,*,#3176,.T.);
#1102=ORIENTED_EDGE('',*,*,#2774,.T.);
#1103=ORIENTED_EDGE('',*,*,#3180,.F.);
#1104=ORIENTED_EDGE('',*,*,#3181,.F.);
#1105=ORIENTED_EDGE('',*,*,#3178,.T.);
#1106=ORIENTED_EDGE('',*,*,#2773,.T.);
#1107=ORIENTED_EDGE('',*,*,#3182,.F.);
#1108=ORIENTED_EDGE('',*,*,#3183,.F.);
#1109=ORIENTED_EDGE('',*,*,#3180,.T.);
#1110=ORIENTED_EDGE('',*,*,#2772,.T.);
#1111=ORIENTED_EDGE('',*,*,#3184,.F.);
#1112=ORIENTED_EDGE('',*,*,#3185,.F.);
#1113=ORIENTED_EDGE('',*,*,#3182,.T.);
#1114=ORIENTED_EDGE('',*,*,#2771,.T.);
#1115=ORIENTED_EDGE('',*,*,#3186,.F.);
#1116=ORIENTED_EDGE('',*,*,#3187,.F.);
#1117=ORIENTED_EDGE('',*,*,#3184,.T.);
#1118=ORIENTED_EDGE('',*,*,#2770,.F.);
#1119=ORIENTED_EDGE('',*,*,#3188,.F.);
#1120=ORIENTED_EDGE('',*,*,#3189,.T.);
#1121=ORIENTED_EDGE('',*,*,#3186,.T.);
#1122=ORIENTED_EDGE('',*,*,#2769,.F.);
#1123=ORIENTED_EDGE('',*,*,#3190,.F.);
#1124=ORIENTED_EDGE('',*,*,#3191,.T.);
#1125=ORIENTED_EDGE('',*,*,#3188,.T.);
#1126=ORIENTED_EDGE('',*,*,#2768,.F.);
#1127=ORIENTED_EDGE('',*,*,#3175,.F.);
#1128=ORIENTED_EDGE('',*,*,#3192,.T.);
#1129=ORIENTED_EDGE('',*,*,#3190,.T.);
#1130=ORIENTED_EDGE('',*,*,#3174,.F.);
#1131=ORIENTED_EDGE('',*,*,#3177,.T.);
#1132=ORIENTED_EDGE('',*,*,#3179,.T.);
#1133=ORIENTED_EDGE('',*,*,#3181,.T.);
#1134=ORIENTED_EDGE('',*,*,#3183,.T.);
#1135=ORIENTED_EDGE('',*,*,#3185,.T.);
#1136=ORIENTED_EDGE('',*,*,#3187,.T.);
#1137=ORIENTED_EDGE('',*,*,#3189,.F.);
#1138=ORIENTED_EDGE('',*,*,#3191,.F.);
#1139=ORIENTED_EDGE('',*,*,#3192,.F.);
#1140=ORIENTED_EDGE('',*,*,#2763,.F.);
#1141=ORIENTED_EDGE('',*,*,#3193,.F.);
#1142=ORIENTED_EDGE('',*,*,#3194,.T.);
#1143=ORIENTED_EDGE('',*,*,#3195,.T.);
#1144=ORIENTED_EDGE('',*,*,#2762,.F.);
#1145=ORIENTED_EDGE('',*,*,#3196,.F.);
#1146=ORIENTED_EDGE('',*,*,#3197,.T.);
#1147=ORIENTED_EDGE('',*,*,#3193,.T.);
#1148=ORIENTED_EDGE('',*,*,#2765,.F.);
#1149=ORIENTED_EDGE('',*,*,#3198,.F.);
#1150=ORIENTED_EDGE('',*,*,#3199,.T.);
#1151=ORIENTED_EDGE('',*,*,#3196,.T.);
#1152=ORIENTED_EDGE('',*,*,#2764,.F.);
#1153=ORIENTED_EDGE('',*,*,#3195,.F.);
#1154=ORIENTED_EDGE('',*,*,#3200,.T.);
#1155=ORIENTED_EDGE('',*,*,#3198,.T.);
#1156=ORIENTED_EDGE('',*,*,#3194,.F.);
#1157=ORIENTED_EDGE('',*,*,#3197,.F.);
#1158=ORIENTED_EDGE('',*,*,#3199,.F.);
#1159=ORIENTED_EDGE('',*,*,#3200,.F.);
#1160=ORIENTED_EDGE('',*,*,#2756,.F.);
#1161=ORIENTED_EDGE('',*,*,#3201,.F.);
#1162=ORIENTED_EDGE('',*,*,#3202,.T.);
#1163=ORIENTED_EDGE('',*,*,#3203,.T.);
#1164=ORIENTED_EDGE('',*,*,#2755,.F.);
#1165=ORIENTED_EDGE('',*,*,#3204,.F.);
#1166=ORIENTED_EDGE('',*,*,#3205,.T.);
#1167=ORIENTED_EDGE('',*,*,#3201,.T.);
#1168=ORIENTED_EDGE('',*,*,#2761,.F.);
#1169=ORIENTED_EDGE('',*,*,#3206,.F.);
#1170=ORIENTED_EDGE('',*,*,#3207,.T.);
#1171=ORIENTED_EDGE('',*,*,#3204,.T.);
#1172=ORIENTED_EDGE('',*,*,#2760,.F.);
#1173=ORIENTED_EDGE('',*,*,#3208,.F.);
#1174=ORIENTED_EDGE('',*,*,#3209,.T.);
#1175=ORIENTED_EDGE('',*,*,#3206,.T.);
#1176=ORIENTED_EDGE('',*,*,#2759,.F.);
#1177=ORIENTED_EDGE('',*,*,#3210,.F.);
#1178=ORIENTED_EDGE('',*,*,#3211,.T.);
#1179=ORIENTED_EDGE('',*,*,#3208,.T.);
#1180=ORIENTED_EDGE('',*,*,#2758,.F.);
#1181=ORIENTED_EDGE('',*,*,#3212,.F.);
#1182=ORIENTED_EDGE('',*,*,#3213,.T.);
#1183=ORIENTED_EDGE('',*,*,#3210,.T.);
#1184=ORIENTED_EDGE('',*,*,#2757,.F.);
#1185=ORIENTED_EDGE('',*,*,#3203,.F.);
#1186=ORIENTED_EDGE('',*,*,#3214,.T.);
#1187=ORIENTED_EDGE('',*,*,#3212,.T.);
#1188=ORIENTED_EDGE('',*,*,#3202,.F.);
#1189=ORIENTED_EDGE('',*,*,#3205,.F.);
#1190=ORIENTED_EDGE('',*,*,#3207,.F.);
#1191=ORIENTED_EDGE('',*,*,#3209,.F.);
#1192=ORIENTED_EDGE('',*,*,#3211,.F.);
#1193=ORIENTED_EDGE('',*,*,#3213,.F.);
#1194=ORIENTED_EDGE('',*,*,#3214,.F.);
#1195=ORIENTED_EDGE('',*,*,#3215,.T.);
#1196=ORIENTED_EDGE('',*,*,#3216,.F.);
#1197=ORIENTED_EDGE('',*,*,#3217,.F.);
#1198=ORIENTED_EDGE('',*,*,#3218,.T.);
#1199=ORIENTED_EDGE('',*,*,#3219,.T.);
#1200=ORIENTED_EDGE('',*,*,#3220,.F.);
#1201=ORIENTED_EDGE('',*,*,#3221,.F.);
#1202=ORIENTED_EDGE('',*,*,#3216,.T.);
#1203=ORIENTED_EDGE('',*,*,#3222,.T.);
#1204=ORIENTED_EDGE('',*,*,#3223,.F.);
#1205=ORIENTED_EDGE('',*,*,#3224,.F.);
#1206=ORIENTED_EDGE('',*,*,#3220,.T.);
#1207=ORIENTED_EDGE('',*,*,#2801,.F.);
#1208=ORIENTED_EDGE('',*,*,#3225,.F.);
#1209=ORIENTED_EDGE('',*,*,#3226,.T.);
#1210=ORIENTED_EDGE('',*,*,#3227,.T.);
#1211=ORIENTED_EDGE('',*,*,#2800,.F.);
#1212=ORIENTED_EDGE('',*,*,#3228,.F.);
#1213=ORIENTED_EDGE('',*,*,#3229,.T.);
#1214=ORIENTED_EDGE('',*,*,#3225,.T.);
#1215=ORIENTED_EDGE('',*,*,#2815,.F.);
#1216=ORIENTED_EDGE('',*,*,#3230,.F.);
#1217=ORIENTED_EDGE('',*,*,#3231,.T.);
#1218=ORIENTED_EDGE('',*,*,#3228,.T.);
#1219=ORIENTED_EDGE('',*,*,#2814,.F.);
#1220=ORIENTED_EDGE('',*,*,#3232,.F.);
#1221=ORIENTED_EDGE('',*,*,#3233,.T.);
#1222=ORIENTED_EDGE('',*,*,#3230,.T.);
#1223=ORIENTED_EDGE('',*,*,#2813,.F.);
#1224=ORIENTED_EDGE('',*,*,#3234,.F.);
#1225=ORIENTED_EDGE('',*,*,#3235,.T.);
#1226=ORIENTED_EDGE('',*,*,#3232,.T.);
#1227=ORIENTED_EDGE('',*,*,#2812,.F.);
#1228=ORIENTED_EDGE('',*,*,#3236,.F.);
#1229=ORIENTED_EDGE('',*,*,#3237,.T.);
#1230=ORIENTED_EDGE('',*,*,#3234,.T.);
#1231=ORIENTED_EDGE('',*,*,#2811,.F.);
#1232=ORIENTED_EDGE('',*,*,#3238,.F.);
#1233=ORIENTED_EDGE('',*,*,#3239,.T.);
#1234=ORIENTED_EDGE('',*,*,#3236,.T.);
#1235=ORIENTED_EDGE('',*,*,#2810,.F.);
#1236=ORIENTED_EDGE('',*,*,#3240,.F.);
#1237=ORIENTED_EDGE('',*,*,#3241,.T.);
#1238=ORIENTED_EDGE('',*,*,#3238,.T.);
#1239=ORIENTED_EDGE('',*,*,#2809,.F.);
#1240=ORIENTED_EDGE('',*,*,#3242,.F.);
#1241=ORIENTED_EDGE('',*,*,#3243,.T.);
#1242=ORIENTED_EDGE('',*,*,#3240,.T.);
#1243=ORIENTED_EDGE('',*,*,#2808,.F.);
#1244=ORIENTED_EDGE('',*,*,#3244,.F.);
#1245=ORIENTED_EDGE('',*,*,#3245,.T.);
#1246=ORIENTED_EDGE('',*,*,#3242,.T.);
#1247=ORIENTED_EDGE('',*,*,#2807,.F.);
#1248=ORIENTED_EDGE('',*,*,#3246,.F.);
#1249=ORIENTED_EDGE('',*,*,#3247,.T.);
#1250=ORIENTED_EDGE('',*,*,#3244,.T.);
#1251=ORIENTED_EDGE('',*,*,#2806,.F.);
#1252=ORIENTED_EDGE('',*,*,#3248,.F.);
#1253=ORIENTED_EDGE('',*,*,#3249,.T.);
#1254=ORIENTED_EDGE('',*,*,#3246,.T.);
#1255=ORIENTED_EDGE('',*,*,#2805,.F.);
#1256=ORIENTED_EDGE('',*,*,#3250,.F.);
#1257=ORIENTED_EDGE('',*,*,#3251,.T.);
#1258=ORIENTED_EDGE('',*,*,#3248,.T.);
#1259=ORIENTED_EDGE('',*,*,#2804,.F.);
#1260=ORIENTED_EDGE('',*,*,#3252,.F.);
#1261=ORIENTED_EDGE('',*,*,#3253,.T.);
#1262=ORIENTED_EDGE('',*,*,#3250,.T.);
#1263=ORIENTED_EDGE('',*,*,#2803,.F.);
#1264=ORIENTED_EDGE('',*,*,#3254,.F.);
#1265=ORIENTED_EDGE('',*,*,#3255,.T.);
#1266=ORIENTED_EDGE('',*,*,#3252,.T.);
#1267=ORIENTED_EDGE('',*,*,#2802,.F.);
#1268=ORIENTED_EDGE('',*,*,#3227,.F.);
#1269=ORIENTED_EDGE('',*,*,#3256,.T.);
#1270=ORIENTED_EDGE('',*,*,#3254,.T.);
#1271=ORIENTED_EDGE('',*,*,#3257,.T.);
#1272=ORIENTED_EDGE('',*,*,#3218,.F.);
#1273=ORIENTED_EDGE('',*,*,#3258,.F.);
#1274=ORIENTED_EDGE('',*,*,#3223,.T.);
#1275=ORIENTED_EDGE('',*,*,#3226,.F.);
#1276=ORIENTED_EDGE('',*,*,#3229,.F.);
#1277=ORIENTED_EDGE('',*,*,#3231,.F.);
#1278=ORIENTED_EDGE('',*,*,#3233,.F.);
#1279=ORIENTED_EDGE('',*,*,#3235,.F.);
#1280=ORIENTED_EDGE('',*,*,#3237,.F.);
#1281=ORIENTED_EDGE('',*,*,#3239,.F.);
#1282=ORIENTED_EDGE('',*,*,#3241,.F.);
#1283=ORIENTED_EDGE('',*,*,#3243,.F.);
#1284=ORIENTED_EDGE('',*,*,#3245,.F.);
#1285=ORIENTED_EDGE('',*,*,#3247,.F.);
#1286=ORIENTED_EDGE('',*,*,#3249,.F.);
#1287=ORIENTED_EDGE('',*,*,#3251,.F.);
#1288=ORIENTED_EDGE('',*,*,#3253,.F.);
#1289=ORIENTED_EDGE('',*,*,#3255,.F.);
#1290=ORIENTED_EDGE('',*,*,#3256,.F.);
#1291=ORIENTED_EDGE('',*,*,#3217,.T.);
#1292=ORIENTED_EDGE('',*,*,#3221,.T.);
#1293=ORIENTED_EDGE('',*,*,#3224,.T.);
#1294=ORIENTED_EDGE('',*,*,#3258,.T.);
#1295=ORIENTED_EDGE('',*,*,#2751,.T.);
#1296=ORIENTED_EDGE('',*,*,#3259,.F.);
#1297=ORIENTED_EDGE('',*,*,#3260,.F.);
#1298=ORIENTED_EDGE('',*,*,#3261,.T.);
#1299=ORIENTED_EDGE('',*,*,#2754,.T.);
#1300=ORIENTED_EDGE('',*,*,#3262,.F.);
#1301=ORIENTED_EDGE('',*,*,#3263,.F.);
#1302=ORIENTED_EDGE('',*,*,#3259,.T.);
#1303=ORIENTED_EDGE('',*,*,#2753,.T.);
#1304=ORIENTED_EDGE('',*,*,#3264,.F.);
#1305=ORIENTED_EDGE('',*,*,#3265,.F.);
#1306=ORIENTED_EDGE('',*,*,#3262,.T.);
#1307=ORIENTED_EDGE('',*,*,#2752,.T.);
#1308=ORIENTED_EDGE('',*,*,#3261,.F.);
#1309=ORIENTED_EDGE('',*,*,#3266,.F.);
#1310=ORIENTED_EDGE('',*,*,#3264,.T.);
#1311=ORIENTED_EDGE('',*,*,#3260,.T.);
#1312=ORIENTED_EDGE('',*,*,#3263,.T.);
#1313=ORIENTED_EDGE('',*,*,#3265,.T.);
#1314=ORIENTED_EDGE('',*,*,#3266,.T.);
#1315=ORIENTED_EDGE('',*,*,#2817,.F.);
#1316=ORIENTED_EDGE('',*,*,#3267,.F.);
#1317=ORIENTED_EDGE('',*,*,#3268,.T.);
#1318=ORIENTED_EDGE('',*,*,#3269,.T.);
#1319=ORIENTED_EDGE('',*,*,#2816,.F.);
#1320=ORIENTED_EDGE('',*,*,#3270,.F.);
#1321=ORIENTED_EDGE('',*,*,#3271,.T.);
#1322=ORIENTED_EDGE('',*,*,#3267,.T.);
#1323=ORIENTED_EDGE('',*,*,#2827,.F.);
#1324=ORIENTED_EDGE('',*,*,#3272,.F.);
#1325=ORIENTED_EDGE('',*,*,#3273,.T.);
#1326=ORIENTED_EDGE('',*,*,#3270,.T.);
#1327=ORIENTED_EDGE('',*,*,#2826,.F.);
#1328=ORIENTED_EDGE('',*,*,#3274,.F.);
#1329=ORIENTED_EDGE('',*,*,#3275,.T.);
#1330=ORIENTED_EDGE('',*,*,#3272,.T.);
#1331=ORIENTED_EDGE('',*,*,#2825,.F.);
#1332=ORIENTED_EDGE('',*,*,#3276,.F.);
#1333=ORIENTED_EDGE('',*,*,#3277,.T.);
#1334=ORIENTED_EDGE('',*,*,#3274,.T.);
#1335=ORIENTED_EDGE('',*,*,#2824,.F.);
#1336=ORIENTED_EDGE('',*,*,#3278,.F.);
#1337=ORIENTED_EDGE('',*,*,#3279,.T.);
#1338=ORIENTED_EDGE('',*,*,#3276,.T.);
#1339=ORIENTED_EDGE('',*,*,#2823,.F.);
#1340=ORIENTED_EDGE('',*,*,#3280,.F.);
#1341=ORIENTED_EDGE('',*,*,#3281,.T.);
#1342=ORIENTED_EDGE('',*,*,#3278,.T.);
#1343=ORIENTED_EDGE('',*,*,#2822,.F.);
#1344=ORIENTED_EDGE('',*,*,#3282,.F.);
#1345=ORIENTED_EDGE('',*,*,#3283,.T.);
#1346=ORIENTED_EDGE('',*,*,#3280,.T.);
#1347=ORIENTED_EDGE('',*,*,#2821,.F.);
#1348=ORIENTED_EDGE('',*,*,#3284,.F.);
#1349=ORIENTED_EDGE('',*,*,#3285,.T.);
#1350=ORIENTED_EDGE('',*,*,#3282,.T.);
#1351=ORIENTED_EDGE('',*,*,#2820,.F.);
#1352=ORIENTED_EDGE('',*,*,#3286,.F.);
#1353=ORIENTED_EDGE('',*,*,#3287,.T.);
#1354=ORIENTED_EDGE('',*,*,#3284,.T.);
#1355=ORIENTED_EDGE('',*,*,#2819,.F.);
#1356=ORIENTED_EDGE('',*,*,#3288,.F.);
#1357=ORIENTED_EDGE('',*,*,#3289,.T.);
#1358=ORIENTED_EDGE('',*,*,#3286,.T.);
#1359=ORIENTED_EDGE('',*,*,#2818,.F.);
#1360=ORIENTED_EDGE('',*,*,#3269,.F.);
#1361=ORIENTED_EDGE('',*,*,#3290,.T.);
#1362=ORIENTED_EDGE('',*,*,#3288,.T.);
#1363=ORIENTED_EDGE('',*,*,#3268,.F.);
#1364=ORIENTED_EDGE('',*,*,#3271,.F.);
#1365=ORIENTED_EDGE('',*,*,#3273,.F.);
#1366=ORIENTED_EDGE('',*,*,#3275,.F.);
#1367=ORIENTED_EDGE('',*,*,#3277,.F.);
#1368=ORIENTED_EDGE('',*,*,#3279,.F.);
#1369=ORIENTED_EDGE('',*,*,#3281,.F.);
#1370=ORIENTED_EDGE('',*,*,#3283,.F.);
#1371=ORIENTED_EDGE('',*,*,#3285,.F.);
#1372=ORIENTED_EDGE('',*,*,#3287,.F.);
#1373=ORIENTED_EDGE('',*,*,#3289,.F.);
#1374=ORIENTED_EDGE('',*,*,#3290,.F.);
#1375=ORIENTED_EDGE('',*,*,#2829,.F.);
#1376=ORIENTED_EDGE('',*,*,#3291,.F.);
#1377=ORIENTED_EDGE('',*,*,#3292,.T.);
#1378=ORIENTED_EDGE('',*,*,#3293,.T.);
#1379=ORIENTED_EDGE('',*,*,#2828,.F.);
#1380=ORIENTED_EDGE('',*,*,#3294,.F.);
#1381=ORIENTED_EDGE('',*,*,#3295,.T.);
#1382=ORIENTED_EDGE('',*,*,#3291,.T.);
#1383=ORIENTED_EDGE('',*,*,#2833,.F.);
#1384=ORIENTED_EDGE('',*,*,#3296,.F.);
#1385=ORIENTED_EDGE('',*,*,#3297,.T.);
#1386=ORIENTED_EDGE('',*,*,#3294,.T.);
#1387=ORIENTED_EDGE('',*,*,#2832,.F.);
#1388=ORIENTED_EDGE('',*,*,#3298,.F.);
#1389=ORIENTED_EDGE('',*,*,#3299,.T.);
#1390=ORIENTED_EDGE('',*,*,#3296,.T.);
#1391=ORIENTED_EDGE('',*,*,#2831,.F.);
#1392=ORIENTED_EDGE('',*,*,#3300,.F.);
#1393=ORIENTED_EDGE('',*,*,#3301,.T.);
#1394=ORIENTED_EDGE('',*,*,#3298,.T.);
#1395=ORIENTED_EDGE('',*,*,#2830,.F.);
#1396=ORIENTED_EDGE('',*,*,#3293,.F.);
#1397=ORIENTED_EDGE('',*,*,#3302,.T.);
#1398=ORIENTED_EDGE('',*,*,#3300,.T.);
#1399=ORIENTED_EDGE('',*,*,#3292,.F.);
#1400=ORIENTED_EDGE('',*,*,#3295,.F.);
#1401=ORIENTED_EDGE('',*,*,#3297,.F.);
#1402=ORIENTED_EDGE('',*,*,#3299,.F.);
#1403=ORIENTED_EDGE('',*,*,#3301,.F.);
#1404=ORIENTED_EDGE('',*,*,#3302,.F.);
#1405=ORIENTED_EDGE('',*,*,#2835,.F.);
#1406=ORIENTED_EDGE('',*,*,#3303,.F.);
#1407=ORIENTED_EDGE('',*,*,#3304,.T.);
#1408=ORIENTED_EDGE('',*,*,#3305,.T.);
#1409=ORIENTED_EDGE('',*,*,#2834,.F.);
#1410=ORIENTED_EDGE('',*,*,#3306,.F.);
#1411=ORIENTED_EDGE('',*,*,#3307,.T.);
#1412=ORIENTED_EDGE('',*,*,#3303,.T.);
#1413=ORIENTED_EDGE('',*,*,#2845,.F.);
#1414=ORIENTED_EDGE('',*,*,#3308,.F.);
#1415=ORIENTED_EDGE('',*,*,#3309,.T.);
#1416=ORIENTED_EDGE('',*,*,#3306,.T.);
#1417=ORIENTED_EDGE('',*,*,#2844,.F.);
#1418=ORIENTED_EDGE('',*,*,#3310,.F.);
#1419=ORIENTED_EDGE('',*,*,#3311,.T.);
#1420=ORIENTED_EDGE('',*,*,#3308,.T.);
#1421=ORIENTED_EDGE('',*,*,#2843,.F.);
#1422=ORIENTED_EDGE('',*,*,#3312,.F.);
#1423=ORIENTED_EDGE('',*,*,#3313,.T.);
#1424=ORIENTED_EDGE('',*,*,#3310,.T.);
#1425=ORIENTED_EDGE('',*,*,#2842,.F.);
#1426=ORIENTED_EDGE('',*,*,#3314,.F.);
#1427=ORIENTED_EDGE('',*,*,#3315,.T.);
#1428=ORIENTED_EDGE('',*,*,#3312,.T.);
#1429=ORIENTED_EDGE('',*,*,#2841,.F.);
#1430=ORIENTED_EDGE('',*,*,#3316,.F.);
#1431=ORIENTED_EDGE('',*,*,#3317,.T.);
#1432=ORIENTED_EDGE('',*,*,#3314,.T.);
#1433=ORIENTED_EDGE('',*,*,#2840,.F.);
#1434=ORIENTED_EDGE('',*,*,#3318,.F.);
#1435=ORIENTED_EDGE('',*,*,#3319,.T.);
#1436=ORIENTED_EDGE('',*,*,#3316,.T.);
#1437=ORIENTED_EDGE('',*,*,#2839,.F.);
#1438=ORIENTED_EDGE('',*,*,#3320,.F.);
#1439=ORIENTED_EDGE('',*,*,#3321,.T.);
#1440=ORIENTED_EDGE('',*,*,#3318,.T.);
#1441=ORIENTED_EDGE('',*,*,#2838,.F.);
#1442=ORIENTED_EDGE('',*,*,#3322,.F.);
#1443=ORIENTED_EDGE('',*,*,#3323,.T.);
#1444=ORIENTED_EDGE('',*,*,#3320,.T.);
#1445=ORIENTED_EDGE('',*,*,#2837,.F.);
#1446=ORIENTED_EDGE('',*,*,#3324,.F.);
#1447=ORIENTED_EDGE('',*,*,#3325,.T.);
#1448=ORIENTED_EDGE('',*,*,#3322,.T.);
#1449=ORIENTED_EDGE('',*,*,#2836,.F.);
#1450=ORIENTED_EDGE('',*,*,#3305,.F.);
#1451=ORIENTED_EDGE('',*,*,#3326,.T.);
#1452=ORIENTED_EDGE('',*,*,#3324,.T.);
#1453=ORIENTED_EDGE('',*,*,#3304,.F.);
#1454=ORIENTED_EDGE('',*,*,#3307,.F.);
#1455=ORIENTED_EDGE('',*,*,#3309,.F.);
#1456=ORIENTED_EDGE('',*,*,#3311,.F.);
#1457=ORIENTED_EDGE('',*,*,#3313,.F.);
#1458=ORIENTED_EDGE('',*,*,#3315,.F.);
#1459=ORIENTED_EDGE('',*,*,#3317,.F.);
#1460=ORIENTED_EDGE('',*,*,#3319,.F.);
#1461=ORIENTED_EDGE('',*,*,#3321,.F.);
#1462=ORIENTED_EDGE('',*,*,#3323,.F.);
#1463=ORIENTED_EDGE('',*,*,#3325,.F.);
#1464=ORIENTED_EDGE('',*,*,#3326,.F.);
#1465=ORIENTED_EDGE('',*,*,#2847,.F.);
#1466=ORIENTED_EDGE('',*,*,#3327,.F.);
#1467=ORIENTED_EDGE('',*,*,#3328,.T.);
#1468=ORIENTED_EDGE('',*,*,#3329,.T.);
#1469=ORIENTED_EDGE('',*,*,#2846,.F.);
#1470=ORIENTED_EDGE('',*,*,#3330,.F.);
#1471=ORIENTED_EDGE('',*,*,#3331,.T.);
#1472=ORIENTED_EDGE('',*,*,#3327,.T.);
#1473=ORIENTED_EDGE('',*,*,#2875,.F.);
#1474=ORIENTED_EDGE('',*,*,#3332,.F.);
#1475=ORIENTED_EDGE('',*,*,#3333,.T.);
#1476=ORIENTED_EDGE('',*,*,#3330,.T.);
#1477=ORIENTED_EDGE('',*,*,#2874,.F.);
#1478=ORIENTED_EDGE('',*,*,#3334,.F.);
#1479=ORIENTED_EDGE('',*,*,#3335,.T.);
#1480=ORIENTED_EDGE('',*,*,#3332,.T.);
#1481=ORIENTED_EDGE('',*,*,#2873,.F.);
#1482=ORIENTED_EDGE('',*,*,#3336,.F.);
#1483=ORIENTED_EDGE('',*,*,#3337,.T.);
#1484=ORIENTED_EDGE('',*,*,#3334,.T.);
#1485=ORIENTED_EDGE('',*,*,#2872,.F.);
#1486=ORIENTED_EDGE('',*,*,#3338,.F.);
#1487=ORIENTED_EDGE('',*,*,#3339,.T.);
#1488=ORIENTED_EDGE('',*,*,#3336,.T.);
#1489=ORIENTED_EDGE('',*,*,#2871,.F.);
#1490=ORIENTED_EDGE('',*,*,#3340,.F.);
#1491=ORIENTED_EDGE('',*,*,#3341,.T.);
#1492=ORIENTED_EDGE('',*,*,#3338,.T.);
#1493=ORIENTED_EDGE('',*,*,#2870,.F.);
#1494=ORIENTED_EDGE('',*,*,#3342,.F.);
#1495=ORIENTED_EDGE('',*,*,#3343,.T.);
#1496=ORIENTED_EDGE('',*,*,#3340,.T.);
#1497=ORIENTED_EDGE('',*,*,#2869,.F.);
#1498=ORIENTED_EDGE('',*,*,#3344,.F.);
#1499=ORIENTED_EDGE('',*,*,#3345,.T.);
#1500=ORIENTED_EDGE('',*,*,#3342,.T.);
#1501=ORIENTED_EDGE('',*,*,#2868,.F.);
#1502=ORIENTED_EDGE('',*,*,#3346,.F.);
#1503=ORIENTED_EDGE('',*,*,#3347,.T.);
#1504=ORIENTED_EDGE('',*,*,#3344,.T.);
#1505=ORIENTED_EDGE('',*,*,#2867,.F.);
#1506=ORIENTED_EDGE('',*,*,#3348,.F.);
#1507=ORIENTED_EDGE('',*,*,#3349,.T.);
#1508=ORIENTED_EDGE('',*,*,#3346,.T.);
#1509=ORIENTED_EDGE('',*,*,#2866,.F.);
#1510=ORIENTED_EDGE('',*,*,#3350,.F.);
#1511=ORIENTED_EDGE('',*,*,#3351,.T.);
#1512=ORIENTED_EDGE('',*,*,#3348,.T.);
#1513=ORIENTED_EDGE('',*,*,#2865,.F.);
#1514=ORIENTED_EDGE('',*,*,#3352,.F.);
#1515=ORIENTED_EDGE('',*,*,#3353,.T.);
#1516=ORIENTED_EDGE('',*,*,#3350,.T.);
#1517=ORIENTED_EDGE('',*,*,#2864,.F.);
#1518=ORIENTED_EDGE('',*,*,#3354,.F.);
#1519=ORIENTED_EDGE('',*,*,#3355,.T.);
#1520=ORIENTED_EDGE('',*,*,#3352,.T.);
#1521=ORIENTED_EDGE('',*,*,#2863,.F.);
#1522=ORIENTED_EDGE('',*,*,#3356,.F.);
#1523=ORIENTED_EDGE('',*,*,#3357,.T.);
#1524=ORIENTED_EDGE('',*,*,#3354,.T.);
#1525=ORIENTED_EDGE('',*,*,#2862,.F.);
#1526=ORIENTED_EDGE('',*,*,#3358,.F.);
#1527=ORIENTED_EDGE('',*,*,#3359,.T.);
#1528=ORIENTED_EDGE('',*,*,#3356,.T.);
#1529=ORIENTED_EDGE('',*,*,#2861,.F.);
#1530=ORIENTED_EDGE('',*,*,#3360,.F.);
#1531=ORIENTED_EDGE('',*,*,#3361,.T.);
#1532=ORIENTED_EDGE('',*,*,#3358,.T.);
#1533=ORIENTED_EDGE('',*,*,#2860,.F.);
#1534=ORIENTED_EDGE('',*,*,#3362,.F.);
#1535=ORIENTED_EDGE('',*,*,#3363,.T.);
#1536=ORIENTED_EDGE('',*,*,#3360,.T.);
#1537=ORIENTED_EDGE('',*,*,#2859,.F.);
#1538=ORIENTED_EDGE('',*,*,#3364,.F.);
#1539=ORIENTED_EDGE('',*,*,#3365,.T.);
#1540=ORIENTED_EDGE('',*,*,#3362,.T.);
#1541=ORIENTED_EDGE('',*,*,#2858,.F.);
#1542=ORIENTED_EDGE('',*,*,#3366,.F.);
#1543=ORIENTED_EDGE('',*,*,#3367,.T.);
#1544=ORIENTED_EDGE('',*,*,#3364,.T.);
#1545=ORIENTED_EDGE('',*,*,#2857,.F.);
#1546=ORIENTED_EDGE('',*,*,#3368,.F.);
#1547=ORIENTED_EDGE('',*,*,#3369,.T.);
#1548=ORIENTED_EDGE('',*,*,#3366,.T.);
#1549=ORIENTED_EDGE('',*,*,#2856,.F.);
#1550=ORIENTED_EDGE('',*,*,#3370,.F.);
#1551=ORIENTED_EDGE('',*,*,#3371,.T.);
#1552=ORIENTED_EDGE('',*,*,#3368,.T.);
#1553=ORIENTED_EDGE('',*,*,#2855,.F.);
#1554=ORIENTED_EDGE('',*,*,#3372,.F.);
#1555=ORIENTED_EDGE('',*,*,#3373,.T.);
#1556=ORIENTED_EDGE('',*,*,#3370,.T.);
#1557=ORIENTED_EDGE('',*,*,#2854,.F.);
#1558=ORIENTED_EDGE('',*,*,#3374,.F.);
#1559=ORIENTED_EDGE('',*,*,#3375,.T.);
#1560=ORIENTED_EDGE('',*,*,#3372,.T.);
#1561=ORIENTED_EDGE('',*,*,#2853,.F.);
#1562=ORIENTED_EDGE('',*,*,#3376,.F.);
#1563=ORIENTED_EDGE('',*,*,#3377,.T.);
#1564=ORIENTED_EDGE('',*,*,#3374,.T.);
#1565=ORIENTED_EDGE('',*,*,#2852,.F.);
#1566=ORIENTED_EDGE('',*,*,#3378,.F.);
#1567=ORIENTED_EDGE('',*,*,#3379,.T.);
#1568=ORIENTED_EDGE('',*,*,#3376,.T.);
#1569=ORIENTED_EDGE('',*,*,#2851,.F.);
#1570=ORIENTED_EDGE('',*,*,#3380,.F.);
#1571=ORIENTED_EDGE('',*,*,#3381,.T.);
#1572=ORIENTED_EDGE('',*,*,#3378,.T.);
#1573=ORIENTED_EDGE('',*,*,#2850,.F.);
#1574=ORIENTED_EDGE('',*,*,#3382,.F.);
#1575=ORIENTED_EDGE('',*,*,#3383,.T.);
#1576=ORIENTED_EDGE('',*,*,#3380,.T.);
#1577=ORIENTED_EDGE('',*,*,#2849,.F.);
#1578=ORIENTED_EDGE('',*,*,#3384,.F.);
#1579=ORIENTED_EDGE('',*,*,#3385,.T.);
#1580=ORIENTED_EDGE('',*,*,#3382,.T.);
#1581=ORIENTED_EDGE('',*,*,#2848,.F.);
#1582=ORIENTED_EDGE('',*,*,#3329,.F.);
#1583=ORIENTED_EDGE('',*,*,#3386,.T.);
#1584=ORIENTED_EDGE('',*,*,#3384,.T.);
#1585=ORIENTED_EDGE('',*,*,#3328,.F.);
#1586=ORIENTED_EDGE('',*,*,#3331,.F.);
#1587=ORIENTED_EDGE('',*,*,#3333,.F.);
#1588=ORIENTED_EDGE('',*,*,#3335,.F.);
#1589=ORIENTED_EDGE('',*,*,#3337,.F.);
#1590=ORIENTED_EDGE('',*,*,#3339,.F.);
#1591=ORIENTED_EDGE('',*,*,#3341,.F.);
#1592=ORIENTED_EDGE('',*,*,#3343,.F.);
#1593=ORIENTED_EDGE('',*,*,#3345,.F.);
#1594=ORIENTED_EDGE('',*,*,#3347,.F.);
#1595=ORIENTED_EDGE('',*,*,#3349,.F.);
#1596=ORIENTED_EDGE('',*,*,#3351,.F.);
#1597=ORIENTED_EDGE('',*,*,#3353,.F.);
#1598=ORIENTED_EDGE('',*,*,#3355,.F.);
#1599=ORIENTED_EDGE('',*,*,#3357,.F.);
#1600=ORIENTED_EDGE('',*,*,#3359,.F.);
#1601=ORIENTED_EDGE('',*,*,#3361,.F.);
#1602=ORIENTED_EDGE('',*,*,#3363,.F.);
#1603=ORIENTED_EDGE('',*,*,#3365,.F.);
#1604=ORIENTED_EDGE('',*,*,#3367,.F.);
#1605=ORIENTED_EDGE('',*,*,#3369,.F.);
#1606=ORIENTED_EDGE('',*,*,#3371,.F.);
#1607=ORIENTED_EDGE('',*,*,#3373,.F.);
#1608=ORIENTED_EDGE('',*,*,#3375,.F.);
#1609=ORIENTED_EDGE('',*,*,#3377,.F.);
#1610=ORIENTED_EDGE('',*,*,#3379,.F.);
#1611=ORIENTED_EDGE('',*,*,#3381,.F.);
#1612=ORIENTED_EDGE('',*,*,#3383,.F.);
#1613=ORIENTED_EDGE('',*,*,#3385,.F.);
#1614=ORIENTED_EDGE('',*,*,#3386,.F.);
#1615=ORIENTED_EDGE('',*,*,#2877,.F.);
#1616=ORIENTED_EDGE('',*,*,#3387,.F.);
#1617=ORIENTED_EDGE('',*,*,#3388,.T.);
#1618=ORIENTED_EDGE('',*,*,#3389,.T.);
#1619=ORIENTED_EDGE('',*,*,#2876,.F.);
#1620=ORIENTED_EDGE('',*,*,#3390,.F.);
#1621=ORIENTED_EDGE('',*,*,#3391,.T.);
#1622=ORIENTED_EDGE('',*,*,#3387,.T.);
#1623=ORIENTED_EDGE('',*,*,#2883,.F.);
#1624=ORIENTED_EDGE('',*,*,#3392,.F.);
#1625=ORIENTED_EDGE('',*,*,#3393,.T.);
#1626=ORIENTED_EDGE('',*,*,#3390,.T.);
#1627=ORIENTED_EDGE('',*,*,#2882,.F.);
#1628=ORIENTED_EDGE('',*,*,#3394,.F.);
#1629=ORIENTED_EDGE('',*,*,#3395,.T.);
#1630=ORIENTED_EDGE('',*,*,#3392,.T.);
#1631=ORIENTED_EDGE('',*,*,#2881,.F.);
#1632=ORIENTED_EDGE('',*,*,#3396,.F.);
#1633=ORIENTED_EDGE('',*,*,#3397,.T.);
#1634=ORIENTED_EDGE('',*,*,#3394,.T.);
#1635=ORIENTED_EDGE('',*,*,#2880,.F.);
#1636=ORIENTED_EDGE('',*,*,#3398,.F.);
#1637=ORIENTED_EDGE('',*,*,#3399,.T.);
#1638=ORIENTED_EDGE('',*,*,#3396,.T.);
#1639=ORIENTED_EDGE('',*,*,#2879,.F.);
#1640=ORIENTED_EDGE('',*,*,#3400,.F.);
#1641=ORIENTED_EDGE('',*,*,#3401,.T.);
#1642=ORIENTED_EDGE('',*,*,#3398,.T.);
#1643=ORIENTED_EDGE('',*,*,#2878,.F.);
#1644=ORIENTED_EDGE('',*,*,#3389,.F.);
#1645=ORIENTED_EDGE('',*,*,#3402,.T.);
#1646=ORIENTED_EDGE('',*,*,#3400,.T.);
#1647=ORIENTED_EDGE('',*,*,#3388,.F.);
#1648=ORIENTED_EDGE('',*,*,#3391,.F.);
#1649=ORIENTED_EDGE('',*,*,#3393,.F.);
#1650=ORIENTED_EDGE('',*,*,#3395,.F.);
#1651=ORIENTED_EDGE('',*,*,#3397,.F.);
#1652=ORIENTED_EDGE('',*,*,#3399,.F.);
#1653=ORIENTED_EDGE('',*,*,#3401,.F.);
#1654=ORIENTED_EDGE('',*,*,#3402,.F.);
#1655=ORIENTED_EDGE('',*,*,#2885,.F.);
#1656=ORIENTED_EDGE('',*,*,#3403,.F.);
#1657=ORIENTED_EDGE('',*,*,#3404,.T.);
#1658=ORIENTED_EDGE('',*,*,#3405,.T.);
#1659=ORIENTED_EDGE('',*,*,#2884,.F.);
#1660=ORIENTED_EDGE('',*,*,#3406,.F.);
#1661=ORIENTED_EDGE('',*,*,#3407,.T.);
#1662=ORIENTED_EDGE('',*,*,#3403,.T.);
#1663=ORIENTED_EDGE('',*,*,#2898,.F.);
#1664=ORIENTED_EDGE('',*,*,#3408,.F.);
#1665=ORIENTED_EDGE('',*,*,#3409,.T.);
#1666=ORIENTED_EDGE('',*,*,#3406,.T.);
#1667=ORIENTED_EDGE('',*,*,#2897,.F.);
#1668=ORIENTED_EDGE('',*,*,#3410,.F.);
#1669=ORIENTED_EDGE('',*,*,#3411,.T.);
#1670=ORIENTED_EDGE('',*,*,#3408,.T.);
#1671=ORIENTED_EDGE('',*,*,#2896,.F.);
#1672=ORIENTED_EDGE('',*,*,#3412,.F.);
#1673=ORIENTED_EDGE('',*,*,#3413,.T.);
#1674=ORIENTED_EDGE('',*,*,#3410,.T.);
#1675=ORIENTED_EDGE('',*,*,#2895,.F.);
#1676=ORIENTED_EDGE('',*,*,#3414,.F.);
#1677=ORIENTED_EDGE('',*,*,#3415,.T.);
#1678=ORIENTED_EDGE('',*,*,#3412,.T.);
#1679=ORIENTED_EDGE('',*,*,#2894,.F.);
#1680=ORIENTED_EDGE('',*,*,#3416,.F.);
#1681=ORIENTED_EDGE('',*,*,#3417,.T.);
#1682=ORIENTED_EDGE('',*,*,#3414,.T.);
#1683=ORIENTED_EDGE('',*,*,#2893,.F.);
#1684=ORIENTED_EDGE('',*,*,#3418,.F.);
#1685=ORIENTED_EDGE('',*,*,#3419,.T.);
#1686=ORIENTED_EDGE('',*,*,#3416,.T.);
#1687=ORIENTED_EDGE('',*,*,#2892,.F.);
#1688=ORIENTED_EDGE('',*,*,#3420,.F.);
#1689=ORIENTED_EDGE('',*,*,#3421,.T.);
#1690=ORIENTED_EDGE('',*,*,#3418,.T.);
#1691=ORIENTED_EDGE('',*,*,#2891,.F.);
#1692=ORIENTED_EDGE('',*,*,#3422,.F.);
#1693=ORIENTED_EDGE('',*,*,#3423,.T.);
#1694=ORIENTED_EDGE('',*,*,#3420,.T.);
#1695=ORIENTED_EDGE('',*,*,#2890,.F.);
#1696=ORIENTED_EDGE('',*,*,#3424,.F.);
#1697=ORIENTED_EDGE('',*,*,#3425,.T.);
#1698=ORIENTED_EDGE('',*,*,#3422,.T.);
#1699=ORIENTED_EDGE('',*,*,#2889,.F.);
#1700=ORIENTED_EDGE('',*,*,#3426,.F.);
#1701=ORIENTED_EDGE('',*,*,#3427,.T.);
#1702=ORIENTED_EDGE('',*,*,#3424,.T.);
#1703=ORIENTED_EDGE('',*,*,#2888,.F.);
#1704=ORIENTED_EDGE('',*,*,#3428,.F.);
#1705=ORIENTED_EDGE('',*,*,#3429,.T.);
#1706=ORIENTED_EDGE('',*,*,#3426,.T.);
#1707=ORIENTED_EDGE('',*,*,#2887,.F.);
#1708=ORIENTED_EDGE('',*,*,#3430,.F.);
#1709=ORIENTED_EDGE('',*,*,#3431,.T.);
#1710=ORIENTED_EDGE('',*,*,#3428,.T.);
#1711=ORIENTED_EDGE('',*,*,#3432,.F.);
#1712=ORIENTED_EDGE('',*,*,#3433,.F.);
#1713=ORIENTED_EDGE('',*,*,#3434,.T.);
#1714=ORIENTED_EDGE('',*,*,#3435,.T.);
#1715=ORIENTED_EDGE('',*,*,#3436,.F.);
#1716=ORIENTED_EDGE('',*,*,#3437,.F.);
#1717=ORIENTED_EDGE('',*,*,#3438,.T.);
#1718=ORIENTED_EDGE('',*,*,#3433,.T.);
#1719=ORIENTED_EDGE('',*,*,#3439,.F.);
#1720=ORIENTED_EDGE('',*,*,#3440,.F.);
#1721=ORIENTED_EDGE('',*,*,#3441,.T.);
#1722=ORIENTED_EDGE('',*,*,#3437,.T.);
#1723=ORIENTED_EDGE('',*,*,#3442,.F.);
#1724=ORIENTED_EDGE('',*,*,#3443,.F.);
#1725=ORIENTED_EDGE('',*,*,#3444,.T.);
#1726=ORIENTED_EDGE('',*,*,#3440,.T.);
#1727=ORIENTED_EDGE('',*,*,#3445,.F.);
#1728=ORIENTED_EDGE('',*,*,#3446,.F.);
#1729=ORIENTED_EDGE('',*,*,#3447,.T.);
#1730=ORIENTED_EDGE('',*,*,#3443,.T.);
#1731=ORIENTED_EDGE('',*,*,#3448,.F.);
#1732=ORIENTED_EDGE('',*,*,#3449,.F.);
#1733=ORIENTED_EDGE('',*,*,#3450,.T.);
#1734=ORIENTED_EDGE('',*,*,#3446,.T.);
#1735=ORIENTED_EDGE('',*,*,#3451,.F.);
#1736=ORIENTED_EDGE('',*,*,#3452,.F.);
#1737=ORIENTED_EDGE('',*,*,#3453,.T.);
#1738=ORIENTED_EDGE('',*,*,#3449,.T.);
#1739=ORIENTED_EDGE('',*,*,#3454,.F.);
#1740=ORIENTED_EDGE('',*,*,#3455,.F.);
#1741=ORIENTED_EDGE('',*,*,#3456,.T.);
#1742=ORIENTED_EDGE('',*,*,#3452,.T.);
#1743=ORIENTED_EDGE('',*,*,#3457,.F.);
#1744=ORIENTED_EDGE('',*,*,#3435,.F.);
#1745=ORIENTED_EDGE('',*,*,#3458,.T.);
#1746=ORIENTED_EDGE('',*,*,#3455,.T.);
#1747=ORIENTED_EDGE('',*,*,#2886,.F.);
#1748=ORIENTED_EDGE('',*,*,#3405,.F.);
#1749=ORIENTED_EDGE('',*,*,#3459,.T.);
#1750=ORIENTED_EDGE('',*,*,#3430,.T.);
#1751=ORIENTED_EDGE('',*,*,#3434,.F.);
#1752=ORIENTED_EDGE('',*,*,#3438,.F.);
#1753=ORIENTED_EDGE('',*,*,#3441,.F.);
#1754=ORIENTED_EDGE('',*,*,#3444,.F.);
#1755=ORIENTED_EDGE('',*,*,#3447,.F.);
#1756=ORIENTED_EDGE('',*,*,#3450,.F.);
#1757=ORIENTED_EDGE('',*,*,#3453,.F.);
#1758=ORIENTED_EDGE('',*,*,#3456,.F.);
#1759=ORIENTED_EDGE('',*,*,#3458,.F.);
#1760=ORIENTED_EDGE('',*,*,#3404,.F.);
#1761=ORIENTED_EDGE('',*,*,#3407,.F.);
#1762=ORIENTED_EDGE('',*,*,#3409,.F.);
#1763=ORIENTED_EDGE('',*,*,#3411,.F.);
#1764=ORIENTED_EDGE('',*,*,#3413,.F.);
#1765=ORIENTED_EDGE('',*,*,#3415,.F.);
#1766=ORIENTED_EDGE('',*,*,#3417,.F.);
#1767=ORIENTED_EDGE('',*,*,#3419,.F.);
#1768=ORIENTED_EDGE('',*,*,#3421,.F.);
#1769=ORIENTED_EDGE('',*,*,#3423,.F.);
#1770=ORIENTED_EDGE('',*,*,#3425,.F.);
#1771=ORIENTED_EDGE('',*,*,#3427,.F.);
#1772=ORIENTED_EDGE('',*,*,#3429,.F.);
#1773=ORIENTED_EDGE('',*,*,#3431,.F.);
#1774=ORIENTED_EDGE('',*,*,#3459,.F.);
#1775=ORIENTED_EDGE('',*,*,#3436,.T.);
#1776=ORIENTED_EDGE('',*,*,#3432,.T.);
#1777=ORIENTED_EDGE('',*,*,#3457,.T.);
#1778=ORIENTED_EDGE('',*,*,#3454,.T.);
#1779=ORIENTED_EDGE('',*,*,#3451,.T.);
#1780=ORIENTED_EDGE('',*,*,#3448,.T.);
#1781=ORIENTED_EDGE('',*,*,#3445,.T.);
#1782=ORIENTED_EDGE('',*,*,#3442,.T.);
#1783=ORIENTED_EDGE('',*,*,#3439,.T.);
#1784=ORIENTED_EDGE('',*,*,#2900,.F.);
#1785=ORIENTED_EDGE('',*,*,#3460,.F.);
#1786=ORIENTED_EDGE('',*,*,#3461,.T.);
#1787=ORIENTED_EDGE('',*,*,#3462,.T.);
#1788=ORIENTED_EDGE('',*,*,#2899,.F.);
#1789=ORIENTED_EDGE('',*,*,#3463,.F.);
#1790=ORIENTED_EDGE('',*,*,#3464,.T.);
#1791=ORIENTED_EDGE('',*,*,#3460,.T.);
#1792=ORIENTED_EDGE('',*,*,#2910,.F.);
#1793=ORIENTED_EDGE('',*,*,#3465,.F.);
#1794=ORIENTED_EDGE('',*,*,#3466,.T.);
#1795=ORIENTED_EDGE('',*,*,#3463,.T.);
#1796=ORIENTED_EDGE('',*,*,#2909,.F.);
#1797=ORIENTED_EDGE('',*,*,#3467,.F.);
#1798=ORIENTED_EDGE('',*,*,#3468,.T.);
#1799=ORIENTED_EDGE('',*,*,#3465,.T.);
#1800=ORIENTED_EDGE('',*,*,#2908,.F.);
#1801=ORIENTED_EDGE('',*,*,#3469,.F.);
#1802=ORIENTED_EDGE('',*,*,#3470,.T.);
#1803=ORIENTED_EDGE('',*,*,#3467,.T.);
#1804=ORIENTED_EDGE('',*,*,#2907,.F.);
#1805=ORIENTED_EDGE('',*,*,#3471,.F.);
#1806=ORIENTED_EDGE('',*,*,#3472,.T.);
#1807=ORIENTED_EDGE('',*,*,#3469,.T.);
#1808=ORIENTED_EDGE('',*,*,#2906,.F.);
#1809=ORIENTED_EDGE('',*,*,#3473,.F.);
#1810=ORIENTED_EDGE('',*,*,#3474,.T.);
#1811=ORIENTED_EDGE('',*,*,#3471,.T.);
#1812=ORIENTED_EDGE('',*,*,#2905,.F.);
#1813=ORIENTED_EDGE('',*,*,#3475,.F.);
#1814=ORIENTED_EDGE('',*,*,#3476,.T.);
#1815=ORIENTED_EDGE('',*,*,#3473,.T.);
#1816=ORIENTED_EDGE('',*,*,#2904,.F.);
#1817=ORIENTED_EDGE('',*,*,#3477,.F.);
#1818=ORIENTED_EDGE('',*,*,#3478,.T.);
#1819=ORIENTED_EDGE('',*,*,#3475,.T.);
#1820=ORIENTED_EDGE('',*,*,#2903,.F.);
#1821=ORIENTED_EDGE('',*,*,#3479,.F.);
#1822=ORIENTED_EDGE('',*,*,#3480,.T.);
#1823=ORIENTED_EDGE('',*,*,#3477,.T.);
#1824=ORIENTED_EDGE('',*,*,#2902,.F.);
#1825=ORIENTED_EDGE('',*,*,#3481,.F.);
#1826=ORIENTED_EDGE('',*,*,#3482,.T.);
#1827=ORIENTED_EDGE('',*,*,#3479,.T.);
#1828=ORIENTED_EDGE('',*,*,#2901,.F.);
#1829=ORIENTED_EDGE('',*,*,#3462,.F.);
#1830=ORIENTED_EDGE('',*,*,#3483,.T.);
#1831=ORIENTED_EDGE('',*,*,#3481,.T.);
#1832=ORIENTED_EDGE('',*,*,#3461,.F.);
#1833=ORIENTED_EDGE('',*,*,#3464,.F.);
#1834=ORIENTED_EDGE('',*,*,#3466,.F.);
#1835=ORIENTED_EDGE('',*,*,#3468,.F.);
#1836=ORIENTED_EDGE('',*,*,#3470,.F.);
#1837=ORIENTED_EDGE('',*,*,#3472,.F.);
#1838=ORIENTED_EDGE('',*,*,#3474,.F.);
#1839=ORIENTED_EDGE('',*,*,#3476,.F.);
#1840=ORIENTED_EDGE('',*,*,#3478,.F.);
#1841=ORIENTED_EDGE('',*,*,#3480,.F.);
#1842=ORIENTED_EDGE('',*,*,#3482,.F.);
#1843=ORIENTED_EDGE('',*,*,#3483,.F.);
#1844=ORIENTED_EDGE('',*,*,#2912,.F.);
#1845=ORIENTED_EDGE('',*,*,#3484,.F.);
#1846=ORIENTED_EDGE('',*,*,#3485,.T.);
#1847=ORIENTED_EDGE('',*,*,#3486,.T.);
#1848=ORIENTED_EDGE('',*,*,#2911,.F.);
#1849=ORIENTED_EDGE('',*,*,#3487,.F.);
#1850=ORIENTED_EDGE('',*,*,#3488,.T.);
#1851=ORIENTED_EDGE('',*,*,#3484,.T.);
#1852=ORIENTED_EDGE('',*,*,#2924,.F.);
#1853=ORIENTED_EDGE('',*,*,#3489,.F.);
#1854=ORIENTED_EDGE('',*,*,#3490,.T.);
#1855=ORIENTED_EDGE('',*,*,#3487,.T.);
#1856=ORIENTED_EDGE('',*,*,#2923,.F.);
#1857=ORIENTED_EDGE('',*,*,#3491,.F.);
#1858=ORIENTED_EDGE('',*,*,#3492,.T.);
#1859=ORIENTED_EDGE('',*,*,#3489,.T.);
#1860=ORIENTED_EDGE('',*,*,#2922,.F.);
#1861=ORIENTED_EDGE('',*,*,#3493,.F.);
#1862=ORIENTED_EDGE('',*,*,#3494,.T.);
#1863=ORIENTED_EDGE('',*,*,#3491,.T.);
#1864=ORIENTED_EDGE('',*,*,#2921,.F.);
#1865=ORIENTED_EDGE('',*,*,#3495,.F.);
#1866=ORIENTED_EDGE('',*,*,#3496,.T.);
#1867=ORIENTED_EDGE('',*,*,#3493,.T.);
#1868=ORIENTED_EDGE('',*,*,#2920,.F.);
#1869=ORIENTED_EDGE('',*,*,#3497,.F.);
#1870=ORIENTED_EDGE('',*,*,#3498,.T.);
#1871=ORIENTED_EDGE('',*,*,#3495,.T.);
#1872=ORIENTED_EDGE('',*,*,#2919,.F.);
#1873=ORIENTED_EDGE('',*,*,#3499,.F.);
#1874=ORIENTED_EDGE('',*,*,#3500,.T.);
#1875=ORIENTED_EDGE('',*,*,#3497,.T.);
#1876=ORIENTED_EDGE('',*,*,#2918,.F.);
#1877=ORIENTED_EDGE('',*,*,#3501,.F.);
#1878=ORIENTED_EDGE('',*,*,#3502,.T.);
#1879=ORIENTED_EDGE('',*,*,#3499,.T.);
#1880=ORIENTED_EDGE('',*,*,#2917,.F.);
#1881=ORIENTED_EDGE('',*,*,#3503,.F.);
#1882=ORIENTED_EDGE('',*,*,#3504,.T.);
#1883=ORIENTED_EDGE('',*,*,#3501,.T.);
#1884=ORIENTED_EDGE('',*,*,#2916,.F.);
#1885=ORIENTED_EDGE('',*,*,#3505,.F.);
#1886=ORIENTED_EDGE('',*,*,#3506,.T.);
#1887=ORIENTED_EDGE('',*,*,#3503,.T.);
#1888=ORIENTED_EDGE('',*,*,#2915,.F.);
#1889=ORIENTED_EDGE('',*,*,#3507,.F.);
#1890=ORIENTED_EDGE('',*,*,#3508,.T.);
#1891=ORIENTED_EDGE('',*,*,#3505,.T.);
#1892=ORIENTED_EDGE('',*,*,#2914,.F.);
#1893=ORIENTED_EDGE('',*,*,#3509,.F.);
#1894=ORIENTED_EDGE('',*,*,#3510,.T.);
#1895=ORIENTED_EDGE('',*,*,#3507,.T.);
#1896=ORIENTED_EDGE('',*,*,#2913,.F.);
#1897=ORIENTED_EDGE('',*,*,#3486,.F.);
#1898=ORIENTED_EDGE('',*,*,#3511,.T.);
#1899=ORIENTED_EDGE('',*,*,#3509,.T.);
#1900=ORIENTED_EDGE('',*,*,#3485,.F.);
#1901=ORIENTED_EDGE('',*,*,#3488,.F.);
#1902=ORIENTED_EDGE('',*,*,#3490,.F.);
#1903=ORIENTED_EDGE('',*,*,#3492,.F.);
#1904=ORIENTED_EDGE('',*,*,#3494,.F.);
#1905=ORIENTED_EDGE('',*,*,#3496,.F.);
#1906=ORIENTED_EDGE('',*,*,#3498,.F.);
#1907=ORIENTED_EDGE('',*,*,#3500,.F.);
#1908=ORIENTED_EDGE('',*,*,#3502,.F.);
#1909=ORIENTED_EDGE('',*,*,#3504,.F.);
#1910=ORIENTED_EDGE('',*,*,#3506,.F.);
#1911=ORIENTED_EDGE('',*,*,#3508,.F.);
#1912=ORIENTED_EDGE('',*,*,#3510,.F.);
#1913=ORIENTED_EDGE('',*,*,#3511,.F.);
#1914=ORIENTED_EDGE('',*,*,#2926,.F.);
#1915=ORIENTED_EDGE('',*,*,#3512,.F.);
#1916=ORIENTED_EDGE('',*,*,#3513,.T.);
#1917=ORIENTED_EDGE('',*,*,#3514,.T.);
#1918=ORIENTED_EDGE('',*,*,#2925,.F.);
#1919=ORIENTED_EDGE('',*,*,#3515,.F.);
#1920=ORIENTED_EDGE('',*,*,#3516,.T.);
#1921=ORIENTED_EDGE('',*,*,#3512,.T.);
#1922=ORIENTED_EDGE('',*,*,#2938,.F.);
#1923=ORIENTED_EDGE('',*,*,#3517,.F.);
#1924=ORIENTED_EDGE('',*,*,#3518,.T.);
#1925=ORIENTED_EDGE('',*,*,#3515,.T.);
#1926=ORIENTED_EDGE('',*,*,#2937,.F.);
#1927=ORIENTED_EDGE('',*,*,#3519,.F.);
#1928=ORIENTED_EDGE('',*,*,#3520,.T.);
#1929=ORIENTED_EDGE('',*,*,#3517,.T.);
#1930=ORIENTED_EDGE('',*,*,#2936,.F.);
#1931=ORIENTED_EDGE('',*,*,#3521,.F.);
#1932=ORIENTED_EDGE('',*,*,#3522,.T.);
#1933=ORIENTED_EDGE('',*,*,#3519,.T.);
#1934=ORIENTED_EDGE('',*,*,#2935,.F.);
#1935=ORIENTED_EDGE('',*,*,#3523,.F.);
#1936=ORIENTED_EDGE('',*,*,#3524,.T.);
#1937=ORIENTED_EDGE('',*,*,#3521,.T.);
#1938=ORIENTED_EDGE('',*,*,#2934,.F.);
#1939=ORIENTED_EDGE('',*,*,#3525,.F.);
#1940=ORIENTED_EDGE('',*,*,#3526,.T.);
#1941=ORIENTED_EDGE('',*,*,#3523,.T.);
#1942=ORIENTED_EDGE('',*,*,#2933,.F.);
#1943=ORIENTED_EDGE('',*,*,#3527,.F.);
#1944=ORIENTED_EDGE('',*,*,#3528,.T.);
#1945=ORIENTED_EDGE('',*,*,#3525,.T.);
#1946=ORIENTED_EDGE('',*,*,#2932,.F.);
#1947=ORIENTED_EDGE('',*,*,#3529,.F.);
#1948=ORIENTED_EDGE('',*,*,#3530,.T.);
#1949=ORIENTED_EDGE('',*,*,#3527,.T.);
#1950=ORIENTED_EDGE('',*,*,#2931,.F.);
#1951=ORIENTED_EDGE('',*,*,#3531,.F.);
#1952=ORIENTED_EDGE('',*,*,#3532,.T.);
#1953=ORIENTED_EDGE('',*,*,#3529,.T.);
#1954=ORIENTED_EDGE('',*,*,#2930,.F.);
#1955=ORIENTED_EDGE('',*,*,#3533,.F.);
#1956=ORIENTED_EDGE('',*,*,#3534,.T.);
#1957=ORIENTED_EDGE('',*,*,#3531,.T.);
#1958=ORIENTED_EDGE('',*,*,#2929,.F.);
#1959=ORIENTED_EDGE('',*,*,#3535,.F.);
#1960=ORIENTED_EDGE('',*,*,#3536,.T.);
#1961=ORIENTED_EDGE('',*,*,#3533,.T.);
#1962=ORIENTED_EDGE('',*,*,#2928,.F.);
#1963=ORIENTED_EDGE('',*,*,#3537,.F.);
#1964=ORIENTED_EDGE('',*,*,#3538,.T.);
#1965=ORIENTED_EDGE('',*,*,#3535,.T.);
#1966=ORIENTED_EDGE('',*,*,#2927,.F.);
#1967=ORIENTED_EDGE('',*,*,#3514,.F.);
#1968=ORIENTED_EDGE('',*,*,#3539,.T.);
#1969=ORIENTED_EDGE('',*,*,#3537,.T.);
#1970=ORIENTED_EDGE('',*,*,#3513,.F.);
#1971=ORIENTED_EDGE('',*,*,#3516,.F.);
#1972=ORIENTED_EDGE('',*,*,#3518,.F.);
#1973=ORIENTED_EDGE('',*,*,#3520,.F.);
#1974=ORIENTED_EDGE('',*,*,#3522,.F.);
#1975=ORIENTED_EDGE('',*,*,#3524,.F.);
#1976=ORIENTED_EDGE('',*,*,#3526,.F.);
#1977=ORIENTED_EDGE('',*,*,#3528,.F.);
#1978=ORIENTED_EDGE('',*,*,#3530,.F.);
#1979=ORIENTED_EDGE('',*,*,#3532,.F.);
#1980=ORIENTED_EDGE('',*,*,#3534,.F.);
#1981=ORIENTED_EDGE('',*,*,#3536,.F.);
#1982=ORIENTED_EDGE('',*,*,#3538,.F.);
#1983=ORIENTED_EDGE('',*,*,#3539,.F.);
#1984=ORIENTED_EDGE('',*,*,#2940,.F.);
#1985=ORIENTED_EDGE('',*,*,#3540,.F.);
#1986=ORIENTED_EDGE('',*,*,#3541,.T.);
#1987=ORIENTED_EDGE('',*,*,#3542,.T.);
#1988=ORIENTED_EDGE('',*,*,#2939,.F.);
#1989=ORIENTED_EDGE('',*,*,#3543,.F.);
#1990=ORIENTED_EDGE('',*,*,#3544,.T.);
#1991=ORIENTED_EDGE('',*,*,#3540,.T.);
#1992=ORIENTED_EDGE('',*,*,#2952,.F.);
#1993=ORIENTED_EDGE('',*,*,#3545,.F.);
#1994=ORIENTED_EDGE('',*,*,#3546,.T.);
#1995=ORIENTED_EDGE('',*,*,#3543,.T.);
#1996=ORIENTED_EDGE('',*,*,#2951,.F.);
#1997=ORIENTED_EDGE('',*,*,#3547,.F.);
#1998=ORIENTED_EDGE('',*,*,#3548,.T.);
#1999=ORIENTED_EDGE('',*,*,#3545,.T.);
#2000=ORIENTED_EDGE('',*,*,#2950,.F.);
#2001=ORIENTED_EDGE('',*,*,#3549,.F.);
#2002=ORIENTED_EDGE('',*,*,#3550,.T.);
#2003=ORIENTED_EDGE('',*,*,#3547,.T.);
#2004=ORIENTED_EDGE('',*,*,#2949,.F.);
#2005=ORIENTED_EDGE('',*,*,#3551,.F.);
#2006=ORIENTED_EDGE('',*,*,#3552,.T.);
#2007=ORIENTED_EDGE('',*,*,#3549,.T.);
#2008=ORIENTED_EDGE('',*,*,#2948,.F.);
#2009=ORIENTED_EDGE('',*,*,#3553,.F.);
#2010=ORIENTED_EDGE('',*,*,#3554,.T.);
#2011=ORIENTED_EDGE('',*,*,#3551,.T.);
#2012=ORIENTED_EDGE('',*,*,#2947,.F.);
#2013=ORIENTED_EDGE('',*,*,#3555,.F.);
#2014=ORIENTED_EDGE('',*,*,#3556,.T.);
#2015=ORIENTED_EDGE('',*,*,#3553,.T.);
#2016=ORIENTED_EDGE('',*,*,#2946,.F.);
#2017=ORIENTED_EDGE('',*,*,#3557,.F.);
#2018=ORIENTED_EDGE('',*,*,#3558,.T.);
#2019=ORIENTED_EDGE('',*,*,#3555,.T.);
#2020=ORIENTED_EDGE('',*,*,#2945,.F.);
#2021=ORIENTED_EDGE('',*,*,#3559,.F.);
#2022=ORIENTED_EDGE('',*,*,#3560,.T.);
#2023=ORIENTED_EDGE('',*,*,#3557,.T.);
#2024=ORIENTED_EDGE('',*,*,#2944,.F.);
#2025=ORIENTED_EDGE('',*,*,#3561,.F.);
#2026=ORIENTED_EDGE('',*,*,#3562,.T.);
#2027=ORIENTED_EDGE('',*,*,#3559,.T.);
#2028=ORIENTED_EDGE('',*,*,#2943,.F.);
#2029=ORIENTED_EDGE('',*,*,#3563,.F.);
#2030=ORIENTED_EDGE('',*,*,#3564,.T.);
#2031=ORIENTED_EDGE('',*,*,#3561,.T.);
#2032=ORIENTED_EDGE('',*,*,#2942,.F.);
#2033=ORIENTED_EDGE('',*,*,#3565,.F.);
#2034=ORIENTED_EDGE('',*,*,#3566,.T.);
#2035=ORIENTED_EDGE('',*,*,#3563,.T.);
#2036=ORIENTED_EDGE('',*,*,#2941,.F.);
#2037=ORIENTED_EDGE('',*,*,#3542,.F.);
#2038=ORIENTED_EDGE('',*,*,#3567,.T.);
#2039=ORIENTED_EDGE('',*,*,#3565,.T.);
#2040=ORIENTED_EDGE('',*,*,#3541,.F.);
#2041=ORIENTED_EDGE('',*,*,#3544,.F.);
#2042=ORIENTED_EDGE('',*,*,#3546,.F.);
#2043=ORIENTED_EDGE('',*,*,#3548,.F.);
#2044=ORIENTED_EDGE('',*,*,#3550,.F.);
#2045=ORIENTED_EDGE('',*,*,#3552,.F.);
#2046=ORIENTED_EDGE('',*,*,#3554,.F.);
#2047=ORIENTED_EDGE('',*,*,#3556,.F.);
#2048=ORIENTED_EDGE('',*,*,#3558,.F.);
#2049=ORIENTED_EDGE('',*,*,#3560,.F.);
#2050=ORIENTED_EDGE('',*,*,#3562,.F.);
#2051=ORIENTED_EDGE('',*,*,#3564,.F.);
#2052=ORIENTED_EDGE('',*,*,#3566,.F.);
#2053=ORIENTED_EDGE('',*,*,#3567,.F.);
#2054=ORIENTED_EDGE('',*,*,#2954,.F.);
#2055=ORIENTED_EDGE('',*,*,#3568,.F.);
#2056=ORIENTED_EDGE('',*,*,#3569,.T.);
#2057=ORIENTED_EDGE('',*,*,#3570,.T.);
#2058=ORIENTED_EDGE('',*,*,#2953,.F.);
#2059=ORIENTED_EDGE('',*,*,#3571,.F.);
#2060=ORIENTED_EDGE('',*,*,#3572,.T.);
#2061=ORIENTED_EDGE('',*,*,#3568,.T.);
#2062=ORIENTED_EDGE('',*,*,#2966,.F.);
#2063=ORIENTED_EDGE('',*,*,#3573,.F.);
#2064=ORIENTED_EDGE('',*,*,#3574,.T.);
#2065=ORIENTED_EDGE('',*,*,#3571,.T.);
#2066=ORIENTED_EDGE('',*,*,#2965,.F.);
#2067=ORIENTED_EDGE('',*,*,#3575,.F.);
#2068=ORIENTED_EDGE('',*,*,#3576,.T.);
#2069=ORIENTED_EDGE('',*,*,#3573,.T.);
#2070=ORIENTED_EDGE('',*,*,#2964,.F.);
#2071=ORIENTED_EDGE('',*,*,#3577,.F.);
#2072=ORIENTED_EDGE('',*,*,#3578,.T.);
#2073=ORIENTED_EDGE('',*,*,#3575,.T.);
#2074=ORIENTED_EDGE('',*,*,#2963,.F.);
#2075=ORIENTED_EDGE('',*,*,#3579,.F.);
#2076=ORIENTED_EDGE('',*,*,#3580,.T.);
#2077=ORIENTED_EDGE('',*,*,#3577,.T.);
#2078=ORIENTED_EDGE('',*,*,#2962,.F.);
#2079=ORIENTED_EDGE('',*,*,#3581,.F.);
#2080=ORIENTED_EDGE('',*,*,#3582,.T.);
#2081=ORIENTED_EDGE('',*,*,#3579,.T.);
#2082=ORIENTED_EDGE('',*,*,#2961,.F.);
#2083=ORIENTED_EDGE('',*,*,#3583,.F.);
#2084=ORIENTED_EDGE('',*,*,#3584,.T.);
#2085=ORIENTED_EDGE('',*,*,#3581,.T.);
#2086=ORIENTED_EDGE('',*,*,#2960,.F.);
#2087=ORIENTED_EDGE('',*,*,#3585,.F.);
#2088=ORIENTED_EDGE('',*,*,#3586,.T.);
#2089=ORIENTED_EDGE('',*,*,#3583,.T.);
#2090=ORIENTED_EDGE('',*,*,#2959,.F.);
#2091=ORIENTED_EDGE('',*,*,#3587,.F.);
#2092=ORIENTED_EDGE('',*,*,#3588,.T.);
#2093=ORIENTED_EDGE('',*,*,#3585,.T.);
#2094=ORIENTED_EDGE('',*,*,#2958,.F.);
#2095=ORIENTED_EDGE('',*,*,#3589,.F.);
#2096=ORIENTED_EDGE('',*,*,#3590,.T.);
#2097=ORIENTED_EDGE('',*,*,#3587,.T.);
#2098=ORIENTED_EDGE('',*,*,#2957,.F.);
#2099=ORIENTED_EDGE('',*,*,#3591,.F.);
#2100=ORIENTED_EDGE('',*,*,#3592,.T.);
#2101=ORIENTED_EDGE('',*,*,#3589,.T.);
#2102=ORIENTED_EDGE('',*,*,#2956,.F.);
#2103=ORIENTED_EDGE('',*,*,#3593,.F.);
#2104=ORIENTED_EDGE('',*,*,#3594,.T.);
#2105=ORIENTED_EDGE('',*,*,#3591,.T.);
#2106=ORIENTED_EDGE('',*,*,#2955,.F.);
#2107=ORIENTED_EDGE('',*,*,#3570,.F.);
#2108=ORIENTED_EDGE('',*,*,#3595,.T.);
#2109=ORIENTED_EDGE('',*,*,#3593,.T.);
#2110=ORIENTED_EDGE('',*,*,#3569,.F.);
#2111=ORIENTED_EDGE('',*,*,#3572,.F.);
#2112=ORIENTED_EDGE('',*,*,#3574,.F.);
#2113=ORIENTED_EDGE('',*,*,#3576,.F.);
#2114=ORIENTED_EDGE('',*,*,#3578,.F.);
#2115=ORIENTED_EDGE('',*,*,#3580,.F.);
#2116=ORIENTED_EDGE('',*,*,#3582,.F.);
#2117=ORIENTED_EDGE('',*,*,#3584,.F.);
#2118=ORIENTED_EDGE('',*,*,#3586,.F.);
#2119=ORIENTED_EDGE('',*,*,#3588,.F.);
#2120=ORIENTED_EDGE('',*,*,#3590,.F.);
#2121=ORIENTED_EDGE('',*,*,#3592,.F.);
#2122=ORIENTED_EDGE('',*,*,#3594,.F.);
#2123=ORIENTED_EDGE('',*,*,#3595,.F.);
#2124=ORIENTED_EDGE('',*,*,#2968,.F.);
#2125=ORIENTED_EDGE('',*,*,#3596,.F.);
#2126=ORIENTED_EDGE('',*,*,#3597,.T.);
#2127=ORIENTED_EDGE('',*,*,#3598,.T.);
#2128=ORIENTED_EDGE('',*,*,#2967,.F.);
#2129=ORIENTED_EDGE('',*,*,#3599,.F.);
#2130=ORIENTED_EDGE('',*,*,#3600,.T.);
#2131=ORIENTED_EDGE('',*,*,#3596,.T.);
#2132=ORIENTED_EDGE('',*,*,#2970,.F.);
#2133=ORIENTED_EDGE('',*,*,#3601,.F.);
#2134=ORIENTED_EDGE('',*,*,#3602,.T.);
#2135=ORIENTED_EDGE('',*,*,#3599,.T.);
#2136=ORIENTED_EDGE('',*,*,#2969,.F.);
#2137=ORIENTED_EDGE('',*,*,#3598,.F.);
#2138=ORIENTED_EDGE('',*,*,#3603,.T.);
#2139=ORIENTED_EDGE('',*,*,#3601,.T.);
#2140=ORIENTED_EDGE('',*,*,#3597,.F.);
#2141=ORIENTED_EDGE('',*,*,#3600,.F.);
#2142=ORIENTED_EDGE('',*,*,#3602,.F.);
#2143=ORIENTED_EDGE('',*,*,#3603,.F.);
#2144=ORIENTED_EDGE('',*,*,#2972,.F.);
#2145=ORIENTED_EDGE('',*,*,#3604,.F.);
#2146=ORIENTED_EDGE('',*,*,#3605,.T.);
#2147=ORIENTED_EDGE('',*,*,#3606,.T.);
#2148=ORIENTED_EDGE('',*,*,#2971,.F.);
#2149=ORIENTED_EDGE('',*,*,#3607,.F.);
#2150=ORIENTED_EDGE('',*,*,#3608,.T.);
#2151=ORIENTED_EDGE('',*,*,#3604,.T.);
#2152=ORIENTED_EDGE('',*,*,#3000,.F.);
#2153=ORIENTED_EDGE('',*,*,#3609,.F.);
#2154=ORIENTED_EDGE('',*,*,#3610,.T.);
#2155=ORIENTED_EDGE('',*,*,#3607,.T.);
#2156=ORIENTED_EDGE('',*,*,#2999,.F.);
#2157=ORIENTED_EDGE('',*,*,#3611,.F.);
#2158=ORIENTED_EDGE('',*,*,#3612,.T.);
#2159=ORIENTED_EDGE('',*,*,#3609,.T.);
#2160=ORIENTED_EDGE('',*,*,#2998,.F.);
#2161=ORIENTED_EDGE('',*,*,#3613,.F.);
#2162=ORIENTED_EDGE('',*,*,#3614,.T.);
#2163=ORIENTED_EDGE('',*,*,#3611,.T.);
#2164=ORIENTED_EDGE('',*,*,#2997,.F.);
#2165=ORIENTED_EDGE('',*,*,#3615,.F.);
#2166=ORIENTED_EDGE('',*,*,#3616,.T.);
#2167=ORIENTED_EDGE('',*,*,#3613,.T.);
#2168=ORIENTED_EDGE('',*,*,#2996,.F.);
#2169=ORIENTED_EDGE('',*,*,#3617,.F.);
#2170=ORIENTED_EDGE('',*,*,#3618,.T.);
#2171=ORIENTED_EDGE('',*,*,#3615,.T.);
#2172=ORIENTED_EDGE('',*,*,#2995,.F.);
#2173=ORIENTED_EDGE('',*,*,#3619,.F.);
#2174=ORIENTED_EDGE('',*,*,#3620,.T.);
#2175=ORIENTED_EDGE('',*,*,#3617,.T.);
#2176=ORIENTED_EDGE('',*,*,#2994,.F.);
#2177=ORIENTED_EDGE('',*,*,#3621,.F.);
#2178=ORIENTED_EDGE('',*,*,#3622,.T.);
#2179=ORIENTED_EDGE('',*,*,#3619,.T.);
#2180=ORIENTED_EDGE('',*,*,#2993,.F.);
#2181=ORIENTED_EDGE('',*,*,#3623,.F.);
#2182=ORIENTED_EDGE('',*,*,#3624,.T.);
#2183=ORIENTED_EDGE('',*,*,#3621,.T.);
#2184=ORIENTED_EDGE('',*,*,#2992,.F.);
#2185=ORIENTED_EDGE('',*,*,#3625,.F.);
#2186=ORIENTED_EDGE('',*,*,#3626,.T.);
#2187=ORIENTED_EDGE('',*,*,#3623,.T.);
#2188=ORIENTED_EDGE('',*,*,#2991,.F.);
#2189=ORIENTED_EDGE('',*,*,#3627,.F.);
#2190=ORIENTED_EDGE('',*,*,#3628,.T.);
#2191=ORIENTED_EDGE('',*,*,#3625,.T.);
#2192=ORIENTED_EDGE('',*,*,#2990,.F.);
#2193=ORIENTED_EDGE('',*,*,#3629,.F.);
#2194=ORIENTED_EDGE('',*,*,#3630,.T.);
#2195=ORIENTED_EDGE('',*,*,#3627,.T.);
#2196=ORIENTED_EDGE('',*,*,#2989,.F.);
#2197=ORIENTED_EDGE('',*,*,#3631,.F.);
#2198=ORIENTED_EDGE('',*,*,#3632,.T.);
#2199=ORIENTED_EDGE('',*,*,#3629,.T.);
#2200=ORIENTED_EDGE('',*,*,#2988,.F.);
#2201=ORIENTED_EDGE('',*,*,#3633,.F.);
#2202=ORIENTED_EDGE('',*,*,#3634,.T.);
#2203=ORIENTED_EDGE('',*,*,#3631,.T.);
#2204=ORIENTED_EDGE('',*,*,#2987,.F.);
#2205=ORIENTED_EDGE('',*,*,#3635,.F.);
#2206=ORIENTED_EDGE('',*,*,#3636,.T.);
#2207=ORIENTED_EDGE('',*,*,#3633,.T.);
#2208=ORIENTED_EDGE('',*,*,#2986,.F.);
#2209=ORIENTED_EDGE('',*,*,#3637,.F.);
#2210=ORIENTED_EDGE('',*,*,#3638,.T.);
#2211=ORIENTED_EDGE('',*,*,#3635,.T.);
#2212=ORIENTED_EDGE('',*,*,#2985,.F.);
#2213=ORIENTED_EDGE('',*,*,#3639,.F.);
#2214=ORIENTED_EDGE('',*,*,#3640,.T.);
#2215=ORIENTED_EDGE('',*,*,#3637,.T.);
#2216=ORIENTED_EDGE('',*,*,#2984,.F.);
#2217=ORIENTED_EDGE('',*,*,#3641,.F.);
#2218=ORIENTED_EDGE('',*,*,#3642,.T.);
#2219=ORIENTED_EDGE('',*,*,#3639,.T.);
#2220=ORIENTED_EDGE('',*,*,#2983,.F.);
#2221=ORIENTED_EDGE('',*,*,#3643,.F.);
#2222=ORIENTED_EDGE('',*,*,#3644,.T.);
#2223=ORIENTED_EDGE('',*,*,#3641,.T.);
#2224=ORIENTED_EDGE('',*,*,#2982,.F.);
#2225=ORIENTED_EDGE('',*,*,#3645,.F.);
#2226=ORIENTED_EDGE('',*,*,#3646,.T.);
#2227=ORIENTED_EDGE('',*,*,#3643,.T.);
#2228=ORIENTED_EDGE('',*,*,#2981,.F.);
#2229=ORIENTED_EDGE('',*,*,#3647,.F.);
#2230=ORIENTED_EDGE('',*,*,#3648,.T.);
#2231=ORIENTED_EDGE('',*,*,#3645,.T.);
#2232=ORIENTED_EDGE('',*,*,#2980,.F.);
#2233=ORIENTED_EDGE('',*,*,#3649,.F.);
#2234=ORIENTED_EDGE('',*,*,#3650,.T.);
#2235=ORIENTED_EDGE('',*,*,#3647,.T.);
#2236=ORIENTED_EDGE('',*,*,#2979,.F.);
#2237=ORIENTED_EDGE('',*,*,#3651,.F.);
#2238=ORIENTED_EDGE('',*,*,#3652,.T.);
#2239=ORIENTED_EDGE('',*,*,#3649,.T.);
#2240=ORIENTED_EDGE('',*,*,#2978,.F.);
#2241=ORIENTED_EDGE('',*,*,#3653,.F.);
#2242=ORIENTED_EDGE('',*,*,#3654,.T.);
#2243=ORIENTED_EDGE('',*,*,#3651,.T.);
#2244=ORIENTED_EDGE('',*,*,#2977,.F.);
#2245=ORIENTED_EDGE('',*,*,#3655,.F.);
#2246=ORIENTED_EDGE('',*,*,#3656,.T.);
#2247=ORIENTED_EDGE('',*,*,#3653,.T.);
#2248=ORIENTED_EDGE('',*,*,#2976,.F.);
#2249=ORIENTED_EDGE('',*,*,#3657,.F.);
#2250=ORIENTED_EDGE('',*,*,#3658,.T.);
#2251=ORIENTED_EDGE('',*,*,#3655,.T.);
#2252=ORIENTED_EDGE('',*,*,#2975,.F.);
#2253=ORIENTED_EDGE('',*,*,#3659,.F.);
#2254=ORIENTED_EDGE('',*,*,#3660,.T.);
#2255=ORIENTED_EDGE('',*,*,#3657,.T.);
#2256=ORIENTED_EDGE('',*,*,#2974,.F.);
#2257=ORIENTED_EDGE('',*,*,#3661,.F.);
#2258=ORIENTED_EDGE('',*,*,#3662,.T.);
#2259=ORIENTED_EDGE('',*,*,#3659,.T.);
#2260=ORIENTED_EDGE('',*,*,#2973,.F.);
#2261=ORIENTED_EDGE('',*,*,#3606,.F.);
#2262=ORIENTED_EDGE('',*,*,#3663,.T.);
#2263=ORIENTED_EDGE('',*,*,#3661,.T.);
#2264=ORIENTED_EDGE('',*,*,#3605,.F.);
#2265=ORIENTED_EDGE('',*,*,#3608,.F.);
#2266=ORIENTED_EDGE('',*,*,#3610,.F.);
#2267=ORIENTED_EDGE('',*,*,#3612,.F.);
#2268=ORIENTED_EDGE('',*,*,#3614,.F.);
#2269=ORIENTED_EDGE('',*,*,#3616,.F.);
#2270=ORIENTED_EDGE('',*,*,#3618,.F.);
#2271=ORIENTED_EDGE('',*,*,#3620,.F.);
#2272=ORIENTED_EDGE('',*,*,#3622,.F.);
#2273=ORIENTED_EDGE('',*,*,#3624,.F.);
#2274=ORIENTED_EDGE('',*,*,#3626,.F.);
#2275=ORIENTED_EDGE('',*,*,#3628,.F.);
#2276=ORIENTED_EDGE('',*,*,#3630,.F.);
#2277=ORIENTED_EDGE('',*,*,#3632,.F.);
#2278=ORIENTED_EDGE('',*,*,#3634,.F.);
#2279=ORIENTED_EDGE('',*,*,#3636,.F.);
#2280=ORIENTED_EDGE('',*,*,#3638,.F.);
#2281=ORIENTED_EDGE('',*,*,#3640,.F.);
#2282=ORIENTED_EDGE('',*,*,#3642,.F.);
#2283=ORIENTED_EDGE('',*,*,#3644,.F.);
#2284=ORIENTED_EDGE('',*,*,#3646,.F.);
#2285=ORIENTED_EDGE('',*,*,#3648,.F.);
#2286=ORIENTED_EDGE('',*,*,#3650,.F.);
#2287=ORIENTED_EDGE('',*,*,#3652,.F.);
#2288=ORIENTED_EDGE('',*,*,#3654,.F.);
#2289=ORIENTED_EDGE('',*,*,#3656,.F.);
#2290=ORIENTED_EDGE('',*,*,#3658,.F.);
#2291=ORIENTED_EDGE('',*,*,#3660,.F.);
#2292=ORIENTED_EDGE('',*,*,#3662,.F.);
#2293=ORIENTED_EDGE('',*,*,#3663,.F.);
#2294=ORIENTED_EDGE('',*,*,#3002,.F.);
#2295=ORIENTED_EDGE('',*,*,#3664,.F.);
#2296=ORIENTED_EDGE('',*,*,#3665,.T.);
#2297=ORIENTED_EDGE('',*,*,#3666,.T.);
#2298=ORIENTED_EDGE('',*,*,#3001,.F.);
#2299=ORIENTED_EDGE('',*,*,#3667,.F.);
#2300=ORIENTED_EDGE('',*,*,#3668,.T.);
#2301=ORIENTED_EDGE('',*,*,#3664,.T.);
#2302=ORIENTED_EDGE('',*,*,#3040,.F.);
#2303=ORIENTED_EDGE('',*,*,#3669,.F.);
#2304=ORIENTED_EDGE('',*,*,#3670,.T.);
#2305=ORIENTED_EDGE('',*,*,#3667,.T.);
#2306=ORIENTED_EDGE('',*,*,#3039,.F.);
#2307=ORIENTED_EDGE('',*,*,#3671,.F.);
#2308=ORIENTED_EDGE('',*,*,#3672,.T.);
#2309=ORIENTED_EDGE('',*,*,#3669,.T.);
#2310=ORIENTED_EDGE('',*,*,#3038,.F.);
#2311=ORIENTED_EDGE('',*,*,#3673,.F.);
#2312=ORIENTED_EDGE('',*,*,#3674,.T.);
#2313=ORIENTED_EDGE('',*,*,#3671,.T.);
#2314=ORIENTED_EDGE('',*,*,#3037,.F.);
#2315=ORIENTED_EDGE('',*,*,#3675,.F.);
#2316=ORIENTED_EDGE('',*,*,#3676,.T.);
#2317=ORIENTED_EDGE('',*,*,#3673,.T.);
#2318=ORIENTED_EDGE('',*,*,#3036,.F.);
#2319=ORIENTED_EDGE('',*,*,#3677,.F.);
#2320=ORIENTED_EDGE('',*,*,#3678,.T.);
#2321=ORIENTED_EDGE('',*,*,#3675,.T.);
#2322=ORIENTED_EDGE('',*,*,#3035,.F.);
#2323=ORIENTED_EDGE('',*,*,#3679,.F.);
#2324=ORIENTED_EDGE('',*,*,#3680,.T.);
#2325=ORIENTED_EDGE('',*,*,#3677,.T.);
#2326=ORIENTED_EDGE('',*,*,#3034,.F.);
#2327=ORIENTED_EDGE('',*,*,#3681,.F.);
#2328=ORIENTED_EDGE('',*,*,#3682,.T.);
#2329=ORIENTED_EDGE('',*,*,#3679,.T.);
#2330=ORIENTED_EDGE('',*,*,#3033,.F.);
#2331=ORIENTED_EDGE('',*,*,#3683,.F.);
#2332=ORIENTED_EDGE('',*,*,#3684,.T.);
#2333=ORIENTED_EDGE('',*,*,#3681,.T.);
#2334=ORIENTED_EDGE('',*,*,#3032,.F.);
#2335=ORIENTED_EDGE('',*,*,#3685,.F.);
#2336=ORIENTED_EDGE('',*,*,#3686,.T.);
#2337=ORIENTED_EDGE('',*,*,#3683,.T.);
#2338=ORIENTED_EDGE('',*,*,#3031,.F.);
#2339=ORIENTED_EDGE('',*,*,#3687,.F.);
#2340=ORIENTED_EDGE('',*,*,#3688,.T.);
#2341=ORIENTED_EDGE('',*,*,#3685,.T.);
#2342=ORIENTED_EDGE('',*,*,#3030,.F.);
#2343=ORIENTED_EDGE('',*,*,#3689,.F.);
#2344=ORIENTED_EDGE('',*,*,#3690,.T.);
#2345=ORIENTED_EDGE('',*,*,#3687,.T.);
#2346=ORIENTED_EDGE('',*,*,#3029,.F.);
#2347=ORIENTED_EDGE('',*,*,#3691,.F.);
#2348=ORIENTED_EDGE('',*,*,#3692,.T.);
#2349=ORIENTED_EDGE('',*,*,#3689,.T.);
#2350=ORIENTED_EDGE('',*,*,#3028,.F.);
#2351=ORIENTED_EDGE('',*,*,#3693,.F.);
#2352=ORIENTED_EDGE('',*,*,#3694,.T.);
#2353=ORIENTED_EDGE('',*,*,#3691,.T.);
#2354=ORIENTED_EDGE('',*,*,#3027,.F.);
#2355=ORIENTED_EDGE('',*,*,#3695,.F.);
#2356=ORIENTED_EDGE('',*,*,#3696,.T.);
#2357=ORIENTED_EDGE('',*,*,#3693,.T.);
#2358=ORIENTED_EDGE('',*,*,#3026,.F.);
#2359=ORIENTED_EDGE('',*,*,#3697,.F.);
#2360=ORIENTED_EDGE('',*,*,#3698,.T.);
#2361=ORIENTED_EDGE('',*,*,#3695,.T.);
#2362=ORIENTED_EDGE('',*,*,#3025,.F.);
#2363=ORIENTED_EDGE('',*,*,#3699,.F.);
#2364=ORIENTED_EDGE('',*,*,#3700,.T.);
#2365=ORIENTED_EDGE('',*,*,#3697,.T.);
#2366=ORIENTED_EDGE('',*,*,#3024,.F.);
#2367=ORIENTED_EDGE('',*,*,#3701,.F.);
#2368=ORIENTED_EDGE('',*,*,#3702,.T.);
#2369=ORIENTED_EDGE('',*,*,#3699,.T.);
#2370=ORIENTED_EDGE('',*,*,#3023,.F.);
#2371=ORIENTED_EDGE('',*,*,#3703,.F.);
#2372=ORIENTED_EDGE('',*,*,#3704,.T.);
#2373=ORIENTED_EDGE('',*,*,#3701,.T.);
#2374=ORIENTED_EDGE('',*,*,#3022,.F.);
#2375=ORIENTED_EDGE('',*,*,#3705,.F.);
#2376=ORIENTED_EDGE('',*,*,#3706,.T.);
#2377=ORIENTED_EDGE('',*,*,#3703,.T.);
#2378=ORIENTED_EDGE('',*,*,#3021,.F.);
#2379=ORIENTED_EDGE('',*,*,#3707,.F.);
#2380=ORIENTED_EDGE('',*,*,#3708,.T.);
#2381=ORIENTED_EDGE('',*,*,#3705,.T.);
#2382=ORIENTED_EDGE('',*,*,#3020,.F.);
#2383=ORIENTED_EDGE('',*,*,#3709,.F.);
#2384=ORIENTED_EDGE('',*,*,#3710,.T.);
#2385=ORIENTED_EDGE('',*,*,#3707,.T.);
#2386=ORIENTED_EDGE('',*,*,#3019,.F.);
#2387=ORIENTED_EDGE('',*,*,#3711,.F.);
#2388=ORIENTED_EDGE('',*,*,#3712,.T.);
#2389=ORIENTED_EDGE('',*,*,#3709,.T.);
#2390=ORIENTED_EDGE('',*,*,#3018,.F.);
#2391=ORIENTED_EDGE('',*,*,#3713,.F.);
#2392=ORIENTED_EDGE('',*,*,#3714,.T.);
#2393=ORIENTED_EDGE('',*,*,#3711,.T.);
#2394=ORIENTED_EDGE('',*,*,#3017,.F.);
#2395=ORIENTED_EDGE('',*,*,#3715,.F.);
#2396=ORIENTED_EDGE('',*,*,#3716,.T.);
#2397=ORIENTED_EDGE('',*,*,#3713,.T.);
#2398=ORIENTED_EDGE('',*,*,#3016,.F.);
#2399=ORIENTED_EDGE('',*,*,#3717,.F.);
#2400=ORIENTED_EDGE('',*,*,#3718,.T.);
#2401=ORIENTED_EDGE('',*,*,#3715,.T.);
#2402=ORIENTED_EDGE('',*,*,#3015,.F.);
#2403=ORIENTED_EDGE('',*,*,#3719,.F.);
#2404=ORIENTED_EDGE('',*,*,#3720,.T.);
#2405=ORIENTED_EDGE('',*,*,#3717,.T.);
#2406=ORIENTED_EDGE('',*,*,#3014,.F.);
#2407=ORIENTED_EDGE('',*,*,#3721,.F.);
#2408=ORIENTED_EDGE('',*,*,#3722,.T.);
#2409=ORIENTED_EDGE('',*,*,#3719,.T.);
#2410=ORIENTED_EDGE('',*,*,#3013,.F.);
#2411=ORIENTED_EDGE('',*,*,#3723,.F.);
#2412=ORIENTED_EDGE('',*,*,#3724,.T.);
#2413=ORIENTED_EDGE('',*,*,#3721,.T.);
#2414=ORIENTED_EDGE('',*,*,#3012,.F.);
#2415=ORIENTED_EDGE('',*,*,#3725,.F.);
#2416=ORIENTED_EDGE('',*,*,#3726,.T.);
#2417=ORIENTED_EDGE('',*,*,#3723,.T.);
#2418=ORIENTED_EDGE('',*,*,#3011,.F.);
#2419=ORIENTED_EDGE('',*,*,#3727,.F.);
#2420=ORIENTED_EDGE('',*,*,#3728,.T.);
#2421=ORIENTED_EDGE('',*,*,#3725,.T.);
#2422=ORIENTED_EDGE('',*,*,#3010,.F.);
#2423=ORIENTED_EDGE('',*,*,#3729,.F.);
#2424=ORIENTED_EDGE('',*,*,#3730,.T.);
#2425=ORIENTED_EDGE('',*,*,#3727,.T.);
#2426=ORIENTED_EDGE('',*,*,#3009,.F.);
#2427=ORIENTED_EDGE('',*,*,#3731,.F.);
#2428=ORIENTED_EDGE('',*,*,#3732,.T.);
#2429=ORIENTED_EDGE('',*,*,#3729,.T.);
#2430=ORIENTED_EDGE('',*,*,#3008,.F.);
#2431=ORIENTED_EDGE('',*,*,#3733,.F.);
#2432=ORIENTED_EDGE('',*,*,#3734,.T.);
#2433=ORIENTED_EDGE('',*,*,#3731,.T.);
#2434=ORIENTED_EDGE('',*,*,#3007,.F.);
#2435=ORIENTED_EDGE('',*,*,#3735,.F.);
#2436=ORIENTED_EDGE('',*,*,#3736,.T.);
#2437=ORIENTED_EDGE('',*,*,#3733,.T.);
#2438=ORIENTED_EDGE('',*,*,#3006,.F.);
#2439=ORIENTED_EDGE('',*,*,#3737,.F.);
#2440=ORIENTED_EDGE('',*,*,#3738,.T.);
#2441=ORIENTED_EDGE('',*,*,#3735,.T.);
#2442=ORIENTED_EDGE('',*,*,#3005,.F.);
#2443=ORIENTED_EDGE('',*,*,#3739,.F.);
#2444=ORIENTED_EDGE('',*,*,#3740,.T.);
#2445=ORIENTED_EDGE('',*,*,#3737,.T.);
#2446=ORIENTED_EDGE('',*,*,#3004,.F.);
#2447=ORIENTED_EDGE('',*,*,#3741,.F.);
#2448=ORIENTED_EDGE('',*,*,#3742,.T.);
#2449=ORIENTED_EDGE('',*,*,#3739,.T.);
#2450=ORIENTED_EDGE('',*,*,#3003,.F.);
#2451=ORIENTED_EDGE('',*,*,#3666,.F.);
#2452=ORIENTED_EDGE('',*,*,#3743,.T.);
#2453=ORIENTED_EDGE('',*,*,#3741,.T.);
#2454=ORIENTED_EDGE('',*,*,#3665,.F.);
#2455=ORIENTED_EDGE('',*,*,#3668,.F.);
#2456=ORIENTED_EDGE('',*,*,#3670,.F.);
#2457=ORIENTED_EDGE('',*,*,#3672,.F.);
#2458=ORIENTED_EDGE('',*,*,#3674,.F.);
#2459=ORIENTED_EDGE('',*,*,#3676,.F.);
#2460=ORIENTED_EDGE('',*,*,#3678,.F.);
#2461=ORIENTED_EDGE('',*,*,#3680,.F.);
#2462=ORIENTED_EDGE('',*,*,#3682,.F.);
#2463=ORIENTED_EDGE('',*,*,#3684,.F.);
#2464=ORIENTED_EDGE('',*,*,#3686,.F.);
#2465=ORIENTED_EDGE('',*,*,#3688,.F.);
#2466=ORIENTED_EDGE('',*,*,#3690,.F.);
#2467=ORIENTED_EDGE('',*,*,#3692,.F.);
#2468=ORIENTED_EDGE('',*,*,#3694,.F.);
#2469=ORIENTED_EDGE('',*,*,#3696,.F.);
#2470=ORIENTED_EDGE('',*,*,#3698,.F.);
#2471=ORIENTED_EDGE('',*,*,#3700,.F.);
#2472=ORIENTED_EDGE('',*,*,#3702,.F.);
#2473=ORIENTED_EDGE('',*,*,#3704,.F.);
#2474=ORIENTED_EDGE('',*,*,#3706,.F.);
#2475=ORIENTED_EDGE('',*,*,#3708,.F.);
#2476=ORIENTED_EDGE('',*,*,#3710,.F.);
#2477=ORIENTED_EDGE('',*,*,#3712,.F.);
#2478=ORIENTED_EDGE('',*,*,#3714,.F.);
#2479=ORIENTED_EDGE('',*,*,#3716,.F.);
#2480=ORIENTED_EDGE('',*,*,#3718,.F.);
#2481=ORIENTED_EDGE('',*,*,#3720,.F.);
#2482=ORIENTED_EDGE('',*,*,#3722,.F.);
#2483=ORIENTED_EDGE('',*,*,#3724,.F.);
#2484=ORIENTED_EDGE('',*,*,#3726,.F.);
#2485=ORIENTED_EDGE('',*,*,#3728,.F.);
#2486=ORIENTED_EDGE('',*,*,#3730,.F.);
#2487=ORIENTED_EDGE('',*,*,#3732,.F.);
#2488=ORIENTED_EDGE('',*,*,#3734,.F.);
#2489=ORIENTED_EDGE('',*,*,#3736,.F.);
#2490=ORIENTED_EDGE('',*,*,#3738,.F.);
#2491=ORIENTED_EDGE('',*,*,#3740,.F.);
#2492=ORIENTED_EDGE('',*,*,#3742,.F.);
#2493=ORIENTED_EDGE('',*,*,#3743,.F.);
#2494=ORIENTED_EDGE('',*,*,#3042,.F.);
#2495=ORIENTED_EDGE('',*,*,#3744,.F.);
#2496=ORIENTED_EDGE('',*,*,#3745,.T.);
#2497=ORIENTED_EDGE('',*,*,#3746,.T.);
#2498=ORIENTED_EDGE('',*,*,#3041,.F.);
#2499=ORIENTED_EDGE('',*,*,#3747,.F.);
#2500=ORIENTED_EDGE('',*,*,#3748,.T.);
#2501=ORIENTED_EDGE('',*,*,#3744,.T.);
#2502=ORIENTED_EDGE('',*,*,#3047,.F.);
#2503=ORIENTED_EDGE('',*,*,#3749,.F.);
#2504=ORIENTED_EDGE('',*,*,#3750,.T.);
#2505=ORIENTED_EDGE('',*,*,#3747,.T.);
#2506=ORIENTED_EDGE('',*,*,#3046,.F.);
#2507=ORIENTED_EDGE('',*,*,#3751,.F.);
#2508=ORIENTED_EDGE('',*,*,#3752,.T.);
#2509=ORIENTED_EDGE('',*,*,#3749,.T.);
#2510=ORIENTED_EDGE('',*,*,#3045,.F.);
#2511=ORIENTED_EDGE('',*,*,#3753,.F.);
#2512=ORIENTED_EDGE('',*,*,#3754,.T.);
#2513=ORIENTED_EDGE('',*,*,#3751,.T.);
#2514=ORIENTED_EDGE('',*,*,#3044,.F.);
#2515=ORIENTED_EDGE('',*,*,#3755,.F.);
#2516=ORIENTED_EDGE('',*,*,#3756,.T.);
#2517=ORIENTED_EDGE('',*,*,#3753,.T.);
#2518=ORIENTED_EDGE('',*,*,#3043,.F.);
#2519=ORIENTED_EDGE('',*,*,#3746,.F.);
#2520=ORIENTED_EDGE('',*,*,#3757,.T.);
#2521=ORIENTED_EDGE('',*,*,#3755,.T.);
#2522=ORIENTED_EDGE('',*,*,#3745,.F.);
#2523=ORIENTED_EDGE('',*,*,#3748,.F.);
#2524=ORIENTED_EDGE('',*,*,#3750,.F.);
#2525=ORIENTED_EDGE('',*,*,#3752,.F.);
#2526=ORIENTED_EDGE('',*,*,#3754,.F.);
#2527=ORIENTED_EDGE('',*,*,#3756,.F.);
#2528=ORIENTED_EDGE('',*,*,#3757,.F.);
#2529=ORIENTED_EDGE('',*,*,#3117,.T.);
#2530=ORIENTED_EDGE('',*,*,#3113,.T.);
#2531=ORIENTED_EDGE('',*,*,#3171,.T.);
#2532=ORIENTED_EDGE('',*,*,#3144,.T.);
#2533=ORIENTED_EDGE('',*,*,#3141,.T.);
#2534=ORIENTED_EDGE('',*,*,#3138,.T.);
#2535=ORIENTED_EDGE('',*,*,#3135,.T.);
#2536=ORIENTED_EDGE('',*,*,#3132,.T.);
#2537=ORIENTED_EDGE('',*,*,#3129,.T.);
#2538=ORIENTED_EDGE('',*,*,#3126,.T.);
#2539=ORIENTED_EDGE('',*,*,#3123,.T.);
#2540=ORIENTED_EDGE('',*,*,#3120,.T.);
#2541=ORIENTED_EDGE('',*,*,#3215,.F.);
#2542=ORIENTED_EDGE('',*,*,#3257,.F.);
#2543=ORIENTED_EDGE('',*,*,#3222,.F.);
#2544=ORIENTED_EDGE('',*,*,#3219,.F.);
#2545=ORIENTED_EDGE('',*,*,#2723,.T.);
#2546=ORIENTED_EDGE('',*,*,#3758,.F.);
#2547=ORIENTED_EDGE('',*,*,#3759,.F.);
#2548=ORIENTED_EDGE('',*,*,#3760,.T.);
#2549=ORIENTED_EDGE('',*,*,#3079,.T.);
#2550=ORIENTED_EDGE('',*,*,#3761,.T.);
#2551=ORIENTED_EDGE('',*,*,#3762,.F.);
#2552=ORIENTED_EDGE('',*,*,#3759,.T.);
#2553=ORIENTED_EDGE('',*,*,#3763,.T.);
#2554=ORIENTED_EDGE('',*,*,#3764,.T.);
#2555=ORIENTED_EDGE('',*,*,#3762,.T.);
#2556=ORIENTED_EDGE('',*,*,#3765,.T.);
#2557=ORIENTED_EDGE('',*,*,#3060,.F.);
#2558=ORIENTED_EDGE('',*,*,#3088,.T.);
#2559=ORIENTED_EDGE('',*,*,#2724,.F.);
#2560=ORIENTED_EDGE('',*,*,#3760,.F.);
#2561=ORIENTED_EDGE('',*,*,#3055,.T.);
#2562=ORIENTED_EDGE('',*,*,#3766,.T.);
#2563=ORIENTED_EDGE('',*,*,#3763,.F.);
#2564=ORIENTED_EDGE('',*,*,#3758,.T.);
#2565=ORIENTED_EDGE('',*,*,#2730,.T.);
#2566=ORIENTED_EDGE('',*,*,#3051,.F.);
#2567=ORIENTED_EDGE('',*,*,#3767,.F.);
#2568=ORIENTED_EDGE('',*,*,#2722,.T.);
#2569=ORIENTED_EDGE('',*,*,#3767,.T.);
#2570=ORIENTED_EDGE('',*,*,#3768,.F.);
#2571=ORIENTED_EDGE('',*,*,#3768,.T.);
#2572=ORIENTED_EDGE('',*,*,#2750,.F.);
#2573=ORIENTED_EDGE('',*,*,#3769,.F.);
#2574=ORIENTED_EDGE('',*,*,#2721,.T.);
#2575=ORIENTED_EDGE('',*,*,#3769,.T.);
#2576=ORIENTED_EDGE('',*,*,#3770,.F.);
#2577=ORIENTED_EDGE('',*,*,#3770,.T.);
#2578=ORIENTED_EDGE('',*,*,#2749,.F.);
#2579=ORIENTED_EDGE('',*,*,#3771,.F.);
#2580=ORIENTED_EDGE('',*,*,#2720,.T.);
#2581=ORIENTED_EDGE('',*,*,#3771,.T.);
#2582=ORIENTED_EDGE('',*,*,#3772,.F.);
#2583=ORIENTED_EDGE('',*,*,#3772,.T.);
#2584=ORIENTED_EDGE('',*,*,#2748,.F.);
#2585=ORIENTED_EDGE('',*,*,#3773,.F.);
#2586=ORIENTED_EDGE('',*,*,#2719,.T.);
#2587=ORIENTED_EDGE('',*,*,#3773,.T.);
#2588=ORIENTED_EDGE('',*,*,#3774,.F.);
#2589=ORIENTED_EDGE('',*,*,#3774,.T.);
#2590=ORIENTED_EDGE('',*,*,#2747,.F.);
#2591=ORIENTED_EDGE('',*,*,#3775,.F.);
#2592=ORIENTED_EDGE('',*,*,#3089,.F.);
#2593=ORIENTED_EDGE('',*,*,#3776,.F.);
#2594=ORIENTED_EDGE('',*,*,#2744,.F.);
#2595=ORIENTED_EDGE('',*,*,#3776,.T.);
#2596=ORIENTED_EDGE('',*,*,#3082,.F.);
#2597=ORIENTED_EDGE('',*,*,#3777,.F.);
#2598=ORIENTED_EDGE('',*,*,#2745,.F.);
#2599=ORIENTED_EDGE('',*,*,#3775,.T.);
#2600=ORIENTED_EDGE('',*,*,#2743,.F.);
#2601=ORIENTED_EDGE('',*,*,#3778,.F.);
#2602=ORIENTED_EDGE('',*,*,#3077,.F.);
#2603=ORIENTED_EDGE('',*,*,#3777,.T.);
#2604=ORIENTED_EDGE('',*,*,#3091,.F.);
#2605=ORIENTED_EDGE('',*,*,#3779,.F.);
#2606=ORIENTED_EDGE('',*,*,#2746,.F.);
#2607=ORIENTED_EDGE('',*,*,#3778,.T.);
#2608=ORIENTED_EDGE('',*,*,#2742,.F.);
#2609=ORIENTED_EDGE('',*,*,#3780,.F.);
#2610=ORIENTED_EDGE('',*,*,#3090,.F.);
#2611=ORIENTED_EDGE('',*,*,#3779,.T.);
#2612=ORIENTED_EDGE('',*,*,#3071,.F.);
#2613=ORIENTED_EDGE('',*,*,#3781,.F.);
#2614=ORIENTED_EDGE('',*,*,#2739,.F.);
#2615=ORIENTED_EDGE('',*,*,#3780,.T.);
#2616=ORIENTED_EDGE('',*,*,#2741,.F.);
#2617=ORIENTED_EDGE('',*,*,#3782,.F.);
#2618=ORIENTED_EDGE('',*,*,#3074,.F.);
#2619=ORIENTED_EDGE('',*,*,#3781,.T.);
#2620=ORIENTED_EDGE('',*,*,#3092,.F.);
#2621=ORIENTED_EDGE('',*,*,#3782,.T.);
#2622=ORIENTED_EDGE('',*,*,#2740,.F.);
#2623=ORIENTED_EDGE('',*,*,#3054,.F.);
#2624=ORIENTED_EDGE('',*,*,#3080,.F.);
#2625=ORIENTED_EDGE('',*,*,#3764,.F.);
#2626=ORIENTED_EDGE('',*,*,#3766,.F.);
#2627=ORIENTED_EDGE('',*,*,#3061,.F.);
#2628=ORIENTED_EDGE('',*,*,#3765,.F.);
#2629=ORIENTED_EDGE('',*,*,#3761,.F.);
#2630=ORIENTED_EDGE('',*,*,#3084,.F.);
#2631=ORIENTED_EDGE('',*,*,#3048,.F.);
#2632=ORIENTED_EDGE('',*,*,#2706,.F.);
#2633=ORIENTED_EDGE('',*,*,#3783,.T.);
#2634=ORIENTED_EDGE('',*,*,#2712,.T.);
#2635=ORIENTED_EDGE('',*,*,#3049,.T.);
#2636=ORIENTED_EDGE('',*,*,#2714,.F.);
#2637=ORIENTED_EDGE('',*,*,#3784,.T.);
#2638=ORIENTED_EDGE('',*,*,#2704,.T.);
#2639=ORIENTED_EDGE('',*,*,#2735,.T.);
#2640=ORIENTED_EDGE('',*,*,#3785,.F.);
#2641=ORIENTED_EDGE('',*,*,#3786,.F.);
#2642=ORIENTED_EDGE('',*,*,#3787,.T.);
#2643=ORIENTED_EDGE('',*,*,#2738,.T.);
#2644=ORIENTED_EDGE('',*,*,#3788,.F.);
#2645=ORIENTED_EDGE('',*,*,#3789,.F.);
#2646=ORIENTED_EDGE('',*,*,#3785,.T.);
#2647=ORIENTED_EDGE('',*,*,#2737,.T.);
#2648=ORIENTED_EDGE('',*,*,#3790,.F.);
#2649=ORIENTED_EDGE('',*,*,#3791,.F.);
#2650=ORIENTED_EDGE('',*,*,#3788,.T.);
#2651=ORIENTED_EDGE('',*,*,#2736,.T.);
#2652=ORIENTED_EDGE('',*,*,#3787,.F.);
#2653=ORIENTED_EDGE('',*,*,#3792,.F.);
#2654=ORIENTED_EDGE('',*,*,#3790,.T.);
#2655=ORIENTED_EDGE('',*,*,#3786,.T.);
#2656=ORIENTED_EDGE('',*,*,#3789,.T.);
#2657=ORIENTED_EDGE('',*,*,#3791,.T.);
#2658=ORIENTED_EDGE('',*,*,#3792,.T.);
#2659=ORIENTED_EDGE('',*,*,#2713,.F.);
#2660=ORIENTED_EDGE('',*,*,#3783,.F.);
#2661=ORIENTED_EDGE('',*,*,#2705,.F.);
#2662=ORIENTED_EDGE('',*,*,#3784,.F.);
#2663=ORIENTED_EDGE('',*,*,#2715,.F.);
#2664=ORIENTED_EDGE('',*,*,#3793,.F.);
#2665=ORIENTED_EDGE('',*,*,#3794,.T.);
#2666=ORIENTED_EDGE('',*,*,#3795,.T.);
#2667=ORIENTED_EDGE('',*,*,#3796,.T.);
#2668=ORIENTED_EDGE('',*,*,#3793,.T.);
#2669=ORIENTED_EDGE('',*,*,#2718,.T.);
#2670=ORIENTED_EDGE('',*,*,#3797,.F.);
#2671=ORIENTED_EDGE('',*,*,#2717,.T.);
#2672=ORIENTED_EDGE('',*,*,#3798,.T.);
#2673=ORIENTED_EDGE('',*,*,#3799,.F.);
#2674=ORIENTED_EDGE('',*,*,#3797,.T.);
#2675=ORIENTED_EDGE('',*,*,#3799,.T.);
#2676=ORIENTED_EDGE('',*,*,#3800,.T.);
#2677=ORIENTED_EDGE('',*,*,#3794,.F.);
#2678=ORIENTED_EDGE('',*,*,#3796,.F.);
#2679=ORIENTED_EDGE('',*,*,#2707,.F.);
#2680=ORIENTED_EDGE('',*,*,#3801,.F.);
#2681=ORIENTED_EDGE('',*,*,#3802,.T.);
#2682=ORIENTED_EDGE('',*,*,#3803,.T.);
#2683=ORIENTED_EDGE('',*,*,#3804,.T.);
#2684=ORIENTED_EDGE('',*,*,#3801,.T.);
#2685=ORIENTED_EDGE('',*,*,#2710,.T.);
#2686=ORIENTED_EDGE('',*,*,#3805,.F.);
#2687=ORIENTED_EDGE('',*,*,#2709,.T.);
#2688=ORIENTED_EDGE('',*,*,#3806,.T.);
#2689=ORIENTED_EDGE('',*,*,#3807,.F.);
#2690=ORIENTED_EDGE('',*,*,#3805,.T.);
#2691=ORIENTED_EDGE('',*,*,#3807,.T.);
#2692=ORIENTED_EDGE('',*,*,#3808,.T.);
#2693=ORIENTED_EDGE('',*,*,#3802,.F.);
#2694=ORIENTED_EDGE('',*,*,#3804,.F.);
#2695=ORIENTED_EDGE('',*,*,#3806,.F.);
#2696=ORIENTED_EDGE('',*,*,#2708,.F.);
#2697=ORIENTED_EDGE('',*,*,#3803,.F.);
#2698=ORIENTED_EDGE('',*,*,#3808,.F.);
#2699=ORIENTED_EDGE('',*,*,#3798,.F.);
#2700=ORIENTED_EDGE('',*,*,#2716,.F.);
#2701=ORIENTED_EDGE('',*,*,#3795,.F.);
#2702=ORIENTED_EDGE('',*,*,#3800,.F.);
#2703=EDGE_CURVE('',#3809,#3810,#4549,.T.);
#2704=EDGE_CURVE('',#3811,#3810,#4550,.T.);
#2705=EDGE_CURVE('',#3811,#3812,#4551,.T.);
#2706=EDGE_CURVE('',#3812,#3809,#4552,.T.);
#2707=EDGE_CURVE('',#3813,#3814,#4553,.F.);
#2708=EDGE_CURVE('',#3814,#3815,#4554,.F.);
#2709=EDGE_CURVE('',#3816,#3815,#4555,.T.);
#2710=EDGE_CURVE('',#3813,#3816,#4556,.T.);
#2711=EDGE_CURVE('',#3817,#3818,#4557,.T.);
#2712=EDGE_CURVE('',#3819,#3817,#4558,.T.);
#2713=EDGE_CURVE('',#3819,#3820,#4559,.T.);
#2714=EDGE_CURVE('',#3820,#3818,#4560,.T.);
#2715=EDGE_CURVE('',#3821,#3822,#4561,.F.);
#2716=EDGE_CURVE('',#3822,#3823,#4562,.F.);
#2717=EDGE_CURVE('',#3824,#3823,#4563,.T.);
#2718=EDGE_CURVE('',#3821,#3824,#4564,.T.);
#2719=EDGE_CURVE('',#3825,#3825,#219,.F.);
#2720=EDGE_CURVE('',#3826,#3826,#220,.F.);
#2721=EDGE_CURVE('',#3827,#3827,#221,.F.);
#2722=EDGE_CURVE('',#3828,#3828,#222,.F.);
#2723=EDGE_CURVE('',#3829,#3830,#4565,.T.);
#2724=EDGE_CURVE('',#3829,#3831,#4566,.T.);
#2725=EDGE_CURVE('',#3831,#3832,#4567,.T.);
#2726=EDGE_CURVE('',#3833,#3832,#4568,.T.);
#2727=EDGE_CURVE('',#3834,#3833,#4569,.T.);
#2728=EDGE_CURVE('',#3834,#3835,#4570,.T.);
#2729=EDGE_CURVE('',#3835,#3836,#4571,.T.);
#2730=EDGE_CURVE('',#3830,#3836,#4572,.T.);
#2731=EDGE_CURVE('',#3837,#3838,#4573,.T.);
#2732=EDGE_CURVE('',#3837,#3839,#4574,.T.);
#2733=EDGE_CURVE('',#3839,#3840,#4575,.T.);
#2734=EDGE_CURVE('',#3838,#3840,#4576,.T.);
#2735=EDGE_CURVE('',#3841,#3842,#4577,.T.);
#2736=EDGE_CURVE('',#3843,#3841,#4578,.T.);
#2737=EDGE_CURVE('',#3844,#3843,#4579,.T.);
#2738=EDGE_CURVE('',#3842,#3844,#4580,.T.);
#2739=EDGE_CURVE('',#3845,#3846,#4581,.F.);
#2740=EDGE_CURVE('',#3846,#3847,#223,.T.);
#2741=EDGE_CURVE('',#3847,#3848,#4582,.T.);
#2742=EDGE_CURVE('',#3848,#3849,#224,.T.);
#2743=EDGE_CURVE('',#3849,#3850,#4583,.T.);
#2744=EDGE_CURVE('',#3850,#3851,#225,.T.);
#2745=EDGE_CURVE('',#3851,#3852,#4584,.F.);
#2746=EDGE_CURVE('',#3852,#3845,#226,.T.);
#2747=EDGE_CURVE('',#3853,#3853,#227,.T.);
#2748=EDGE_CURVE('',#3854,#3854,#228,.T.);
#2749=EDGE_CURVE('',#3855,#3855,#229,.T.);
#2750=EDGE_CURVE('',#3856,#3856,#230,.T.);
#2751=EDGE_CURVE('',#3857,#3858,#4585,.T.);
#2752=EDGE_CURVE('',#3859,#3857,#4586,.T.);
#2753=EDGE_CURVE('',#3860,#3859,#4587,.T.);
#2754=EDGE_CURVE('',#3858,#3860,#4588,.T.);
#2755=EDGE_CURVE('',#3861,#3862,#4589,.T.);
#2756=EDGE_CURVE('',#3862,#3863,#4590,.T.);
#2757=EDGE_CURVE('',#3863,#3864,#4591,.T.);
#2758=EDGE_CURVE('',#3864,#3865,#4592,.T.);
#2759=EDGE_CURVE('',#3865,#3866,#4593,.T.);
#2760=EDGE_CURVE('',#3866,#3867,#4594,.T.);
#2761=EDGE_CURVE('',#3867,#3861,#231,.T.);
#2762=EDGE_CURVE('',#3868,#3869,#4595,.T.);
#2763=EDGE_CURVE('',#3869,#3870,#4596,.T.);
#2764=EDGE_CURVE('',#3870,#3871,#4597,.T.);
#2765=EDGE_CURVE('',#3871,#3868,#4598,.T.);
#2766=EDGE_CURVE('',#3872,#3873,#4599,.T.);
#2767=EDGE_CURVE('',#3872,#3874,#4600,.T.);
#2768=EDGE_CURVE('',#3874,#3875,#4601,.T.);
#2769=EDGE_CURVE('',#3875,#3876,#232,.T.);
#2770=EDGE_CURVE('',#3876,#3877,#4602,.T.);
#2771=EDGE_CURVE('',#3878,#3877,#233,.T.);
#2772=EDGE_CURVE('',#3879,#3878,#4603,.T.);
#2773=EDGE_CURVE('',#3880,#3879,#4604,.T.);
#2774=EDGE_CURVE('',#3881,#3880,#4605,.T.);
#2775=EDGE_CURVE('',#3873,#3881,#4606,.T.);
#2776=EDGE_CURVE('',#3882,#3883,#177,.T.);
#2777=EDGE_CURVE('',#3883,#3884,#178,.T.);
#2778=EDGE_CURVE('',#3884,#3885,#234,.F.);
#2779=EDGE_CURVE('',#3885,#3886,#235,.F.);
#2780=EDGE_CURVE('',#3886,#3887,#236,.F.);
#2781=EDGE_CURVE('',#3887,#3888,#237,.F.);
#2782=EDGE_CURVE('',#3888,#3889,#179,.T.);
#2783=EDGE_CURVE('',#3889,#3890,#180,.T.);
#2784=EDGE_CURVE('',#3890,#3891,#238,.F.);
#2785=EDGE_CURVE('',#3891,#3892,#239,.F.);
#2786=EDGE_CURVE('',#3892,#3893,#240,.F.);
#2787=EDGE_CURVE('',#3893,#3882,#241,.F.);
#2788=EDGE_CURVE('',#3894,#3895,#4607,.T.);
#2789=EDGE_CURVE('',#3896,#3894,#4608,.T.);
#2790=EDGE_CURVE('',#3897,#3896,#242,.T.);
#2791=EDGE_CURVE('',#3898,#3897,#4609,.T.);
#2792=EDGE_CURVE('',#3899,#3898,#4610,.T.);
#2793=EDGE_CURVE('',#3900,#3899,#4611,.T.);
#2794=EDGE_CURVE('',#3901,#3900,#243,.T.);
#2795=EDGE_CURVE('',#3895,#3901,#4612,.T.);
#2796=EDGE_CURVE('',#3902,#3903,#4613,.T.);
#2797=EDGE_CURVE('',#3902,#3904,#4614,.T.);
#2798=EDGE_CURVE('',#3904,#3905,#4615,.T.);
#2799=EDGE_CURVE('',#3903,#3905,#4616,.T.);
#2800=EDGE_CURVE('',#3906,#3907,#4617,.T.);
#2801=EDGE_CURVE('',#3907,#3908,#244,.T.);
#2802=EDGE_CURVE('',#3908,#3909,#4618,.T.);
#2803=EDGE_CURVE('',#3909,#3910,#4619,.T.);
#2804=EDGE_CURVE('',#3910,#3911,#4620,.T.);
#2805=EDGE_CURVE('',#3911,#3912,#4621,.T.);
#2806=EDGE_CURVE('',#3912,#3913,#4622,.T.);
#2807=EDGE_CURVE('',#3913,#3914,#4623,.T.);
#2808=EDGE_CURVE('',#3914,#3915,#4624,.T.);
#2809=EDGE_CURVE('',#3915,#3916,#4625,.T.);
#2810=EDGE_CURVE('',#3916,#3917,#4626,.T.);
#2811=EDGE_CURVE('',#3917,#3918,#4627,.T.);
#2812=EDGE_CURVE('',#3918,#3919,#4628,.T.);
#2813=EDGE_CURVE('',#3919,#3920,#4629,.T.);
#2814=EDGE_CURVE('',#3920,#3921,#4630,.T.);
#2815=EDGE_CURVE('',#3921,#3906,#4631,.T.);
#2816=EDGE_CURVE('',#3922,#3923,#4632,.T.);
#2817=EDGE_CURVE('',#3923,#3924,#4633,.T.);
#2818=EDGE_CURVE('',#3924,#3925,#4634,.T.);
#2819=EDGE_CURVE('',#3925,#3926,#4635,.T.);
#2820=EDGE_CURVE('',#3926,#3927,#4636,.T.);
#2821=EDGE_CURVE('',#3927,#3928,#4637,.T.);
#2822=EDGE_CURVE('',#3928,#3929,#4638,.T.);
#2823=EDGE_CURVE('',#3929,#3930,#4639,.T.);
#2824=EDGE_CURVE('',#3930,#3931,#4640,.T.);
#2825=EDGE_CURVE('',#3931,#3932,#4641,.T.);
#2826=EDGE_CURVE('',#3932,#3933,#4642,.T.);
#2827=EDGE_CURVE('',#3933,#3922,#4643,.T.);
#2828=EDGE_CURVE('',#3934,#3935,#4644,.T.);
#2829=EDGE_CURVE('',#3935,#3936,#4645,.T.);
#2830=EDGE_CURVE('',#3936,#3937,#4646,.T.);
#2831=EDGE_CURVE('',#3937,#3938,#4647,.T.);
#2832=EDGE_CURVE('',#3938,#3939,#4648,.T.);
#2833=EDGE_CURVE('',#3939,#3934,#4649,.T.);
#2834=EDGE_CURVE('',#3940,#3941,#4650,.T.);
#2835=EDGE_CURVE('',#3941,#3942,#4651,.T.);
#2836=EDGE_CURVE('',#3942,#3943,#4652,.T.);
#2837=EDGE_CURVE('',#3943,#3944,#4653,.T.);
#2838=EDGE_CURVE('',#3944,#3945,#4654,.T.);
#2839=EDGE_CURVE('',#3945,#3946,#4655,.T.);
#2840=EDGE_CURVE('',#3946,#3947,#4656,.T.);
#2841=EDGE_CURVE('',#3947,#3948,#4657,.T.);
#2842=EDGE_CURVE('',#3948,#3949,#4658,.T.);
#2843=EDGE_CURVE('',#3949,#3950,#4659,.T.);
#2844=EDGE_CURVE('',#3950,#3951,#4660,.T.);
#2845=EDGE_CURVE('',#3951,#3940,#4661,.T.);
#2846=EDGE_CURVE('',#3952,#3953,#245,.F.);
#2847=EDGE_CURVE('',#3953,#3954,#4662,.T.);
#2848=EDGE_CURVE('',#3954,#3955,#246,.T.);
#2849=EDGE_CURVE('',#3955,#3956,#247,.T.);
#2850=EDGE_CURVE('',#3956,#3957,#248,.T.);
#2851=EDGE_CURVE('',#3957,#3958,#249,.T.);
#2852=EDGE_CURVE('',#3958,#3959,#250,.T.);
#2853=EDGE_CURVE('',#3959,#3960,#251,.T.);
#2854=EDGE_CURVE('',#3960,#3961,#181,.T.);
#2855=EDGE_CURVE('',#3961,#3962,#182,.T.);
#2856=EDGE_CURVE('',#3962,#3963,#252,.T.);
#2857=EDGE_CURVE('',#3963,#3964,#253,.T.);
#2858=EDGE_CURVE('',#3964,#3965,#254,.T.);
#2859=EDGE_CURVE('',#3965,#3966,#255,.T.);
#2860=EDGE_CURVE('',#3966,#3967,#256,.T.);
#2861=EDGE_CURVE('',#3967,#3968,#257,.T.);
#2862=EDGE_CURVE('',#3968,#3969,#4663,.T.);
#2863=EDGE_CURVE('',#3969,#3970,#258,.F.);
#2864=EDGE_CURVE('',#3970,#3971,#259,.F.);
#2865=EDGE_CURVE('',#3971,#3972,#260,.F.);
#2866=EDGE_CURVE('',#3972,#3973,#261,.F.);
#2867=EDGE_CURVE('',#3973,#3974,#262,.F.);
#2868=EDGE_CURVE('',#3974,#3975,#263,.F.);
#2869=EDGE_CURVE('',#3975,#3976,#183,.T.);
#2870=EDGE_CURVE('',#3976,#3977,#184,.T.);
#2871=EDGE_CURVE('',#3977,#3978,#264,.F.);
#2872=EDGE_CURVE('',#3978,#3979,#265,.F.);
#2873=EDGE_CURVE('',#3979,#3980,#266,.F.);
#2874=EDGE_CURVE('',#3980,#3981,#267,.F.);
#2875=EDGE_CURVE('',#3981,#3952,#268,.F.);
#2876=EDGE_CURVE('',#3982,#3983,#4664,.T.);
#2877=EDGE_CURVE('',#3983,#3984,#4665,.T.);
#2878=EDGE_CURVE('',#3984,#3985,#4666,.T.);
#2879=EDGE_CURVE('',#3985,#3986,#4667,.T.);
#2880=EDGE_CURVE('',#3986,#3987,#4668,.T.);
#2881=EDGE_CURVE('',#3987,#3988,#4669,.T.);
#2882=EDGE_CURVE('',#3988,#3989,#4670,.T.);
#2883=EDGE_CURVE('',#3989,#3982,#4671,.T.);
#2884=EDGE_CURVE('',#3990,#3991,#4672,.T.);
#2885=EDGE_CURVE('',#3991,#3992,#4673,.T.);
#2886=EDGE_CURVE('',#3992,#3993,#4674,.T.);
#2887=EDGE_CURVE('',#3993,#3994,#4675,.T.);
#2888=EDGE_CURVE('',#3994,#3995,#4676,.T.);
#2889=EDGE_CURVE('',#3995,#3996,#185,.T.);
#2890=EDGE_CURVE('',#3996,#3997,#269,.F.);
#2891=EDGE_CURVE('',#3997,#3998,#270,.F.);
#2892=EDGE_CURVE('',#3998,#3999,#271,.F.);
#2893=EDGE_CURVE('',#3999,#4000,#272,.F.);
#2894=EDGE_CURVE('',#4000,#4001,#273,.F.);
#2895=EDGE_CURVE('',#4001,#4002,#4677,.T.);
#2896=EDGE_CURVE('',#4002,#4003,#4678,.T.);
#2897=EDGE_CURVE('',#4003,#4004,#4679,.T.);
#2898=EDGE_CURVE('',#4004,#3990,#4680,.T.);
#2899=EDGE_CURVE('',#4005,#4006,#4681,.T.);
#2900=EDGE_CURVE('',#4006,#4007,#4682,.T.);
#2901=EDGE_CURVE('',#4007,#4008,#4683,.T.);
#2902=EDGE_CURVE('',#4008,#4009,#4684,.T.);
#2903=EDGE_CURVE('',#4009,#4010,#4685,.T.);
#2904=EDGE_CURVE('',#4010,#4011,#4686,.T.);
#2905=EDGE_CURVE('',#4011,#4012,#4687,.T.);
#2906=EDGE_CURVE('',#4012,#4013,#4688,.T.);
#2907=EDGE_CURVE('',#4013,#4014,#4689,.T.);
#2908=EDGE_CURVE('',#4014,#4015,#4690,.T.);
#2909=EDGE_CURVE('',#4015,#4016,#4691,.T.);
#2910=EDGE_CURVE('',#4016,#4005,#4692,.T.);
#2911=EDGE_CURVE('',#4017,#4018,#4693,.T.);
#2912=EDGE_CURVE('',#4018,#4019,#4694,.T.);
#2913=EDGE_CURVE('',#4019,#4020,#4695,.T.);
#2914=EDGE_CURVE('',#4020,#4021,#4696,.T.);
#2915=EDGE_CURVE('',#4021,#4022,#274,.T.);
#2916=EDGE_CURVE('',#4022,#4023,#4697,.T.);
#2917=EDGE_CURVE('',#4023,#4024,#275,.T.);
#2918=EDGE_CURVE('',#4024,#4025,#4698,.T.);
#2919=EDGE_CURVE('',#4025,#4026,#4699,.T.);
#2920=EDGE_CURVE('',#4026,#4027,#4700,.T.);
#2921=EDGE_CURVE('',#4027,#4028,#4701,.T.);
#2922=EDGE_CURVE('',#4028,#4029,#4702,.T.);
#2923=EDGE_CURVE('',#4029,#4030,#4703,.T.);
#2924=EDGE_CURVE('',#4030,#4017,#4704,.T.);
#2925=EDGE_CURVE('',#4031,#4032,#4705,.T.);
#2926=EDGE_CURVE('',#4032,#4033,#4706,.T.);
#2927=EDGE_CURVE('',#4033,#4034,#4707,.T.);
#2928=EDGE_CURVE('',#4034,#4035,#4708,.T.);
#2929=EDGE_CURVE('',#4035,#4036,#4709,.T.);
#2930=EDGE_CURVE('',#4036,#4037,#4710,.T.);
#2931=EDGE_CURVE('',#4037,#4038,#4711,.T.);
#2932=EDGE_CURVE('',#4038,#4039,#4712,.T.);
#2933=EDGE_CURVE('',#4039,#4040,#4713,.T.);
#2934=EDGE_CURVE('',#4040,#4041,#4714,.T.);
#2935=EDGE_CURVE('',#4041,#4042,#4715,.T.);
#2936=EDGE_CURVE('',#4042,#4043,#4716,.T.);
#2937=EDGE_CURVE('',#4043,#4044,#4717,.T.);
#2938=EDGE_CURVE('',#4044,#4031,#4718,.T.);
#2939=EDGE_CURVE('',#4045,#4046,#4719,.T.);
#2940=EDGE_CURVE('',#4046,#4047,#4720,.T.);
#2941=EDGE_CURVE('',#4047,#4048,#4721,.T.);
#2942=EDGE_CURVE('',#4048,#4049,#4722,.T.);
#2943=EDGE_CURVE('',#4049,#4050,#4723,.T.);
#2944=EDGE_CURVE('',#4050,#4051,#4724,.T.);
#2945=EDGE_CURVE('',#4051,#4052,#4725,.T.);
#2946=EDGE_CURVE('',#4052,#4053,#4726,.T.);
#2947=EDGE_CURVE('',#4053,#4054,#4727,.T.);
#2948=EDGE_CURVE('',#4054,#4055,#4728,.T.);
#2949=EDGE_CURVE('',#4055,#4056,#4729,.T.);
#2950=EDGE_CURVE('',#4056,#4057,#4730,.T.);
#2951=EDGE_CURVE('',#4057,#4058,#4731,.T.);
#2952=EDGE_CURVE('',#4058,#4045,#4732,.T.);
#2953=EDGE_CURVE('',#4059,#4060,#4733,.T.);
#2954=EDGE_CURVE('',#4060,#4061,#4734,.T.);
#2955=EDGE_CURVE('',#4061,#4062,#4735,.T.);
#2956=EDGE_CURVE('',#4062,#4063,#4736,.T.);
#2957=EDGE_CURVE('',#4063,#4064,#276,.T.);
#2958=EDGE_CURVE('',#4064,#4065,#4737,.T.);
#2959=EDGE_CURVE('',#4065,#4066,#277,.T.);
#2960=EDGE_CURVE('',#4066,#4067,#4738,.T.);
#2961=EDGE_CURVE('',#4067,#4068,#4739,.T.);
#2962=EDGE_CURVE('',#4068,#4069,#4740,.T.);
#2963=EDGE_CURVE('',#4069,#4070,#4741,.T.);
#2964=EDGE_CURVE('',#4070,#4071,#4742,.T.);
#2965=EDGE_CURVE('',#4071,#4072,#4743,.T.);
#2966=EDGE_CURVE('',#4072,#4059,#4744,.T.);
#2967=EDGE_CURVE('',#4073,#4074,#4745,.T.);
#2968=EDGE_CURVE('',#4074,#4075,#4746,.T.);
#2969=EDGE_CURVE('',#4075,#4076,#4747,.T.);
#2970=EDGE_CURVE('',#4076,#4073,#4748,.T.);
#2971=EDGE_CURVE('',#4077,#4078,#278,.F.);
#2972=EDGE_CURVE('',#4078,#4079,#4749,.T.);
#2973=EDGE_CURVE('',#4079,#4080,#279,.T.);
#2974=EDGE_CURVE('',#4080,#4081,#280,.T.);
#2975=EDGE_CURVE('',#4081,#4082,#281,.T.);
#2976=EDGE_CURVE('',#4082,#4083,#282,.T.);
#2977=EDGE_CURVE('',#4083,#4084,#283,.T.);
#2978=EDGE_CURVE('',#4084,#4085,#284,.T.);
#2979=EDGE_CURVE('',#4085,#4086,#186,.T.);
#2980=EDGE_CURVE('',#4086,#4087,#187,.T.);
#2981=EDGE_CURVE('',#4087,#4088,#285,.T.);
#2982=EDGE_CURVE('',#4088,#4089,#286,.T.);
#2983=EDGE_CURVE('',#4089,#4090,#287,.T.);
#2984=EDGE_CURVE('',#4090,#4091,#288,.T.);
#2985=EDGE_CURVE('',#4091,#4092,#289,.T.);
#2986=EDGE_CURVE('',#4092,#4093,#290,.T.);
#2987=EDGE_CURVE('',#4093,#4094,#4750,.T.);
#2988=EDGE_CURVE('',#4094,#4095,#291,.F.);
#2989=EDGE_CURVE('',#4095,#4096,#292,.F.);
#2990=EDGE_CURVE('',#4096,#4097,#293,.F.);
#2991=EDGE_CURVE('',#4097,#4098,#294,.F.);
#2992=EDGE_CURVE('',#4098,#4099,#295,.F.);
#2993=EDGE_CURVE('',#4099,#4100,#296,.F.);
#2994=EDGE_CURVE('',#4100,#4101,#188,.T.);
#2995=EDGE_CURVE('',#4101,#4102,#189,.T.);
#2996=EDGE_CURVE('',#4102,#4103,#297,.F.);
#2997=EDGE_CURVE('',#4103,#4104,#298,.F.);
#2998=EDGE_CURVE('',#4104,#4105,#299,.F.);
#2999=EDGE_CURVE('',#4105,#4106,#300,.F.);
#3000=EDGE_CURVE('',#4106,#4077,#301,.F.);
#3001=EDGE_CURVE('',#4107,#4108,#4751,.T.);
#3002=EDGE_CURVE('',#4108,#4109,#302,.T.);
#3003=EDGE_CURVE('',#4109,#4110,#303,.T.);
#3004=EDGE_CURVE('',#4110,#4111,#304,.T.);
#3005=EDGE_CURVE('',#4111,#4112,#305,.T.);
#3006=EDGE_CURVE('',#4112,#4113,#306,.T.);
#3007=EDGE_CURVE('',#4113,#4114,#307,.T.);
#3008=EDGE_CURVE('',#4114,#4115,#308,.T.);
#3009=EDGE_CURVE('',#4115,#4116,#190,.T.);
#3010=EDGE_CURVE('',#4116,#4117,#309,.T.);
#3011=EDGE_CURVE('',#4117,#4118,#4752,.T.);
#3012=EDGE_CURVE('',#4118,#4119,#310,.F.);
#3013=EDGE_CURVE('',#4119,#4120,#311,.F.);
#3014=EDGE_CURVE('',#4120,#4121,#312,.F.);
#3015=EDGE_CURVE('',#4121,#4122,#313,.F.);
#3016=EDGE_CURVE('',#4122,#4123,#314,.F.);
#3017=EDGE_CURVE('',#4123,#4124,#315,.F.);
#3018=EDGE_CURVE('',#4124,#4125,#316,.F.);
#3019=EDGE_CURVE('',#4125,#4126,#317,.F.);
#3020=EDGE_CURVE('',#4126,#4127,#318,.F.);
#3021=EDGE_CURVE('',#4127,#4128,#319,.F.);
#3022=EDGE_CURVE('',#4128,#4129,#4753,.T.);
#3023=EDGE_CURVE('',#4129,#4130,#320,.T.);
#3024=EDGE_CURVE('',#4130,#4131,#321,.T.);
#3025=EDGE_CURVE('',#4131,#4132,#322,.T.);
#3026=EDGE_CURVE('',#4132,#4133,#323,.T.);
#3027=EDGE_CURVE('',#4133,#4134,#324,.T.);
#3028=EDGE_CURVE('',#4134,#4135,#325,.T.);
#3029=EDGE_CURVE('',#4135,#4136,#326,.T.);
#3030=EDGE_CURVE('',#4136,#4137,#327,.T.);
#3031=EDGE_CURVE('',#4137,#4138,#328,.T.);
#3032=EDGE_CURVE('',#4138,#4139,#4754,.T.);
#3033=EDGE_CURVE('',#4139,#4140,#191,.T.);
#3034=EDGE_CURVE('',#4140,#4141,#329,.F.);
#3035=EDGE_CURVE('',#4141,#4142,#330,.F.);
#3036=EDGE_CURVE('',#4142,#4143,#331,.F.);
#3037=EDGE_CURVE('',#4143,#4144,#332,.F.);
#3038=EDGE_CURVE('',#4144,#4145,#333,.F.);
#3039=EDGE_CURVE('',#4145,#4146,#334,.F.);
#3040=EDGE_CURVE('',#4146,#4107,#335,.F.);
#3041=EDGE_CURVE('',#4147,#4148,#4755,.T.);
#3042=EDGE_CURVE('',#4148,#4149,#4756,.T.);
#3043=EDGE_CURVE('',#4149,#4150,#4757,.T.);
#3044=EDGE_CURVE('',#4150,#4151,#4758,.T.);
#3045=EDGE_CURVE('',#4151,#4152,#4759,.T.);
#3046=EDGE_CURVE('',#4152,#4153,#4760,.T.);
#3047=EDGE_CURVE('',#4153,#4147,#336,.T.);
#3048=EDGE_CURVE('',#3809,#3817,#4761,.T.);
#3049=EDGE_CURVE('',#3810,#3818,#4762,.T.);
#3050=EDGE_CURVE('',#4154,#4155,#4763,.T.);
#3051=EDGE_CURVE('',#4155,#3836,#4764,.T.);
#3052=EDGE_CURVE('',#4154,#3835,#4765,.T.);
#3053=EDGE_CURVE('',#4156,#4157,#4766,.T.);
#3054=EDGE_CURVE('',#4157,#4158,#4767,.T.);
#3055=EDGE_CURVE('',#4155,#4158,#4768,.T.);
#3056=EDGE_CURVE('',#4159,#4154,#4769,.T.);
#3057=EDGE_CURVE('',#4159,#4160,#4770,.T.);
#3058=EDGE_CURVE('',#4160,#4161,#4771,.T.);
#3059=EDGE_CURVE('',#4162,#4161,#4772,.T.);
#3060=EDGE_CURVE('',#4162,#4163,#4773,.T.);
#3061=EDGE_CURVE('',#4163,#4164,#4774,.F.);
#3062=EDGE_CURVE('',#4164,#4165,#4775,.T.);
#3063=EDGE_CURVE('',#4165,#4166,#337,.F.);
#3064=EDGE_CURVE('',#4167,#4166,#4776,.T.);
#3065=EDGE_CURVE('',#4167,#4168,#338,.F.);
#3066=EDGE_CURVE('',#4169,#4168,#4777,.T.);
#3067=EDGE_CURVE('',#4169,#4170,#339,.F.);
#3068=EDGE_CURVE('',#4170,#4171,#4778,.T.);
#3069=EDGE_CURVE('',#4171,#4156,#340,.F.);
#3070=EDGE_CURVE('',#4170,#4172,#4779,.T.);
#3071=EDGE_CURVE('',#4172,#4173,#4780,.T.);
#3072=EDGE_CURVE('',#4173,#4171,#4781,.F.);
#3073=EDGE_CURVE('',#4168,#4174,#4782,.T.);
#3074=EDGE_CURVE('',#4174,#4175,#4783,.F.);
#3075=EDGE_CURVE('',#4175,#4169,#4784,.F.);
#3076=EDGE_CURVE('',#4166,#4176,#4785,.T.);
#3077=EDGE_CURVE('',#4176,#4177,#4786,.F.);
#3078=EDGE_CURVE('',#4177,#4167,#4787,.F.);
#3079=EDGE_CURVE('',#4178,#4179,#4788,.T.);
#3080=EDGE_CURVE('',#4178,#4157,#4789,.T.);
#3081=EDGE_CURVE('',#4156,#4180,#4790,.T.);
#3082=EDGE_CURVE('',#4180,#4181,#4791,.T.);
#3083=EDGE_CURVE('',#4181,#4165,#4792,.F.);
#3084=EDGE_CURVE('',#4164,#4179,#4793,.T.);
#3085=EDGE_CURVE('',#4159,#3834,#4794,.T.);
#3086=EDGE_CURVE('',#4160,#3833,#4795,.T.);
#3087=EDGE_CURVE('',#4161,#3832,#4796,.T.);
#3088=EDGE_CURVE('',#4162,#3831,#4797,.T.);
#3089=EDGE_CURVE('',#4181,#4176,#341,.F.);
#3090=EDGE_CURVE('',#4177,#4174,#342,.F.);
#3091=EDGE_CURVE('',#4173,#4180,#343,.F.);
#3092=EDGE_CURVE('',#4175,#4172,#344,.F.);
#3093=EDGE_CURVE('',#3838,#3904,#4798,.T.);
#3094=EDGE_CURVE('',#3837,#3902,#4799,.T.);
#3095=EDGE_CURVE('',#3839,#3903,#4800,.T.);
#3096=EDGE_CURVE('',#3840,#3905,#4801,.T.);
#3097=EDGE_CURVE('',#4182,#3895,#4802,.T.);
#3098=EDGE_CURVE('',#4183,#4182,#4803,.T.);
#3099=EDGE_CURVE('',#4183,#3894,#4804,.T.);
#3100=EDGE_CURVE('',#4184,#3901,#4805,.T.);
#3101=EDGE_CURVE('',#4182,#4184,#4806,.T.);
#3102=EDGE_CURVE('',#4185,#3900,#4807,.T.);
#3103=EDGE_CURVE('',#4184,#4185,#345,.T.);
#3104=EDGE_CURVE('',#4186,#3899,#4808,.T.);
#3105=EDGE_CURVE('',#4185,#4186,#4809,.T.);
#3106=EDGE_CURVE('',#4187,#3898,#4810,.T.);
#3107=EDGE_CURVE('',#4186,#4187,#4811,.T.);
#3108=EDGE_CURVE('',#4188,#3897,#4812,.T.);
#3109=EDGE_CURVE('',#4187,#4188,#4813,.T.);
#3110=EDGE_CURVE('',#4189,#3896,#4814,.T.);
#3111=EDGE_CURVE('',#4188,#4189,#346,.T.);
#3112=EDGE_CURVE('',#4189,#4183,#4815,.T.);
#3113=EDGE_CURVE('',#4190,#4191,#192,.T.);
#3114=EDGE_CURVE('',#4192,#4190,#4816,.T.);
#3115=EDGE_CURVE('',#4192,#4193,#193,.T.);
#3116=EDGE_CURVE('',#4193,#4191,#4817,.T.);
#3117=EDGE_CURVE('',#4194,#4190,#194,.T.);
#3118=EDGE_CURVE('',#4195,#4194,#4818,.T.);
#3119=EDGE_CURVE('',#4195,#4192,#195,.T.);
#3120=EDGE_CURVE('',#4196,#4194,#347,.T.);
#3121=EDGE_CURVE('',#4197,#4196,#4819,.T.);
#3122=EDGE_CURVE('',#4197,#4195,#348,.T.);
#3123=EDGE_CURVE('',#4198,#4196,#349,.T.);
#3124=EDGE_CURVE('',#4199,#4198,#4820,.T.);
#3125=EDGE_CURVE('',#4199,#4197,#350,.T.);
#3126=EDGE_CURVE('',#4200,#4198,#351,.T.);
#3127=EDGE_CURVE('',#4201,#4200,#4821,.T.);
#3128=EDGE_CURVE('',#4201,#4199,#352,.T.);
#3129=EDGE_CURVE('',#4202,#4200,#353,.T.);
#3130=EDGE_CURVE('',#4203,#4202,#4822,.T.);
#3131=EDGE_CURVE('',#4203,#4201,#354,.T.);
#3132=EDGE_CURVE('',#4204,#4202,#196,.T.);
#3133=EDGE_CURVE('',#4205,#4204,#4823,.T.);
#3134=EDGE_CURVE('',#4205,#4203,#197,.T.);
#3135=EDGE_CURVE('',#4206,#4204,#198,.T.);
#3136=EDGE_CURVE('',#4207,#4206,#4824,.T.);
#3137=EDGE_CURVE('',#4207,#4205,#199,.T.);
#3138=EDGE_CURVE('',#4208,#4206,#355,.T.);
#3139=EDGE_CURVE('',#4209,#4208,#4825,.T.);
#3140=EDGE_CURVE('',#4209,#4207,#356,.T.);
#3141=EDGE_CURVE('',#4210,#4208,#357,.T.);
#3142=EDGE_CURVE('',#4211,#4210,#4826,.T.);
#3143=EDGE_CURVE('',#4211,#4209,#358,.T.);
#3144=EDGE_CURVE('',#4212,#4210,#359,.T.);
#3145=EDGE_CURVE('',#4213,#4212,#4827,.T.);
#3146=EDGE_CURVE('',#4213,#4211,#360,.T.);
#3147=EDGE_CURVE('',#4214,#3883,#4828,.T.);
#3148=EDGE_CURVE('',#4214,#4215,#200,.T.);
#3149=EDGE_CURVE('',#4215,#3884,#4829,.T.);
#3150=EDGE_CURVE('',#4216,#3882,#4830,.T.);
#3151=EDGE_CURVE('',#4216,#4214,#201,.T.);
#3152=EDGE_CURVE('',#4217,#3893,#4831,.T.);
#3153=EDGE_CURVE('',#4217,#4216,#361,.F.);
#3154=EDGE_CURVE('',#4218,#3892,#4832,.T.);
#3155=EDGE_CURVE('',#4218,#4217,#362,.F.);
#3156=EDGE_CURVE('',#4219,#3891,#4833,.T.);
#3157=EDGE_CURVE('',#4219,#4218,#363,.F.);
#3158=EDGE_CURVE('',#4220,#3890,#4834,.T.);
#3159=EDGE_CURVE('',#4220,#4219,#364,.F.);
#3160=EDGE_CURVE('',#4221,#3889,#4835,.T.);
#3161=EDGE_CURVE('',#4221,#4220,#202,.T.);
#3162=EDGE_CURVE('',#4222,#3888,#4836,.T.);
#3163=EDGE_CURVE('',#4222,#4221,#203,.T.);
#3164=EDGE_CURVE('',#4223,#3887,#4837,.T.);
#3165=EDGE_CURVE('',#4223,#4222,#365,.F.);
#3166=EDGE_CURVE('',#4224,#3886,#4838,.T.);
#3167=EDGE_CURVE('',#4224,#4223,#366,.F.);
#3168=EDGE_CURVE('',#4225,#3885,#4839,.T.);
#3169=EDGE_CURVE('',#4225,#4224,#367,.F.);
#3170=EDGE_CURVE('',#4215,#4225,#368,.F.);
#3171=EDGE_CURVE('',#4191,#4212,#369,.T.);
#3172=EDGE_CURVE('',#4193,#4213,#370,.T.);
#3173=EDGE_CURVE('',#4226,#3872,#4840,.T.);
#3174=EDGE_CURVE('',#4226,#4227,#4841,.T.);
#3175=EDGE_CURVE('',#4227,#3874,#4842,.T.);
#3176=EDGE_CURVE('',#4228,#3873,#4843,.T.);
#3177=EDGE_CURVE('',#4226,#4228,#4844,.T.);
#3178=EDGE_CURVE('',#4229,#3881,#4845,.T.);
#3179=EDGE_CURVE('',#4228,#4229,#4846,.T.);
#3180=EDGE_CURVE('',#4230,#3880,#4847,.T.);
#3181=EDGE_CURVE('',#4229,#4230,#4848,.T.);
#3182=EDGE_CURVE('',#4231,#3879,#4849,.T.);
#3183=EDGE_CURVE('',#4230,#4231,#4850,.T.);
#3184=EDGE_CURVE('',#4232,#3878,#4851,.T.);
#3185=EDGE_CURVE('',#4231,#4232,#4852,.T.);
#3186=EDGE_CURVE('',#4233,#3877,#4853,.T.);
#3187=EDGE_CURVE('',#4232,#4233,#371,.T.);
#3188=EDGE_CURVE('',#4234,#3876,#4854,.T.);
#3189=EDGE_CURVE('',#4234,#4233,#4855,.T.);
#3190=EDGE_CURVE('',#4235,#3875,#4856,.T.);
#3191=EDGE_CURVE('',#4235,#4234,#372,.T.);
#3192=EDGE_CURVE('',#4227,#4235,#4857,.T.);
#3193=EDGE_CURVE('',#4236,#3869,#4858,.T.);
#3194=EDGE_CURVE('',#4236,#4237,#4859,.T.);
#3195=EDGE_CURVE('',#4237,#3870,#4860,.T.);
#3196=EDGE_CURVE('',#4238,#3868,#4861,.T.);
#3197=EDGE_CURVE('',#4238,#4236,#4862,.T.);
#3198=EDGE_CURVE('',#4239,#3871,#4863,.T.);
#3199=EDGE_CURVE('',#4239,#4238,#4864,.T.);
#3200=EDGE_CURVE('',#4237,#4239,#4865,.T.);
#3201=EDGE_CURVE('',#4240,#3862,#4866,.T.);
#3202=EDGE_CURVE('',#4240,#4241,#4867,.T.);
#3203=EDGE_CURVE('',#4241,#3863,#4868,.T.);
#3204=EDGE_CURVE('',#4242,#3861,#4869,.T.);
#3205=EDGE_CURVE('',#4242,#4240,#4870,.T.);
#3206=EDGE_CURVE('',#4243,#3867,#4871,.T.);
#3207=EDGE_CURVE('',#4243,#4242,#373,.T.);
#3208=EDGE_CURVE('',#4244,#3866,#4872,.T.);
#3209=EDGE_CURVE('',#4244,#4243,#4873,.T.);
#3210=EDGE_CURVE('',#4245,#3865,#4874,.T.);
#3211=EDGE_CURVE('',#4245,#4244,#4875,.T.);
#3212=EDGE_CURVE('',#4246,#3864,#4876,.T.);
#3213=EDGE_CURVE('',#4246,#4245,#4877,.T.);
#3214=EDGE_CURVE('',#4241,#4246,#4878,.T.);
#3215=EDGE_CURVE('',#4247,#4248,#4879,.T.);
#3216=EDGE_CURVE('',#4249,#4248,#4880,.T.);
#3217=EDGE_CURVE('',#4250,#4249,#4881,.T.);
#3218=EDGE_CURVE('',#4250,#4247,#4882,.T.);
#3219=EDGE_CURVE('',#4248,#4251,#4883,.T.);
#3220=EDGE_CURVE('',#4252,#4251,#4884,.T.);
#3221=EDGE_CURVE('',#4249,#4252,#4885,.T.);
#3222=EDGE_CURVE('',#4251,#4253,#4886,.T.);
#3223=EDGE_CURVE('',#4254,#4253,#4887,.T.);
#3224=EDGE_CURVE('',#4252,#4254,#4888,.T.);
#3225=EDGE_CURVE('',#4255,#3907,#4889,.T.);
#3226=EDGE_CURVE('',#4255,#4256,#374,.T.);
#3227=EDGE_CURVE('',#4256,#3908,#4890,.T.);
#3228=EDGE_CURVE('',#4257,#3906,#4891,.T.);
#3229=EDGE_CURVE('',#4257,#4255,#4892,.T.);
#3230=EDGE_CURVE('',#4258,#3921,#4893,.T.);
#3231=EDGE_CURVE('',#4258,#4257,#4894,.T.);
#3232=EDGE_CURVE('',#4259,#3920,#4895,.T.);
#3233=EDGE_CURVE('',#4259,#4258,#4896,.T.);
#3234=EDGE_CURVE('',#4260,#3919,#4897,.T.);
#3235=EDGE_CURVE('',#4260,#4259,#4898,.T.);
#3236=EDGE_CURVE('',#4261,#3918,#4899,.T.);
#3237=EDGE_CURVE('',#4261,#4260,#4900,.T.);
#3238=EDGE_CURVE('',#4262,#3917,#4901,.T.);
#3239=EDGE_CURVE('',#4262,#4261,#4902,.T.);
#3240=EDGE_CURVE('',#4263,#3916,#4903,.T.);
#3241=EDGE_CURVE('',#4263,#4262,#4904,.T.);
#3242=EDGE_CURVE('',#4264,#3915,#4905,.T.);
#3243=EDGE_CURVE('',#4264,#4263,#4906,.T.);
#3244=EDGE_CURVE('',#4265,#3914,#4907,.T.);
#3245=EDGE_CURVE('',#4265,#4264,#4908,.T.);
#3246=EDGE_CURVE('',#4266,#3913,#4909,.T.);
#3247=EDGE_CURVE('',#4266,#4265,#4910,.T.);
#3248=EDGE_CURVE('',#4267,#3912,#4911,.T.);
#3249=EDGE_CURVE('',#4267,#4266,#4912,.T.);
#3250=EDGE_CURVE('',#4268,#3911,#4913,.T.);
#3251=EDGE_CURVE('',#4268,#4267,#4914,.T.);
#3252=EDGE_CURVE('',#4269,#3910,#4915,.T.);
#3253=EDGE_CURVE('',#4269,#4268,#4916,.T.);
#3254=EDGE_CURVE('',#4270,#3909,#4917,.T.);
#3255=EDGE_CURVE('',#4270,#4269,#4918,.T.);
#3256=EDGE_CURVE('',#4256,#4270,#4919,.T.);
#3257=EDGE_CURVE('',#4253,#4247,#4920,.T.);
#3258=EDGE_CURVE('',#4254,#4250,#4921,.T.);
#3259=EDGE_CURVE('',#4271,#3858,#4922,.T.);
#3260=EDGE_CURVE('',#4272,#4271,#4923,.T.);
#3261=EDGE_CURVE('',#4272,#3857,#4924,.T.);
#3262=EDGE_CURVE('',#4273,#3860,#4925,.T.);
#3263=EDGE_CURVE('',#4271,#4273,#4926,.T.);
#3264=EDGE_CURVE('',#4274,#3859,#4927,.T.);
#3265=EDGE_CURVE('',#4273,#4274,#4928,.T.);
#3266=EDGE_CURVE('',#4274,#4272,#4929,.T.);
#3267=EDGE_CURVE('',#4275,#3923,#4930,.T.);
#3268=EDGE_CURVE('',#4275,#4276,#4931,.T.);
#3269=EDGE_CURVE('',#4276,#3924,#4932,.T.);
#3270=EDGE_CURVE('',#4277,#3922,#4933,.T.);
#3271=EDGE_CURVE('',#4277,#4275,#4934,.T.);
#3272=EDGE_CURVE('',#4278,#3933,#4935,.T.);
#3273=EDGE_CURVE('',#4278,#4277,#4936,.T.);
#3274=EDGE_CURVE('',#4279,#3932,#4937,.T.);
#3275=EDGE_CURVE('',#4279,#4278,#4938,.T.);
#3276=EDGE_CURVE('',#4280,#3931,#4939,.T.);
#3277=EDGE_CURVE('',#4280,#4279,#4940,.T.);
#3278=EDGE_CURVE('',#4281,#3930,#4941,.T.);
#3279=EDGE_CURVE('',#4281,#4280,#4942,.T.);
#3280=EDGE_CURVE('',#4282,#3929,#4943,.T.);
#3281=EDGE_CURVE('',#4282,#4281,#4944,.T.);
#3282=EDGE_CURVE('',#4283,#3928,#4945,.T.);
#3283=EDGE_CURVE('',#4283,#4282,#4946,.T.);
#3284=EDGE_CURVE('',#4284,#3927,#4947,.T.);
#3285=EDGE_CURVE('',#4284,#4283,#4948,.T.);
#3286=EDGE_CURVE('',#4285,#3926,#4949,.T.);
#3287=EDGE_CURVE('',#4285,#4284,#4950,.T.);
#3288=EDGE_CURVE('',#4286,#3925,#4951,.T.);
#3289=EDGE_CURVE('',#4286,#4285,#4952,.T.);
#3290=EDGE_CURVE('',#4276,#4286,#4953,.T.);
#3291=EDGE_CURVE('',#4287,#3935,#4954,.T.);
#3292=EDGE_CURVE('',#4287,#4288,#4955,.T.);
#3293=EDGE_CURVE('',#4288,#3936,#4956,.T.);
#3294=EDGE_CURVE('',#4289,#3934,#4957,.T.);
#3295=EDGE_CURVE('',#4289,#4287,#4958,.T.);
#3296=EDGE_CURVE('',#4290,#3939,#4959,.T.);
#3297=EDGE_CURVE('',#4290,#4289,#4960,.T.);
#3298=EDGE_CURVE('',#4291,#3938,#4961,.T.);
#3299=EDGE_CURVE('',#4291,#4290,#4962,.T.);
#3300=EDGE_CURVE('',#4292,#3937,#4963,.T.);
#3301=EDGE_CURVE('',#4292,#4291,#4964,.T.);
#3302=EDGE_CURVE('',#4288,#4292,#4965,.T.);
#3303=EDGE_CURVE('',#4293,#3941,#4966,.T.);
#3304=EDGE_CURVE('',#4293,#4294,#4967,.T.);
#3305=EDGE_CURVE('',#4294,#3942,#4968,.T.);
#3306=EDGE_CURVE('',#4295,#3940,#4969,.T.);
#3307=EDGE_CURVE('',#4295,#4293,#4970,.T.);
#3308=EDGE_CURVE('',#4296,#3951,#4971,.T.);
#3309=EDGE_CURVE('',#4296,#4295,#4972,.T.);
#3310=EDGE_CURVE('',#4297,#3950,#4973,.T.);
#3311=EDGE_CURVE('',#4297,#4296,#4974,.T.);
#3312=EDGE_CURVE('',#4298,#3949,#4975,.T.);
#3313=EDGE_CURVE('',#4298,#4297,#4976,.T.);
#3314=EDGE_CURVE('',#4299,#3948,#4977,.T.);
#3315=EDGE_CURVE('',#4299,#4298,#4978,.T.);
#3316=EDGE_CURVE('',#4300,#3947,#4979,.T.);
#3317=EDGE_CURVE('',#4300,#4299,#4980,.T.);
#3318=EDGE_CURVE('',#4301,#3946,#4981,.T.);
#3319=EDGE_CURVE('',#4301,#4300,#4982,.T.);
#3320=EDGE_CURVE('',#4302,#3945,#4983,.T.);
#3321=EDGE_CURVE('',#4302,#4301,#4984,.T.);
#3322=EDGE_CURVE('',#4303,#3944,#4985,.T.);
#3323=EDGE_CURVE('',#4303,#4302,#4986,.T.);
#3324=EDGE_CURVE('',#4304,#3943,#4987,.T.);
#3325=EDGE_CURVE('',#4304,#4303,#4988,.T.);
#3326=EDGE_CURVE('',#4294,#4304,#4989,.T.);
#3327=EDGE_CURVE('',#4305,#3953,#4990,.T.);
#3328=EDGE_CURVE('',#4305,#4306,#4991,.T.);
#3329=EDGE_CURVE('',#4306,#3954,#4992,.T.);
#3330=EDGE_CURVE('',#4307,#3952,#4993,.T.);
#3331=EDGE_CURVE('',#4307,#4305,#375,.F.);
#3332=EDGE_CURVE('',#4308,#3981,#4994,.T.);
#3333=EDGE_CURVE('',#4308,#4307,#376,.F.);
#3334=EDGE_CURVE('',#4309,#3980,#4995,.T.);
#3335=EDGE_CURVE('',#4309,#4308,#377,.F.);
#3336=EDGE_CURVE('',#4310,#3979,#4996,.T.);
#3337=EDGE_CURVE('',#4310,#4309,#378,.F.);
#3338=EDGE_CURVE('',#4311,#3978,#4997,.T.);
#3339=EDGE_CURVE('',#4311,#4310,#379,.F.);
#3340=EDGE_CURVE('',#4312,#3977,#4998,.T.);
#3341=EDGE_CURVE('',#4312,#4311,#380,.F.);
#3342=EDGE_CURVE('',#4313,#3976,#4999,.T.);
#3343=EDGE_CURVE('',#4313,#4312,#204,.T.);
#3344=EDGE_CURVE('',#4314,#3975,#5000,.T.);
#3345=EDGE_CURVE('',#4314,#4313,#205,.T.);
#3346=EDGE_CURVE('',#4315,#3974,#5001,.T.);
#3347=EDGE_CURVE('',#4315,#4314,#381,.F.);
#3348=EDGE_CURVE('',#4316,#3973,#5002,.T.);
#3349=EDGE_CURVE('',#4316,#4315,#382,.F.);
#3350=EDGE_CURVE('',#4317,#3972,#5003,.T.);
#3351=EDGE_CURVE('',#4317,#4316,#383,.F.);
#3352=EDGE_CURVE('',#4318,#3971,#5004,.T.);
#3353=EDGE_CURVE('',#4318,#4317,#384,.F.);
#3354=EDGE_CURVE('',#4319,#3970,#5005,.T.);
#3355=EDGE_CURVE('',#4319,#4318,#385,.F.);
#3356=EDGE_CURVE('',#4320,#3969,#5006,.T.);
#3357=EDGE_CURVE('',#4320,#4319,#386,.F.);
#3358=EDGE_CURVE('',#4321,#3968,#5007,.T.);
#3359=EDGE_CURVE('',#4321,#4320,#5008,.T.);
#3360=EDGE_CURVE('',#4322,#3967,#5009,.T.);
#3361=EDGE_CURVE('',#4322,#4321,#387,.T.);
#3362=EDGE_CURVE('',#4323,#3966,#5010,.T.);
#3363=EDGE_CURVE('',#4323,#4322,#388,.T.);
#3364=EDGE_CURVE('',#4324,#3965,#5011,.T.);
#3365=EDGE_CURVE('',#4324,#4323,#389,.T.);
#3366=EDGE_CURVE('',#4325,#3964,#5012,.T.);
#3367=EDGE_CURVE('',#4325,#4324,#390,.T.);
#3368=EDGE_CURVE('',#4326,#3963,#5013,.T.);
#3369=EDGE_CURVE('',#4326,#4325,#391,.T.);
#3370=EDGE_CURVE('',#4327,#3962,#5014,.T.);
#3371=EDGE_CURVE('',#4327,#4326,#392,.T.);
#3372=EDGE_CURVE('',#4328,#3961,#5015,.T.);
#3373=EDGE_CURVE('',#4328,#4327,#206,.T.);
#3374=EDGE_CURVE('',#4329,#3960,#5016,.T.);
#3375=EDGE_CURVE('',#4329,#4328,#207,.T.);
#3376=EDGE_CURVE('',#4330,#3959,#5017,.T.);
#3377=EDGE_CURVE('',#4330,#4329,#393,.T.);
#3378=EDGE_CURVE('',#4331,#3958,#5018,.T.);
#3379=EDGE_CURVE('',#4331,#4330,#394,.T.);
#3380=EDGE_CURVE('',#4332,#3957,#5019,.T.);
#3381=EDGE_CURVE('',#4332,#4331,#395,.T.);
#3382=EDGE_CURVE('',#4333,#3956,#5020,.T.);
#3383=EDGE_CURVE('',#4333,#4332,#396,.T.);
#3384=EDGE_CURVE('',#4334,#3955,#5021,.T.);
#3385=EDGE_CURVE('',#4334,#4333,#397,.T.);
#3386=EDGE_CURVE('',#4306,#4334,#398,.T.);
#3387=EDGE_CURVE('',#4335,#3983,#5022,.T.);
#3388=EDGE_CURVE('',#4335,#4336,#5023,.T.);
#3389=EDGE_CURVE('',#4336,#3984,#5024,.T.);
#3390=EDGE_CURVE('',#4337,#3982,#5025,.T.);
#3391=EDGE_CURVE('',#4337,#4335,#5026,.T.);
#3392=EDGE_CURVE('',#4338,#3989,#5027,.T.);
#3393=EDGE_CURVE('',#4338,#4337,#5028,.T.);
#3394=EDGE_CURVE('',#4339,#3988,#5029,.T.);
#3395=EDGE_CURVE('',#4339,#4338,#5030,.T.);
#3396=EDGE_CURVE('',#4340,#3987,#5031,.T.);
#3397=EDGE_CURVE('',#4340,#4339,#5032,.T.);
#3398=EDGE_CURVE('',#4341,#3986,#5033,.T.);
#3399=EDGE_CURVE('',#4341,#4340,#5034,.T.);
#3400=EDGE_CURVE('',#4342,#3985,#5035,.T.);
#3401=EDGE_CURVE('',#4342,#4341,#5036,.T.);
#3402=EDGE_CURVE('',#4336,#4342,#5037,.T.);
#3403=EDGE_CURVE('',#4343,#3991,#5038,.T.);
#3404=EDGE_CURVE('',#4343,#4344,#5039,.T.);
#3405=EDGE_CURVE('',#4344,#3992,#5040,.T.);
#3406=EDGE_CURVE('',#4345,#3990,#5041,.T.);
#3407=EDGE_CURVE('',#4345,#4343,#5042,.T.);
#3408=EDGE_CURVE('',#4346,#4004,#5043,.T.);
#3409=EDGE_CURVE('',#4346,#4345,#5044,.T.);
#3410=EDGE_CURVE('',#4347,#4003,#5045,.T.);
#3411=EDGE_CURVE('',#4347,#4346,#5046,.T.);
#3412=EDGE_CURVE('',#4348,#4002,#5047,.T.);
#3413=EDGE_CURVE('',#4348,#4347,#5048,.T.);
#3414=EDGE_CURVE('',#4349,#4001,#5049,.T.);
#3415=EDGE_CURVE('',#4349,#4348,#5050,.T.);
#3416=EDGE_CURVE('',#4350,#4000,#5051,.T.);
#3417=EDGE_CURVE('',#4350,#4349,#399,.F.);
#3418=EDGE_CURVE('',#4351,#3999,#5052,.T.);
#3419=EDGE_CURVE('',#4351,#4350,#400,.F.);
#3420=EDGE_CURVE('',#4352,#3998,#5053,.T.);
#3421=EDGE_CURVE('',#4352,#4351,#401,.F.);
#3422=EDGE_CURVE('',#4353,#3997,#5054,.T.);
#3423=EDGE_CURVE('',#4353,#4352,#402,.F.);
#3424=EDGE_CURVE('',#4354,#3996,#5055,.T.);
#3425=EDGE_CURVE('',#4354,#4353,#403,.F.);
#3426=EDGE_CURVE('',#4355,#3995,#5056,.T.);
#3427=EDGE_CURVE('',#4355,#4354,#208,.T.);
#3428=EDGE_CURVE('',#4356,#3994,#5057,.T.);
#3429=EDGE_CURVE('',#4356,#4355,#5058,.T.);
#3430=EDGE_CURVE('',#4357,#3993,#5059,.T.);
#3431=EDGE_CURVE('',#4357,#4356,#5060,.T.);
#3432=EDGE_CURVE('',#4358,#4359,#5061,.T.);
#3433=EDGE_CURVE('',#4360,#4358,#5062,.T.);
#3434=EDGE_CURVE('',#4360,#4361,#5063,.T.);
#3435=EDGE_CURVE('',#4361,#4359,#5064,.T.);
#3436=EDGE_CURVE('',#4362,#4358,#5065,.T.);
#3437=EDGE_CURVE('',#4363,#4362,#5066,.T.);
#3438=EDGE_CURVE('',#4363,#4360,#5067,.T.);
#3439=EDGE_CURVE('',#4364,#4362,#5068,.T.);
#3440=EDGE_CURVE('',#4365,#4364,#5069,.T.);
#3441=EDGE_CURVE('',#4365,#4363,#5070,.T.);
#3442=EDGE_CURVE('',#4366,#4364,#209,.T.);
#3443=EDGE_CURVE('',#4367,#4366,#5071,.T.);
#3444=EDGE_CURVE('',#4367,#4365,#210,.T.);
#3445=EDGE_CURVE('',#4368,#4366,#404,.T.);
#3446=EDGE_CURVE('',#4369,#4368,#5072,.T.);
#3447=EDGE_CURVE('',#4369,#4367,#405,.T.);
#3448=EDGE_CURVE('',#4370,#4368,#406,.T.);
#3449=EDGE_CURVE('',#4371,#4370,#5073,.T.);
#3450=EDGE_CURVE('',#4371,#4369,#407,.T.);
#3451=EDGE_CURVE('',#4372,#4370,#408,.T.);
#3452=EDGE_CURVE('',#4373,#4372,#5074,.T.);
#3453=EDGE_CURVE('',#4373,#4371,#409,.T.);
#3454=EDGE_CURVE('',#4374,#4372,#410,.T.);
#3455=EDGE_CURVE('',#4375,#4374,#5075,.T.);
#3456=EDGE_CURVE('',#4375,#4373,#411,.T.);
#3457=EDGE_CURVE('',#4359,#4374,#211,.T.);
#3458=EDGE_CURVE('',#4361,#4375,#212,.T.);
#3459=EDGE_CURVE('',#4344,#4357,#5076,.T.);
#3460=EDGE_CURVE('',#4376,#4006,#5077,.T.);
#3461=EDGE_CURVE('',#4376,#4377,#5078,.T.);
#3462=EDGE_CURVE('',#4377,#4007,#5079,.T.);
#3463=EDGE_CURVE('',#4378,#4005,#5080,.T.);
#3464=EDGE_CURVE('',#4378,#4376,#5081,.T.);
#3465=EDGE_CURVE('',#4379,#4016,#5082,.T.);
#3466=EDGE_CURVE('',#4379,#4378,#5083,.T.);
#3467=EDGE_CURVE('',#4380,#4015,#5084,.T.);
#3468=EDGE_CURVE('',#4380,#4379,#5085,.T.);
#3469=EDGE_CURVE('',#4381,#4014,#5086,.T.);
#3470=EDGE_CURVE('',#4381,#4380,#5087,.T.);
#3471=EDGE_CURVE('',#4382,#4013,#5088,.T.);
#3472=EDGE_CURVE('',#4382,#4381,#5089,.T.);
#3473=EDGE_CURVE('',#4383,#4012,#5090,.T.);
#3474=EDGE_CURVE('',#4383,#4382,#5091,.T.);
#3475=EDGE_CURVE('',#4384,#4011,#5092,.T.);
#3476=EDGE_CURVE('',#4384,#4383,#5093,.T.);
#3477=EDGE_CURVE('',#4385,#4010,#5094,.T.);
#3478=EDGE_CURVE('',#4385,#4384,#5095,.T.);
#3479=EDGE_CURVE('',#4386,#4009,#5096,.T.);
#3480=EDGE_CURVE('',#4386,#4385,#5097,.T.);
#3481=EDGE_CURVE('',#4387,#4008,#5098,.T.);
#3482=EDGE_CURVE('',#4387,#4386,#5099,.T.);
#3483=EDGE_CURVE('',#4377,#4387,#5100,.T.);
#3484=EDGE_CURVE('',#4388,#4018,#5101,.T.);
#3485=EDGE_CURVE('',#4388,#4389,#5102,.T.);
#3486=EDGE_CURVE('',#4389,#4019,#5103,.T.);
#3487=EDGE_CURVE('',#4390,#4017,#5104,.T.);
#3488=EDGE_CURVE('',#4390,#4388,#5105,.T.);
#3489=EDGE_CURVE('',#4391,#4030,#5106,.T.);
#3490=EDGE_CURVE('',#4391,#4390,#5107,.T.);
#3491=EDGE_CURVE('',#4392,#4029,#5108,.T.);
#3492=EDGE_CURVE('',#4392,#4391,#5109,.T.);
#3493=EDGE_CURVE('',#4393,#4028,#5110,.T.);
#3494=EDGE_CURVE('',#4393,#4392,#5111,.T.);
#3495=EDGE_CURVE('',#4394,#4027,#5112,.T.);
#3496=EDGE_CURVE('',#4394,#4393,#5113,.T.);
#3497=EDGE_CURVE('',#4395,#4026,#5114,.T.);
#3498=EDGE_CURVE('',#4395,#4394,#5115,.T.);
#3499=EDGE_CURVE('',#4396,#4025,#5116,.T.);
#3500=EDGE_CURVE('',#4396,#4395,#5117,.T.);
#3501=EDGE_CURVE('',#4397,#4024,#5118,.T.);
#3502=EDGE_CURVE('',#4397,#4396,#5119,.T.);
#3503=EDGE_CURVE('',#4398,#4023,#5120,.T.);
#3504=EDGE_CURVE('',#4398,#4397,#412,.T.);
#3505=EDGE_CURVE('',#4399,#4022,#5121,.T.);
#3506=EDGE_CURVE('',#4399,#4398,#5122,.T.);
#3507=EDGE_CURVE('',#4400,#4021,#5123,.T.);
#3508=EDGE_CURVE('',#4400,#4399,#413,.T.);
#3509=EDGE_CURVE('',#4401,#4020,#5124,.T.);
#3510=EDGE_CURVE('',#4401,#4400,#5125,.T.);
#3511=EDGE_CURVE('',#4389,#4401,#5126,.T.);
#3512=EDGE_CURVE('',#4402,#4032,#5127,.T.);
#3513=EDGE_CURVE('',#4402,#4403,#5128,.T.);
#3514=EDGE_CURVE('',#4403,#4033,#5129,.T.);
#3515=EDGE_CURVE('',#4404,#4031,#5130,.T.);
#3516=EDGE_CURVE('',#4404,#4402,#5131,.T.);
#3517=EDGE_CURVE('',#4405,#4044,#5132,.T.);
#3518=EDGE_CURVE('',#4405,#4404,#5133,.T.);
#3519=EDGE_CURVE('',#4406,#4043,#5134,.T.);
#3520=EDGE_CURVE('',#4406,#4405,#5135,.T.);
#3521=EDGE_CURVE('',#4407,#4042,#5136,.T.);
#3522=EDGE_CURVE('',#4407,#4406,#5137,.T.);
#3523=EDGE_CURVE('',#4408,#4041,#5138,.T.);
#3524=EDGE_CURVE('',#4408,#4407,#5139,.T.);
#3525=EDGE_CURVE('',#4409,#4040,#5140,.T.);
#3526=EDGE_CURVE('',#4409,#4408,#5141,.T.);
#3527=EDGE_CURVE('',#4410,#4039,#5142,.T.);
#3528=EDGE_CURVE('',#4410,#4409,#5143,.T.);
#3529=EDGE_CURVE('',#4411,#4038,#5144,.T.);
#3530=EDGE_CURVE('',#4411,#4410,#5145,.T.);
#3531=EDGE_CURVE('',#4412,#4037,#5146,.T.);
#3532=EDGE_CURVE('',#4412,#4411,#5147,.T.);
#3533=EDGE_CURVE('',#4413,#4036,#5148,.T.);
#3534=EDGE_CURVE('',#4413,#4412,#5149,.T.);
#3535=EDGE_CURVE('',#4414,#4035,#5150,.T.);
#3536=EDGE_CURVE('',#4414,#4413,#5151,.T.);
#3537=EDGE_CURVE('',#4415,#4034,#5152,.T.);
#3538=EDGE_CURVE('',#4415,#4414,#5153,.T.);
#3539=EDGE_CURVE('',#4403,#4415,#5154,.T.);
#3540=EDGE_CURVE('',#4416,#4046,#5155,.T.);
#3541=EDGE_CURVE('',#4416,#4417,#5156,.T.);
#3542=EDGE_CURVE('',#4417,#4047,#5157,.T.);
#3543=EDGE_CURVE('',#4418,#4045,#5158,.T.);
#3544=EDGE_CURVE('',#4418,#4416,#5159,.T.);
#3545=EDGE_CURVE('',#4419,#4058,#5160,.T.);
#3546=EDGE_CURVE('',#4419,#4418,#5161,.T.);
#3547=EDGE_CURVE('',#4420,#4057,#5162,.T.);
#3548=EDGE_CURVE('',#4420,#4419,#5163,.T.);
#3549=EDGE_CURVE('',#4421,#4056,#5164,.T.);
#3550=EDGE_CURVE('',#4421,#4420,#5165,.T.);
#3551=EDGE_CURVE('',#4422,#4055,#5166,.T.);
#3552=EDGE_CURVE('',#4422,#4421,#5167,.T.);
#3553=EDGE_CURVE('',#4423,#4054,#5168,.T.);
#3554=EDGE_CURVE('',#4423,#4422,#5169,.T.);
#3555=EDGE_CURVE('',#4424,#4053,#5170,.T.);
#3556=EDGE_CURVE('',#4424,#4423,#5171,.T.);
#3557=EDGE_CURVE('',#4425,#4052,#5172,.T.);
#3558=EDGE_CURVE('',#4425,#4424,#5173,.T.);
#3559=EDGE_CURVE('',#4426,#4051,#5174,.T.);
#3560=EDGE_CURVE('',#4426,#4425,#5175,.T.);
#3561=EDGE_CURVE('',#4427,#4050,#5176,.T.);
#3562=EDGE_CURVE('',#4427,#4426,#5177,.T.);
#3563=EDGE_CURVE('',#4428,#4049,#5178,.T.);
#3564=EDGE_CURVE('',#4428,#4427,#5179,.T.);
#3565=EDGE_CURVE('',#4429,#4048,#5180,.T.);
#3566=EDGE_CURVE('',#4429,#4428,#5181,.T.);
#3567=EDGE_CURVE('',#4417,#4429,#5182,.T.);
#3568=EDGE_CURVE('',#4430,#4060,#5183,.T.);
#3569=EDGE_CURVE('',#4430,#4431,#5184,.T.);
#3570=EDGE_CURVE('',#4431,#4061,#5185,.T.);
#3571=EDGE_CURVE('',#4432,#4059,#5186,.T.);
#3572=EDGE_CURVE('',#4432,#4430,#5187,.T.);
#3573=EDGE_CURVE('',#4433,#4072,#5188,.T.);
#3574=EDGE_CURVE('',#4433,#4432,#5189,.T.);
#3575=EDGE_CURVE('',#4434,#4071,#5190,.T.);
#3576=EDGE_CURVE('',#4434,#4433,#5191,.T.);
#3577=EDGE_CURVE('',#4435,#4070,#5192,.T.);
#3578=EDGE_CURVE('',#4435,#4434,#5193,.T.);
#3579=EDGE_CURVE('',#4436,#4069,#5194,.T.);
#3580=EDGE_CURVE('',#4436,#4435,#5195,.T.);
#3581=EDGE_CURVE('',#4437,#4068,#5196,.T.);
#3582=EDGE_CURVE('',#4437,#4436,#5197,.T.);
#3583=EDGE_CURVE('',#4438,#4067,#5198,.T.);
#3584=EDGE_CURVE('',#4438,#4437,#5199,.T.);
#3585=EDGE_CURVE('',#4439,#4066,#5200,.T.);
#3586=EDGE_CURVE('',#4439,#4438,#5201,.T.);
#3587=EDGE_CURVE('',#4440,#4065,#5202,.T.);
#3588=EDGE_CURVE('',#4440,#4439,#414,.T.);
#3589=EDGE_CURVE('',#4441,#4064,#5203,.T.);
#3590=EDGE_CURVE('',#4441,#4440,#5204,.T.);
#3591=EDGE_CURVE('',#4442,#4063,#5205,.T.);
#3592=EDGE_CURVE('',#4442,#4441,#415,.T.);
#3593=EDGE_CURVE('',#4443,#4062,#5206,.T.);
#3594=EDGE_CURVE('',#4443,#4442,#5207,.T.);
#3595=EDGE_CURVE('',#4431,#4443,#5208,.T.);
#3596=EDGE_CURVE('',#4444,#4074,#5209,.T.);
#3597=EDGE_CURVE('',#4444,#4445,#5210,.T.);
#3598=EDGE_CURVE('',#4445,#4075,#5211,.T.);
#3599=EDGE_CURVE('',#4446,#4073,#5212,.T.);
#3600=EDGE_CURVE('',#4446,#4444,#5213,.T.);
#3601=EDGE_CURVE('',#4447,#4076,#5214,.T.);
#3602=EDGE_CURVE('',#4447,#4446,#5215,.T.);
#3603=EDGE_CURVE('',#4445,#4447,#5216,.T.);
#3604=EDGE_CURVE('',#4448,#4078,#5217,.T.);
#3605=EDGE_CURVE('',#4448,#4449,#5218,.T.);
#3606=EDGE_CURVE('',#4449,#4079,#5219,.T.);
#3607=EDGE_CURVE('',#4450,#4077,#5220,.T.);
#3608=EDGE_CURVE('',#4450,#4448,#416,.F.);
#3609=EDGE_CURVE('',#4451,#4106,#5221,.T.);
#3610=EDGE_CURVE('',#4451,#4450,#417,.F.);
#3611=EDGE_CURVE('',#4452,#4105,#5222,.T.);
#3612=EDGE_CURVE('',#4452,#4451,#418,.F.);
#3613=EDGE_CURVE('',#4453,#4104,#5223,.T.);
#3614=EDGE_CURVE('',#4453,#4452,#419,.F.);
#3615=EDGE_CURVE('',#4454,#4103,#5224,.T.);
#3616=EDGE_CURVE('',#4454,#4453,#420,.F.);
#3617=EDGE_CURVE('',#4455,#4102,#5225,.T.);
#3618=EDGE_CURVE('',#4455,#4454,#421,.F.);
#3619=EDGE_CURVE('',#4456,#4101,#5226,.T.);
#3620=EDGE_CURVE('',#4456,#4455,#213,.T.);
#3621=EDGE_CURVE('',#4457,#4100,#5227,.T.);
#3622=EDGE_CURVE('',#4457,#4456,#214,.T.);
#3623=EDGE_CURVE('',#4458,#4099,#5228,.T.);
#3624=EDGE_CURVE('',#4458,#4457,#422,.F.);
#3625=EDGE_CURVE('',#4459,#4098,#5229,.T.);
#3626=EDGE_CURVE('',#4459,#4458,#423,.F.);
#3627=EDGE_CURVE('',#4460,#4097,#5230,.T.);
#3628=EDGE_CURVE('',#4460,#4459,#424,.F.);
#3629=EDGE_CURVE('',#4461,#4096,#5231,.T.);
#3630=EDGE_CURVE('',#4461,#4460,#425,.F.);
#3631=EDGE_CURVE('',#4462,#4095,#5232,.T.);
#3632=EDGE_CURVE('',#4462,#4461,#426,.F.);
#3633=EDGE_CURVE('',#4463,#4094,#5233,.T.);
#3634=EDGE_CURVE('',#4463,#4462,#427,.F.);
#3635=EDGE_CURVE('',#4464,#4093,#5234,.T.);
#3636=EDGE_CURVE('',#4464,#4463,#5235,.T.);
#3637=EDGE_CURVE('',#4465,#4092,#5236,.T.);
#3638=EDGE_CURVE('',#4465,#4464,#428,.T.);
#3639=EDGE_CURVE('',#4466,#4091,#5237,.T.);
#3640=EDGE_CURVE('',#4466,#4465,#429,.T.);
#3641=EDGE_CURVE('',#4467,#4090,#5238,.T.);
#3642=EDGE_CURVE('',#4467,#4466,#430,.T.);
#3643=EDGE_CURVE('',#4468,#4089,#5239,.T.);
#3644=EDGE_CURVE('',#4468,#4467,#431,.T.);
#3645=EDGE_CURVE('',#4469,#4088,#5240,.T.);
#3646=EDGE_CURVE('',#4469,#4468,#432,.T.);
#3647=EDGE_CURVE('',#4470,#4087,#5241,.T.);
#3648=EDGE_CURVE('',#4470,#4469,#433,.T.);
#3649=EDGE_CURVE('',#4471,#4086,#5242,.T.);
#3650=EDGE_CURVE('',#4471,#4470,#215,.T.);
#3651=EDGE_CURVE('',#4472,#4085,#5243,.T.);
#3652=EDGE_CURVE('',#4472,#4471,#216,.T.);
#3653=EDGE_CURVE('',#4473,#4084,#5244,.T.);
#3654=EDGE_CURVE('',#4473,#4472,#434,.T.);
#3655=EDGE_CURVE('',#4474,#4083,#5245,.T.);
#3656=EDGE_CURVE('',#4474,#4473,#435,.T.);
#3657=EDGE_CURVE('',#4475,#4082,#5246,.T.);
#3658=EDGE_CURVE('',#4475,#4474,#436,.T.);
#3659=EDGE_CURVE('',#4476,#4081,#5247,.T.);
#3660=EDGE_CURVE('',#4476,#4475,#437,.T.);
#3661=EDGE_CURVE('',#4477,#4080,#5248,.T.);
#3662=EDGE_CURVE('',#4477,#4476,#438,.T.);
#3663=EDGE_CURVE('',#4449,#4477,#439,.T.);
#3664=EDGE_CURVE('',#4478,#4108,#5249,.T.);
#3665=EDGE_CURVE('',#4478,#4479,#440,.T.);
#3666=EDGE_CURVE('',#4479,#4109,#5250,.T.);
#3667=EDGE_CURVE('',#4480,#4107,#5251,.T.);
#3668=EDGE_CURVE('',#4480,#4478,#5252,.T.);
#3669=EDGE_CURVE('',#4481,#4146,#5253,.T.);
#3670=EDGE_CURVE('',#4481,#4480,#441,.F.);
#3671=EDGE_CURVE('',#4482,#4145,#5254,.T.);
#3672=EDGE_CURVE('',#4482,#4481,#442,.F.);
#3673=EDGE_CURVE('',#4483,#4144,#5255,.T.);
#3674=EDGE_CURVE('',#4483,#4482,#443,.F.);
#3675=EDGE_CURVE('',#4484,#4143,#5256,.T.);
#3676=EDGE_CURVE('',#4484,#4483,#444,.F.);
#3677=EDGE_CURVE('',#4485,#4142,#5257,.T.);
#3678=EDGE_CURVE('',#4485,#4484,#445,.F.);
#3679=EDGE_CURVE('',#4486,#4141,#5258,.T.);
#3680=EDGE_CURVE('',#4486,#4485,#446,.F.);
#3681=EDGE_CURVE('',#4487,#4140,#5259,.T.);
#3682=EDGE_CURVE('',#4487,#4486,#447,.F.);
#3683=EDGE_CURVE('',#4488,#4139,#5260,.T.);
#3684=EDGE_CURVE('',#4488,#4487,#217,.T.);
#3685=EDGE_CURVE('',#4489,#4138,#5261,.T.);
#3686=EDGE_CURVE('',#4489,#4488,#5262,.T.);
#3687=EDGE_CURVE('',#4490,#4137,#5263,.T.);
#3688=EDGE_CURVE('',#4490,#4489,#448,.T.);
#3689=EDGE_CURVE('',#4491,#4136,#5264,.T.);
#3690=EDGE_CURVE('',#4491,#4490,#449,.T.);
#3691=EDGE_CURVE('',#4492,#4135,#5265,.T.);
#3692=EDGE_CURVE('',#4492,#4491,#450,.T.);
#3693=EDGE_CURVE('',#4493,#4134,#5266,.T.);
#3694=EDGE_CURVE('',#4493,#4492,#451,.T.);
#3695=EDGE_CURVE('',#4494,#4133,#5267,.T.);
#3696=EDGE_CURVE('',#4494,#4493,#452,.T.);
#3697=EDGE_CURVE('',#4495,#4132,#5268,.T.);
#3698=EDGE_CURVE('',#4495,#4494,#453,.T.);
#3699=EDGE_CURVE('',#4496,#4131,#5269,.T.);
#3700=EDGE_CURVE('',#4496,#4495,#454,.T.);
#3701=EDGE_CURVE('',#4497,#4130,#5270,.T.);
#3702=EDGE_CURVE('',#4497,#4496,#455,.T.);
#3703=EDGE_CURVE('',#4498,#4129,#5271,.T.);
#3704=EDGE_CURVE('',#4498,#4497,#456,.T.);
#3705=EDGE_CURVE('',#4499,#4128,#5272,.T.);
#3706=EDGE_CURVE('',#4499,#4498,#5273,.T.);
#3707=EDGE_CURVE('',#4500,#4127,#5274,.T.);
#3708=EDGE_CURVE('',#4500,#4499,#457,.F.);
#3709=EDGE_CURVE('',#4501,#4126,#5275,.T.);
#3710=EDGE_CURVE('',#4501,#4500,#458,.F.);
#3711=EDGE_CURVE('',#4502,#4125,#5276,.T.);
#3712=EDGE_CURVE('',#4502,#4501,#459,.F.);
#3713=EDGE_CURVE('',#4503,#4124,#5277,.T.);
#3714=EDGE_CURVE('',#4503,#4502,#460,.F.);
#3715=EDGE_CURVE('',#4504,#4123,#5278,.T.);
#3716=EDGE_CURVE('',#4504,#4503,#461,.F.);
#3717=EDGE_CURVE('',#4505,#4122,#5279,.T.);
#3718=EDGE_CURVE('',#4505,#4504,#462,.F.);
#3719=EDGE_CURVE('',#4506,#4121,#5280,.T.);
#3720=EDGE_CURVE('',#4506,#4505,#463,.F.);
#3721=EDGE_CURVE('',#4507,#4120,#5281,.T.);
#3722=EDGE_CURVE('',#4507,#4506,#464,.F.);
#3723=EDGE_CURVE('',#4508,#4119,#5282,.T.);
#3724=EDGE_CURVE('',#4508,#4507,#465,.F.);
#3725=EDGE_CURVE('',#4509,#4118,#5283,.T.);
#3726=EDGE_CURVE('',#4509,#4508,#466,.F.);
#3727=EDGE_CURVE('',#4510,#4117,#5284,.T.);
#3728=EDGE_CURVE('',#4510,#4509,#5285,.T.);
#3729=EDGE_CURVE('',#4511,#4116,#5286,.T.);
#3730=EDGE_CURVE('',#4511,#4510,#467,.T.);
#3731=EDGE_CURVE('',#4512,#4115,#5287,.T.);
#3732=EDGE_CURVE('',#4512,#4511,#218,.T.);
#3733=EDGE_CURVE('',#4513,#4114,#5288,.T.);
#3734=EDGE_CURVE('',#4513,#4512,#468,.T.);
#3735=EDGE_CURVE('',#4514,#4113,#5289,.T.);
#3736=EDGE_CURVE('',#4514,#4513,#469,.T.);
#3737=EDGE_CURVE('',#4515,#4112,#5290,.T.);
#3738=EDGE_CURVE('',#4515,#4514,#470,.T.);
#3739=EDGE_CURVE('',#4516,#4111,#5291,.T.);
#3740=EDGE_CURVE('',#4516,#4515,#471,.T.);
#3741=EDGE_CURVE('',#4517,#4110,#5292,.T.);
#3742=EDGE_CURVE('',#4517,#4516,#472,.T.);
#3743=EDGE_CURVE('',#4479,#4517,#473,.T.);
#3744=EDGE_CURVE('',#4518,#4148,#5293,.T.);
#3745=EDGE_CURVE('',#4518,#4519,#5294,.T.);
#3746=EDGE_CURVE('',#4519,#4149,#5295,.T.);
#3747=EDGE_CURVE('',#4520,#4147,#5296,.T.);
#3748=EDGE_CURVE('',#4520,#4518,#5297,.T.);
#3749=EDGE_CURVE('',#4521,#4153,#5298,.T.);
#3750=EDGE_CURVE('',#4521,#4520,#474,.T.);
#3751=EDGE_CURVE('',#4522,#4152,#5299,.T.);
#3752=EDGE_CURVE('',#4522,#4521,#5300,.T.);
#3753=EDGE_CURVE('',#4523,#4151,#5301,.T.);
#3754=EDGE_CURVE('',#4523,#4522,#5302,.T.);
#3755=EDGE_CURVE('',#4524,#4150,#5303,.T.);
#3756=EDGE_CURVE('',#4524,#4523,#5304,.T.);
#3757=EDGE_CURVE('',#4519,#4524,#5305,.T.);
#3758=EDGE_CURVE('',#4525,#3830,#5306,.T.);
#3759=EDGE_CURVE('',#4526,#4525,#5307,.T.);
#3760=EDGE_CURVE('',#4526,#3829,#5308,.T.);
#3761=EDGE_CURVE('',#4179,#4527,#5309,.F.);
#3762=EDGE_CURVE('',#4526,#4527,#5310,.T.);
#3763=EDGE_CURVE('',#4525,#4528,#5311,.T.);
#3764=EDGE_CURVE('',#4528,#4178,#5312,.T.);
#3765=EDGE_CURVE('',#4527,#4163,#5313,.T.);
#3766=EDGE_CURVE('',#4158,#4528,#5314,.T.);
#3767=EDGE_CURVE('',#4529,#4529,#475,.T.);
#3768=EDGE_CURVE('',#4530,#4530,#476,.T.);
#3769=EDGE_CURVE('',#4531,#4531,#477,.T.);
#3770=EDGE_CURVE('',#4532,#4532,#478,.T.);
#3771=EDGE_CURVE('',#4533,#4533,#479,.T.);
#3772=EDGE_CURVE('',#4534,#4534,#480,.T.);
#3773=EDGE_CURVE('',#4535,#4535,#481,.T.);
#3774=EDGE_CURVE('',#4536,#4536,#482,.T.);
#3775=EDGE_CURVE('',#4176,#3850,#483,.T.);
#3776=EDGE_CURVE('',#3851,#4181,#484,.T.);
#3777=EDGE_CURVE('',#3852,#4180,#485,.T.);
#3778=EDGE_CURVE('',#4177,#3849,#486,.T.);
#3779=EDGE_CURVE('',#3845,#4173,#487,.T.);
#3780=EDGE_CURVE('',#4174,#3848,#488,.T.);
#3781=EDGE_CURVE('',#3846,#4172,#489,.T.);
#3782=EDGE_CURVE('',#4175,#3847,#490,.T.);
#3783=EDGE_CURVE('',#3812,#3819,#5315,.T.);
#3784=EDGE_CURVE('',#3820,#3811,#5316,.T.);
#3785=EDGE_CURVE('',#4537,#3842,#5317,.T.);
#3786=EDGE_CURVE('',#4538,#4537,#5318,.T.);
#3787=EDGE_CURVE('',#4538,#3841,#5319,.T.);
#3788=EDGE_CURVE('',#4539,#3844,#5320,.T.);
#3789=EDGE_CURVE('',#4537,#4539,#5321,.T.);
#3790=EDGE_CURVE('',#4540,#3843,#5322,.T.);
#3791=EDGE_CURVE('',#4539,#4540,#5323,.T.);
#3792=EDGE_CURVE('',#4540,#4538,#5324,.T.);
#3793=EDGE_CURVE('',#4541,#3821,#5325,.F.);
#3794=EDGE_CURVE('',#4541,#4542,#5326,.F.);
#3795=EDGE_CURVE('',#4542,#3822,#12,.T.);
#3796=EDGE_CURVE('',#4543,#4541,#5327,.T.);
#3797=EDGE_CURVE('',#4543,#3824,#5328,.T.);
#3798=EDGE_CURVE('',#3823,#4544,#13,.T.);
#3799=EDGE_CURVE('',#4543,#4544,#5329,.T.);
#3800=EDGE_CURVE('',#4544,#4542,#5330,.T.);
#3801=EDGE_CURVE('',#4545,#3813,#5331,.F.);
#3802=EDGE_CURVE('',#4545,#4546,#5332,.F.);
#3803=EDGE_CURVE('',#4546,#3814,#14,.T.);
#3804=EDGE_CURVE('',#4547,#4545,#5333,.T.);
#3805=EDGE_CURVE('',#4547,#3816,#5334,.T.);
#3806=EDGE_CURVE('',#3815,#4548,#15,.T.);
#3807=EDGE_CURVE('',#4547,#4548,#5335,.T.);
#3808=EDGE_CURVE('',#4548,#4546,#5336,.T.);
#3809=VERTEX_POINT('',#10498);
#3810=VERTEX_POINT('',#10499);
#3811=VERTEX_POINT('',#10501);
#3812=VERTEX_POINT('',#10503);
#3813=VERTEX_POINT('',#10506);
#3814=VERTEX_POINT('',#10507);
#3815=VERTEX_POINT('',#10509);
#3816=VERTEX_POINT('',#10511);
#3817=VERTEX_POINT('',#10515);
#3818=VERTEX_POINT('',#10516);
#3819=VERTEX_POINT('',#10518);
#3820=VERTEX_POINT('',#10520);
#3821=VERTEX_POINT('',#10523);
#3822=VERTEX_POINT('',#10524);
#3823=VERTEX_POINT('',#10526);
#3824=VERTEX_POINT('',#10528);
#3825=VERTEX_POINT('',#10532);
#3826=VERTEX_POINT('',#10534);
#3827=VERTEX_POINT('',#10536);
#3828=VERTEX_POINT('',#10538);
#3829=VERTEX_POINT('',#10540);
#3830=VERTEX_POINT('',#10541);
#3831=VERTEX_POINT('',#10543);
#3832=VERTEX_POINT('',#10545);
#3833=VERTEX_POINT('',#10547);
#3834=VERTEX_POINT('',#10549);
#3835=VERTEX_POINT('',#10551);
#3836=VERTEX_POINT('',#10553);
#3837=VERTEX_POINT('',#10556);
#3838=VERTEX_POINT('',#10557);
#3839=VERTEX_POINT('',#10559);
#3840=VERTEX_POINT('',#10561);
#3841=VERTEX_POINT('',#10564);
#3842=VERTEX_POINT('',#10565);
#3843=VERTEX_POINT('',#10567);
#3844=VERTEX_POINT('',#10569);
#3845=VERTEX_POINT('',#10573);
#3846=VERTEX_POINT('',#10574);
#3847=VERTEX_POINT('',#10576);
#3848=VERTEX_POINT('',#10578);
#3849=VERTEX_POINT('',#10580);
#3850=VERTEX_POINT('',#10582);
#3851=VERTEX_POINT('',#10584);
#3852=VERTEX_POINT('',#10586);
#3853=VERTEX_POINT('',#10589);
#3854=VERTEX_POINT('',#10591);
#3855=VERTEX_POINT('',#10593);
#3856=VERTEX_POINT('',#10595);
#3857=VERTEX_POINT('',#10597);
#3858=VERTEX_POINT('',#10598);
#3859=VERTEX_POINT('',#10600);
#3860=VERTEX_POINT('',#10602);
#3861=VERTEX_POINT('',#10605);
#3862=VERTEX_POINT('',#10606);
#3863=VERTEX_POINT('',#10608);
#3864=VERTEX_POINT('',#10610);
#3865=VERTEX_POINT('',#10612);
#3866=VERTEX_POINT('',#10614);
#3867=VERTEX_POINT('',#10616);
#3868=VERTEX_POINT('',#10619);
#3869=VERTEX_POINT('',#10620);
#3870=VERTEX_POINT('',#10622);
#3871=VERTEX_POINT('',#10624);
#3872=VERTEX_POINT('',#10627);
#3873=VERTEX_POINT('',#10628);
#3874=VERTEX_POINT('',#10630);
#3875=VERTEX_POINT('',#10632);
#3876=VERTEX_POINT('',#10634);
#3877=VERTEX_POINT('',#10636);
#3878=VERTEX_POINT('',#10638);
#3879=VERTEX_POINT('',#10640);
#3880=VERTEX_POINT('',#10642);
#3881=VERTEX_POINT('',#10644);
#3882=VERTEX_POINT('',#10649);
#3883=VERTEX_POINT('',#10650);
#3884=VERTEX_POINT('',#10654);
#3885=VERTEX_POINT('',#10656);
#3886=VERTEX_POINT('',#10658);
#3887=VERTEX_POINT('',#10660);
#3888=VERTEX_POINT('',#10662);
#3889=VERTEX_POINT('',#10666);
#3890=VERTEX_POINT('',#10670);
#3891=VERTEX_POINT('',#10672);
#3892=VERTEX_POINT('',#10674);
#3893=VERTEX_POINT('',#10676);
#3894=VERTEX_POINT('',#10679);
#3895=VERTEX_POINT('',#10680);
#3896=VERTEX_POINT('',#10682);
#3897=VERTEX_POINT('',#10684);
#3898=VERTEX_POINT('',#10686);
#3899=VERTEX_POINT('',#10688);
#3900=VERTEX_POINT('',#10690);
#3901=VERTEX_POINT('',#10692);
#3902=VERTEX_POINT('',#10695);
#3903=VERTEX_POINT('',#10696);
#3904=VERTEX_POINT('',#10698);
#3905=VERTEX_POINT('',#10700);
#3906=VERTEX_POINT('',#10703);
#3907=VERTEX_POINT('',#10704);
#3908=VERTEX_POINT('',#10706);
#3909=VERTEX_POINT('',#10708);
#3910=VERTEX_POINT('',#10710);
#3911=VERTEX_POINT('',#10712);
#3912=VERTEX_POINT('',#10714);
#3913=VERTEX_POINT('',#10716);
#3914=VERTEX_POINT('',#10718);
#3915=VERTEX_POINT('',#10720);
#3916=VERTEX_POINT('',#10722);
#3917=VERTEX_POINT('',#10724);
#3918=VERTEX_POINT('',#10726);
#3919=VERTEX_POINT('',#10728);
#3920=VERTEX_POINT('',#10730);
#3921=VERTEX_POINT('',#10732);
#3922=VERTEX_POINT('',#10735);
#3923=VERTEX_POINT('',#10736);
#3924=VERTEX_POINT('',#10738);
#3925=VERTEX_POINT('',#10740);
#3926=VERTEX_POINT('',#10742);
#3927=VERTEX_POINT('',#10744);
#3928=VERTEX_POINT('',#10746);
#3929=VERTEX_POINT('',#10748);
#3930=VERTEX_POINT('',#10750);
#3931=VERTEX_POINT('',#10752);
#3932=VERTEX_POINT('',#10754);
#3933=VERTEX_POINT('',#10756);
#3934=VERTEX_POINT('',#10759);
#3935=VERTEX_POINT('',#10760);
#3936=VERTEX_POINT('',#10762);
#3937=VERTEX_POINT('',#10764);
#3938=VERTEX_POINT('',#10766);
#3939=VERTEX_POINT('',#10768);
#3940=VERTEX_POINT('',#10771);
#3941=VERTEX_POINT('',#10772);
#3942=VERTEX_POINT('',#10774);
#3943=VERTEX_POINT('',#10776);
#3944=VERTEX_POINT('',#10778);
#3945=VERTEX_POINT('',#10780);
#3946=VERTEX_POINT('',#10782);
#3947=VERTEX_POINT('',#10784);
#3948=VERTEX_POINT('',#10786);
#3949=VERTEX_POINT('',#10788);
#3950=VERTEX_POINT('',#10790);
#3951=VERTEX_POINT('',#10792);
#3952=VERTEX_POINT('',#10795);
#3953=VERTEX_POINT('',#10796);
#3954=VERTEX_POINT('',#10798);
#3955=VERTEX_POINT('',#10800);
#3956=VERTEX_POINT('',#10802);
#3957=VERTEX_POINT('',#10804);
#3958=VERTEX_POINT('',#10806);
#3959=VERTEX_POINT('',#10808);
#3960=VERTEX_POINT('',#10810);
#3961=VERTEX_POINT('',#10814);
#3962=VERTEX_POINT('',#10818);
#3963=VERTEX_POINT('',#10820);
#3964=VERTEX_POINT('',#10822);
#3965=VERTEX_POINT('',#10824);
#3966=VERTEX_POINT('',#10826);
#3967=VERTEX_POINT('',#10828);
#3968=VERTEX_POINT('',#10830);
#3969=VERTEX_POINT('',#10832);
#3970=VERTEX_POINT('',#10834);
#3971=VERTEX_POINT('',#10836);
#3972=VERTEX_POINT('',#10838);
#3973=VERTEX_POINT('',#10840);
#3974=VERTEX_POINT('',#10842);
#3975=VERTEX_POINT('',#10844);
#3976=VERTEX_POINT('',#10848);
#3977=VERTEX_POINT('',#10852);
#3978=VERTEX_POINT('',#10854);
#3979=VERTEX_POINT('',#10856);
#3980=VERTEX_POINT('',#10858);
#3981=VERTEX_POINT('',#10860);
#3982=VERTEX_POINT('',#10863);
#3983=VERTEX_POINT('',#10864);
#3984=VERTEX_POINT('',#10866);
#3985=VERTEX_POINT('',#10868);
#3986=VERTEX_POINT('',#10870);
#3987=VERTEX_POINT('',#10872);
#3988=VERTEX_POINT('',#10874);
#3989=VERTEX_POINT('',#10876);
#3990=VERTEX_POINT('',#10879);
#3991=VERTEX_POINT('',#10880);
#3992=VERTEX_POINT('',#10882);
#3993=VERTEX_POINT('',#10884);
#3994=VERTEX_POINT('',#10886);
#3995=VERTEX_POINT('',#10888);
#3996=VERTEX_POINT('',#10892);
#3997=VERTEX_POINT('',#10894);
#3998=VERTEX_POINT('',#10896);
#3999=VERTEX_POINT('',#10898);
#4000=VERTEX_POINT('',#10900);
#4001=VERTEX_POINT('',#10902);
#4002=VERTEX_POINT('',#10904);
#4003=VERTEX_POINT('',#10906);
#4004=VERTEX_POINT('',#10908);
#4005=VERTEX_POINT('',#10911);
#4006=VERTEX_POINT('',#10912);
#4007=VERTEX_POINT('',#10914);
#4008=VERTEX_POINT('',#10916);
#4009=VERTEX_POINT('',#10918);
#4010=VERTEX_POINT('',#10920);
#4011=VERTEX_POINT('',#10922);
#4012=VERTEX_POINT('',#10924);
#4013=VERTEX_POINT('',#10926);
#4014=VERTEX_POINT('',#10928);
#4015=VERTEX_POINT('',#10930);
#4016=VERTEX_POINT('',#10932);
#4017=VERTEX_POINT('',#10935);
#4018=VERTEX_POINT('',#10936);
#4019=VERTEX_POINT('',#10938);
#4020=VERTEX_POINT('',#10940);
#4021=VERTEX_POINT('',#10942);
#4022=VERTEX_POINT('',#10944);
#4023=VERTEX_POINT('',#10946);
#4024=VERTEX_POINT('',#10948);
#4025=VERTEX_POINT('',#10950);
#4026=VERTEX_POINT('',#10952);
#4027=VERTEX_POINT('',#10954);
#4028=VERTEX_POINT('',#10956);
#4029=VERTEX_POINT('',#10958);
#4030=VERTEX_POINT('',#10960);
#4031=VERTEX_POINT('',#10963);
#4032=VERTEX_POINT('',#10964);
#4033=VERTEX_POINT('',#10966);
#4034=VERTEX_POINT('',#10968);
#4035=VERTEX_POINT('',#10970);
#4036=VERTEX_POINT('',#10972);
#4037=VERTEX_POINT('',#10974);
#4038=VERTEX_POINT('',#10976);
#4039=VERTEX_POINT('',#10978);
#4040=VERTEX_POINT('',#10980);
#4041=VERTEX_POINT('',#10982);
#4042=VERTEX_POINT('',#10984);
#4043=VERTEX_POINT('',#10986);
#4044=VERTEX_POINT('',#10988);
#4045=VERTEX_POINT('',#10991);
#4046=VERTEX_POINT('',#10992);
#4047=VERTEX_POINT('',#10994);
#4048=VERTEX_POINT('',#10996);
#4049=VERTEX_POINT('',#10998);
#4050=VERTEX_POINT('',#11000);
#4051=VERTEX_POINT('',#11002);
#4052=VERTEX_POINT('',#11004);
#4053=VERTEX_POINT('',#11006);
#4054=VERTEX_POINT('',#11008);
#4055=VERTEX_POINT('',#11010);
#4056=VERTEX_POINT('',#11012);
#4057=VERTEX_POINT('',#11014);
#4058=VERTEX_POINT('',#11016);
#4059=VERTEX_POINT('',#11019);
#4060=VERTEX_POINT('',#11020);
#4061=VERTEX_POINT('',#11022);
#4062=VERTEX_POINT('',#11024);
#4063=VERTEX_POINT('',#11026);
#4064=VERTEX_POINT('',#11028);
#4065=VERTEX_POINT('',#11030);
#4066=VERTEX_POINT('',#11032);
#4067=VERTEX_POINT('',#11034);
#4068=VERTEX_POINT('',#11036);
#4069=VERTEX_POINT('',#11038);
#4070=VERTEX_POINT('',#11040);
#4071=VERTEX_POINT('',#11042);
#4072=VERTEX_POINT('',#11044);
#4073=VERTEX_POINT('',#11047);
#4074=VERTEX_POINT('',#11048);
#4075=VERTEX_POINT('',#11050);
#4076=VERTEX_POINT('',#11052);
#4077=VERTEX_POINT('',#11055);
#4078=VERTEX_POINT('',#11056);
#4079=VERTEX_POINT('',#11058);
#4080=VERTEX_POINT('',#11060);
#4081=VERTEX_POINT('',#11062);
#4082=VERTEX_POINT('',#11064);
#4083=VERTEX_POINT('',#11066);
#4084=VERTEX_POINT('',#11068);
#4085=VERTEX_POINT('',#11070);
#4086=VERTEX_POINT('',#11074);
#4087=VERTEX_POINT('',#11078);
#4088=VERTEX_POINT('',#11080);
#4089=VERTEX_POINT('',#11082);
#4090=VERTEX_POINT('',#11084);
#4091=VERTEX_POINT('',#11086);
#4092=VERTEX_POINT('',#11088);
#4093=VERTEX_POINT('',#11090);
#4094=VERTEX_POINT('',#11092);
#4095=VERTEX_POINT('',#11094);
#4096=VERTEX_POINT('',#11096);
#4097=VERTEX_POINT('',#11098);
#4098=VERTEX_POINT('',#11100);
#4099=VERTEX_POINT('',#11102);
#4100=VERTEX_POINT('',#11104);
#4101=VERTEX_POINT('',#11108);
#4102=VERTEX_POINT('',#11112);
#4103=VERTEX_POINT('',#11114);
#4104=VERTEX_POINT('',#11116);
#4105=VERTEX_POINT('',#11118);
#4106=VERTEX_POINT('',#11120);
#4107=VERTEX_POINT('',#11123);
#4108=VERTEX_POINT('',#11124);
#4109=VERTEX_POINT('',#11126);
#4110=VERTEX_POINT('',#11128);
#4111=VERTEX_POINT('',#11130);
#4112=VERTEX_POINT('',#11132);
#4113=VERTEX_POINT('',#11134);
#4114=VERTEX_POINT('',#11136);
#4115=VERTEX_POINT('',#11138);
#4116=VERTEX_POINT('',#11144);
#4117=VERTEX_POINT('',#11146);
#4118=VERTEX_POINT('',#11148);
#4119=VERTEX_POINT('',#11150);
#4120=VERTEX_POINT('',#11152);
#4121=VERTEX_POINT('',#11154);
#4122=VERTEX_POINT('',#11156);
#4123=VERTEX_POINT('',#11158);
#4124=VERTEX_POINT('',#11160);
#4125=VERTEX_POINT('',#11162);
#4126=VERTEX_POINT('',#11164);
#4127=VERTEX_POINT('',#11166);
#4128=VERTEX_POINT('',#11168);
#4129=VERTEX_POINT('',#11170);
#4130=VERTEX_POINT('',#11172);
#4131=VERTEX_POINT('',#11174);
#4132=VERTEX_POINT('',#11176);
#4133=VERTEX_POINT('',#11178);
#4134=VERTEX_POINT('',#11180);
#4135=VERTEX_POINT('',#11182);
#4136=VERTEX_POINT('',#11184);
#4137=VERTEX_POINT('',#11186);
#4138=VERTEX_POINT('',#11188);
#4139=VERTEX_POINT('',#11190);
#4140=VERTEX_POINT('',#11194);
#4141=VERTEX_POINT('',#11196);
#4142=VERTEX_POINT('',#11198);
#4143=VERTEX_POINT('',#11200);
#4144=VERTEX_POINT('',#11202);
#4145=VERTEX_POINT('',#11204);
#4146=VERTEX_POINT('',#11206);
#4147=VERTEX_POINT('',#11209);
#4148=VERTEX_POINT('',#11210);
#4149=VERTEX_POINT('',#11212);
#4150=VERTEX_POINT('',#11214);
#4151=VERTEX_POINT('',#11216);
#4152=VERTEX_POINT('',#11218);
#4153=VERTEX_POINT('',#11220);
#4154=VERTEX_POINT('',#11226);
#4155=VERTEX_POINT('',#11227);
#4156=VERTEX_POINT('',#11232);
#4157=VERTEX_POINT('',#11233);
#4158=VERTEX_POINT('',#11235);
#4159=VERTEX_POINT('',#11238);
#4160=VERTEX_POINT('',#11240);
#4161=VERTEX_POINT('',#11242);
#4162=VERTEX_POINT('',#11244);
#4163=VERTEX_POINT('',#11246);
#4164=VERTEX_POINT('',#11248);
#4165=VERTEX_POINT('',#11250);
#4166=VERTEX_POINT('',#11252);
#4167=VERTEX_POINT('',#11254);
#4168=VERTEX_POINT('',#11256);
#4169=VERTEX_POINT('',#11258);
#4170=VERTEX_POINT('',#11260);
#4171=VERTEX_POINT('',#11262);
#4172=VERTEX_POINT('',#11266);
#4173=VERTEX_POINT('',#11268);
#4174=VERTEX_POINT('',#11272);
#4175=VERTEX_POINT('',#11274);
#4176=VERTEX_POINT('',#11278);
#4177=VERTEX_POINT('',#11280);
#4178=VERTEX_POINT('',#11284);
#4179=VERTEX_POINT('',#11285);
#4180=VERTEX_POINT('',#11288);
#4181=VERTEX_POINT('',#11290);
#4182=VERTEX_POINT('',#11319);
#4183=VERTEX_POINT('',#11321);
#4184=VERTEX_POINT('',#11325);
#4185=VERTEX_POINT('',#11329);
#4186=VERTEX_POINT('',#11333);
#4187=VERTEX_POINT('',#11337);
#4188=VERTEX_POINT('',#11341);
#4189=VERTEX_POINT('',#11345);
#4190=VERTEX_POINT('',#11361);
#4191=VERTEX_POINT('',#11362);
#4192=VERTEX_POINT('',#11364);
#4193=VERTEX_POINT('',#11368);
#4194=VERTEX_POINT('',#11381);
#4195=VERTEX_POINT('',#11383);
#4196=VERTEX_POINT('',#11389);
#4197=VERTEX_POINT('',#11391);
#4198=VERTEX_POINT('',#11395);
#4199=VERTEX_POINT('',#11397);
#4200=VERTEX_POINT('',#11401);
#4201=VERTEX_POINT('',#11403);
#4202=VERTEX_POINT('',#11407);
#4203=VERTEX_POINT('',#11409);
#4204=VERTEX_POINT('',#11422);
#4205=VERTEX_POINT('',#11424);
#4206=VERTEX_POINT('',#11439);
#4207=VERTEX_POINT('',#11441);
#4208=VERTEX_POINT('',#11447);
#4209=VERTEX_POINT('',#11449);
#4210=VERTEX_POINT('',#11453);
#4211=VERTEX_POINT('',#11455);
#4212=VERTEX_POINT('',#11459);
#4213=VERTEX_POINT('',#11461);
#4214=VERTEX_POINT('',#11472);
#4215=VERTEX_POINT('',#11476);
#4216=VERTEX_POINT('',#11487);
#4217=VERTEX_POINT('',#11493);
#4218=VERTEX_POINT('',#11497);
#4219=VERTEX_POINT('',#11501);
#4220=VERTEX_POINT('',#11505);
#4221=VERTEX_POINT('',#11516);
#4222=VERTEX_POINT('',#11529);
#4223=VERTEX_POINT('',#11535);
#4224=VERTEX_POINT('',#11539);
#4225=VERTEX_POINT('',#11543);
#4226=VERTEX_POINT('',#11553);
#4227=VERTEX_POINT('',#11555);
#4228=VERTEX_POINT('',#11559);
#4229=VERTEX_POINT('',#11563);
#4230=VERTEX_POINT('',#11567);
#4231=VERTEX_POINT('',#11571);
#4232=VERTEX_POINT('',#11575);
#4233=VERTEX_POINT('',#11579);
#4234=VERTEX_POINT('',#11583);
#4235=VERTEX_POINT('',#11587);
#4236=VERTEX_POINT('',#11594);
#4237=VERTEX_POINT('',#11596);
#4238=VERTEX_POINT('',#11600);
#4239=VERTEX_POINT('',#11604);
#4240=VERTEX_POINT('',#11611);
#4241=VERTEX_POINT('',#11613);
#4242=VERTEX_POINT('',#11617);
#4243=VERTEX_POINT('',#11621);
#4244=VERTEX_POINT('',#11625);
#4245=VERTEX_POINT('',#11629);
#4246=VERTEX_POINT('',#11633);
#4247=VERTEX_POINT('',#11640);
#4248=VERTEX_POINT('',#11641);
#4249=VERTEX_POINT('',#11643);
#4250=VERTEX_POINT('',#11645);
#4251=VERTEX_POINT('',#11649);
#4252=VERTEX_POINT('',#11651);
#4253=VERTEX_POINT('',#11655);
#4254=VERTEX_POINT('',#11657);
#4255=VERTEX_POINT('',#11661);
#4256=VERTEX_POINT('',#11663);
#4257=VERTEX_POINT('',#11667);
#4258=VERTEX_POINT('',#11671);
#4259=VERTEX_POINT('',#11675);
#4260=VERTEX_POINT('',#11679);
#4261=VERTEX_POINT('',#11683);
#4262=VERTEX_POINT('',#11687);
#4263=VERTEX_POINT('',#11691);
#4264=VERTEX_POINT('',#11695);
#4265=VERTEX_POINT('',#11699);
#4266=VERTEX_POINT('',#11703);
#4267=VERTEX_POINT('',#11707);
#4268=VERTEX_POINT('',#11711);
#4269=VERTEX_POINT('',#11715);
#4270=VERTEX_POINT('',#11719);
#4271=VERTEX_POINT('',#11729);
#4272=VERTEX_POINT('',#11731);
#4273=VERTEX_POINT('',#11735);
#4274=VERTEX_POINT('',#11739);
#4275=VERTEX_POINT('',#11746);
#4276=VERTEX_POINT('',#11748);
#4277=VERTEX_POINT('',#11752);
#4278=VERTEX_POINT('',#11756);
#4279=VERTEX_POINT('',#11760);
#4280=VERTEX_POINT('',#11764);
#4281=VERTEX_POINT('',#11768);
#4282=VERTEX_POINT('',#11772);
#4283=VERTEX_POINT('',#11776);
#4284=VERTEX_POINT('',#11780);
#4285=VERTEX_POINT('',#11784);
#4286=VERTEX_POINT('',#11788);
#4287=VERTEX_POINT('',#11795);
#4288=VERTEX_POINT('',#11797);
#4289=VERTEX_POINT('',#11801);
#4290=VERTEX_POINT('',#11805);
#4291=VERTEX_POINT('',#11809);
#4292=VERTEX_POINT('',#11813);
#4293=VERTEX_POINT('',#11820);
#4294=VERTEX_POINT('',#11822);
#4295=VERTEX_POINT('',#11826);
#4296=VERTEX_POINT('',#11830);
#4297=VERTEX_POINT('',#11834);
#4298=VERTEX_POINT('',#11838);
#4299=VERTEX_POINT('',#11842);
#4300=VERTEX_POINT('',#11846);
#4301=VERTEX_POINT('',#11850);
#4302=VERTEX_POINT('',#11854);
#4303=VERTEX_POINT('',#11858);
#4304=VERTEX_POINT('',#11862);
#4305=VERTEX_POINT('',#11869);
#4306=VERTEX_POINT('',#11871);
#4307=VERTEX_POINT('',#11875);
#4308=VERTEX_POINT('',#11879);
#4309=VERTEX_POINT('',#11883);
#4310=VERTEX_POINT('',#11887);
#4311=VERTEX_POINT('',#11891);
#4312=VERTEX_POINT('',#11895);
#4313=VERTEX_POINT('',#11906);
#4314=VERTEX_POINT('',#11919);
#4315=VERTEX_POINT('',#11925);
#4316=VERTEX_POINT('',#11929);
#4317=VERTEX_POINT('',#11933);
#4318=VERTEX_POINT('',#11937);
#4319=VERTEX_POINT('',#11941);
#4320=VERTEX_POINT('',#11945);
#4321=VERTEX_POINT('',#11949);
#4322=VERTEX_POINT('',#11953);
#4323=VERTEX_POINT('',#11957);
#4324=VERTEX_POINT('',#11961);
#4325=VERTEX_POINT('',#11965);
#4326=VERTEX_POINT('',#11969);
#4327=VERTEX_POINT('',#11973);
#4328=VERTEX_POINT('',#11984);
#4329=VERTEX_POINT('',#11997);
#4330=VERTEX_POINT('',#12003);
#4331=VERTEX_POINT('',#12007);
#4332=VERTEX_POINT('',#12011);
#4333=VERTEX_POINT('',#12015);
#4334=VERTEX_POINT('',#12019);
#4335=VERTEX_POINT('',#12026);
#4336=VERTEX_POINT('',#12028);
#4337=VERTEX_POINT('',#12032);
#4338=VERTEX_POINT('',#12036);
#4339=VERTEX_POINT('',#12040);
#4340=VERTEX_POINT('',#12044);
#4341=VERTEX_POINT('',#12048);
#4342=VERTEX_POINT('',#12052);
#4343=VERTEX_POINT('',#12059);
#4344=VERTEX_POINT('',#12061);
#4345=VERTEX_POINT('',#12065);
#4346=VERTEX_POINT('',#12069);
#4347=VERTEX_POINT('',#12073);
#4348=VERTEX_POINT('',#12077);
#4349=VERTEX_POINT('',#12081);
#4350=VERTEX_POINT('',#12085);
#4351=VERTEX_POINT('',#12089);
#4352=VERTEX_POINT('',#12093);
#4353=VERTEX_POINT('',#12097);
#4354=VERTEX_POINT('',#12101);
#4355=VERTEX_POINT('',#12112);
#4356=VERTEX_POINT('',#12118);
#4357=VERTEX_POINT('',#12122);
#4358=VERTEX_POINT('',#12126);
#4359=VERTEX_POINT('',#12127);
#4360=VERTEX_POINT('',#12129);
#4361=VERTEX_POINT('',#12131);
#4362=VERTEX_POINT('',#12135);
#4363=VERTEX_POINT('',#12137);
#4364=VERTEX_POINT('',#12141);
#4365=VERTEX_POINT('',#12143);
#4366=VERTEX_POINT('',#12156);
#4367=VERTEX_POINT('',#12158);
#4368=VERTEX_POINT('',#12164);
#4369=VERTEX_POINT('',#12166);
#4370=VERTEX_POINT('',#12170);
#4371=VERTEX_POINT('',#12172);
#4372=VERTEX_POINT('',#12176);
#4373=VERTEX_POINT('',#12178);
#4374=VERTEX_POINT('',#12182);
#4375=VERTEX_POINT('',#12184);
#4376=VERTEX_POINT('',#12206);
#4377=VERTEX_POINT('',#12208);
#4378=VERTEX_POINT('',#12212);
#4379=VERTEX_POINT('',#12216);
#4380=VERTEX_POINT('',#12220);
#4381=VERTEX_POINT('',#12224);
#4382=VERTEX_POINT('',#12228);
#4383=VERTEX_POINT('',#12232);
#4384=VERTEX_POINT('',#12236);
#4385=VERTEX_POINT('',#12240);
#4386=VERTEX_POINT('',#12244);
#4387=VERTEX_POINT('',#12248);
#4388=VERTEX_POINT('',#12255);
#4389=VERTEX_POINT('',#12257);
#4390=VERTEX_POINT('',#12261);
#4391=VERTEX_POINT('',#12265);
#4392=VERTEX_POINT('',#12269);
#4393=VERTEX_POINT('',#12273);
#4394=VERTEX_POINT('',#12277);
#4395=VERTEX_POINT('',#12281);
#4396=VERTEX_POINT('',#12285);
#4397=VERTEX_POINT('',#12289);
#4398=VERTEX_POINT('',#12293);
#4399=VERTEX_POINT('',#12297);
#4400=VERTEX_POINT('',#12301);
#4401=VERTEX_POINT('',#12305);
#4402=VERTEX_POINT('',#12312);
#4403=VERTEX_POINT('',#12314);
#4404=VERTEX_POINT('',#12318);
#4405=VERTEX_POINT('',#12322);
#4406=VERTEX_POINT('',#12326);
#4407=VERTEX_POINT('',#12330);
#4408=VERTEX_POINT('',#12334);
#4409=VERTEX_POINT('',#12338);
#4410=VERTEX_POINT('',#12342);
#4411=VERTEX_POINT('',#12346);
#4412=VERTEX_POINT('',#12350);
#4413=VERTEX_POINT('',#12354);
#4414=VERTEX_POINT('',#12358);
#4415=VERTEX_POINT('',#12362);
#4416=VERTEX_POINT('',#12369);
#4417=VERTEX_POINT('',#12371);
#4418=VERTEX_POINT('',#12375);
#4419=VERTEX_POINT('',#12379);
#4420=VERTEX_POINT('',#12383);
#4421=VERTEX_POINT('',#12387);
#4422=VERTEX_POINT('',#12391);
#4423=VERTEX_POINT('',#12395);
#4424=VERTEX_POINT('',#12399);
#4425=VERTEX_POINT('',#12403);
#4426=VERTEX_POINT('',#12407);
#4427=VERTEX_POINT('',#12411);
#4428=VERTEX_POINT('',#12415);
#4429=VERTEX_POINT('',#12419);
#4430=VERTEX_POINT('',#12426);
#4431=VERTEX_POINT('',#12428);
#4432=VERTEX_POINT('',#12432);
#4433=VERTEX_POINT('',#12436);
#4434=VERTEX_POINT('',#12440);
#4435=VERTEX_POINT('',#12444);
#4436=VERTEX_POINT('',#12448);
#4437=VERTEX_POINT('',#12452);
#4438=VERTEX_POINT('',#12456);
#4439=VERTEX_POINT('',#12460);
#4440=VERTEX_POINT('',#12464);
#4441=VERTEX_POINT('',#12468);
#4442=VERTEX_POINT('',#12472);
#4443=VERTEX_POINT('',#12476);
#4444=VERTEX_POINT('',#12483);
#4445=VERTEX_POINT('',#12485);
#4446=VERTEX_POINT('',#12489);
#4447=VERTEX_POINT('',#12493);
#4448=VERTEX_POINT('',#12500);
#4449=VERTEX_POINT('',#12502);
#4450=VERTEX_POINT('',#12506);
#4451=VERTEX_POINT('',#12510);
#4452=VERTEX_POINT('',#12514);
#4453=VERTEX_POINT('',#12518);
#4454=VERTEX_POINT('',#12522);
#4455=VERTEX_POINT('',#12526);
#4456=VERTEX_POINT('',#12537);
#4457=VERTEX_POINT('',#12550);
#4458=VERTEX_POINT('',#12556);
#4459=VERTEX_POINT('',#12560);
#4460=VERTEX_POINT('',#12564);
#4461=VERTEX_POINT('',#12568);
#4462=VERTEX_POINT('',#12572);
#4463=VERTEX_POINT('',#12576);
#4464=VERTEX_POINT('',#12580);
#4465=VERTEX_POINT('',#12584);
#4466=VERTEX_POINT('',#12588);
#4467=VERTEX_POINT('',#12592);
#4468=VERTEX_POINT('',#12596);
#4469=VERTEX_POINT('',#12600);
#4470=VERTEX_POINT('',#12604);
#4471=VERTEX_POINT('',#12615);
#4472=VERTEX_POINT('',#12628);
#4473=VERTEX_POINT('',#12634);
#4474=VERTEX_POINT('',#12638);
#4475=VERTEX_POINT('',#12642);
#4476=VERTEX_POINT('',#12646);
#4477=VERTEX_POINT('',#12650);
#4478=VERTEX_POINT('',#12657);
#4479=VERTEX_POINT('',#12659);
#4480=VERTEX_POINT('',#12663);
#4481=VERTEX_POINT('',#12667);
#4482=VERTEX_POINT('',#12671);
#4483=VERTEX_POINT('',#12675);
#4484=VERTEX_POINT('',#12679);
#4485=VERTEX_POINT('',#12683);
#4486=VERTEX_POINT('',#12687);
#4487=VERTEX_POINT('',#12691);
#4488=VERTEX_POINT('',#12702);
#4489=VERTEX_POINT('',#12708);
#4490=VERTEX_POINT('',#12712);
#4491=VERTEX_POINT('',#12716);
#4492=VERTEX_POINT('',#12720);
#4493=VERTEX_POINT('',#12724);
#4494=VERTEX_POINT('',#12728);
#4495=VERTEX_POINT('',#12732);
#4496=VERTEX_POINT('',#12736);
#4497=VERTEX_POINT('',#12740);
#4498=VERTEX_POINT('',#12744);
#4499=VERTEX_POINT('',#12748);
#4500=VERTEX_POINT('',#12752);
#4501=VERTEX_POINT('',#12756);
#4502=VERTEX_POINT('',#12760);
#4503=VERTEX_POINT('',#12764);
#4504=VERTEX_POINT('',#12768);
#4505=VERTEX_POINT('',#12772);
#4506=VERTEX_POINT('',#12776);
#4507=VERTEX_POINT('',#12780);
#4508=VERTEX_POINT('',#12784);
#4509=VERTEX_POINT('',#12788);
#4510=VERTEX_POINT('',#12792);
#4511=VERTEX_POINT('',#12796);
#4512=VERTEX_POINT('',#12800);
#4513=VERTEX_POINT('',#12808);
#4514=VERTEX_POINT('',#12812);
#4515=VERTEX_POINT('',#12816);
#4516=VERTEX_POINT('',#12820);
#4517=VERTEX_POINT('',#12824);
#4518=VERTEX_POINT('',#12831);
#4519=VERTEX_POINT('',#12833);
#4520=VERTEX_POINT('',#12837);
#4521=VERTEX_POINT('',#12841);
#4522=VERTEX_POINT('',#12845);
#4523=VERTEX_POINT('',#12849);
#4524=VERTEX_POINT('',#12853);
#4525=VERTEX_POINT('',#12862);
#4526=VERTEX_POINT('',#12864);
#4527=VERTEX_POINT('',#12868);
#4528=VERTEX_POINT('',#12871);
#4529=VERTEX_POINT('',#12879);
#4530=VERTEX_POINT('',#12882);
#4531=VERTEX_POINT('',#12886);
#4532=VERTEX_POINT('',#12889);
#4533=VERTEX_POINT('',#12893);
#4534=VERTEX_POINT('',#12896);
#4535=VERTEX_POINT('',#12900);
#4536=VERTEX_POINT('',#12903);
#4537=VERTEX_POINT('',#12929);
#4538=VERTEX_POINT('',#12931);
#4539=VERTEX_POINT('',#12935);
#4540=VERTEX_POINT('',#12939);
#4541=VERTEX_POINT('',#12946);
#4542=VERTEX_POINT('',#12948);
#4543=VERTEX_POINT('',#12952);
#4544=VERTEX_POINT('',#12956);
#4545=VERTEX_POINT('',#12962);
#4546=VERTEX_POINT('',#12964);
#4547=VERTEX_POINT('',#12968);
#4548=VERTEX_POINT('',#12972);
#4549=LINE('',#10497,#5337);
#4550=LINE('',#10500,#5338);
#4551=LINE('',#10502,#5339);
#4552=LINE('',#10504,#5340);
#4553=LINE('',#10505,#5341);
#4554=LINE('',#10508,#5342);
#4555=LINE('',#10510,#5343);
#4556=LINE('',#10512,#5344);
#4557=LINE('',#10514,#5345);
#4558=LINE('',#10517,#5346);
#4559=LINE('',#10519,#5347);
#4560=LINE('',#10521,#5348);
#4561=LINE('',#10522,#5349);
#4562=LINE('',#10525,#5350);
#4563=LINE('',#10527,#5351);
#4564=LINE('',#10529,#5352);
#4565=LINE('',#10539,#5353);
#4566=LINE('',#10542,#5354);
#4567=LINE('',#10544,#5355);
#4568=LINE('',#10546,#5356);
#4569=LINE('',#10548,#5357);
#4570=LINE('',#10550,#5358);
#4571=LINE('',#10552,#5359);
#4572=LINE('',#10554,#5360);
#4573=LINE('',#10555,#5361);
#4574=LINE('',#10558,#5362);
#4575=LINE('',#10560,#5363);
#4576=LINE('',#10562,#5364);
#4577=LINE('',#10563,#5365);
#4578=LINE('',#10566,#5366);
#4579=LINE('',#10568,#5367);
#4580=LINE('',#10570,#5368);
#4581=LINE('',#10572,#5369);
#4582=LINE('',#10577,#5370);
#4583=LINE('',#10581,#5371);
#4584=LINE('',#10585,#5372);
#4585=LINE('',#10596,#5373);
#4586=LINE('',#10599,#5374);
#4587=LINE('',#10601,#5375);
#4588=LINE('',#10603,#5376);
#4589=LINE('',#10604,#5377);
#4590=LINE('',#10607,#5378);
#4591=LINE('',#10609,#5379);
#4592=LINE('',#10611,#5380);
#4593=LINE('',#10613,#5381);
#4594=LINE('',#10615,#5382);
#4595=LINE('',#10618,#5383);
#4596=LINE('',#10621,#5384);
#4597=LINE('',#10623,#5385);
#4598=LINE('',#10625,#5386);
#4599=LINE('',#10626,#5387);
#4600=LINE('',#10629,#5388);
#4601=LINE('',#10631,#5389);
#4602=LINE('',#10635,#5390);
#4603=LINE('',#10639,#5391);
#4604=LINE('',#10641,#5392);
#4605=LINE('',#10643,#5393);
#4606=LINE('',#10645,#5394);
#4607=LINE('',#10678,#5395);
#4608=LINE('',#10681,#5396);
#4609=LINE('',#10685,#5397);
#4610=LINE('',#10687,#5398);
#4611=LINE('',#10689,#5399);
#4612=LINE('',#10693,#5400);
#4613=LINE('',#10694,#5401);
#4614=LINE('',#10697,#5402);
#4615=LINE('',#10699,#5403);
#4616=LINE('',#10701,#5404);
#4617=LINE('',#10702,#5405);
#4618=LINE('',#10707,#5406);
#4619=LINE('',#10709,#5407);
#4620=LINE('',#10711,#5408);
#4621=LINE('',#10713,#5409);
#4622=LINE('',#10715,#5410);
#4623=LINE('',#10717,#5411);
#4624=LINE('',#10719,#5412);
#4625=LINE('',#10721,#5413);
#4626=LINE('',#10723,#5414);
#4627=LINE('',#10725,#5415);
#4628=LINE('',#10727,#5416);
#4629=LINE('',#10729,#5417);
#4630=LINE('',#10731,#5418);
#4631=LINE('',#10733,#5419);
#4632=LINE('',#10734,#5420);
#4633=LINE('',#10737,#5421);
#4634=LINE('',#10739,#5422);
#4635=LINE('',#10741,#5423);
#4636=LINE('',#10743,#5424);
#4637=LINE('',#10745,#5425);
#4638=LINE('',#10747,#5426);
#4639=LINE('',#10749,#5427);
#4640=LINE('',#10751,#5428);
#4641=LINE('',#10753,#5429);
#4642=LINE('',#10755,#5430);
#4643=LINE('',#10757,#5431);
#4644=LINE('',#10758,#5432);
#4645=LINE('',#10761,#5433);
#4646=LINE('',#10763,#5434);
#4647=LINE('',#10765,#5435);
#4648=LINE('',#10767,#5436);
#4649=LINE('',#10769,#5437);
#4650=LINE('',#10770,#5438);
#4651=LINE('',#10773,#5439);
#4652=LINE('',#10775,#5440);
#4653=LINE('',#10777,#5441);
#4654=LINE('',#10779,#5442);
#4655=LINE('',#10781,#5443);
#4656=LINE('',#10783,#5444);
#4657=LINE('',#10785,#5445);
#4658=LINE('',#10787,#5446);
#4659=LINE('',#10789,#5447);
#4660=LINE('',#10791,#5448);
#4661=LINE('',#10793,#5449);
#4662=LINE('',#10797,#5450);
#4663=LINE('',#10831,#5451);
#4664=LINE('',#10862,#5452);
#4665=LINE('',#10865,#5453);
#4666=LINE('',#10867,#5454);
#4667=LINE('',#10869,#5455);
#4668=LINE('',#10871,#5456);
#4669=LINE('',#10873,#5457);
#4670=LINE('',#10875,#5458);
#4671=LINE('',#10877,#5459);
#4672=LINE('',#10878,#5460);
#4673=LINE('',#10881,#5461);
#4674=LINE('',#10883,#5462);
#4675=LINE('',#10885,#5463);
#4676=LINE('',#10887,#5464);
#4677=LINE('',#10903,#5465);
#4678=LINE('',#10905,#5466);
#4679=LINE('',#10907,#5467);
#4680=LINE('',#10909,#5468);
#4681=LINE('',#10910,#5469);
#4682=LINE('',#10913,#5470);
#4683=LINE('',#10915,#5471);
#4684=LINE('',#10917,#5472);
#4685=LINE('',#10919,#5473);
#4686=LINE('',#10921,#5474);
#4687=LINE('',#10923,#5475);
#4688=LINE('',#10925,#5476);
#4689=LINE('',#10927,#5477);
#4690=LINE('',#10929,#5478);
#4691=LINE('',#10931,#5479);
#4692=LINE('',#10933,#5480);
#4693=LINE('',#10934,#5481);
#4694=LINE('',#10937,#5482);
#4695=LINE('',#10939,#5483);
#4696=LINE('',#10941,#5484);
#4697=LINE('',#10945,#5485);
#4698=LINE('',#10949,#5486);
#4699=LINE('',#10951,#5487);
#4700=LINE('',#10953,#5488);
#4701=LINE('',#10955,#5489);
#4702=LINE('',#10957,#5490);
#4703=LINE('',#10959,#5491);
#4704=LINE('',#10961,#5492);
#4705=LINE('',#10962,#5493);
#4706=LINE('',#10965,#5494);
#4707=LINE('',#10967,#5495);
#4708=LINE('',#10969,#5496);
#4709=LINE('',#10971,#5497);
#4710=LINE('',#10973,#5498);
#4711=LINE('',#10975,#5499);
#4712=LINE('',#10977,#5500);
#4713=LINE('',#10979,#5501);
#4714=LINE('',#10981,#5502);
#4715=LINE('',#10983,#5503);
#4716=LINE('',#10985,#5504);
#4717=LINE('',#10987,#5505);
#4718=LINE('',#10989,#5506);
#4719=LINE('',#10990,#5507);
#4720=LINE('',#10993,#5508);
#4721=LINE('',#10995,#5509);
#4722=LINE('',#10997,#5510);
#4723=LINE('',#10999,#5511);
#4724=LINE('',#11001,#5512);
#4725=LINE('',#11003,#5513);
#4726=LINE('',#11005,#5514);
#4727=LINE('',#11007,#5515);
#4728=LINE('',#11009,#5516);
#4729=LINE('',#11011,#5517);
#4730=LINE('',#11013,#5518);
#4731=LINE('',#11015,#5519);
#4732=LINE('',#11017,#5520);
#4733=LINE('',#11018,#5521);
#4734=LINE('',#11021,#5522);
#4735=LINE('',#11023,#5523);
#4736=LINE('',#11025,#5524);
#4737=LINE('',#11029,#5525);
#4738=LINE('',#11033,#5526);
#4739=LINE('',#11035,#5527);
#4740=LINE('',#11037,#5528);
#4741=LINE('',#11039,#5529);
#4742=LINE('',#11041,#5530);
#4743=LINE('',#11043,#5531);
#4744=LINE('',#11045,#5532);
#4745=LINE('',#11046,#5533);
#4746=LINE('',#11049,#5534);
#4747=LINE('',#11051,#5535);
#4748=LINE('',#11053,#5536);
#4749=LINE('',#11057,#5537);
#4750=LINE('',#11091,#5538);
#4751=LINE('',#11122,#5539);
#4752=LINE('',#11147,#5540);
#4753=LINE('',#11169,#5541);
#4754=LINE('',#11189,#5542);
#4755=LINE('',#11208,#5543);
#4756=LINE('',#11211,#5544);
#4757=LINE('',#11213,#5545);
#4758=LINE('',#11215,#5546);
#4759=LINE('',#11217,#5547);
#4760=LINE('',#11219,#5548);
#4761=LINE('',#11222,#5549);
#4762=LINE('',#11223,#5550);
#4763=LINE('',#11225,#5551);
#4764=LINE('',#11228,#5552);
#4765=LINE('',#11229,#5553);
#4766=LINE('',#11231,#5554);
#4767=LINE('',#11234,#5555);
#4768=LINE('',#11236,#5556);
#4769=LINE('',#11237,#5557);
#4770=LINE('',#11239,#5558);
#4771=LINE('',#11241,#5559);
#4772=LINE('',#11243,#5560);
#4773=LINE('',#11245,#5561);
#4774=LINE('',#11247,#5562);
#4775=LINE('',#11249,#5563);
#4776=LINE('',#11253,#5564);
#4777=LINE('',#11257,#5565);
#4778=LINE('',#11261,#5566);
#4779=LINE('',#11265,#5567);
#4780=LINE('',#11267,#5568);
#4781=LINE('',#11269,#5569);
#4782=LINE('',#11271,#5570);
#4783=LINE('',#11273,#5571);
#4784=LINE('',#11275,#5572);
#4785=LINE('',#11277,#5573);
#4786=LINE('',#11279,#5574);
#4787=LINE('',#11281,#5575);
#4788=LINE('',#11283,#5576);
#4789=LINE('',#11286,#5577);
#4790=LINE('',#11287,#5578);
#4791=LINE('',#11289,#5579);
#4792=LINE('',#11291,#5580);
#4793=LINE('',#11292,#5581);
#4794=LINE('',#11294,#5582);
#4795=LINE('',#11296,#5583);
#4796=LINE('',#11298,#5584);
#4797=LINE('',#11300,#5585);
#4798=LINE('',#11310,#5586);
#4799=LINE('',#11311,#5587);
#4800=LINE('',#11313,#5588);
#4801=LINE('',#11315,#5589);
#4802=LINE('',#11318,#5590);
#4803=LINE('',#11320,#5591);
#4804=LINE('',#11322,#5592);
#4805=LINE('',#11324,#5593);
#4806=LINE('',#11326,#5594);
#4807=LINE('',#11328,#5595);
#4808=LINE('',#11332,#5596);
#4809=LINE('',#11334,#5597);
#4810=LINE('',#11336,#5598);
#4811=LINE('',#11338,#5599);
#4812=LINE('',#11340,#5600);
#4813=LINE('',#11342,#5601);
#4814=LINE('',#11344,#5602);
#4815=LINE('',#11348,#5603);
#4816=LINE('',#11363,#5604);
#4817=LINE('',#11369,#5605);
#4818=LINE('',#11382,#5606);
#4819=LINE('',#11390,#5607);
#4820=LINE('',#11396,#5608);
#4821=LINE('',#11402,#5609);
#4822=LINE('',#11408,#5610);
#4823=LINE('',#11423,#5611);
#4824=LINE('',#11440,#5612);
#4825=LINE('',#11448,#5613);
#4826=LINE('',#11454,#5614);
#4827=LINE('',#11460,#5615);
#4828=LINE('',#11471,#5616);
#4829=LINE('',#11477,#5617);
#4830=LINE('',#11486,#5618);
#4831=LINE('',#11492,#5619);
#4832=LINE('',#11496,#5620);
#4833=LINE('',#11500,#5621);
#4834=LINE('',#11504,#5622);
#4835=LINE('',#11515,#5623);
#4836=LINE('',#11528,#5624);
#4837=LINE('',#11534,#5625);
#4838=LINE('',#11538,#5626);
#4839=LINE('',#11542,#5627);
#4840=LINE('',#11552,#5628);
#4841=LINE('',#11554,#5629);
#4842=LINE('',#11556,#5630);
#4843=LINE('',#11558,#5631);
#4844=LINE('',#11560,#5632);
#4845=LINE('',#11562,#5633);
#4846=LINE('',#11564,#5634);
#4847=LINE('',#11566,#5635);
#4848=LINE('',#11568,#5636);
#4849=LINE('',#11570,#5637);
#4850=LINE('',#11572,#5638);
#4851=LINE('',#11574,#5639);
#4852=LINE('',#11576,#5640);
#4853=LINE('',#11578,#5641);
#4854=LINE('',#11582,#5642);
#4855=LINE('',#11584,#5643);
#4856=LINE('',#11586,#5644);
#4857=LINE('',#11590,#5645);
#4858=LINE('',#11593,#5646);
#4859=LINE('',#11595,#5647);
#4860=LINE('',#11597,#5648);
#4861=LINE('',#11599,#5649);
#4862=LINE('',#11601,#5650);
#4863=LINE('',#11603,#5651);
#4864=LINE('',#11605,#5652);
#4865=LINE('',#11607,#5653);
#4866=LINE('',#11610,#5654);
#4867=LINE('',#11612,#5655);
#4868=LINE('',#11614,#5656);
#4869=LINE('',#11616,#5657);
#4870=LINE('',#11618,#5658);
#4871=LINE('',#11620,#5659);
#4872=LINE('',#11624,#5660);
#4873=LINE('',#11626,#5661);
#4874=LINE('',#11628,#5662);
#4875=LINE('',#11630,#5663);
#4876=LINE('',#11632,#5664);
#4877=LINE('',#11634,#5665);
#4878=LINE('',#11636,#5666);
#4879=LINE('',#11639,#5667);
#4880=LINE('',#11642,#5668);
#4881=LINE('',#11644,#5669);
#4882=LINE('',#11646,#5670);
#4883=LINE('',#11648,#5671);
#4884=LINE('',#11650,#5672);
#4885=LINE('',#11652,#5673);
#4886=LINE('',#11654,#5674);
#4887=LINE('',#11656,#5675);
#4888=LINE('',#11658,#5676);
#4889=LINE('',#11660,#5677);
#4890=LINE('',#11664,#5678);
#4891=LINE('',#11666,#5679);
#4892=LINE('',#11668,#5680);
#4893=LINE('',#11670,#5681);
#4894=LINE('',#11672,#5682);
#4895=LINE('',#11674,#5683);
#4896=LINE('',#11676,#5684);
#4897=LINE('',#11678,#5685);
#4898=LINE('',#11680,#5686);
#4899=LINE('',#11682,#5687);
#4900=LINE('',#11684,#5688);
#4901=LINE('',#11686,#5689);
#4902=LINE('',#11688,#5690);
#4903=LINE('',#11690,#5691);
#4904=LINE('',#11692,#5692);
#4905=LINE('',#11694,#5693);
#4906=LINE('',#11696,#5694);
#4907=LINE('',#11698,#5695);
#4908=LINE('',#11700,#5696);
#4909=LINE('',#11702,#5697);
#4910=LINE('',#11704,#5698);
#4911=LINE('',#11706,#5699);
#4912=LINE('',#11708,#5700);
#4913=LINE('',#11710,#5701);
#4914=LINE('',#11712,#5702);
#4915=LINE('',#11714,#5703);
#4916=LINE('',#11716,#5704);
#4917=LINE('',#11718,#5705);
#4918=LINE('',#11720,#5706);
#4919=LINE('',#11722,#5707);
#4920=LINE('',#11724,#5708);
#4921=LINE('',#11725,#5709);
#4922=LINE('',#11728,#5710);
#4923=LINE('',#11730,#5711);
#4924=LINE('',#11732,#5712);
#4925=LINE('',#11734,#5713);
#4926=LINE('',#11736,#5714);
#4927=LINE('',#11738,#5715);
#4928=LINE('',#11740,#5716);
#4929=LINE('',#11742,#5717);
#4930=LINE('',#11745,#5718);
#4931=LINE('',#11747,#5719);
#4932=LINE('',#11749,#5720);
#4933=LINE('',#11751,#5721);
#4934=LINE('',#11753,#5722);
#4935=LINE('',#11755,#5723);
#4936=LINE('',#11757,#5724);
#4937=LINE('',#11759,#5725);
#4938=LINE('',#11761,#5726);
#4939=LINE('',#11763,#5727);
#4940=LINE('',#11765,#5728);
#4941=LINE('',#11767,#5729);
#4942=LINE('',#11769,#5730);
#4943=LINE('',#11771,#5731);
#4944=LINE('',#11773,#5732);
#4945=LINE('',#11775,#5733);
#4946=LINE('',#11777,#5734);
#4947=LINE('',#11779,#5735);
#4948=LINE('',#11781,#5736);
#4949=LINE('',#11783,#5737);
#4950=LINE('',#11785,#5738);
#4951=LINE('',#11787,#5739);
#4952=LINE('',#11789,#5740);
#4953=LINE('',#11791,#5741);
#4954=LINE('',#11794,#5742);
#4955=LINE('',#11796,#5743);
#4956=LINE('',#11798,#5744);
#4957=LINE('',#11800,#5745);
#4958=LINE('',#11802,#5746);
#4959=LINE('',#11804,#5747);
#4960=LINE('',#11806,#5748);
#4961=LINE('',#11808,#5749);
#4962=LINE('',#11810,#5750);
#4963=LINE('',#11812,#5751);
#4964=LINE('',#11814,#5752);
#4965=LINE('',#11816,#5753);
#4966=LINE('',#11819,#5754);
#4967=LINE('',#11821,#5755);
#4968=LINE('',#11823,#5756);
#4969=LINE('',#11825,#5757);
#4970=LINE('',#11827,#5758);
#4971=LINE('',#11829,#5759);
#4972=LINE('',#11831,#5760);
#4973=LINE('',#11833,#5761);
#4974=LINE('',#11835,#5762);
#4975=LINE('',#11837,#5763);
#4976=LINE('',#11839,#5764);
#4977=LINE('',#11841,#5765);
#4978=LINE('',#11843,#5766);
#4979=LINE('',#11845,#5767);
#4980=LINE('',#11847,#5768);
#4981=LINE('',#11849,#5769);
#4982=LINE('',#11851,#5770);
#4983=LINE('',#11853,#5771);
#4984=LINE('',#11855,#5772);
#4985=LINE('',#11857,#5773);
#4986=LINE('',#11859,#5774);
#4987=LINE('',#11861,#5775);
#4988=LINE('',#11863,#5776);
#4989=LINE('',#11865,#5777);
#4990=LINE('',#11868,#5778);
#4991=LINE('',#11870,#5779);
#4992=LINE('',#11872,#5780);
#4993=LINE('',#11874,#5781);
#4994=LINE('',#11878,#5782);
#4995=LINE('',#11882,#5783);
#4996=LINE('',#11886,#5784);
#4997=LINE('',#11890,#5785);
#4998=LINE('',#11894,#5786);
#4999=LINE('',#11905,#5787);
#5000=LINE('',#11918,#5788);
#5001=LINE('',#11924,#5789);
#5002=LINE('',#11928,#5790);
#5003=LINE('',#11932,#5791);
#5004=LINE('',#11936,#5792);
#5005=LINE('',#11940,#5793);
#5006=LINE('',#11944,#5794);
#5007=LINE('',#11948,#5795);
#5008=LINE('',#11950,#5796);
#5009=LINE('',#11952,#5797);
#5010=LINE('',#11956,#5798);
#5011=LINE('',#11960,#5799);
#5012=LINE('',#11964,#5800);
#5013=LINE('',#11968,#5801);
#5014=LINE('',#11972,#5802);
#5015=LINE('',#11983,#5803);
#5016=LINE('',#11996,#5804);
#5017=LINE('',#12002,#5805);
#5018=LINE('',#12006,#5806);
#5019=LINE('',#12010,#5807);
#5020=LINE('',#12014,#5808);
#5021=LINE('',#12018,#5809);
#5022=LINE('',#12025,#5810);
#5023=LINE('',#12027,#5811);
#5024=LINE('',#12029,#5812);
#5025=LINE('',#12031,#5813);
#5026=LINE('',#12033,#5814);
#5027=LINE('',#12035,#5815);
#5028=LINE('',#12037,#5816);
#5029=LINE('',#12039,#5817);
#5030=LINE('',#12041,#5818);
#5031=LINE('',#12043,#5819);
#5032=LINE('',#12045,#5820);
#5033=LINE('',#12047,#5821);
#5034=LINE('',#12049,#5822);
#5035=LINE('',#12051,#5823);
#5036=LINE('',#12053,#5824);
#5037=LINE('',#12055,#5825);
#5038=LINE('',#12058,#5826);
#5039=LINE('',#12060,#5827);
#5040=LINE('',#12062,#5828);
#5041=LINE('',#12064,#5829);
#5042=LINE('',#12066,#5830);
#5043=LINE('',#12068,#5831);
#5044=LINE('',#12070,#5832);
#5045=LINE('',#12072,#5833);
#5046=LINE('',#12074,#5834);
#5047=LINE('',#12076,#5835);
#5048=LINE('',#12078,#5836);
#5049=LINE('',#12080,#5837);
#5050=LINE('',#12082,#5838);
#5051=LINE('',#12084,#5839);
#5052=LINE('',#12088,#5840);
#5053=LINE('',#12092,#5841);
#5054=LINE('',#12096,#5842);
#5055=LINE('',#12100,#5843);
#5056=LINE('',#12111,#5844);
#5057=LINE('',#12117,#5845);
#5058=LINE('',#12119,#5846);
#5059=LINE('',#12121,#5847);
#5060=LINE('',#12123,#5848);
#5061=LINE('',#12125,#5849);
#5062=LINE('',#12128,#5850);
#5063=LINE('',#12130,#5851);
#5064=LINE('',#12132,#5852);
#5065=LINE('',#12134,#5853);
#5066=LINE('',#12136,#5854);
#5067=LINE('',#12138,#5855);
#5068=LINE('',#12140,#5856);
#5069=LINE('',#12142,#5857);
#5070=LINE('',#12144,#5858);
#5071=LINE('',#12157,#5859);
#5072=LINE('',#12165,#5860);
#5073=LINE('',#12171,#5861);
#5074=LINE('',#12177,#5862);
#5075=LINE('',#12183,#5863);
#5076=LINE('',#12201,#5864);
#5077=LINE('',#12205,#5865);
#5078=LINE('',#12207,#5866);
#5079=LINE('',#12209,#5867);
#5080=LINE('',#12211,#5868);
#5081=LINE('',#12213,#5869);
#5082=LINE('',#12215,#5870);
#5083=LINE('',#12217,#5871);
#5084=LINE('',#12219,#5872);
#5085=LINE('',#12221,#5873);
#5086=LINE('',#12223,#5874);
#5087=LINE('',#12225,#5875);
#5088=LINE('',#12227,#5876);
#5089=LINE('',#12229,#5877);
#5090=LINE('',#12231,#5878);
#5091=LINE('',#12233,#5879);
#5092=LINE('',#12235,#5880);
#5093=LINE('',#12237,#5881);
#5094=LINE('',#12239,#5882);
#5095=LINE('',#12241,#5883);
#5096=LINE('',#12243,#5884);
#5097=LINE('',#12245,#5885);
#5098=LINE('',#12247,#5886);
#5099=LINE('',#12249,#5887);
#5100=LINE('',#12251,#5888);
#5101=LINE('',#12254,#5889);
#5102=LINE('',#12256,#5890);
#5103=LINE('',#12258,#5891);
#5104=LINE('',#12260,#5892);
#5105=LINE('',#12262,#5893);
#5106=LINE('',#12264,#5894);
#5107=LINE('',#12266,#5895);
#5108=LINE('',#12268,#5896);
#5109=LINE('',#12270,#5897);
#5110=LINE('',#12272,#5898);
#5111=LINE('',#12274,#5899);
#5112=LINE('',#12276,#5900);
#5113=LINE('',#12278,#5901);
#5114=LINE('',#12280,#5902);
#5115=LINE('',#12282,#5903);
#5116=LINE('',#12284,#5904);
#5117=LINE('',#12286,#5905);
#5118=LINE('',#12288,#5906);
#5119=LINE('',#12290,#5907);
#5120=LINE('',#12292,#5908);
#5121=LINE('',#12296,#5909);
#5122=LINE('',#12298,#5910);
#5123=LINE('',#12300,#5911);
#5124=LINE('',#12304,#5912);
#5125=LINE('',#12306,#5913);
#5126=LINE('',#12308,#5914);
#5127=LINE('',#12311,#5915);
#5128=LINE('',#12313,#5916);
#5129=LINE('',#12315,#5917);
#5130=LINE('',#12317,#5918);
#5131=LINE('',#12319,#5919);
#5132=LINE('',#12321,#5920);
#5133=LINE('',#12323,#5921);
#5134=LINE('',#12325,#5922);
#5135=LINE('',#12327,#5923);
#5136=LINE('',#12329,#5924);
#5137=LINE('',#12331,#5925);
#5138=LINE('',#12333,#5926);
#5139=LINE('',#12335,#5927);
#5140=LINE('',#12337,#5928);
#5141=LINE('',#12339,#5929);
#5142=LINE('',#12341,#5930);
#5143=LINE('',#12343,#5931);
#5144=LINE('',#12345,#5932);
#5145=LINE('',#12347,#5933);
#5146=LINE('',#12349,#5934);
#5147=LINE('',#12351,#5935);
#5148=LINE('',#12353,#5936);
#5149=LINE('',#12355,#5937);
#5150=LINE('',#12357,#5938);
#5151=LINE('',#12359,#5939);
#5152=LINE('',#12361,#5940);
#5153=LINE('',#12363,#5941);
#5154=LINE('',#12365,#5942);
#5155=LINE('',#12368,#5943);
#5156=LINE('',#12370,#5944);
#5157=LINE('',#12372,#5945);
#5158=LINE('',#12374,#5946);
#5159=LINE('',#12376,#5947);
#5160=LINE('',#12378,#5948);
#5161=LINE('',#12380,#5949);
#5162=LINE('',#12382,#5950);
#5163=LINE('',#12384,#5951);
#5164=LINE('',#12386,#5952);
#5165=LINE('',#12388,#5953);
#5166=LINE('',#12390,#5954);
#5167=LINE('',#12392,#5955);
#5168=LINE('',#12394,#5956);
#5169=LINE('',#12396,#5957);
#5170=LINE('',#12398,#5958);
#5171=LINE('',#12400,#5959);
#5172=LINE('',#12402,#5960);
#5173=LINE('',#12404,#5961);
#5174=LINE('',#12406,#5962);
#5175=LINE('',#12408,#5963);
#5176=LINE('',#12410,#5964);
#5177=LINE('',#12412,#5965);
#5178=LINE('',#12414,#5966);
#5179=LINE('',#12416,#5967);
#5180=LINE('',#12418,#5968);
#5181=LINE('',#12420,#5969);
#5182=LINE('',#12422,#5970);
#5183=LINE('',#12425,#5971);
#5184=LINE('',#12427,#5972);
#5185=LINE('',#12429,#5973);
#5186=LINE('',#12431,#5974);
#5187=LINE('',#12433,#5975);
#5188=LINE('',#12435,#5976);
#5189=LINE('',#12437,#5977);
#5190=LINE('',#12439,#5978);
#5191=LINE('',#12441,#5979);
#5192=LINE('',#12443,#5980);
#5193=LINE('',#12445,#5981);
#5194=LINE('',#12447,#5982);
#5195=LINE('',#12449,#5983);
#5196=LINE('',#12451,#5984);
#5197=LINE('',#12453,#5985);
#5198=LINE('',#12455,#5986);
#5199=LINE('',#12457,#5987);
#5200=LINE('',#12459,#5988);
#5201=LINE('',#12461,#5989);
#5202=LINE('',#12463,#5990);
#5203=LINE('',#12467,#5991);
#5204=LINE('',#12469,#5992);
#5205=LINE('',#12471,#5993);
#5206=LINE('',#12475,#5994);
#5207=LINE('',#12477,#5995);
#5208=LINE('',#12479,#5996);
#5209=LINE('',#12482,#5997);
#5210=LINE('',#12484,#5998);
#5211=LINE('',#12486,#5999);
#5212=LINE('',#12488,#6000);
#5213=LINE('',#12490,#6001);
#5214=LINE('',#12492,#6002);
#5215=LINE('',#12494,#6003);
#5216=LINE('',#12496,#6004);
#5217=LINE('',#12499,#6005);
#5218=LINE('',#12501,#6006);
#5219=LINE('',#12503,#6007);
#5220=LINE('',#12505,#6008);
#5221=LINE('',#12509,#6009);
#5222=LINE('',#12513,#6010);
#5223=LINE('',#12517,#6011);
#5224=LINE('',#12521,#6012);
#5225=LINE('',#12525,#6013);
#5226=LINE('',#12536,#6014);
#5227=LINE('',#12549,#6015);
#5228=LINE('',#12555,#6016);
#5229=LINE('',#12559,#6017);
#5230=LINE('',#12563,#6018);
#5231=LINE('',#12567,#6019);
#5232=LINE('',#12571,#6020);
#5233=LINE('',#12575,#6021);
#5234=LINE('',#12579,#6022);
#5235=LINE('',#12581,#6023);
#5236=LINE('',#12583,#6024);
#5237=LINE('',#12587,#6025);
#5238=LINE('',#12591,#6026);
#5239=LINE('',#12595,#6027);
#5240=LINE('',#12599,#6028);
#5241=LINE('',#12603,#6029);
#5242=LINE('',#12614,#6030);
#5243=LINE('',#12627,#6031);
#5244=LINE('',#12633,#6032);
#5245=LINE('',#12637,#6033);
#5246=LINE('',#12641,#6034);
#5247=LINE('',#12645,#6035);
#5248=LINE('',#12649,#6036);
#5249=LINE('',#12656,#6037);
#5250=LINE('',#12660,#6038);
#5251=LINE('',#12662,#6039);
#5252=LINE('',#12664,#6040);
#5253=LINE('',#12666,#6041);
#5254=LINE('',#12670,#6042);
#5255=LINE('',#12674,#6043);
#5256=LINE('',#12678,#6044);
#5257=LINE('',#12682,#6045);
#5258=LINE('',#12686,#6046);
#5259=LINE('',#12690,#6047);
#5260=LINE('',#12701,#6048);
#5261=LINE('',#12707,#6049);
#5262=LINE('',#12709,#6050);
#5263=LINE('',#12711,#6051);
#5264=LINE('',#12715,#6052);
#5265=LINE('',#12719,#6053);
#5266=LINE('',#12723,#6054);
#5267=LINE('',#12727,#6055);
#5268=LINE('',#12731,#6056);
#5269=LINE('',#12735,#6057);
#5270=LINE('',#12739,#6058);
#5271=LINE('',#12743,#6059);
#5272=LINE('',#12747,#6060);
#5273=LINE('',#12749,#6061);
#5274=LINE('',#12751,#6062);
#5275=LINE('',#12755,#6063);
#5276=LINE('',#12759,#6064);
#5277=LINE('',#12763,#6065);
#5278=LINE('',#12767,#6066);
#5279=LINE('',#12771,#6067);
#5280=LINE('',#12775,#6068);
#5281=LINE('',#12779,#6069);
#5282=LINE('',#12783,#6070);
#5283=LINE('',#12787,#6071);
#5284=LINE('',#12791,#6072);
#5285=LINE('',#12793,#6073);
#5286=LINE('',#12795,#6074);
#5287=LINE('',#12799,#6075);
#5288=LINE('',#12807,#6076);
#5289=LINE('',#12811,#6077);
#5290=LINE('',#12815,#6078);
#5291=LINE('',#12819,#6079);
#5292=LINE('',#12823,#6080);
#5293=LINE('',#12830,#6081);
#5294=LINE('',#12832,#6082);
#5295=LINE('',#12834,#6083);
#5296=LINE('',#12836,#6084);
#5297=LINE('',#12838,#6085);
#5298=LINE('',#12840,#6086);
#5299=LINE('',#12844,#6087);
#5300=LINE('',#12846,#6088);
#5301=LINE('',#12848,#6089);
#5302=LINE('',#12850,#6090);
#5303=LINE('',#12852,#6091);
#5304=LINE('',#12854,#6092);
#5305=LINE('',#12856,#6093);
#5306=LINE('',#12861,#6094);
#5307=LINE('',#12863,#6095);
#5308=LINE('',#12865,#6096);
#5309=LINE('',#12867,#6097);
#5310=LINE('',#12869,#6098);
#5311=LINE('',#12870,#6099);
#5312=LINE('',#12872,#6100);
#5313=LINE('',#12874,#6101);
#5314=LINE('',#12876,#6102);
#5315=LINE('',#12924,#6103);
#5316=LINE('',#12926,#6104);
#5317=LINE('',#12928,#6105);
#5318=LINE('',#12930,#6106);
#5319=LINE('',#12932,#6107);
#5320=LINE('',#12934,#6108);
#5321=LINE('',#12936,#6109);
#5322=LINE('',#12938,#6110);
#5323=LINE('',#12940,#6111);
#5324=LINE('',#12942,#6112);
#5325=LINE('',#12945,#6113);
#5326=LINE('',#12947,#6114);
#5327=LINE('',#12951,#6115);
#5328=LINE('',#12953,#6116);
#5329=LINE('',#12957,#6117);
#5330=LINE('',#12959,#6118);
#5331=LINE('',#12961,#6119);
#5332=LINE('',#12963,#6120);
#5333=LINE('',#12967,#6121);
#5334=LINE('',#12969,#6122);
#5335=LINE('',#12973,#6123);
#5336=LINE('',#12975,#6124);
#5337=VECTOR('',#8381,1.);
#5338=VECTOR('',#8382,1.);
#5339=VECTOR('',#8383,1.);
#5340=VECTOR('',#8384,1.);
#5341=VECTOR('',#8385,1.);
#5342=VECTOR('',#8386,1.);
#5343=VECTOR('',#8387,1.);
#5344=VECTOR('',#8388,1.);
#5345=VECTOR('',#8391,1.);
#5346=VECTOR('',#8392,1.);
#5347=VECTOR('',#8393,1.);
#5348=VECTOR('',#8394,1.);
#5349=VECTOR('',#8395,1.);
#5350=VECTOR('',#8396,1.);
#5351=VECTOR('',#8397,1.);
#5352=VECTOR('',#8398,1.);
#5353=VECTOR('',#8409,1.);
#5354=VECTOR('',#8410,1.);
#5355=VECTOR('',#8411,1.);
#5356=VECTOR('',#8412,1.);
#5357=VECTOR('',#8413,1.);
#5358=VECTOR('',#8414,1.);
#5359=VECTOR('',#8415,1.);
#5360=VECTOR('',#8416,1.);
#5361=VECTOR('',#8417,1.);
#5362=VECTOR('',#8418,1.);
#5363=VECTOR('',#8419,1.);
#5364=VECTOR('',#8420,1.);
#5365=VECTOR('',#8421,1.);
#5366=VECTOR('',#8422,1.);
#5367=VECTOR('',#8423,1.);
#5368=VECTOR('',#8424,1.);
#5369=VECTOR('',#8427,1.);
#5370=VECTOR('',#8430,1.);
#5371=VECTOR('',#8433,1.);
#5372=VECTOR('',#8436,1.);
#5373=VECTOR('',#8447,1.);
#5374=VECTOR('',#8448,1.);
#5375=VECTOR('',#8449,1.);
#5376=VECTOR('',#8450,1.);
#5377=VECTOR('',#8451,1.);
#5378=VECTOR('',#8452,1.);
#5379=VECTOR('',#8453,1.);
#5380=VECTOR('',#8454,1.);
#5381=VECTOR('',#8455,1.);
#5382=VECTOR('',#8456,1.);
#5383=VECTOR('',#8459,1.);
#5384=VECTOR('',#8460,1.);
#5385=VECTOR('',#8461,1.);
#5386=VECTOR('',#8462,1.);
#5387=VECTOR('',#8463,1.);
#5388=VECTOR('',#8464,1.);
#5389=VECTOR('',#8465,1.);
#5390=VECTOR('',#8468,1.);
#5391=VECTOR('',#8471,1.);
#5392=VECTOR('',#8472,1.);
#5393=VECTOR('',#8473,1.);
#5394=VECTOR('',#8474,1.);
#5395=VECTOR('',#8491,1.);
#5396=VECTOR('',#8492,1.);
#5397=VECTOR('',#8495,1.);
#5398=VECTOR('',#8496,1.);
#5399=VECTOR('',#8497,1.);
#5400=VECTOR('',#8500,1.);
#5401=VECTOR('',#8501,1.);
#5402=VECTOR('',#8502,1.);
#5403=VECTOR('',#8503,1.);
#5404=VECTOR('',#8504,1.);
#5405=VECTOR('',#8505,1.);
#5406=VECTOR('',#8508,1.);
#5407=VECTOR('',#8509,1.);
#5408=VECTOR('',#8510,1.);
#5409=VECTOR('',#8511,1.);
#5410=VECTOR('',#8512,1.);
#5411=VECTOR('',#8513,1.);
#5412=VECTOR('',#8514,1.);
#5413=VECTOR('',#8515,1.);
#5414=VECTOR('',#8516,1.);
#5415=VECTOR('',#8517,1.);
#5416=VECTOR('',#8518,1.);
#5417=VECTOR('',#8519,1.);
#5418=VECTOR('',#8520,1.);
#5419=VECTOR('',#8521,1.);
#5420=VECTOR('',#8522,1.);
#5421=VECTOR('',#8523,1.);
#5422=VECTOR('',#8524,1.);
#5423=VECTOR('',#8525,1.);
#5424=VECTOR('',#8526,1.);
#5425=VECTOR('',#8527,1.);
#5426=VECTOR('',#8528,1.);
#5427=VECTOR('',#8529,1.);
#5428=VECTOR('',#8530,1.);
#5429=VECTOR('',#8531,1.);
#5430=VECTOR('',#8532,1.);
#5431=VECTOR('',#8533,1.);
#5432=VECTOR('',#8534,1.);
#5433=VECTOR('',#8535,1.);
#5434=VECTOR('',#8536,1.);
#5435=VECTOR('',#8537,1.);
#5436=VECTOR('',#8538,1.);
#5437=VECTOR('',#8539,1.);
#5438=VECTOR('',#8540,1.);
#5439=VECTOR('',#8541,1.);
#5440=VECTOR('',#8542,1.);
#5441=VECTOR('',#8543,1.);
#5442=VECTOR('',#8544,1.);
#5443=VECTOR('',#8545,1.);
#5444=VECTOR('',#8546,1.);
#5445=VECTOR('',#8547,1.);
#5446=VECTOR('',#8548,1.);
#5447=VECTOR('',#8549,1.);
#5448=VECTOR('',#8550,1.);
#5449=VECTOR('',#8551,1.);
#5450=VECTOR('',#8554,1.);
#5451=VECTOR('',#8579,1.);
#5452=VECTOR('',#8602,1.);
#5453=VECTOR('',#8603,1.);
#5454=VECTOR('',#8604,1.);
#5455=VECTOR('',#8605,1.);
#5456=VECTOR('',#8606,1.);
#5457=VECTOR('',#8607,1.);
#5458=VECTOR('',#8608,1.);
#5459=VECTOR('',#8609,1.);
#5460=VECTOR('',#8610,1.);
#5461=VECTOR('',#8611,1.);
#5462=VECTOR('',#8612,1.);
#5463=VECTOR('',#8613,1.);
#5464=VECTOR('',#8614,1.);
#5465=VECTOR('',#8625,1.);
#5466=VECTOR('',#8626,1.);
#5467=VECTOR('',#8627,1.);
#5468=VECTOR('',#8628,1.);
#5469=VECTOR('',#8629,1.);
#5470=VECTOR('',#8630,1.);
#5471=VECTOR('',#8631,1.);
#5472=VECTOR('',#8632,1.);
#5473=VECTOR('',#8633,1.);
#5474=VECTOR('',#8634,1.);
#5475=VECTOR('',#8635,1.);
#5476=VECTOR('',#8636,1.);
#5477=VECTOR('',#8637,1.);
#5478=VECTOR('',#8638,1.);
#5479=VECTOR('',#8639,1.);
#5480=VECTOR('',#8640,1.);
#5481=VECTOR('',#8641,1.);
#5482=VECTOR('',#8642,1.);
#5483=VECTOR('',#8643,1.);
#5484=VECTOR('',#8644,1.);
#5485=VECTOR('',#8647,1.);
#5486=VECTOR('',#8650,1.);
#5487=VECTOR('',#8651,1.);
#5488=VECTOR('',#8652,1.);
#5489=VECTOR('',#8653,1.);
#5490=VECTOR('',#8654,1.);
#5491=VECTOR('',#8655,1.);
#5492=VECTOR('',#8656,1.);
#5493=VECTOR('',#8657,1.);
#5494=VECTOR('',#8658,1.);
#5495=VECTOR('',#8659,1.);
#5496=VECTOR('',#8660,1.);
#5497=VECTOR('',#8661,1.);
#5498=VECTOR('',#8662,1.);
#5499=VECTOR('',#8663,1.);
#5500=VECTOR('',#8664,1.);
#5501=VECTOR('',#8665,1.);
#5502=VECTOR('',#8666,1.);
#5503=VECTOR('',#8667,1.);
#5504=VECTOR('',#8668,1.);
#5505=VECTOR('',#8669,1.);
#5506=VECTOR('',#8670,1.);
#5507=VECTOR('',#8671,1.);
#5508=VECTOR('',#8672,1.);
#5509=VECTOR('',#8673,1.);
#5510=VECTOR('',#8674,1.);
#5511=VECTOR('',#8675,1.);
#5512=VECTOR('',#8676,1.);
#5513=VECTOR('',#8677,1.);
#5514=VECTOR('',#8678,1.);
#5515=VECTOR('',#8679,1.);
#5516=VECTOR('',#8680,1.);
#5517=VECTOR('',#8681,1.);
#5518=VECTOR('',#8682,1.);
#5519=VECTOR('',#8683,1.);
#5520=VECTOR('',#8684,1.);
#5521=VECTOR('',#8685,1.);
#5522=VECTOR('',#8686,1.);
#5523=VECTOR('',#8687,1.);
#5524=VECTOR('',#8688,1.);
#5525=VECTOR('',#8691,1.);
#5526=VECTOR('',#8694,1.);
#5527=VECTOR('',#8695,1.);
#5528=VECTOR('',#8696,1.);
#5529=VECTOR('',#8697,1.);
#5530=VECTOR('',#8698,1.);
#5531=VECTOR('',#8699,1.);
#5532=VECTOR('',#8700,1.);
#5533=VECTOR('',#8701,1.);
#5534=VECTOR('',#8702,1.);
#5535=VECTOR('',#8703,1.);
#5536=VECTOR('',#8704,1.);
#5537=VECTOR('',#8707,1.);
#5538=VECTOR('',#8732,1.);
#5539=VECTOR('',#8755,1.);
#5540=VECTOR('',#8772,1.);
#5541=VECTOR('',#8793,1.);
#5542=VECTOR('',#8812,1.);
#5543=VECTOR('',#8827,1.);
#5544=VECTOR('',#8828,1.);
#5545=VECTOR('',#8829,1.);
#5546=VECTOR('',#8830,1.);
#5547=VECTOR('',#8831,1.);
#5548=VECTOR('',#8832,1.);
#5549=VECTOR('',#8835,1.);
#5550=VECTOR('',#8836,1.);
#5551=VECTOR('',#8839,1.);
#5552=VECTOR('',#8840,1.);
#5553=VECTOR('',#8841,1.);
#5554=VECTOR('',#8844,1.);
#5555=VECTOR('',#8845,1.);
#5556=VECTOR('',#8846,1.);
#5557=VECTOR('',#8847,1.);
#5558=VECTOR('',#8848,1.);
#5559=VECTOR('',#8849,1.);
#5560=VECTOR('',#8850,1.);
#5561=VECTOR('',#8851,1.);
#5562=VECTOR('',#8852,1.);
#5563=VECTOR('',#8853,1.);
#5564=VECTOR('',#8856,1.);
#5565=VECTOR('',#8859,1.);
#5566=VECTOR('',#8862,1.);
#5567=VECTOR('',#8867,1.);
#5568=VECTOR('',#8868,1.);
#5569=VECTOR('',#8869,1.);
#5570=VECTOR('',#8872,1.);
#5571=VECTOR('',#8873,1.);
#5572=VECTOR('',#8874,1.);
#5573=VECTOR('',#8877,1.);
#5574=VECTOR('',#8878,1.);
#5575=VECTOR('',#8879,1.);
#5576=VECTOR('',#8882,1.);
#5577=VECTOR('',#8883,1.);
#5578=VECTOR('',#8884,1.);
#5579=VECTOR('',#8885,1.);
#5580=VECTOR('',#8886,1.);
#5581=VECTOR('',#8887,1.);
#5582=VECTOR('',#8890,1.);
#5583=VECTOR('',#8893,1.);
#5584=VECTOR('',#8896,1.);
#5585=VECTOR('',#8899,1.);
#5586=VECTOR('',#8918,1.);
#5587=VECTOR('',#8919,1.);
#5588=VECTOR('',#8922,1.);
#5589=VECTOR('',#8925,1.);
#5590=VECTOR('',#8930,1.);
#5591=VECTOR('',#8931,1.);
#5592=VECTOR('',#8932,1.);
#5593=VECTOR('',#8935,1.);
#5594=VECTOR('',#8936,1.);
#5595=VECTOR('',#8939,1.);
#5596=VECTOR('',#8944,1.);
#5597=VECTOR('',#8945,1.);
#5598=VECTOR('',#8948,1.);
#5599=VECTOR('',#8949,1.);
#5600=VECTOR('',#8952,1.);
#5601=VECTOR('',#8953,1.);
#5602=VECTOR('',#8956,1.);
#5603=VECTOR('',#8961,1.);
#5604=VECTOR('',#8964,1.);
#5605=VECTOR('',#8965,1.);
#5606=VECTOR('',#8966,1.);
#5607=VECTOR('',#8971,1.);
#5608=VECTOR('',#8978,1.);
#5609=VECTOR('',#8985,1.);
#5610=VECTOR('',#8992,1.);
#5611=VECTOR('',#8995,1.);
#5612=VECTOR('',#8996,1.);
#5613=VECTOR('',#9001,1.);
#5614=VECTOR('',#9008,1.);
#5615=VECTOR('',#9015,1.);
#5616=VECTOR('',#9018,1.);
#5617=VECTOR('',#9019,1.);
#5618=VECTOR('',#9020,1.);
#5619=VECTOR('',#9023,1.);
#5620=VECTOR('',#9028,1.);
#5621=VECTOR('',#9033,1.);
#5622=VECTOR('',#9038,1.);
#5623=VECTOR('',#9041,1.);
#5624=VECTOR('',#9042,1.);
#5625=VECTOR('',#9045,1.);
#5626=VECTOR('',#9050,1.);
#5627=VECTOR('',#9055,1.);
#5628=VECTOR('',#9072,1.);
#5629=VECTOR('',#9073,1.);
#5630=VECTOR('',#9074,1.);
#5631=VECTOR('',#9077,1.);
#5632=VECTOR('',#9078,1.);
#5633=VECTOR('',#9081,1.);
#5634=VECTOR('',#9082,1.);
#5635=VECTOR('',#9085,1.);
#5636=VECTOR('',#9086,1.);
#5637=VECTOR('',#9089,1.);
#5638=VECTOR('',#9090,1.);
#5639=VECTOR('',#9093,1.);
#5640=VECTOR('',#9094,1.);
#5641=VECTOR('',#9097,1.);
#5642=VECTOR('',#9102,1.);
#5643=VECTOR('',#9103,1.);
#5644=VECTOR('',#9106,1.);
#5645=VECTOR('',#9111,1.);
#5646=VECTOR('',#9116,1.);
#5647=VECTOR('',#9117,1.);
#5648=VECTOR('',#9118,1.);
#5649=VECTOR('',#9121,1.);
#5650=VECTOR('',#9122,1.);
#5651=VECTOR('',#9125,1.);
#5652=VECTOR('',#9126,1.);
#5653=VECTOR('',#9129,1.);
#5654=VECTOR('',#9134,1.);
#5655=VECTOR('',#9135,1.);
#5656=VECTOR('',#9136,1.);
#5657=VECTOR('',#9139,1.);
#5658=VECTOR('',#9140,1.);
#5659=VECTOR('',#9143,1.);
#5660=VECTOR('',#9148,1.);
#5661=VECTOR('',#9149,1.);
#5662=VECTOR('',#9152,1.);
#5663=VECTOR('',#9153,1.);
#5664=VECTOR('',#9156,1.);
#5665=VECTOR('',#9157,1.);
#5666=VECTOR('',#9160,1.);
#5667=VECTOR('',#9165,1.);
#5668=VECTOR('',#9166,1.);
#5669=VECTOR('',#9167,1.);
#5670=VECTOR('',#9168,1.);
#5671=VECTOR('',#9171,1.);
#5672=VECTOR('',#9172,1.);
#5673=VECTOR('',#9173,1.);
#5674=VECTOR('',#9176,1.);
#5675=VECTOR('',#9177,1.);
#5676=VECTOR('',#9178,1.);
#5677=VECTOR('',#9181,1.);
#5678=VECTOR('',#9184,1.);
#5679=VECTOR('',#9187,1.);
#5680=VECTOR('',#9188,1.);
#5681=VECTOR('',#9191,1.);
#5682=VECTOR('',#9192,1.);
#5683=VECTOR('',#9195,1.);
#5684=VECTOR('',#9196,1.);
#5685=VECTOR('',#9199,1.);
#5686=VECTOR('',#9200,1.);
#5687=VECTOR('',#9203,1.);
#5688=VECTOR('',#9204,1.);
#5689=VECTOR('',#9207,1.);
#5690=VECTOR('',#9208,1.);
#5691=VECTOR('',#9211,1.);
#5692=VECTOR('',#9212,1.);
#5693=VECTOR('',#9215,1.);
#5694=VECTOR('',#9216,1.);
#5695=VECTOR('',#9219,1.);
#5696=VECTOR('',#9220,1.);
#5697=VECTOR('',#9223,1.);
#5698=VECTOR('',#9224,1.);
#5699=VECTOR('',#9227,1.);
#5700=VECTOR('',#9228,1.);
#5701=VECTOR('',#9231,1.);
#5702=VECTOR('',#9232,1.);
#5703=VECTOR('',#9235,1.);
#5704=VECTOR('',#9236,1.);
#5705=VECTOR('',#9239,1.);
#5706=VECTOR('',#9240,1.);
#5707=VECTOR('',#9243,1.);
#5708=VECTOR('',#9246,1.);
#5709=VECTOR('',#9247,1.);
#5710=VECTOR('',#9252,1.);
#5711=VECTOR('',#9253,1.);
#5712=VECTOR('',#9254,1.);
#5713=VECTOR('',#9257,1.);
#5714=VECTOR('',#9258,1.);
#5715=VECTOR('',#9261,1.);
#5716=VECTOR('',#9262,1.);
#5717=VECTOR('',#9265,1.);
#5718=VECTOR('',#9270,1.);
#5719=VECTOR('',#9271,1.);
#5720=VECTOR('',#9272,1.);
#5721=VECTOR('',#9275,1.);
#5722=VECTOR('',#9276,1.);
#5723=VECTOR('',#9279,1.);
#5724=VECTOR('',#9280,1.);
#5725=VECTOR('',#9283,1.);
#5726=VECTOR('',#9284,1.);
#5727=VECTOR('',#9287,1.);
#5728=VECTOR('',#9288,1.);
#5729=VECTOR('',#9291,1.);
#5730=VECTOR('',#9292,1.);
#5731=VECTOR('',#9295,1.);
#5732=VECTOR('',#9296,1.);
#5733=VECTOR('',#9299,1.);
#5734=VECTOR('',#9300,1.);
#5735=VECTOR('',#9303,1.);
#5736=VECTOR('',#9304,1.);
#5737=VECTOR('',#9307,1.);
#5738=VECTOR('',#9308,1.);
#5739=VECTOR('',#9311,1.);
#5740=VECTOR('',#9312,1.);
#5741=VECTOR('',#9315,1.);
#5742=VECTOR('',#9320,1.);
#5743=VECTOR('',#9321,1.);
#5744=VECTOR('',#9322,1.);
#5745=VECTOR('',#9325,1.);
#5746=VECTOR('',#9326,1.);
#5747=VECTOR('',#9329,1.);
#5748=VECTOR('',#9330,1.);
#5749=VECTOR('',#9333,1.);
#5750=VECTOR('',#9334,1.);
#5751=VECTOR('',#9337,1.);
#5752=VECTOR('',#9338,1.);
#5753=VECTOR('',#9341,1.);
#5754=VECTOR('',#9346,1.);
#5755=VECTOR('',#9347,1.);
#5756=VECTOR('',#9348,1.);
#5757=VECTOR('',#9351,1.);
#5758=VECTOR('',#9352,1.);
#5759=VECTOR('',#9355,1.);
#5760=VECTOR('',#9356,1.);
#5761=VECTOR('',#9359,1.);
#5762=VECTOR('',#9360,1.);
#5763=VECTOR('',#9363,1.);
#5764=VECTOR('',#9364,1.);
#5765=VECTOR('',#9367,1.);
#5766=VECTOR('',#9368,1.);
#5767=VECTOR('',#9371,1.);
#5768=VECTOR('',#9372,1.);
#5769=VECTOR('',#9375,1.);
#5770=VECTOR('',#9376,1.);
#5771=VECTOR('',#9379,1.);
#5772=VECTOR('',#9380,1.);
#5773=VECTOR('',#9383,1.);
#5774=VECTOR('',#9384,1.);
#5775=VECTOR('',#9387,1.);
#5776=VECTOR('',#9388,1.);
#5777=VECTOR('',#9391,1.);
#5778=VECTOR('',#9396,1.);
#5779=VECTOR('',#9397,1.);
#5780=VECTOR('',#9398,1.);
#5781=VECTOR('',#9401,1.);
#5782=VECTOR('',#9406,1.);
#5783=VECTOR('',#9411,1.);
#5784=VECTOR('',#9416,1.);
#5785=VECTOR('',#9421,1.);
#5786=VECTOR('',#9426,1.);
#5787=VECTOR('',#9429,1.);
#5788=VECTOR('',#9430,1.);
#5789=VECTOR('',#9433,1.);
#5790=VECTOR('',#9438,1.);
#5791=VECTOR('',#9443,1.);
#5792=VECTOR('',#9448,1.);
#5793=VECTOR('',#9453,1.);
#5794=VECTOR('',#9458,1.);
#5795=VECTOR('',#9463,1.);
#5796=VECTOR('',#9464,1.);
#5797=VECTOR('',#9467,1.);
#5798=VECTOR('',#9472,1.);
#5799=VECTOR('',#9477,1.);
#5800=VECTOR('',#9482,1.);
#5801=VECTOR('',#9487,1.);
#5802=VECTOR('',#9492,1.);
#5803=VECTOR('',#9495,1.);
#5804=VECTOR('',#9496,1.);
#5805=VECTOR('',#9499,1.);
#5806=VECTOR('',#9504,1.);
#5807=VECTOR('',#9509,1.);
#5808=VECTOR('',#9514,1.);
#5809=VECTOR('',#9519,1.);
#5810=VECTOR('',#9530,1.);
#5811=VECTOR('',#9531,1.);
#5812=VECTOR('',#9532,1.);
#5813=VECTOR('',#9535,1.);
#5814=VECTOR('',#9536,1.);
#5815=VECTOR('',#9539,1.);
#5816=VECTOR('',#9540,1.);
#5817=VECTOR('',#9543,1.);
#5818=VECTOR('',#9544,1.);
#5819=VECTOR('',#9547,1.);
#5820=VECTOR('',#9548,1.);
#5821=VECTOR('',#9551,1.);
#5822=VECTOR('',#9552,1.);
#5823=VECTOR('',#9555,1.);
#5824=VECTOR('',#9556,1.);
#5825=VECTOR('',#9559,1.);
#5826=VECTOR('',#9564,1.);
#5827=VECTOR('',#9565,1.);
#5828=VECTOR('',#9566,1.);
#5829=VECTOR('',#9569,1.);
#5830=VECTOR('',#9570,1.);
#5831=VECTOR('',#9573,1.);
#5832=VECTOR('',#9574,1.);
#5833=VECTOR('',#9577,1.);
#5834=VECTOR('',#9578,1.);
#5835=VECTOR('',#9581,1.);
#5836=VECTOR('',#9582,1.);
#5837=VECTOR('',#9585,1.);
#5838=VECTOR('',#9586,1.);
#5839=VECTOR('',#9589,1.);
#5840=VECTOR('',#9594,1.);
#5841=VECTOR('',#9599,1.);
#5842=VECTOR('',#9604,1.);
#5843=VECTOR('',#9609,1.);
#5844=VECTOR('',#9612,1.);
#5845=VECTOR('',#9615,1.);
#5846=VECTOR('',#9616,1.);
#5847=VECTOR('',#9619,1.);
#5848=VECTOR('',#9620,1.);
#5849=VECTOR('',#9623,1.);
#5850=VECTOR('',#9624,1.);
#5851=VECTOR('',#9625,1.);
#5852=VECTOR('',#9626,1.);
#5853=VECTOR('',#9629,1.);
#5854=VECTOR('',#9630,1.);
#5855=VECTOR('',#9631,1.);
#5856=VECTOR('',#9634,1.);
#5857=VECTOR('',#9635,1.);
#5858=VECTOR('',#9636,1.);
#5859=VECTOR('',#9637,1.);
#5860=VECTOR('',#9642,1.);
#5861=VECTOR('',#9649,1.);
#5862=VECTOR('',#9656,1.);
#5863=VECTOR('',#9663,1.);
#5864=VECTOR('',#9668,1.);
#5865=VECTOR('',#9675,1.);
#5866=VECTOR('',#9676,1.);
#5867=VECTOR('',#9677,1.);
#5868=VECTOR('',#9680,1.);
#5869=VECTOR('',#9681,1.);
#5870=VECTOR('',#9684,1.);
#5871=VECTOR('',#9685,1.);
#5872=VECTOR('',#9688,1.);
#5873=VECTOR('',#9689,1.);
#5874=VECTOR('',#9692,1.);
#5875=VECTOR('',#9693,1.);
#5876=VECTOR('',#9696,1.);
#5877=VECTOR('',#9697,1.);
#5878=VECTOR('',#9700,1.);
#5879=VECTOR('',#9701,1.);
#5880=VECTOR('',#9704,1.);
#5881=VECTOR('',#9705,1.);
#5882=VECTOR('',#9708,1.);
#5883=VECTOR('',#9709,1.);
#5884=VECTOR('',#9712,1.);
#5885=VECTOR('',#9713,1.);
#5886=VECTOR('',#9716,1.);
#5887=VECTOR('',#9717,1.);
#5888=VECTOR('',#9720,1.);
#5889=VECTOR('',#9725,1.);
#5890=VECTOR('',#9726,1.);
#5891=VECTOR('',#9727,1.);
#5892=VECTOR('',#9730,1.);
#5893=VECTOR('',#9731,1.);
#5894=VECTOR('',#9734,1.);
#5895=VECTOR('',#9735,1.);
#5896=VECTOR('',#9738,1.);
#5897=VECTOR('',#9739,1.);
#5898=VECTOR('',#9742,1.);
#5899=VECTOR('',#9743,1.);
#5900=VECTOR('',#9746,1.);
#5901=VECTOR('',#9747,1.);
#5902=VECTOR('',#9750,1.);
#5903=VECTOR('',#9751,1.);
#5904=VECTOR('',#9754,1.);
#5905=VECTOR('',#9755,1.);
#5906=VECTOR('',#9758,1.);
#5907=VECTOR('',#9759,1.);
#5908=VECTOR('',#9762,1.);
#5909=VECTOR('',#9767,1.);
#5910=VECTOR('',#9768,1.);
#5911=VECTOR('',#9771,1.);
#5912=VECTOR('',#9776,1.);
#5913=VECTOR('',#9777,1.);
#5914=VECTOR('',#9780,1.);
#5915=VECTOR('',#9785,1.);
#5916=VECTOR('',#9786,1.);
#5917=VECTOR('',#9787,1.);
#5918=VECTOR('',#9790,1.);
#5919=VECTOR('',#9791,1.);
#5920=VECTOR('',#9794,1.);
#5921=VECTOR('',#9795,1.);
#5922=VECTOR('',#9798,1.);
#5923=VECTOR('',#9799,1.);
#5924=VECTOR('',#9802,1.);
#5925=VECTOR('',#9803,1.);
#5926=VECTOR('',#9806,1.);
#5927=VECTOR('',#9807,1.);
#5928=VECTOR('',#9810,1.);
#5929=VECTOR('',#9811,1.);
#5930=VECTOR('',#9814,1.);
#5931=VECTOR('',#9815,1.);
#5932=VECTOR('',#9818,1.);
#5933=VECTOR('',#9819,1.);
#5934=VECTOR('',#9822,1.);
#5935=VECTOR('',#9823,1.);
#5936=VECTOR('',#9826,1.);
#5937=VECTOR('',#9827,1.);
#5938=VECTOR('',#9830,1.);
#5939=VECTOR('',#9831,1.);
#5940=VECTOR('',#9834,1.);
#5941=VECTOR('',#9835,1.);
#5942=VECTOR('',#9838,1.);
#5943=VECTOR('',#9843,1.);
#5944=VECTOR('',#9844,1.);
#5945=VECTOR('',#9845,1.);
#5946=VECTOR('',#9848,1.);
#5947=VECTOR('',#9849,1.);
#5948=VECTOR('',#9852,1.);
#5949=VECTOR('',#9853,1.);
#5950=VECTOR('',#9856,1.);
#5951=VECTOR('',#9857,1.);
#5952=VECTOR('',#9860,1.);
#5953=VECTOR('',#9861,1.);
#5954=VECTOR('',#9864,1.);
#5955=VECTOR('',#9865,1.);
#5956=VECTOR('',#9868,1.);
#5957=VECTOR('',#9869,1.);
#5958=VECTOR('',#9872,1.);
#5959=VECTOR('',#9873,1.);
#5960=VECTOR('',#9876,1.);
#5961=VECTOR('',#9877,1.);
#5962=VECTOR('',#9880,1.);
#5963=VECTOR('',#9881,1.);
#5964=VECTOR('',#9884,1.);
#5965=VECTOR('',#9885,1.);
#5966=VECTOR('',#9888,1.);
#5967=VECTOR('',#9889,1.);
#5968=VECTOR('',#9892,1.);
#5969=VECTOR('',#9893,1.);
#5970=VECTOR('',#9896,1.);
#5971=VECTOR('',#9901,1.);
#5972=VECTOR('',#9902,1.);
#5973=VECTOR('',#9903,1.);
#5974=VECTOR('',#9906,1.);
#5975=VECTOR('',#9907,1.);
#5976=VECTOR('',#9910,1.);
#5977=VECTOR('',#9911,1.);
#5978=VECTOR('',#9914,1.);
#5979=VECTOR('',#9915,1.);
#5980=VECTOR('',#9918,1.);
#5981=VECTOR('',#9919,1.);
#5982=VECTOR('',#9922,1.);
#5983=VECTOR('',#9923,1.);
#5984=VECTOR('',#9926,1.);
#5985=VECTOR('',#9927,1.);
#5986=VECTOR('',#9930,1.);
#5987=VECTOR('',#9931,1.);
#5988=VECTOR('',#9934,1.);
#5989=VECTOR('',#9935,1.);
#5990=VECTOR('',#9938,1.);
#5991=VECTOR('',#9943,1.);
#5992=VECTOR('',#9944,1.);
#5993=VECTOR('',#9947,1.);
#5994=VECTOR('',#9952,1.);
#5995=VECTOR('',#9953,1.);
#5996=VECTOR('',#9956,1.);
#5997=VECTOR('',#9961,1.);
#5998=VECTOR('',#9962,1.);
#5999=VECTOR('',#9963,1.);
#6000=VECTOR('',#9966,1.);
#6001=VECTOR('',#9967,1.);
#6002=VECTOR('',#9970,1.);
#6003=VECTOR('',#9971,1.);
#6004=VECTOR('',#9974,1.);
#6005=VECTOR('',#9979,1.);
#6006=VECTOR('',#9980,1.);
#6007=VECTOR('',#9981,1.);
#6008=VECTOR('',#9984,1.);
#6009=VECTOR('',#9989,1.);
#6010=VECTOR('',#9994,1.);
#6011=VECTOR('',#9999,1.);
#6012=VECTOR('',#10004,1.);
#6013=VECTOR('',#10009,1.);
#6014=VECTOR('',#10012,1.);
#6015=VECTOR('',#10013,1.);
#6016=VECTOR('',#10016,1.);
#6017=VECTOR('',#10021,1.);
#6018=VECTOR('',#10026,1.);
#6019=VECTOR('',#10031,1.);
#6020=VECTOR('',#10036,1.);
#6021=VECTOR('',#10041,1.);
#6022=VECTOR('',#10046,1.);
#6023=VECTOR('',#10047,1.);
#6024=VECTOR('',#10050,1.);
#6025=VECTOR('',#10055,1.);
#6026=VECTOR('',#10060,1.);
#6027=VECTOR('',#10065,1.);
#6028=VECTOR('',#10070,1.);
#6029=VECTOR('',#10075,1.);
#6030=VECTOR('',#10078,1.);
#6031=VECTOR('',#10079,1.);
#6032=VECTOR('',#10082,1.);
#6033=VECTOR('',#10087,1.);
#6034=VECTOR('',#10092,1.);
#6035=VECTOR('',#10097,1.);
#6036=VECTOR('',#10102,1.);
#6037=VECTOR('',#10113,1.);
#6038=VECTOR('',#10116,1.);
#6039=VECTOR('',#10119,1.);
#6040=VECTOR('',#10120,1.);
#6041=VECTOR('',#10123,1.);
#6042=VECTOR('',#10128,1.);
#6043=VECTOR('',#10133,1.);
#6044=VECTOR('',#10138,1.);
#6045=VECTOR('',#10143,1.);
#6046=VECTOR('',#10148,1.);
#6047=VECTOR('',#10153,1.);
#6048=VECTOR('',#10156,1.);
#6049=VECTOR('',#10159,1.);
#6050=VECTOR('',#10160,1.);
#6051=VECTOR('',#10163,1.);
#6052=VECTOR('',#10168,1.);
#6053=VECTOR('',#10173,1.);
#6054=VECTOR('',#10178,1.);
#6055=VECTOR('',#10183,1.);
#6056=VECTOR('',#10188,1.);
#6057=VECTOR('',#10193,1.);
#6058=VECTOR('',#10198,1.);
#6059=VECTOR('',#10203,1.);
#6060=VECTOR('',#10208,1.);
#6061=VECTOR('',#10209,1.);
#6062=VECTOR('',#10212,1.);
#6063=VECTOR('',#10217,1.);
#6064=VECTOR('',#10222,1.);
#6065=VECTOR('',#10227,1.);
#6066=VECTOR('',#10232,1.);
#6067=VECTOR('',#10237,1.);
#6068=VECTOR('',#10242,1.);
#6069=VECTOR('',#10247,1.);
#6070=VECTOR('',#10252,1.);
#6071=VECTOR('',#10257,1.);
#6072=VECTOR('',#10262,1.);
#6073=VECTOR('',#10263,1.);
#6074=VECTOR('',#10266,1.);
#6075=VECTOR('',#10271,1.);
#6076=VECTOR('',#10274,1.);
#6077=VECTOR('',#10279,1.);
#6078=VECTOR('',#10284,1.);
#6079=VECTOR('',#10289,1.);
#6080=VECTOR('',#10294,1.);
#6081=VECTOR('',#10305,1.);
#6082=VECTOR('',#10306,1.);
#6083=VECTOR('',#10307,1.);
#6084=VECTOR('',#10310,1.);
#6085=VECTOR('',#10311,1.);
#6086=VECTOR('',#10314,1.);
#6087=VECTOR('',#10319,1.);
#6088=VECTOR('',#10320,1.);
#6089=VECTOR('',#10323,1.);
#6090=VECTOR('',#10324,1.);
#6091=VECTOR('',#10327,1.);
#6092=VECTOR('',#10328,1.);
#6093=VECTOR('',#10331,1.);
#6094=VECTOR('',#10340,1.);
#6095=VECTOR('',#10341,1.);
#6096=VECTOR('',#10342,1.);
#6097=VECTOR('',#10345,1.);
#6098=VECTOR('',#10346,1.);
#6099=VECTOR('',#10347,1.);
#6100=VECTOR('',#10348,1.);
#6101=VECTOR('',#10351,1.);
#6102=VECTOR('',#10354,1.);
#6103=VECTOR('',#10433,1.);
#6104=VECTOR('',#10436,1.);
#6105=VECTOR('',#10439,1.);
#6106=VECTOR('',#10440,1.);
#6107=VECTOR('',#10441,1.);
#6108=VECTOR('',#10444,1.);
#6109=VECTOR('',#10445,1.);
#6110=VECTOR('',#10448,1.);
#6111=VECTOR('',#10449,1.);
#6112=VECTOR('',#10452,1.);
#6113=VECTOR('',#10457,1.);
#6114=VECTOR('',#10458,1.);
#6115=VECTOR('',#10463,1.);
#6116=VECTOR('',#10464,1.);
#6117=VECTOR('',#10469,1.);
#6118=VECTOR('',#10472,1.);
#6119=VECTOR('',#10475,1.);
#6120=VECTOR('',#10476,1.);
#6121=VECTOR('',#10481,1.);
#6122=VECTOR('',#10482,1.);
#6123=VECTOR('',#10487,1.);
#6124=VECTOR('',#10490,1.);
#6125=EDGE_LOOP('',(#491,#492,#493,#494));
#6126=EDGE_LOOP('',(#495,#496,#497,#498));
#6127=EDGE_LOOP('',(#499,#500,#501,#502));
#6128=EDGE_LOOP('',(#503,#504,#505,#506));
#6129=EDGE_LOOP('',(#507));
#6130=EDGE_LOOP('',(#508));
#6131=EDGE_LOOP('',(#509));
#6132=EDGE_LOOP('',(#510));
#6133=EDGE_LOOP('',(#511,#512,#513,#514,#515,#516,#517,#518));
#6134=EDGE_LOOP('',(#519,#520,#521,#522));
#6135=EDGE_LOOP('',(#523,#524,#525,#526));
#6136=EDGE_LOOP('',(#527,#528,#529,#530,#531,#532,#533,#534));
#6137=EDGE_LOOP('',(#535));
#6138=EDGE_LOOP('',(#536));
#6139=EDGE_LOOP('',(#537));
#6140=EDGE_LOOP('',(#538));
#6141=EDGE_LOOP('',(#539,#540,#541,#542));
#6142=EDGE_LOOP('',(#543,#544,#545,#546,#547,#548,#549));
#6143=EDGE_LOOP('',(#550,#551,#552,#553));
#6144=EDGE_LOOP('',(#554,#555,#556,#557,#558,#559,#560,#561,#562,#563));
#6145=EDGE_LOOP('',(#564,#565,#566,#567,#568,#569,#570,#571,#572,#573,#574,#575));
#6146=EDGE_LOOP('',(#576,#577,#578,#579,#580,#581,#582,#583));
#6147=EDGE_LOOP('',(#584,#585,#586,#587));
#6148=EDGE_LOOP('',(#588,#589,#590,#591,#592,#593,#594,#595,#596,#597,#598,#599,#600,#601,#602,#603));
#6149=EDGE_LOOP('',(#604,#605,#606,#607,#608,#609,#610,#611,#612,#613,#614,#615));
#6150=EDGE_LOOP('',(#616,#617,#618,#619,#620,#621));
#6151=EDGE_LOOP('',(#622,#623,#624,#625,#626,#627,#628,#629,#630,#631,#632,#633));
#6152=EDGE_LOOP('',(#634,#635,#636,#637,#638,#639,#640,#641,#642,#643,#644,#645,#646,#647,#648,#649,#650,#651,#652,#653,#654,#655,#656,#657,#658,#659,#660,#661,#662,#663));
#6153=EDGE_LOOP('',(#664,#665,#666,#667,#668,#669,#670,#671));
#6154=EDGE_LOOP('',(#672,#673,#674,#675,#676,#677,#678,#679,#680,#681,#682,#683,#684,#685,#686));
#6155=EDGE_LOOP('',(#687,#688,#689,#690,#691,#692,#693,#694,#695,#696,#697,#698));
#6156=EDGE_LOOP('',(#699,#700,#701,#702,#703,#704,#705,#706,#707,#708,#709,#710,#711,#712));
#6157=EDGE_LOOP('',(#713,#714,#715,#716,#717,#718,#719,#720,#721,#722,#723,#724,#725,#726));
#6158=EDGE_LOOP('',(#727,#728,#729,#730,#731,#732,#733,#734,#735,#736,#737,#738,#739,#740));
#6159=EDGE_LOOP('',(#741,#742,#743,#744,#745,#746,#747,#748,#749,#750,#751,#752,#753,#754));
#6160=EDGE_LOOP('',(#755,#756,#757,#758));
#6161=EDGE_LOOP('',(#759,#760,#761,#762,#763,#764,#765,#766,#767,#768,#769,#770,#771,#772,#773,#774,#775,#776,#777,#778,#779,#780,#781,#782,#783,#784,#785,#786,#787,#788));
#6162=EDGE_LOOP('',(#789,#790,#791,#792,#793,#794,#795,#796,#797,#798,#799,#800,#801,#802,#803,#804,#805,#806,#807,#808,#809,#810,#811,#812,#813,#814,#815,#816,#817,#818,#819,#820,#821,#822,#823,#824,#825,#826,#827,#828));
#6163=EDGE_LOOP('',(#829,#830,#831,#832,#833,#834,#835));
#6164=EDGE_LOOP('',(#836,#837,#838,#839));
#6165=EDGE_LOOP('',(#840,#841,#842,#843));
#6166=EDGE_LOOP('',(#844,#845,#846,#847,#848,#849,#850,#851,#852,#853,#854,#855,#856,#857,#858,#859,#860,#861));
#6167=EDGE_LOOP('',(#862,#863,#864,#865));
#6168=EDGE_LOOP('',(#866,#867,#868,#869));
#6169=EDGE_LOOP('',(#870,#871,#872,#873));
#6170=EDGE_LOOP('',(#874,#875,#876,#877,#878,#879,#880,#881));
#6171=EDGE_LOOP('',(#882,#883,#884,#885));
#6172=EDGE_LOOP('',(#886,#887,#888,#889));
#6173=EDGE_LOOP('',(#890,#891,#892,#893));
#6174=EDGE_LOOP('',(#894,#895,#896,#897));
#6175=EDGE_LOOP('',(#898,#899,#900,#901));
#6176=EDGE_LOOP('',(#902,#903,#904,#905));
#6177=EDGE_LOOP('',(#906,#907,#908,#909));
#6178=EDGE_LOOP('',(#910,#911,#912,#913));
#6179=EDGE_LOOP('',(#914,#915,#916,#917));
#6180=EDGE_LOOP('',(#918,#919,#920,#921));
#6181=EDGE_LOOP('',(#922,#923,#924,#925));
#6182=EDGE_LOOP('',(#926,#927,#928,#929));
#6183=EDGE_LOOP('',(#930,#931,#932,#933));
#6184=EDGE_LOOP('',(#934,#935,#936,#937));
#6185=EDGE_LOOP('',(#938,#939,#940,#941));
#6186=EDGE_LOOP('',(#942,#943,#944,#945));
#6187=EDGE_LOOP('',(#946,#947,#948,#949));
#6188=EDGE_LOOP('',(#950,#951,#952,#953));
#6189=EDGE_LOOP('',(#954,#955,#956,#957));
#6190=EDGE_LOOP('',(#958,#959,#960,#961));
#6191=EDGE_LOOP('',(#962,#963,#964,#965,#966,#967,#968,#969));
#6192=EDGE_LOOP('',(#970,#971,#972,#973));
#6193=EDGE_LOOP('',(#974,#975,#976,#977));
#6194=EDGE_LOOP('',(#978,#979,#980,#981));
#6195=EDGE_LOOP('',(#982,#983,#984,#985));
#6196=EDGE_LOOP('',(#986,#987,#988,#989));
#6197=EDGE_LOOP('',(#990,#991,#992,#993));
#6198=EDGE_LOOP('',(#994,#995,#996,#997));
#6199=EDGE_LOOP('',(#998,#999,#1000,#1001));
#6200=EDGE_LOOP('',(#1002,#1003,#1004,#1005));
#6201=EDGE_LOOP('',(#1006,#1007,#1008,#1009));
#6202=EDGE_LOOP('',(#1010,#1011,#1012,#1013));
#6203=EDGE_LOOP('',(#1014,#1015,#1016,#1017));
#6204=EDGE_LOOP('',(#1018,#1019,#1020,#1021));
#6205=EDGE_LOOP('',(#1022,#1023,#1024,#1025));
#6206=EDGE_LOOP('',(#1026,#1027,#1028,#1029));
#6207=EDGE_LOOP('',(#1030,#1031,#1032,#1033));
#6208=EDGE_LOOP('',(#1034,#1035,#1036,#1037));
#6209=EDGE_LOOP('',(#1038,#1039,#1040,#1041));
#6210=EDGE_LOOP('',(#1042,#1043,#1044,#1045));
#6211=EDGE_LOOP('',(#1046,#1047,#1048,#1049));
#6212=EDGE_LOOP('',(#1050,#1051,#1052,#1053));
#6213=EDGE_LOOP('',(#1054,#1055,#1056,#1057));
#6214=EDGE_LOOP('',(#1058,#1059,#1060,#1061));
#6215=EDGE_LOOP('',(#1062,#1063,#1064,#1065));
#6216=EDGE_LOOP('',(#1066,#1067,#1068,#1069,#1070,#1071,#1072,#1073,#1074,#1075,#1076,#1077));
#6217=EDGE_LOOP('',(#1078,#1079,#1080,#1081,#1082,#1083,#1084,#1085,#1086,#1087,#1088,#1089));
#6218=EDGE_LOOP('',(#1090,#1091,#1092,#1093));
#6219=EDGE_LOOP('',(#1094,#1095,#1096,#1097));
#6220=EDGE_LOOP('',(#1098,#1099,#1100,#1101));
#6221=EDGE_LOOP('',(#1102,#1103,#1104,#1105));
#6222=EDGE_LOOP('',(#1106,#1107,#1108,#1109));
#6223=EDGE_LOOP('',(#1110,#1111,#1112,#1113));
#6224=EDGE_LOOP('',(#1114,#1115,#1116,#1117));
#6225=EDGE_LOOP('',(#1118,#1119,#1120,#1121));
#6226=EDGE_LOOP('',(#1122,#1123,#1124,#1125));
#6227=EDGE_LOOP('',(#1126,#1127,#1128,#1129));
#6228=EDGE_LOOP('',(#1130,#1131,#1132,#1133,#1134,#1135,#1136,#1137,#1138,#1139));
#6229=EDGE_LOOP('',(#1140,#1141,#1142,#1143));
#6230=EDGE_LOOP('',(#1144,#1145,#1146,#1147));
#6231=EDGE_LOOP('',(#1148,#1149,#1150,#1151));
#6232=EDGE_LOOP('',(#1152,#1153,#1154,#1155));
#6233=EDGE_LOOP('',(#1156,#1157,#1158,#1159));
#6234=EDGE_LOOP('',(#1160,#1161,#1162,#1163));
#6235=EDGE_LOOP('',(#1164,#1165,#1166,#1167));
#6236=EDGE_LOOP('',(#1168,#1169,#1170,#1171));
#6237=EDGE_LOOP('',(#1172,#1173,#1174,#1175));
#6238=EDGE_LOOP('',(#1176,#1177,#1178,#1179));
#6239=EDGE_LOOP('',(#1180,#1181,#1182,#1183));
#6240=EDGE_LOOP('',(#1184,#1185,#1186,#1187));
#6241=EDGE_LOOP('',(#1188,#1189,#1190,#1191,#1192,#1193,#1194));
#6242=EDGE_LOOP('',(#1195,#1196,#1197,#1198));
#6243=EDGE_LOOP('',(#1199,#1200,#1201,#1202));
#6244=EDGE_LOOP('',(#1203,#1204,#1205,#1206));
#6245=EDGE_LOOP('',(#1207,#1208,#1209,#1210));
#6246=EDGE_LOOP('',(#1211,#1212,#1213,#1214));
#6247=EDGE_LOOP('',(#1215,#1216,#1217,#1218));
#6248=EDGE_LOOP('',(#1219,#1220,#1221,#1222));
#6249=EDGE_LOOP('',(#1223,#1224,#1225,#1226));
#6250=EDGE_LOOP('',(#1227,#1228,#1229,#1230));
#6251=EDGE_LOOP('',(#1231,#1232,#1233,#1234));
#6252=EDGE_LOOP('',(#1235,#1236,#1237,#1238));
#6253=EDGE_LOOP('',(#1239,#1240,#1241,#1242));
#6254=EDGE_LOOP('',(#1243,#1244,#1245,#1246));
#6255=EDGE_LOOP('',(#1247,#1248,#1249,#1250));
#6256=EDGE_LOOP('',(#1251,#1252,#1253,#1254));
#6257=EDGE_LOOP('',(#1255,#1256,#1257,#1258));
#6258=EDGE_LOOP('',(#1259,#1260,#1261,#1262));
#6259=EDGE_LOOP('',(#1263,#1264,#1265,#1266));
#6260=EDGE_LOOP('',(#1267,#1268,#1269,#1270));
#6261=EDGE_LOOP('',(#1271,#1272,#1273,#1274));
#6262=EDGE_LOOP('',(#1275,#1276,#1277,#1278,#1279,#1280,#1281,#1282,#1283,#1284,#1285,#1286,#1287,#1288,#1289,#1290));
#6263=EDGE_LOOP('',(#1291,#1292,#1293,#1294));
#6264=EDGE_LOOP('',(#1295,#1296,#1297,#1298));
#6265=EDGE_LOOP('',(#1299,#1300,#1301,#1302));
#6266=EDGE_LOOP('',(#1303,#1304,#1305,#1306));
#6267=EDGE_LOOP('',(#1307,#1308,#1309,#1310));
#6268=EDGE_LOOP('',(#1311,#1312,#1313,#1314));
#6269=EDGE_LOOP('',(#1315,#1316,#1317,#1318));
#6270=EDGE_LOOP('',(#1319,#1320,#1321,#1322));
#6271=EDGE_LOOP('',(#1323,#1324,#1325,#1326));
#6272=EDGE_LOOP('',(#1327,#1328,#1329,#1330));
#6273=EDGE_LOOP('',(#1331,#1332,#1333,#1334));
#6274=EDGE_LOOP('',(#1335,#1336,#1337,#1338));
#6275=EDGE_LOOP('',(#1339,#1340,#1341,#1342));
#6276=EDGE_LOOP('',(#1343,#1344,#1345,#1346));
#6277=EDGE_LOOP('',(#1347,#1348,#1349,#1350));
#6278=EDGE_LOOP('',(#1351,#1352,#1353,#1354));
#6279=EDGE_LOOP('',(#1355,#1356,#1357,#1358));
#6280=EDGE_LOOP('',(#1359,#1360,#1361,#1362));
#6281=EDGE_LOOP('',(#1363,#1364,#1365,#1366,#1367,#1368,#1369,#1370,#1371,#1372,#1373,#1374));
#6282=EDGE_LOOP('',(#1375,#1376,#1377,#1378));
#6283=EDGE_LOOP('',(#1379,#1380,#1381,#1382));
#6284=EDGE_LOOP('',(#1383,#1384,#1385,#1386));
#6285=EDGE_LOOP('',(#1387,#1388,#1389,#1390));
#6286=EDGE_LOOP('',(#1391,#1392,#1393,#1394));
#6287=EDGE_LOOP('',(#1395,#1396,#1397,#1398));
#6288=EDGE_LOOP('',(#1399,#1400,#1401,#1402,#1403,#1404));
#6289=EDGE_LOOP('',(#1405,#1406,#1407,#1408));
#6290=EDGE_LOOP('',(#1409,#1410,#1411,#1412));
#6291=EDGE_LOOP('',(#1413,#1414,#1415,#1416));
#6292=EDGE_LOOP('',(#1417,#1418,#1419,#1420));
#6293=EDGE_LOOP('',(#1421,#1422,#1423,#1424));
#6294=EDGE_LOOP('',(#1425,#1426,#1427,#1428));
#6295=EDGE_LOOP('',(#1429,#1430,#1431,#1432));
#6296=EDGE_LOOP('',(#1433,#1434,#1435,#1436));
#6297=EDGE_LOOP('',(#1437,#1438,#1439,#1440));
#6298=EDGE_LOOP('',(#1441,#1442,#1443,#1444));
#6299=EDGE_LOOP('',(#1445,#1446,#1447,#1448));
#6300=EDGE_LOOP('',(#1449,#1450,#1451,#1452));
#6301=EDGE_LOOP('',(#1453,#1454,#1455,#1456,#1457,#1458,#1459,#1460,#1461,#1462,#1463,#1464));
#6302=EDGE_LOOP('',(#1465,#1466,#1467,#1468));
#6303=EDGE_LOOP('',(#1469,#1470,#1471,#1472));
#6304=EDGE_LOOP('',(#1473,#1474,#1475,#1476));
#6305=EDGE_LOOP('',(#1477,#1478,#1479,#1480));
#6306=EDGE_LOOP('',(#1481,#1482,#1483,#1484));
#6307=EDGE_LOOP('',(#1485,#1486,#1487,#1488));
#6308=EDGE_LOOP('',(#1489,#1490,#1491,#1492));
#6309=EDGE_LOOP('',(#1493,#1494,#1495,#1496));
#6310=EDGE_LOOP('',(#1497,#1498,#1499,#1500));
#6311=EDGE_LOOP('',(#1501,#1502,#1503,#1504));
#6312=EDGE_LOOP('',(#1505,#1506,#1507,#1508));
#6313=EDGE_LOOP('',(#1509,#1510,#1511,#1512));
#6314=EDGE_LOOP('',(#1513,#1514,#1515,#1516));
#6315=EDGE_LOOP('',(#1517,#1518,#1519,#1520));
#6316=EDGE_LOOP('',(#1521,#1522,#1523,#1524));
#6317=EDGE_LOOP('',(#1525,#1526,#1527,#1528));
#6318=EDGE_LOOP('',(#1529,#1530,#1531,#1532));
#6319=EDGE_LOOP('',(#1533,#1534,#1535,#1536));
#6320=EDGE_LOOP('',(#1537,#1538,#1539,#1540));
#6321=EDGE_LOOP('',(#1541,#1542,#1543,#1544));
#6322=EDGE_LOOP('',(#1545,#1546,#1547,#1548));
#6323=EDGE_LOOP('',(#1549,#1550,#1551,#1552));
#6324=EDGE_LOOP('',(#1553,#1554,#1555,#1556));
#6325=EDGE_LOOP('',(#1557,#1558,#1559,#1560));
#6326=EDGE_LOOP('',(#1561,#1562,#1563,#1564));
#6327=EDGE_LOOP('',(#1565,#1566,#1567,#1568));
#6328=EDGE_LOOP('',(#1569,#1570,#1571,#1572));
#6329=EDGE_LOOP('',(#1573,#1574,#1575,#1576));
#6330=EDGE_LOOP('',(#1577,#1578,#1579,#1580));
#6331=EDGE_LOOP('',(#1581,#1582,#1583,#1584));
#6332=EDGE_LOOP('',(#1585,#1586,#1587,#1588,#1589,#1590,#1591,#1592,#1593,#1594,#1595,#1596,#1597,#1598,#1599,#1600,#1601,#1602,#1603,#1604,#1605,#1606,#1607,#1608,#1609,#1610,#1611,#1612,#1613,#1614));
#6333=EDGE_LOOP('',(#1615,#1616,#1617,#1618));
#6334=EDGE_LOOP('',(#1619,#1620,#1621,#1622));
#6335=EDGE_LOOP('',(#1623,#1624,#1625,#1626));
#6336=EDGE_LOOP('',(#1627,#1628,#1629,#1630));
#6337=EDGE_LOOP('',(#1631,#1632,#1633,#1634));
#6338=EDGE_LOOP('',(#1635,#1636,#1637,#1638));
#6339=EDGE_LOOP('',(#1639,#1640,#1641,#1642));
#6340=EDGE_LOOP('',(#1643,#1644,#1645,#1646));
#6341=EDGE_LOOP('',(#1647,#1648,#1649,#1650,#1651,#1652,#1653,#1654));
#6342=EDGE_LOOP('',(#1655,#1656,#1657,#1658));
#6343=EDGE_LOOP('',(#1659,#1660,#1661,#1662));
#6344=EDGE_LOOP('',(#1663,#1664,#1665,#1666));
#6345=EDGE_LOOP('',(#1667,#1668,#1669,#1670));
#6346=EDGE_LOOP('',(#1671,#1672,#1673,#1674));
#6347=EDGE_LOOP('',(#1675,#1676,#1677,#1678));
#6348=EDGE_LOOP('',(#1679,#1680,#1681,#1682));
#6349=EDGE_LOOP('',(#1683,#1684,#1685,#1686));
#6350=EDGE_LOOP('',(#1687,#1688,#1689,#1690));
#6351=EDGE_LOOP('',(#1691,#1692,#1693,#1694));
#6352=EDGE_LOOP('',(#1695,#1696,#1697,#1698));
#6353=EDGE_LOOP('',(#1699,#1700,#1701,#1702));
#6354=EDGE_LOOP('',(#1703,#1704,#1705,#1706));
#6355=EDGE_LOOP('',(#1707,#1708,#1709,#1710));
#6356=EDGE_LOOP('',(#1711,#1712,#1713,#1714));
#6357=EDGE_LOOP('',(#1715,#1716,#1717,#1718));
#6358=EDGE_LOOP('',(#1719,#1720,#1721,#1722));
#6359=EDGE_LOOP('',(#1723,#1724,#1725,#1726));
#6360=EDGE_LOOP('',(#1727,#1728,#1729,#1730));
#6361=EDGE_LOOP('',(#1731,#1732,#1733,#1734));
#6362=EDGE_LOOP('',(#1735,#1736,#1737,#1738));
#6363=EDGE_LOOP('',(#1739,#1740,#1741,#1742));
#6364=EDGE_LOOP('',(#1743,#1744,#1745,#1746));
#6365=EDGE_LOOP('',(#1747,#1748,#1749,#1750));
#6366=EDGE_LOOP('',(#1751,#1752,#1753,#1754,#1755,#1756,#1757,#1758,#1759));
#6367=EDGE_LOOP('',(#1760,#1761,#1762,#1763,#1764,#1765,#1766,#1767,#1768,#1769,#1770,#1771,#1772,#1773,#1774));
#6368=EDGE_LOOP('',(#1775,#1776,#1777,#1778,#1779,#1780,#1781,#1782,#1783));
#6369=EDGE_LOOP('',(#1784,#1785,#1786,#1787));
#6370=EDGE_LOOP('',(#1788,#1789,#1790,#1791));
#6371=EDGE_LOOP('',(#1792,#1793,#1794,#1795));
#6372=EDGE_LOOP('',(#1796,#1797,#1798,#1799));
#6373=EDGE_LOOP('',(#1800,#1801,#1802,#1803));
#6374=EDGE_LOOP('',(#1804,#1805,#1806,#1807));
#6375=EDGE_LOOP('',(#1808,#1809,#1810,#1811));
#6376=EDGE_LOOP('',(#1812,#1813,#1814,#1815));
#6377=EDGE_LOOP('',(#1816,#1817,#1818,#1819));
#6378=EDGE_LOOP('',(#1820,#1821,#1822,#1823));
#6379=EDGE_LOOP('',(#1824,#1825,#1826,#1827));
#6380=EDGE_LOOP('',(#1828,#1829,#1830,#1831));
#6381=EDGE_LOOP('',(#1832,#1833,#1834,#1835,#1836,#1837,#1838,#1839,#1840,#1841,#1842,#1843));
#6382=EDGE_LOOP('',(#1844,#1845,#1846,#1847));
#6383=EDGE_LOOP('',(#1848,#1849,#1850,#1851));
#6384=EDGE_LOOP('',(#1852,#1853,#1854,#1855));
#6385=EDGE_LOOP('',(#1856,#1857,#1858,#1859));
#6386=EDGE_LOOP('',(#1860,#1861,#1862,#1863));
#6387=EDGE_LOOP('',(#1864,#1865,#1866,#1867));
#6388=EDGE_LOOP('',(#1868,#1869,#1870,#1871));
#6389=EDGE_LOOP('',(#1872,#1873,#1874,#1875));
#6390=EDGE_LOOP('',(#1876,#1877,#1878,#1879));
#6391=EDGE_LOOP('',(#1880,#1881,#1882,#1883));
#6392=EDGE_LOOP('',(#1884,#1885,#1886,#1887));
#6393=EDGE_LOOP('',(#1888,#1889,#1890,#1891));
#6394=EDGE_LOOP('',(#1892,#1893,#1894,#1895));
#6395=EDGE_LOOP('',(#1896,#1897,#1898,#1899));
#6396=EDGE_LOOP('',(#1900,#1901,#1902,#1903,#1904,#1905,#1906,#1907,#1908,#1909,#1910,#1911,#1912,#1913));
#6397=EDGE_LOOP('',(#1914,#1915,#1916,#1917));
#6398=EDGE_LOOP('',(#1918,#1919,#1920,#1921));
#6399=EDGE_LOOP('',(#1922,#1923,#1924,#1925));
#6400=EDGE_LOOP('',(#1926,#1927,#1928,#1929));
#6401=EDGE_LOOP('',(#1930,#1931,#1932,#1933));
#6402=EDGE_LOOP('',(#1934,#1935,#1936,#1937));
#6403=EDGE_LOOP('',(#1938,#1939,#1940,#1941));
#6404=EDGE_LOOP('',(#1942,#1943,#1944,#1945));
#6405=EDGE_LOOP('',(#1946,#1947,#1948,#1949));
#6406=EDGE_LOOP('',(#1950,#1951,#1952,#1953));
#6407=EDGE_LOOP('',(#1954,#1955,#1956,#1957));
#6408=EDGE_LOOP('',(#1958,#1959,#1960,#1961));
#6409=EDGE_LOOP('',(#1962,#1963,#1964,#1965));
#6410=EDGE_LOOP('',(#1966,#1967,#1968,#1969));
#6411=EDGE_LOOP('',(#1970,#1971,#1972,#1973,#1974,#1975,#1976,#1977,#1978,#1979,#1980,#1981,#1982,#1983));
#6412=EDGE_LOOP('',(#1984,#1985,#1986,#1987));
#6413=EDGE_LOOP('',(#1988,#1989,#1990,#1991));
#6414=EDGE_LOOP('',(#1992,#1993,#1994,#1995));
#6415=EDGE_LOOP('',(#1996,#1997,#1998,#1999));
#6416=EDGE_LOOP('',(#2000,#2001,#2002,#2003));
#6417=EDGE_LOOP('',(#2004,#2005,#2006,#2007));
#6418=EDGE_LOOP('',(#2008,#2009,#2010,#2011));
#6419=EDGE_LOOP('',(#2012,#2013,#2014,#2015));
#6420=EDGE_LOOP('',(#2016,#2017,#2018,#2019));
#6421=EDGE_LOOP('',(#2020,#2021,#2022,#2023));
#6422=EDGE_LOOP('',(#2024,#2025,#2026,#2027));
#6423=EDGE_LOOP('',(#2028,#2029,#2030,#2031));
#6424=EDGE_LOOP('',(#2032,#2033,#2034,#2035));
#6425=EDGE_LOOP('',(#2036,#2037,#2038,#2039));
#6426=EDGE_LOOP('',(#2040,#2041,#2042,#2043,#2044,#2045,#2046,#2047,#2048,#2049,#2050,#2051,#2052,#2053));
#6427=EDGE_LOOP('',(#2054,#2055,#2056,#2057));
#6428=EDGE_LOOP('',(#2058,#2059,#2060,#2061));
#6429=EDGE_LOOP('',(#2062,#2063,#2064,#2065));
#6430=EDGE_LOOP('',(#2066,#2067,#2068,#2069));
#6431=EDGE_LOOP('',(#2070,#2071,#2072,#2073));
#6432=EDGE_LOOP('',(#2074,#2075,#2076,#2077));
#6433=EDGE_LOOP('',(#2078,#2079,#2080,#2081));
#6434=EDGE_LOOP('',(#2082,#2083,#2084,#2085));
#6435=EDGE_LOOP('',(#2086,#2087,#2088,#2089));
#6436=EDGE_LOOP('',(#2090,#2091,#2092,#2093));
#6437=EDGE_LOOP('',(#2094,#2095,#2096,#2097));
#6438=EDGE_LOOP('',(#2098,#2099,#2100,#2101));
#6439=EDGE_LOOP('',(#2102,#2103,#2104,#2105));
#6440=EDGE_LOOP('',(#2106,#2107,#2108,#2109));
#6441=EDGE_LOOP('',(#2110,#2111,#2112,#2113,#2114,#2115,#2116,#2117,#2118,#2119,#2120,#2121,#2122,#2123));
#6442=EDGE_LOOP('',(#2124,#2125,#2126,#2127));
#6443=EDGE_LOOP('',(#2128,#2129,#2130,#2131));
#6444=EDGE_LOOP('',(#2132,#2133,#2134,#2135));
#6445=EDGE_LOOP('',(#2136,#2137,#2138,#2139));
#6446=EDGE_LOOP('',(#2140,#2141,#2142,#2143));
#6447=EDGE_LOOP('',(#2144,#2145,#2146,#2147));
#6448=EDGE_LOOP('',(#2148,#2149,#2150,#2151));
#6449=EDGE_LOOP('',(#2152,#2153,#2154,#2155));
#6450=EDGE_LOOP('',(#2156,#2157,#2158,#2159));
#6451=EDGE_LOOP('',(#2160,#2161,#2162,#2163));
#6452=EDGE_LOOP('',(#2164,#2165,#2166,#2167));
#6453=EDGE_LOOP('',(#2168,#2169,#2170,#2171));
#6454=EDGE_LOOP('',(#2172,#2173,#2174,#2175));
#6455=EDGE_LOOP('',(#2176,#2177,#2178,#2179));
#6456=EDGE_LOOP('',(#2180,#2181,#2182,#2183));
#6457=EDGE_LOOP('',(#2184,#2185,#2186,#2187));
#6458=EDGE_LOOP('',(#2188,#2189,#2190,#2191));
#6459=EDGE_LOOP('',(#2192,#2193,#2194,#2195));
#6460=EDGE_LOOP('',(#2196,#2197,#2198,#2199));
#6461=EDGE_LOOP('',(#2200,#2201,#2202,#2203));
#6462=EDGE_LOOP('',(#2204,#2205,#2206,#2207));
#6463=EDGE_LOOP('',(#2208,#2209,#2210,#2211));
#6464=EDGE_LOOP('',(#2212,#2213,#2214,#2215));
#6465=EDGE_LOOP('',(#2216,#2217,#2218,#2219));
#6466=EDGE_LOOP('',(#2220,#2221,#2222,#2223));
#6467=EDGE_LOOP('',(#2224,#2225,#2226,#2227));
#6468=EDGE_LOOP('',(#2228,#2229,#2230,#2231));
#6469=EDGE_LOOP('',(#2232,#2233,#2234,#2235));
#6470=EDGE_LOOP('',(#2236,#2237,#2238,#2239));
#6471=EDGE_LOOP('',(#2240,#2241,#2242,#2243));
#6472=EDGE_LOOP('',(#2244,#2245,#2246,#2247));
#6473=EDGE_LOOP('',(#2248,#2249,#2250,#2251));
#6474=EDGE_LOOP('',(#2252,#2253,#2254,#2255));
#6475=EDGE_LOOP('',(#2256,#2257,#2258,#2259));
#6476=EDGE_LOOP('',(#2260,#2261,#2262,#2263));
#6477=EDGE_LOOP('',(#2264,#2265,#2266,#2267,#2268,#2269,#2270,#2271,#2272,#2273,#2274,#2275,#2276,#2277,#2278,#2279,#2280,#2281,#2282,#2283,#2284,#2285,#2286,#2287,#2288,#2289,#2290,#2291,#2292,#2293));
#6478=EDGE_LOOP('',(#2294,#2295,#2296,#2297));
#6479=EDGE_LOOP('',(#2298,#2299,#2300,#2301));
#6480=EDGE_LOOP('',(#2302,#2303,#2304,#2305));
#6481=EDGE_LOOP('',(#2306,#2307,#2308,#2309));
#6482=EDGE_LOOP('',(#2310,#2311,#2312,#2313));
#6483=EDGE_LOOP('',(#2314,#2315,#2316,#2317));
#6484=EDGE_LOOP('',(#2318,#2319,#2320,#2321));
#6485=EDGE_LOOP('',(#2322,#2323,#2324,#2325));
#6486=EDGE_LOOP('',(#2326,#2327,#2328,#2329));
#6487=EDGE_LOOP('',(#2330,#2331,#2332,#2333));
#6488=EDGE_LOOP('',(#2334,#2335,#2336,#2337));
#6489=EDGE_LOOP('',(#2338,#2339,#2340,#2341));
#6490=EDGE_LOOP('',(#2342,#2343,#2344,#2345));
#6491=EDGE_LOOP('',(#2346,#2347,#2348,#2349));
#6492=EDGE_LOOP('',(#2350,#2351,#2352,#2353));
#6493=EDGE_LOOP('',(#2354,#2355,#2356,#2357));
#6494=EDGE_LOOP('',(#2358,#2359,#2360,#2361));
#6495=EDGE_LOOP('',(#2362,#2363,#2364,#2365));
#6496=EDGE_LOOP('',(#2366,#2367,#2368,#2369));
#6497=EDGE_LOOP('',(#2370,#2371,#2372,#2373));
#6498=EDGE_LOOP('',(#2374,#2375,#2376,#2377));
#6499=EDGE_LOOP('',(#2378,#2379,#2380,#2381));
#6500=EDGE_LOOP('',(#2382,#2383,#2384,#2385));
#6501=EDGE_LOOP('',(#2386,#2387,#2388,#2389));
#6502=EDGE_LOOP('',(#2390,#2391,#2392,#2393));
#6503=EDGE_LOOP('',(#2394,#2395,#2396,#2397));
#6504=EDGE_LOOP('',(#2398,#2399,#2400,#2401));
#6505=EDGE_LOOP('',(#2402,#2403,#2404,#2405));
#6506=EDGE_LOOP('',(#2406,#2407,#2408,#2409));
#6507=EDGE_LOOP('',(#2410,#2411,#2412,#2413));
#6508=EDGE_LOOP('',(#2414,#2415,#2416,#2417));
#6509=EDGE_LOOP('',(#2418,#2419,#2420,#2421));
#6510=EDGE_LOOP('',(#2422,#2423,#2424,#2425));
#6511=EDGE_LOOP('',(#2426,#2427,#2428,#2429));
#6512=EDGE_LOOP('',(#2430,#2431,#2432,#2433));
#6513=EDGE_LOOP('',(#2434,#2435,#2436,#2437));
#6514=EDGE_LOOP('',(#2438,#2439,#2440,#2441));
#6515=EDGE_LOOP('',(#2442,#2443,#2444,#2445));
#6516=EDGE_LOOP('',(#2446,#2447,#2448,#2449));
#6517=EDGE_LOOP('',(#2450,#2451,#2452,#2453));
#6518=EDGE_LOOP('',(#2454,#2455,#2456,#2457,#2458,#2459,#2460,#2461,#2462,#2463,#2464,#2465,#2466,#2467,#2468,#2469,#2470,#2471,#2472,#2473,#2474,#2475,#2476,#2477,#2478,#2479,#2480,#2481,#2482,#2483,#2484,#2485,#2486,#2487,#2488,#2489,#2490,#2491,#2492,#2493));
#6519=EDGE_LOOP('',(#2494,#2495,#2496,#2497));
#6520=EDGE_LOOP('',(#2498,#2499,#2500,#2501));
#6521=EDGE_LOOP('',(#2502,#2503,#2504,#2505));
#6522=EDGE_LOOP('',(#2506,#2507,#2508,#2509));
#6523=EDGE_LOOP('',(#2510,#2511,#2512,#2513));
#6524=EDGE_LOOP('',(#2514,#2515,#2516,#2517));
#6525=EDGE_LOOP('',(#2518,#2519,#2520,#2521));
#6526=EDGE_LOOP('',(#2522,#2523,#2524,#2525,#2526,#2527,#2528));
#6527=EDGE_LOOP('',(#2529,#2530,#2531,#2532,#2533,#2534,#2535,#2536,#2537,#2538,#2539,#2540));
#6528=EDGE_LOOP('',(#2541,#2542,#2543,#2544));
#6529=EDGE_LOOP('',(#2545,#2546,#2547,#2548));
#6530=EDGE_LOOP('',(#2549,#2550,#2551,#2552,#2553,#2554));
#6531=EDGE_LOOP('',(#2555,#2556,#2557,#2558,#2559,#2560));
#6532=EDGE_LOOP('',(#2561,#2562,#2563,#2564,#2565,#2566));
#6533=EDGE_LOOP('',(#2567));
#6534=EDGE_LOOP('',(#2568));
#6535=EDGE_LOOP('',(#2569));
#6536=EDGE_LOOP('',(#2570));
#6537=EDGE_LOOP('',(#2571));
#6538=EDGE_LOOP('',(#2572));
#6539=EDGE_LOOP('',(#2573));
#6540=EDGE_LOOP('',(#2574));
#6541=EDGE_LOOP('',(#2575));
#6542=EDGE_LOOP('',(#2576));
#6543=EDGE_LOOP('',(#2577));
#6544=EDGE_LOOP('',(#2578));
#6545=EDGE_LOOP('',(#2579));
#6546=EDGE_LOOP('',(#2580));
#6547=EDGE_LOOP('',(#2581));
#6548=EDGE_LOOP('',(#2582));
#6549=EDGE_LOOP('',(#2583));
#6550=EDGE_LOOP('',(#2584));
#6551=EDGE_LOOP('',(#2585));
#6552=EDGE_LOOP('',(#2586));
#6553=EDGE_LOOP('',(#2587));
#6554=EDGE_LOOP('',(#2588));
#6555=EDGE_LOOP('',(#2589));
#6556=EDGE_LOOP('',(#2590));
#6557=EDGE_LOOP('',(#2591,#2592,#2593,#2594));
#6558=EDGE_LOOP('',(#2595,#2596,#2597,#2598));
#6559=EDGE_LOOP('',(#2599,#2600,#2601,#2602));
#6560=EDGE_LOOP('',(#2603,#2604,#2605,#2606));
#6561=EDGE_LOOP('',(#2607,#2608,#2609,#2610));
#6562=EDGE_LOOP('',(#2611,#2612,#2613,#2614));
#6563=EDGE_LOOP('',(#2615,#2616,#2617,#2618));
#6564=EDGE_LOOP('',(#2619,#2620,#2621,#2622));
#6565=EDGE_LOOP('',(#2623,#2624,#2625,#2626));
#6566=EDGE_LOOP('',(#2627,#2628,#2629,#2630));
#6567=EDGE_LOOP('',(#2631,#2632,#2633,#2634));
#6568=EDGE_LOOP('',(#2635,#2636,#2637,#2638));
#6569=EDGE_LOOP('',(#2639,#2640,#2641,#2642));
#6570=EDGE_LOOP('',(#2643,#2644,#2645,#2646));
#6571=EDGE_LOOP('',(#2647,#2648,#2649,#2650));
#6572=EDGE_LOOP('',(#2651,#2652,#2653,#2654));
#6573=EDGE_LOOP('',(#2655,#2656,#2657,#2658));
#6574=EDGE_LOOP('',(#2659,#2660,#2661,#2662));
#6575=EDGE_LOOP('',(#2663,#2664,#2665,#2666));
#6576=EDGE_LOOP('',(#2667,#2668,#2669,#2670));
#6577=EDGE_LOOP('',(#2671,#2672,#2673,#2674));
#6578=EDGE_LOOP('',(#2675,#2676,#2677,#2678));
#6579=EDGE_LOOP('',(#2679,#2680,#2681,#2682));
#6580=EDGE_LOOP('',(#2683,#2684,#2685,#2686));
#6581=EDGE_LOOP('',(#2687,#2688,#2689,#2690));
#6582=EDGE_LOOP('',(#2691,#2692,#2693,#2694));
#6583=EDGE_LOOP('',(#2695,#2696,#2697,#2698));
#6584=EDGE_LOOP('',(#2699,#2700,#2701,#2702));
#6585=FACE_BOUND('',#6125,.T.);
#6586=FACE_BOUND('',#6126,.T.);
#6587=FACE_BOUND('',#6127,.T.);
#6588=FACE_BOUND('',#6128,.T.);
#6589=FACE_BOUND('',#6129,.T.);
#6590=FACE_BOUND('',#6130,.T.);
#6591=FACE_BOUND('',#6131,.T.);
#6592=FACE_BOUND('',#6132,.T.);
#6593=FACE_BOUND('',#6133,.T.);
#6594=FACE_BOUND('',#6134,.T.);
#6595=FACE_BOUND('',#6135,.T.);
#6596=FACE_BOUND('',#6136,.T.);
#6597=FACE_BOUND('',#6137,.T.);
#6598=FACE_BOUND('',#6138,.T.);
#6599=FACE_BOUND('',#6139,.T.);
#6600=FACE_BOUND('',#6140,.T.);
#6601=FACE_BOUND('',#6141,.T.);
#6602=FACE_BOUND('',#6142,.T.);
#6603=FACE_BOUND('',#6143,.T.);
#6604=FACE_BOUND('',#6144,.T.);
#6605=FACE_BOUND('',#6145,.T.);
#6606=FACE_BOUND('',#6146,.T.);
#6607=FACE_BOUND('',#6147,.T.);
#6608=FACE_BOUND('',#6148,.T.);
#6609=FACE_BOUND('',#6149,.T.);
#6610=FACE_BOUND('',#6150,.T.);
#6611=FACE_BOUND('',#6151,.T.);
#6612=FACE_BOUND('',#6152,.T.);
#6613=FACE_BOUND('',#6153,.T.);
#6614=FACE_BOUND('',#6154,.T.);
#6615=FACE_BOUND('',#6155,.T.);
#6616=FACE_BOUND('',#6156,.T.);
#6617=FACE_BOUND('',#6157,.T.);
#6618=FACE_BOUND('',#6158,.T.);
#6619=FACE_BOUND('',#6159,.T.);
#6620=FACE_BOUND('',#6160,.T.);
#6621=FACE_BOUND('',#6161,.T.);
#6622=FACE_BOUND('',#6162,.T.);
#6623=FACE_BOUND('',#6163,.T.);
#6624=FACE_BOUND('',#6164,.T.);
#6625=FACE_BOUND('',#6165,.T.);
#6626=FACE_BOUND('',#6166,.T.);
#6627=FACE_BOUND('',#6167,.T.);
#6628=FACE_BOUND('',#6168,.T.);
#6629=FACE_BOUND('',#6169,.T.);
#6630=FACE_BOUND('',#6170,.T.);
#6631=FACE_BOUND('',#6171,.T.);
#6632=FACE_BOUND('',#6172,.T.);
#6633=FACE_BOUND('',#6173,.T.);
#6634=FACE_BOUND('',#6174,.T.);
#6635=FACE_BOUND('',#6175,.T.);
#6636=FACE_BOUND('',#6176,.T.);
#6637=FACE_BOUND('',#6177,.T.);
#6638=FACE_BOUND('',#6178,.T.);
#6639=FACE_BOUND('',#6179,.T.);
#6640=FACE_BOUND('',#6180,.T.);
#6641=FACE_BOUND('',#6181,.T.);
#6642=FACE_BOUND('',#6182,.T.);
#6643=FACE_BOUND('',#6183,.T.);
#6644=FACE_BOUND('',#6184,.T.);
#6645=FACE_BOUND('',#6185,.T.);
#6646=FACE_BOUND('',#6186,.T.);
#6647=FACE_BOUND('',#6187,.T.);
#6648=FACE_BOUND('',#6188,.T.);
#6649=FACE_BOUND('',#6189,.T.);
#6650=FACE_BOUND('',#6190,.T.);
#6651=FACE_BOUND('',#6191,.T.);
#6652=FACE_BOUND('',#6192,.T.);
#6653=FACE_BOUND('',#6193,.T.);
#6654=FACE_BOUND('',#6194,.T.);
#6655=FACE_BOUND('',#6195,.T.);
#6656=FACE_BOUND('',#6196,.T.);
#6657=FACE_BOUND('',#6197,.T.);
#6658=FACE_BOUND('',#6198,.T.);
#6659=FACE_BOUND('',#6199,.T.);
#6660=FACE_BOUND('',#6200,.T.);
#6661=FACE_BOUND('',#6201,.T.);
#6662=FACE_BOUND('',#6202,.T.);
#6663=FACE_BOUND('',#6203,.T.);
#6664=FACE_BOUND('',#6204,.T.);
#6665=FACE_BOUND('',#6205,.T.);
#6666=FACE_BOUND('',#6206,.T.);
#6667=FACE_BOUND('',#6207,.T.);
#6668=FACE_BOUND('',#6208,.T.);
#6669=FACE_BOUND('',#6209,.T.);
#6670=FACE_BOUND('',#6210,.T.);
#6671=FACE_BOUND('',#6211,.T.);
#6672=FACE_BOUND('',#6212,.T.);
#6673=FACE_BOUND('',#6213,.T.);
#6674=FACE_BOUND('',#6214,.T.);
#6675=FACE_BOUND('',#6215,.T.);
#6676=FACE_BOUND('',#6216,.T.);
#6677=FACE_BOUND('',#6217,.T.);
#6678=FACE_BOUND('',#6218,.T.);
#6679=FACE_BOUND('',#6219,.T.);
#6680=FACE_BOUND('',#6220,.T.);
#6681=FACE_BOUND('',#6221,.T.);
#6682=FACE_BOUND('',#6222,.T.);
#6683=FACE_BOUND('',#6223,.T.);
#6684=FACE_BOUND('',#6224,.T.);
#6685=FACE_BOUND('',#6225,.T.);
#6686=FACE_BOUND('',#6226,.T.);
#6687=FACE_BOUND('',#6227,.T.);
#6688=FACE_BOUND('',#6228,.T.);
#6689=FACE_BOUND('',#6229,.T.);
#6690=FACE_BOUND('',#6230,.T.);
#6691=FACE_BOUND('',#6231,.T.);
#6692=FACE_BOUND('',#6232,.T.);
#6693=FACE_BOUND('',#6233,.T.);
#6694=FACE_BOUND('',#6234,.T.);
#6695=FACE_BOUND('',#6235,.T.);
#6696=FACE_BOUND('',#6236,.T.);
#6697=FACE_BOUND('',#6237,.T.);
#6698=FACE_BOUND('',#6238,.T.);
#6699=FACE_BOUND('',#6239,.T.);
#6700=FACE_BOUND('',#6240,.T.);
#6701=FACE_BOUND('',#6241,.T.);
#6702=FACE_BOUND('',#6242,.T.);
#6703=FACE_BOUND('',#6243,.T.);
#6704=FACE_BOUND('',#6244,.T.);
#6705=FACE_BOUND('',#6245,.T.);
#6706=FACE_BOUND('',#6246,.T.);
#6707=FACE_BOUND('',#6247,.T.);
#6708=FACE_BOUND('',#6248,.T.);
#6709=FACE_BOUND('',#6249,.T.);
#6710=FACE_BOUND('',#6250,.T.);
#6711=FACE_BOUND('',#6251,.T.);
#6712=FACE_BOUND('',#6252,.T.);
#6713=FACE_BOUND('',#6253,.T.);
#6714=FACE_BOUND('',#6254,.T.);
#6715=FACE_BOUND('',#6255,.T.);
#6716=FACE_BOUND('',#6256,.T.);
#6717=FACE_BOUND('',#6257,.T.);
#6718=FACE_BOUND('',#6258,.T.);
#6719=FACE_BOUND('',#6259,.T.);
#6720=FACE_BOUND('',#6260,.T.);
#6721=FACE_BOUND('',#6261,.T.);
#6722=FACE_BOUND('',#6262,.T.);
#6723=FACE_BOUND('',#6263,.T.);
#6724=FACE_BOUND('',#6264,.T.);
#6725=FACE_BOUND('',#6265,.T.);
#6726=FACE_BOUND('',#6266,.T.);
#6727=FACE_BOUND('',#6267,.T.);
#6728=FACE_BOUND('',#6268,.T.);
#6729=FACE_BOUND('',#6269,.T.);
#6730=FACE_BOUND('',#6270,.T.);
#6731=FACE_BOUND('',#6271,.T.);
#6732=FACE_BOUND('',#6272,.T.);
#6733=FACE_BOUND('',#6273,.T.);
#6734=FACE_BOUND('',#6274,.T.);
#6735=FACE_BOUND('',#6275,.T.);
#6736=FACE_BOUND('',#6276,.T.);
#6737=FACE_BOUND('',#6277,.T.);
#6738=FACE_BOUND('',#6278,.T.);
#6739=FACE_BOUND('',#6279,.T.);
#6740=FACE_BOUND('',#6280,.T.);
#6741=FACE_BOUND('',#6281,.T.);
#6742=FACE_BOUND('',#6282,.T.);
#6743=FACE_BOUND('',#6283,.T.);
#6744=FACE_BOUND('',#6284,.T.);
#6745=FACE_BOUND('',#6285,.T.);
#6746=FACE_BOUND('',#6286,.T.);
#6747=FACE_BOUND('',#6287,.T.);
#6748=FACE_BOUND('',#6288,.T.);
#6749=FACE_BOUND('',#6289,.T.);
#6750=FACE_BOUND('',#6290,.T.);
#6751=FACE_BOUND('',#6291,.T.);
#6752=FACE_BOUND('',#6292,.T.);
#6753=FACE_BOUND('',#6293,.T.);
#6754=FACE_BOUND('',#6294,.T.);
#6755=FACE_BOUND('',#6295,.T.);
#6756=FACE_BOUND('',#6296,.T.);
#6757=FACE_BOUND('',#6297,.T.);
#6758=FACE_BOUND('',#6298,.T.);
#6759=FACE_BOUND('',#6299,.T.);
#6760=FACE_BOUND('',#6300,.T.);
#6761=FACE_BOUND('',#6301,.T.);
#6762=FACE_BOUND('',#6302,.T.);
#6763=FACE_BOUND('',#6303,.T.);
#6764=FACE_BOUND('',#6304,.T.);
#6765=FACE_BOUND('',#6305,.T.);
#6766=FACE_BOUND('',#6306,.T.);
#6767=FACE_BOUND('',#6307,.T.);
#6768=FACE_BOUND('',#6308,.T.);
#6769=FACE_BOUND('',#6309,.T.);
#6770=FACE_BOUND('',#6310,.T.);
#6771=FACE_BOUND('',#6311,.T.);
#6772=FACE_BOUND('',#6312,.T.);
#6773=FACE_BOUND('',#6313,.T.);
#6774=FACE_BOUND('',#6314,.T.);
#6775=FACE_BOUND('',#6315,.T.);
#6776=FACE_BOUND('',#6316,.T.);
#6777=FACE_BOUND('',#6317,.T.);
#6778=FACE_BOUND('',#6318,.T.);
#6779=FACE_BOUND('',#6319,.T.);
#6780=FACE_BOUND('',#6320,.T.);
#6781=FACE_BOUND('',#6321,.T.);
#6782=FACE_BOUND('',#6322,.T.);
#6783=FACE_BOUND('',#6323,.T.);
#6784=FACE_BOUND('',#6324,.T.);
#6785=FACE_BOUND('',#6325,.T.);
#6786=FACE_BOUND('',#6326,.T.);
#6787=FACE_BOUND('',#6327,.T.);
#6788=FACE_BOUND('',#6328,.T.);
#6789=FACE_BOUND('',#6329,.T.);
#6790=FACE_BOUND('',#6330,.T.);
#6791=FACE_BOUND('',#6331,.T.);
#6792=FACE_BOUND('',#6332,.T.);
#6793=FACE_BOUND('',#6333,.T.);
#6794=FACE_BOUND('',#6334,.T.);
#6795=FACE_BOUND('',#6335,.T.);
#6796=FACE_BOUND('',#6336,.T.);
#6797=FACE_BOUND('',#6337,.T.);
#6798=FACE_BOUND('',#6338,.T.);
#6799=FACE_BOUND('',#6339,.T.);
#6800=FACE_BOUND('',#6340,.T.);
#6801=FACE_BOUND('',#6341,.T.);
#6802=FACE_BOUND('',#6342,.T.);
#6803=FACE_BOUND('',#6343,.T.);
#6804=FACE_BOUND('',#6344,.T.);
#6805=FACE_BOUND('',#6345,.T.);
#6806=FACE_BOUND('',#6346,.T.);
#6807=FACE_BOUND('',#6347,.T.);
#6808=FACE_BOUND('',#6348,.T.);
#6809=FACE_BOUND('',#6349,.T.);
#6810=FACE_BOUND('',#6350,.T.);
#6811=FACE_BOUND('',#6351,.T.);
#6812=FACE_BOUND('',#6352,.T.);
#6813=FACE_BOUND('',#6353,.T.);
#6814=FACE_BOUND('',#6354,.T.);
#6815=FACE_BOUND('',#6355,.T.);
#6816=FACE_BOUND('',#6356,.T.);
#6817=FACE_BOUND('',#6357,.T.);
#6818=FACE_BOUND('',#6358,.T.);
#6819=FACE_BOUND('',#6359,.T.);
#6820=FACE_BOUND('',#6360,.T.);
#6821=FACE_BOUND('',#6361,.T.);
#6822=FACE_BOUND('',#6362,.T.);
#6823=FACE_BOUND('',#6363,.T.);
#6824=FACE_BOUND('',#6364,.T.);
#6825=FACE_BOUND('',#6365,.T.);
#6826=FACE_BOUND('',#6366,.T.);
#6827=FACE_BOUND('',#6367,.T.);
#6828=FACE_BOUND('',#6368,.T.);
#6829=FACE_BOUND('',#6369,.T.);
#6830=FACE_BOUND('',#6370,.T.);
#6831=FACE_BOUND('',#6371,.T.);
#6832=FACE_BOUND('',#6372,.T.);
#6833=FACE_BOUND('',#6373,.T.);
#6834=FACE_BOUND('',#6374,.T.);
#6835=FACE_BOUND('',#6375,.T.);
#6836=FACE_BOUND('',#6376,.T.);
#6837=FACE_BOUND('',#6377,.T.);
#6838=FACE_BOUND('',#6378,.T.);
#6839=FACE_BOUND('',#6379,.T.);
#6840=FACE_BOUND('',#6380,.T.);
#6841=FACE_BOUND('',#6381,.T.);
#6842=FACE_BOUND('',#6382,.T.);
#6843=FACE_BOUND('',#6383,.T.);
#6844=FACE_BOUND('',#6384,.T.);
#6845=FACE_BOUND('',#6385,.T.);
#6846=FACE_BOUND('',#6386,.T.);
#6847=FACE_BOUND('',#6387,.T.);
#6848=FACE_BOUND('',#6388,.T.);
#6849=FACE_BOUND('',#6389,.T.);
#6850=FACE_BOUND('',#6390,.T.);
#6851=FACE_BOUND('',#6391,.T.);
#6852=FACE_BOUND('',#6392,.T.);
#6853=FACE_BOUND('',#6393,.T.);
#6854=FACE_BOUND('',#6394,.T.);
#6855=FACE_BOUND('',#6395,.T.);
#6856=FACE_BOUND('',#6396,.T.);
#6857=FACE_BOUND('',#6397,.T.);
#6858=FACE_BOUND('',#6398,.T.);
#6859=FACE_BOUND('',#6399,.T.);
#6860=FACE_BOUND('',#6400,.T.);
#6861=FACE_BOUND('',#6401,.T.);
#6862=FACE_BOUND('',#6402,.T.);
#6863=FACE_BOUND('',#6403,.T.);
#6864=FACE_BOUND('',#6404,.T.);
#6865=FACE_BOUND('',#6405,.T.);
#6866=FACE_BOUND('',#6406,.T.);
#6867=FACE_BOUND('',#6407,.T.);
#6868=FACE_BOUND('',#6408,.T.);
#6869=FACE_BOUND('',#6409,.T.);
#6870=FACE_BOUND('',#6410,.T.);
#6871=FACE_BOUND('',#6411,.T.);
#6872=FACE_BOUND('',#6412,.T.);
#6873=FACE_BOUND('',#6413,.T.);
#6874=FACE_BOUND('',#6414,.T.);
#6875=FACE_BOUND('',#6415,.T.);
#6876=FACE_BOUND('',#6416,.T.);
#6877=FACE_BOUND('',#6417,.T.);
#6878=FACE_BOUND('',#6418,.T.);
#6879=FACE_BOUND('',#6419,.T.);
#6880=FACE_BOUND('',#6420,.T.);
#6881=FACE_BOUND('',#6421,.T.);
#6882=FACE_BOUND('',#6422,.T.);
#6883=FACE_BOUND('',#6423,.T.);
#6884=FACE_BOUND('',#6424,.T.);
#6885=FACE_BOUND('',#6425,.T.);
#6886=FACE_BOUND('',#6426,.T.);
#6887=FACE_BOUND('',#6427,.T.);
#6888=FACE_BOUND('',#6428,.T.);
#6889=FACE_BOUND('',#6429,.T.);
#6890=FACE_BOUND('',#6430,.T.);
#6891=FACE_BOUND('',#6431,.T.);
#6892=FACE_BOUND('',#6432,.T.);
#6893=FACE_BOUND('',#6433,.T.);
#6894=FACE_BOUND('',#6434,.T.);
#6895=FACE_BOUND('',#6435,.T.);
#6896=FACE_BOUND('',#6436,.T.);
#6897=FACE_BOUND('',#6437,.T.);
#6898=FACE_BOUND('',#6438,.T.);
#6899=FACE_BOUND('',#6439,.T.);
#6900=FACE_BOUND('',#6440,.T.);
#6901=FACE_BOUND('',#6441,.T.);
#6902=FACE_BOUND('',#6442,.T.);
#6903=FACE_BOUND('',#6443,.T.);
#6904=FACE_BOUND('',#6444,.T.);
#6905=FACE_BOUND('',#6445,.T.);
#6906=FACE_BOUND('',#6446,.T.);
#6907=FACE_BOUND('',#6447,.T.);
#6908=FACE_BOUND('',#6448,.T.);
#6909=FACE_BOUND('',#6449,.T.);
#6910=FACE_BOUND('',#6450,.T.);
#6911=FACE_BOUND('',#6451,.T.);
#6912=FACE_BOUND('',#6452,.T.);
#6913=FACE_BOUND('',#6453,.T.);
#6914=FACE_BOUND('',#6454,.T.);
#6915=FACE_BOUND('',#6455,.T.);
#6916=FACE_BOUND('',#6456,.T.);
#6917=FACE_BOUND('',#6457,.T.);
#6918=FACE_BOUND('',#6458,.T.);
#6919=FACE_BOUND('',#6459,.T.);
#6920=FACE_BOUND('',#6460,.T.);
#6921=FACE_BOUND('',#6461,.T.);
#6922=FACE_BOUND('',#6462,.T.);
#6923=FACE_BOUND('',#6463,.T.);
#6924=FACE_BOUND('',#6464,.T.);
#6925=FACE_BOUND('',#6465,.T.);
#6926=FACE_BOUND('',#6466,.T.);
#6927=FACE_BOUND('',#6467,.T.);
#6928=FACE_BOUND('',#6468,.T.);
#6929=FACE_BOUND('',#6469,.T.);
#6930=FACE_BOUND('',#6470,.T.);
#6931=FACE_BOUND('',#6471,.T.);
#6932=FACE_BOUND('',#6472,.T.);
#6933=FACE_BOUND('',#6473,.T.);
#6934=FACE_BOUND('',#6474,.T.);
#6935=FACE_BOUND('',#6475,.T.);
#6936=FACE_BOUND('',#6476,.T.);
#6937=FACE_BOUND('',#6477,.T.);
#6938=FACE_BOUND('',#6478,.T.);
#6939=FACE_BOUND('',#6479,.T.);
#6940=FACE_BOUND('',#6480,.T.);
#6941=FACE_BOUND('',#6481,.T.);
#6942=FACE_BOUND('',#6482,.T.);
#6943=FACE_BOUND('',#6483,.T.);
#6944=FACE_BOUND('',#6484,.T.);
#6945=FACE_BOUND('',#6485,.T.);
#6946=FACE_BOUND('',#6486,.T.);
#6947=FACE_BOUND('',#6487,.T.);
#6948=FACE_BOUND('',#6488,.T.);
#6949=FACE_BOUND('',#6489,.T.);
#6950=FACE_BOUND('',#6490,.T.);
#6951=FACE_BOUND('',#6491,.T.);
#6952=FACE_BOUND('',#6492,.T.);
#6953=FACE_BOUND('',#6493,.T.);
#6954=FACE_BOUND('',#6494,.T.);
#6955=FACE_BOUND('',#6495,.T.);
#6956=FACE_BOUND('',#6496,.T.);
#6957=FACE_BOUND('',#6497,.T.);
#6958=FACE_BOUND('',#6498,.T.);
#6959=FACE_BOUND('',#6499,.T.);
#6960=FACE_BOUND('',#6500,.T.);
#6961=FACE_BOUND('',#6501,.T.);
#6962=FACE_BOUND('',#6502,.T.);
#6963=FACE_BOUND('',#6503,.T.);
#6964=FACE_BOUND('',#6504,.T.);
#6965=FACE_BOUND('',#6505,.T.);
#6966=FACE_BOUND('',#6506,.T.);
#6967=FACE_BOUND('',#6507,.T.);
#6968=FACE_BOUND('',#6508,.T.);
#6969=FACE_BOUND('',#6509,.T.);
#6970=FACE_BOUND('',#6510,.T.);
#6971=FACE_BOUND('',#6511,.T.);
#6972=FACE_BOUND('',#6512,.T.);
#6973=FACE_BOUND('',#6513,.T.);
#6974=FACE_BOUND('',#6514,.T.);
#6975=FACE_BOUND('',#6515,.T.);
#6976=FACE_BOUND('',#6516,.T.);
#6977=FACE_BOUND('',#6517,.T.);
#6978=FACE_BOUND('',#6518,.T.);
#6979=FACE_BOUND('',#6519,.T.);
#6980=FACE_BOUND('',#6520,.T.);
#6981=FACE_BOUND('',#6521,.T.);
#6982=FACE_BOUND('',#6522,.T.);
#6983=FACE_BOUND('',#6523,.T.);
#6984=FACE_BOUND('',#6524,.T.);
#6985=FACE_BOUND('',#6525,.T.);
#6986=FACE_BOUND('',#6526,.T.);
#6987=FACE_BOUND('',#6527,.T.);
#6988=FACE_BOUND('',#6528,.T.);
#6989=FACE_BOUND('',#6529,.T.);
#6990=FACE_BOUND('',#6530,.T.);
#6991=FACE_BOUND('',#6531,.T.);
#6992=FACE_BOUND('',#6532,.T.);
#6993=FACE_BOUND('',#6533,.T.);
#6994=FACE_BOUND('',#6534,.T.);
#6995=FACE_BOUND('',#6535,.T.);
#6996=FACE_BOUND('',#6536,.T.);
#6997=FACE_BOUND('',#6537,.T.);
#6998=FACE_BOUND('',#6538,.T.);
#6999=FACE_BOUND('',#6539,.T.);
#7000=FACE_BOUND('',#6540,.T.);
#7001=FACE_BOUND('',#6541,.T.);
#7002=FACE_BOUND('',#6542,.T.);
#7003=FACE_BOUND('',#6543,.T.);
#7004=FACE_BOUND('',#6544,.T.);
#7005=FACE_BOUND('',#6545,.T.);
#7006=FACE_BOUND('',#6546,.T.);
#7007=FACE_BOUND('',#6547,.T.);
#7008=FACE_BOUND('',#6548,.T.);
#7009=FACE_BOUND('',#6549,.T.);
#7010=FACE_BOUND('',#6550,.T.);
#7011=FACE_BOUND('',#6551,.T.);
#7012=FACE_BOUND('',#6552,.T.);
#7013=FACE_BOUND('',#6553,.T.);
#7014=FACE_BOUND('',#6554,.T.);
#7015=FACE_BOUND('',#6555,.T.);
#7016=FACE_BOUND('',#6556,.T.);
#7017=FACE_BOUND('',#6557,.T.);
#7018=FACE_BOUND('',#6558,.T.);
#7019=FACE_BOUND('',#6559,.T.);
#7020=FACE_BOUND('',#6560,.T.);
#7021=FACE_BOUND('',#6561,.T.);
#7022=FACE_BOUND('',#6562,.T.);
#7023=FACE_BOUND('',#6563,.T.);
#7024=FACE_BOUND('',#6564,.T.);
#7025=FACE_BOUND('',#6565,.T.);
#7026=FACE_BOUND('',#6566,.T.);
#7027=FACE_BOUND('',#6567,.T.);
#7028=FACE_BOUND('',#6568,.T.);
#7029=FACE_BOUND('',#6569,.T.);
#7030=FACE_BOUND('',#6570,.T.);
#7031=FACE_BOUND('',#6571,.T.);
#7032=FACE_BOUND('',#6572,.T.);
#7033=FACE_BOUND('',#6573,.T.);
#7034=FACE_BOUND('',#6574,.T.);
#7035=FACE_BOUND('',#6575,.T.);
#7036=FACE_BOUND('',#6576,.T.);
#7037=FACE_BOUND('',#6577,.T.);
#7038=FACE_BOUND('',#6578,.T.);
#7039=FACE_BOUND('',#6579,.T.);
#7040=FACE_BOUND('',#6580,.T.);
#7041=FACE_BOUND('',#6581,.T.);
#7042=FACE_BOUND('',#6582,.T.);
#7043=FACE_BOUND('',#6583,.T.);
#7044=FACE_BOUND('',#6584,.T.);
#7045=PLANE('',#7713);
#7046=PLANE('',#7714);
#7047=PLANE('',#7715);
#7048=PLANE('',#7720);
#7049=PLANE('',#7835);
#7050=PLANE('',#7836);
#7051=PLANE('',#7841);
#7052=PLANE('',#7842);
#7053=PLANE('',#7843);
#7054=PLANE('',#7844);
#7055=PLANE('',#7845);
#7056=PLANE('',#7846);
#7057=PLANE('',#7847);
#7058=PLANE('',#7848);
#7059=PLANE('',#7857);
#7060=PLANE('',#7858);
#7061=PLANE('',#7859);
#7062=PLANE('',#7860);
#7063=PLANE('',#7861);
#7064=PLANE('',#7862);
#7065=PLANE('',#7865);
#7066=PLANE('',#7866);
#7067=PLANE('',#7867);
#7068=PLANE('',#7870);
#7069=PLANE('',#7871);
#7070=PLANE('',#7912);
#7071=PLANE('',#7913);
#7072=PLANE('',#7914);
#7073=PLANE('',#7915);
#7074=PLANE('',#7916);
#7075=PLANE('',#7917);
#7076=PLANE('',#7918);
#7077=PLANE('',#7921);
#7078=PLANE('',#7924);
#7079=PLANE('',#7925);
#7080=PLANE('',#7926);
#7081=PLANE('',#7927);
#7082=PLANE('',#7928);
#7083=PLANE('',#7929);
#7084=PLANE('',#7930);
#7085=PLANE('',#7931);
#7086=PLANE('',#7932);
#7087=PLANE('',#7935);
#7088=PLANE('',#7936);
#7089=PLANE('',#7937);
#7090=PLANE('',#7938);
#7091=PLANE('',#7939);
#7092=PLANE('',#7940);
#7093=PLANE('',#7941);
#7094=PLANE('',#7942);
#7095=PLANE('',#7945);
#7096=PLANE('',#7946);
#7097=PLANE('',#7947);
#7098=PLANE('',#7948);
#7099=PLANE('',#7949);
#7100=PLANE('',#7950);
#7101=PLANE('',#7951);
#7102=PLANE('',#7952);
#7103=PLANE('',#7953);
#7104=PLANE('',#7954);
#7105=PLANE('',#7955);
#7106=PLANE('',#7956);
#7107=PLANE('',#7957);
#7108=PLANE('',#7958);
#7109=PLANE('',#7959);
#7110=PLANE('',#7960);
#7111=PLANE('',#7961);
#7112=PLANE('',#7962);
#7113=PLANE('',#7963);
#7114=PLANE('',#7964);
#7115=PLANE('',#7965);
#7116=PLANE('',#7966);
#7117=PLANE('',#7967);
#7118=PLANE('',#7968);
#7119=PLANE('',#7969);
#7120=PLANE('',#7970);
#7121=PLANE('',#7971);
#7122=PLANE('',#7972);
#7123=PLANE('',#7973);
#7124=PLANE('',#7974);
#7125=PLANE('',#7975);
#7126=PLANE('',#7976);
#7127=PLANE('',#7977);
#7128=PLANE('',#7978);
#7129=PLANE('',#7979);
#7130=PLANE('',#7980);
#7131=PLANE('',#7981);
#7132=PLANE('',#7982);
#7133=PLANE('',#7983);
#7134=PLANE('',#7984);
#7135=PLANE('',#7985);
#7136=PLANE('',#7986);
#7137=PLANE('',#7987);
#7138=PLANE('',#7988);
#7139=PLANE('',#7989);
#7140=PLANE('',#7990);
#7141=PLANE('',#7991);
#7142=PLANE('',#7992);
#7143=PLANE('',#7993);
#7144=PLANE('',#7994);
#7145=PLANE('',#7995);
#7146=PLANE('',#7996);
#7147=PLANE('',#7997);
#7148=PLANE('',#7998);
#7149=PLANE('',#7999);
#7150=PLANE('',#8000);
#7151=PLANE('',#8025);
#7152=PLANE('',#8050);
#7153=PLANE('',#8051);
#7154=PLANE('',#8052);
#7155=PLANE('',#8053);
#7156=PLANE('',#8054);
#7157=PLANE('',#8055);
#7158=PLANE('',#8056);
#7159=PLANE('',#8057);
#7160=PLANE('',#8058);
#7161=PLANE('',#8059);
#7162=PLANE('',#8060);
#7163=PLANE('',#8061);
#7164=PLANE('',#8062);
#7165=PLANE('',#8063);
#7166=PLANE('',#8064);
#7167=PLANE('',#8065);
#7168=PLANE('',#8076);
#7169=PLANE('',#8077);
#7170=PLANE('',#8078);
#7171=PLANE('',#8079);
#7172=PLANE('',#8080);
#7173=PLANE('',#8093);
#7174=PLANE('',#8094);
#7175=PLANE('',#8095);
#7176=PLANE('',#8096);
#7177=PLANE('',#8097);
#7178=PLANE('',#8098);
#7179=PLANE('',#8099);
#7180=PLANE('',#8100);
#7181=PLANE('',#8101);
#7182=PLANE('',#8102);
#7183=PLANE('',#8103);
#7184=PLANE('',#8104);
#7185=PLANE('',#8105);
#7186=PLANE('',#8106);
#7187=PLANE('',#8107);
#7188=PLANE('',#8108);
#7189=PLANE('',#8109);
#7190=PLANE('',#8110);
#7191=PLANE('',#8111);
#7192=PLANE('',#8112);
#7193=PLANE('',#8113);
#7194=PLANE('',#8114);
#7195=PLANE('',#8115);
#7196=PLANE('',#8116);
#7197=PLANE('',#8117);
#7198=PLANE('',#8120);
#7199=PLANE('',#8123);
#7200=PLANE('',#8124);
#7201=PLANE('',#8125);
#7202=PLANE('',#8126);
#7203=PLANE('',#8127);
#7204=PLANE('',#8128);
#7205=PLANE('',#8129);
#7206=PLANE('',#8130);
#7207=PLANE('',#8131);
#7208=PLANE('',#8132);
#7209=PLANE('',#8133);
#7210=PLANE('',#8134);
#7211=PLANE('',#8135);
#7212=PLANE('',#8136);
#7213=PLANE('',#8137);
#7214=PLANE('',#8138);
#7215=PLANE('',#8139);
#7216=PLANE('',#8140);
#7217=PLANE('',#8141);
#7218=PLANE('',#8142);
#7219=PLANE('',#8143);
#7220=PLANE('',#8144);
#7221=PLANE('',#8145);
#7222=PLANE('',#8146);
#7223=PLANE('',#8147);
#7224=PLANE('',#8148);
#7225=PLANE('',#8149);
#7226=PLANE('',#8150);
#7227=PLANE('',#8151);
#7228=PLANE('',#8152);
#7229=PLANE('',#8153);
#7230=PLANE('',#8154);
#7231=PLANE('',#8155);
#7232=PLANE('',#8156);
#7233=PLANE('',#8157);
#7234=PLANE('',#8158);
#7235=PLANE('',#8159);
#7236=PLANE('',#8160);
#7237=PLANE('',#8161);
#7238=PLANE('',#8162);
#7239=PLANE('',#8163);
#7240=PLANE('',#8164);
#7241=PLANE('',#8167);
#7242=PLANE('',#8170);
#7243=PLANE('',#8171);
#7244=PLANE('',#8172);
#7245=PLANE('',#8173);
#7246=PLANE('',#8174);
#7247=PLANE('',#8175);
#7248=PLANE('',#8176);
#7249=PLANE('',#8177);
#7250=PLANE('',#8178);
#7251=PLANE('',#8203);
#7252=PLANE('',#8228);
#7253=PLANE('',#8231);
#7254=PLANE('',#8246);
#7255=PLANE('',#8265);
#7256=PLANE('',#8286);
#7257=PLANE('',#8302);
#7258=PLANE('',#8303);
#7259=PLANE('',#8304);
#7260=PLANE('',#8307);
#7261=PLANE('',#8308);
#7262=PLANE('',#8309);
#7263=PLANE('',#8310);
#7264=PLANE('',#8311);
#7265=PLANE('',#8312);
#7266=PLANE('',#8313);
#7267=PLANE('',#8314);
#7268=PLANE('',#8315);
#7269=PLANE('',#8316);
#7270=PLANE('',#8317);
#7271=PLANE('',#8320);
#7272=PLANE('',#8325);
#7273=PLANE('',#8330);
#7274=PLANE('',#8335);
#7275=PLANE('',#8354);
#7276=PLANE('',#8355);
#7277=PLANE('',#8356);
#7278=PLANE('',#8357);
#7279=PLANE('',#8358);
#7280=PLANE('',#8359);
#7281=PLANE('',#8360);
#7282=PLANE('',#8361);
#7283=PLANE('',#8362);
#7284=PLANE('',#8363);
#7285=PLANE('',#8365);
#7286=PLANE('',#8366);
#7287=PLANE('',#8368);
#7288=PLANE('',#8369);
#7289=PLANE('',#8371);
#7290=PLANE('',#8372);
#7291=PLANE('',#8374);
#7292=ADVANCED_FACE('',(#6585,#6586),#7045,.F.);
#7293=ADVANCED_FACE('',(#6587,#6588),#7046,.T.);
#7294=ADVANCED_FACE('',(#6589,#6590,#6591,#6592,#6593,#6594,#6595),#7047,.F.);
#7295=ADVANCED_FACE('',(#6596,#6597,#6598,#6599,#6600,#6601,#6602,#6603,#6604,#6605,#6606,#6607,#6608,#6609,#6610,#6611,#6612,#6613,#6614,#6615,#6616,#6617,#6618,#6619,#6620,#6621,#6622,#6623,#6624),#7048,.T.);
#7296=ADVANCED_FACE('',(#6625),#7049,.T.);
#7297=ADVANCED_FACE('',(#6626),#7050,.F.);
#7298=ADVANCED_FACE('',(#6627),#7051,.F.);
#7299=ADVANCED_FACE('',(#6628),#7052,.T.);
#7300=ADVANCED_FACE('',(#6629),#7053,.T.);
#7301=ADVANCED_FACE('',(#6630),#7054,.F.);
#7302=ADVANCED_FACE('',(#6631),#7055,.T.);
#7303=ADVANCED_FACE('',(#6632),#7056,.F.);
#7304=ADVANCED_FACE('',(#6633),#7057,.F.);
#7305=ADVANCED_FACE('',(#6634),#7058,.T.);
#7306=ADVANCED_FACE('',(#6635),#40,.T.);
#7307=ADVANCED_FACE('',(#6636),#41,.T.);
#7308=ADVANCED_FACE('',(#6637),#42,.T.);
#7309=ADVANCED_FACE('',(#6638),#43,.T.);
#7310=ADVANCED_FACE('',(#6639),#7059,.T.);
#7311=ADVANCED_FACE('',(#6640),#7060,.F.);
#7312=ADVANCED_FACE('',(#6641),#7061,.F.);
#7313=ADVANCED_FACE('',(#6642),#7062,.T.);
#7314=ADVANCED_FACE('',(#6643),#7063,.F.);
#7315=ADVANCED_FACE('',(#6644),#7064,.F.);
#7316=ADVANCED_FACE('',(#6645),#44,.T.);
#7317=ADVANCED_FACE('',(#6646),#7065,.F.);
#7318=ADVANCED_FACE('',(#6647),#7066,.F.);
#7319=ADVANCED_FACE('',(#6648),#7067,.F.);
#7320=ADVANCED_FACE('',(#6649),#45,.F.);
#7321=ADVANCED_FACE('',(#6650),#7068,.F.);
#7322=ADVANCED_FACE('',(#6651),#7069,.T.);
#7323=ADVANCED_FACE('',(#6652),#20,.T.);
#7324=ADVANCED_FACE('',(#6653),#21,.T.);
#7325=ADVANCED_FACE('',(#6654),#46,.T.);
#7326=ADVANCED_FACE('',(#6655),#47,.T.);
#7327=ADVANCED_FACE('',(#6656),#48,.T.);
#7328=ADVANCED_FACE('',(#6657),#49,.T.);
#7329=ADVANCED_FACE('',(#6658),#22,.T.);
#7330=ADVANCED_FACE('',(#6659),#23,.T.);
#7331=ADVANCED_FACE('',(#6660),#50,.T.);
#7332=ADVANCED_FACE('',(#6661),#51,.T.);
#7333=ADVANCED_FACE('',(#6662),#52,.T.);
#7334=ADVANCED_FACE('',(#6663),#24,.T.);
#7335=ADVANCED_FACE('',(#6664),#25,.T.);
#7336=ADVANCED_FACE('',(#6665),#53,.F.);
#7337=ADVANCED_FACE('',(#6666),#54,.F.);
#7338=ADVANCED_FACE('',(#6667),#55,.F.);
#7339=ADVANCED_FACE('',(#6668),#56,.F.);
#7340=ADVANCED_FACE('',(#6669),#26,.T.);
#7341=ADVANCED_FACE('',(#6670),#27,.T.);
#7342=ADVANCED_FACE('',(#6671),#57,.F.);
#7343=ADVANCED_FACE('',(#6672),#58,.F.);
#7344=ADVANCED_FACE('',(#6673),#59,.F.);
#7345=ADVANCED_FACE('',(#6674),#60,.F.);
#7346=ADVANCED_FACE('',(#6675),#61,.T.);
#7347=ADVANCED_FACE('',(#6676,#6677),#7070,.T.);
#7348=ADVANCED_FACE('',(#6678),#7071,.T.);
#7349=ADVANCED_FACE('',(#6679),#7072,.F.);
#7350=ADVANCED_FACE('',(#6680),#7073,.F.);
#7351=ADVANCED_FACE('',(#6681),#7074,.F.);
#7352=ADVANCED_FACE('',(#6682),#7075,.F.);
#7353=ADVANCED_FACE('',(#6683),#7076,.F.);
#7354=ADVANCED_FACE('',(#6684),#62,.F.);
#7355=ADVANCED_FACE('',(#6685),#7077,.T.);
#7356=ADVANCED_FACE('',(#6686),#63,.F.);
#7357=ADVANCED_FACE('',(#6687),#7078,.T.);
#7358=ADVANCED_FACE('',(#6688),#7079,.T.);
#7359=ADVANCED_FACE('',(#6689),#7080,.T.);
#7360=ADVANCED_FACE('',(#6690),#7081,.T.);
#7361=ADVANCED_FACE('',(#6691),#7082,.T.);
#7362=ADVANCED_FACE('',(#6692),#7083,.T.);
#7363=ADVANCED_FACE('',(#6693),#7084,.T.);
#7364=ADVANCED_FACE('',(#6694),#7085,.T.);
#7365=ADVANCED_FACE('',(#6695),#7086,.T.);
#7366=ADVANCED_FACE('',(#6696),#64,.F.);
#7367=ADVANCED_FACE('',(#6697),#7087,.T.);
#7368=ADVANCED_FACE('',(#6698),#7088,.T.);
#7369=ADVANCED_FACE('',(#6699),#7089,.T.);
#7370=ADVANCED_FACE('',(#6700),#7090,.T.);
#7371=ADVANCED_FACE('',(#6701),#7091,.T.);
#7372=ADVANCED_FACE('',(#6702),#7092,.F.);
#7373=ADVANCED_FACE('',(#6703),#7093,.F.);
#7374=ADVANCED_FACE('',(#6704),#7094,.F.);
#7375=ADVANCED_FACE('',(#6705),#65,.F.);
#7376=ADVANCED_FACE('',(#6706),#7095,.T.);
#7377=ADVANCED_FACE('',(#6707),#7096,.T.);
#7378=ADVANCED_FACE('',(#6708),#7097,.T.);
#7379=ADVANCED_FACE('',(#6709),#7098,.T.);
#7380=ADVANCED_FACE('',(#6710),#7099,.T.);
#7381=ADVANCED_FACE('',(#6711),#7100,.T.);
#7382=ADVANCED_FACE('',(#6712),#7101,.T.);
#7383=ADVANCED_FACE('',(#6713),#7102,.T.);
#7384=ADVANCED_FACE('',(#6714),#7103,.T.);
#7385=ADVANCED_FACE('',(#6715),#7104,.T.);
#7386=ADVANCED_FACE('',(#6716),#7105,.T.);
#7387=ADVANCED_FACE('',(#6717),#7106,.T.);
#7388=ADVANCED_FACE('',(#6718),#7107,.T.);
#7389=ADVANCED_FACE('',(#6719),#7108,.T.);
#7390=ADVANCED_FACE('',(#6720),#7109,.T.);
#7391=ADVANCED_FACE('',(#6721),#7110,.F.);
#7392=ADVANCED_FACE('',(#6722,#6723),#7111,.T.);
#7393=ADVANCED_FACE('',(#6724),#7112,.F.);
#7394=ADVANCED_FACE('',(#6725),#7113,.F.);
#7395=ADVANCED_FACE('',(#6726),#7114,.F.);
#7396=ADVANCED_FACE('',(#6727),#7115,.F.);
#7397=ADVANCED_FACE('',(#6728),#7116,.T.);
#7398=ADVANCED_FACE('',(#6729),#7117,.T.);
#7399=ADVANCED_FACE('',(#6730),#7118,.T.);
#7400=ADVANCED_FACE('',(#6731),#7119,.T.);
#7401=ADVANCED_FACE('',(#6732),#7120,.T.);
#7402=ADVANCED_FACE('',(#6733),#7121,.T.);
#7403=ADVANCED_FACE('',(#6734),#7122,.T.);
#7404=ADVANCED_FACE('',(#6735),#7123,.T.);
#7405=ADVANCED_FACE('',(#6736),#7124,.T.);
#7406=ADVANCED_FACE('',(#6737),#7125,.T.);
#7407=ADVANCED_FACE('',(#6738),#7126,.T.);
#7408=ADVANCED_FACE('',(#6739),#7127,.T.);
#7409=ADVANCED_FACE('',(#6740),#7128,.T.);
#7410=ADVANCED_FACE('',(#6741),#7129,.T.);
#7411=ADVANCED_FACE('',(#6742),#7130,.T.);
#7412=ADVANCED_FACE('',(#6743),#7131,.T.);
#7413=ADVANCED_FACE('',(#6744),#7132,.T.);
#7414=ADVANCED_FACE('',(#6745),#7133,.T.);
#7415=ADVANCED_FACE('',(#6746),#7134,.T.);
#7416=ADVANCED_FACE('',(#6747),#7135,.T.);
#7417=ADVANCED_FACE('',(#6748),#7136,.T.);
#7418=ADVANCED_FACE('',(#6749),#7137,.T.);
#7419=ADVANCED_FACE('',(#6750),#7138,.T.);
#7420=ADVANCED_FACE('',(#6751),#7139,.T.);
#7421=ADVANCED_FACE('',(#6752),#7140,.T.);
#7422=ADVANCED_FACE('',(#6753),#7141,.T.);
#7423=ADVANCED_FACE('',(#6754),#7142,.T.);
#7424=ADVANCED_FACE('',(#6755),#7143,.T.);
#7425=ADVANCED_FACE('',(#6756),#7144,.T.);
#7426=ADVANCED_FACE('',(#6757),#7145,.T.);
#7427=ADVANCED_FACE('',(#6758),#7146,.T.);
#7428=ADVANCED_FACE('',(#6759),#7147,.T.);
#7429=ADVANCED_FACE('',(#6760),#7148,.T.);
#7430=ADVANCED_FACE('',(#6761),#7149,.T.);
#7431=ADVANCED_FACE('',(#6762),#7150,.T.);
#7432=ADVANCED_FACE('',(#6763),#66,.F.);
#7433=ADVANCED_FACE('',(#6764),#67,.F.);
#7434=ADVANCED_FACE('',(#6765),#68,.F.);
#7435=ADVANCED_FACE('',(#6766),#69,.F.);
#7436=ADVANCED_FACE('',(#6767),#70,.F.);
#7437=ADVANCED_FACE('',(#6768),#71,.F.);
#7438=ADVANCED_FACE('',(#6769),#28,.T.);
#7439=ADVANCED_FACE('',(#6770),#29,.T.);
#7440=ADVANCED_FACE('',(#6771),#72,.F.);
#7441=ADVANCED_FACE('',(#6772),#73,.F.);
#7442=ADVANCED_FACE('',(#6773),#74,.F.);
#7443=ADVANCED_FACE('',(#6774),#75,.F.);
#7444=ADVANCED_FACE('',(#6775),#76,.F.);
#7445=ADVANCED_FACE('',(#6776),#77,.F.);
#7446=ADVANCED_FACE('',(#6777),#7151,.T.);
#7447=ADVANCED_FACE('',(#6778),#78,.T.);
#7448=ADVANCED_FACE('',(#6779),#79,.T.);
#7449=ADVANCED_FACE('',(#6780),#80,.T.);
#7450=ADVANCED_FACE('',(#6781),#81,.T.);
#7451=ADVANCED_FACE('',(#6782),#82,.T.);
#7452=ADVANCED_FACE('',(#6783),#83,.T.);
#7453=ADVANCED_FACE('',(#6784),#30,.T.);
#7454=ADVANCED_FACE('',(#6785),#31,.T.);
#7455=ADVANCED_FACE('',(#6786),#84,.T.);
#7456=ADVANCED_FACE('',(#6787),#85,.T.);
#7457=ADVANCED_FACE('',(#6788),#86,.T.);
#7458=ADVANCED_FACE('',(#6789),#87,.T.);
#7459=ADVANCED_FACE('',(#6790),#88,.T.);
#7460=ADVANCED_FACE('',(#6791),#89,.T.);
#7461=ADVANCED_FACE('',(#6792),#7152,.T.);
#7462=ADVANCED_FACE('',(#6793),#7153,.T.);
#7463=ADVANCED_FACE('',(#6794),#7154,.T.);
#7464=ADVANCED_FACE('',(#6795),#7155,.T.);
#7465=ADVANCED_FACE('',(#6796),#7156,.T.);
#7466=ADVANCED_FACE('',(#6797),#7157,.T.);
#7467=ADVANCED_FACE('',(#6798),#7158,.T.);
#7468=ADVANCED_FACE('',(#6799),#7159,.T.);
#7469=ADVANCED_FACE('',(#6800),#7160,.T.);
#7470=ADVANCED_FACE('',(#6801),#7161,.T.);
#7471=ADVANCED_FACE('',(#6802),#7162,.T.);
#7472=ADVANCED_FACE('',(#6803),#7163,.T.);
#7473=ADVANCED_FACE('',(#6804),#7164,.T.);
#7474=ADVANCED_FACE('',(#6805),#7165,.T.);
#7475=ADVANCED_FACE('',(#6806),#7166,.T.);
#7476=ADVANCED_FACE('',(#6807),#7167,.T.);
#7477=ADVANCED_FACE('',(#6808),#90,.F.);
#7478=ADVANCED_FACE('',(#6809),#91,.F.);
#7479=ADVANCED_FACE('',(#6810),#92,.F.);
#7480=ADVANCED_FACE('',(#6811),#93,.F.);
#7481=ADVANCED_FACE('',(#6812),#94,.F.);
#7482=ADVANCED_FACE('',(#6813),#32,.T.);
#7483=ADVANCED_FACE('',(#6814),#7168,.T.);
#7484=ADVANCED_FACE('',(#6815),#7169,.T.);
#7485=ADVANCED_FACE('',(#6816),#7170,.T.);
#7486=ADVANCED_FACE('',(#6817),#7171,.T.);
#7487=ADVANCED_FACE('',(#6818),#7172,.T.);
#7488=ADVANCED_FACE('',(#6819),#33,.T.);
#7489=ADVANCED_FACE('',(#6820),#95,.T.);
#7490=ADVANCED_FACE('',(#6821),#96,.T.);
#7491=ADVANCED_FACE('',(#6822),#97,.T.);
#7492=ADVANCED_FACE('',(#6823),#98,.T.);
#7493=ADVANCED_FACE('',(#6824),#34,.T.);
#7494=ADVANCED_FACE('',(#6825),#7173,.T.);
#7495=ADVANCED_FACE('',(#6826,#6827),#7174,.T.);
#7496=ADVANCED_FACE('',(#6828),#7175,.T.);
#7497=ADVANCED_FACE('',(#6829),#7176,.T.);
#7498=ADVANCED_FACE('',(#6830),#7177,.T.);
#7499=ADVANCED_FACE('',(#6831),#7178,.T.);
#7500=ADVANCED_FACE('',(#6832),#7179,.T.);
#7501=ADVANCED_FACE('',(#6833),#7180,.T.);
#7502=ADVANCED_FACE('',(#6834),#7181,.T.);
#7503=ADVANCED_FACE('',(#6835),#7182,.T.);
#7504=ADVANCED_FACE('',(#6836),#7183,.T.);
#7505=ADVANCED_FACE('',(#6837),#7184,.T.);
#7506=ADVANCED_FACE('',(#6838),#7185,.T.);
#7507=ADVANCED_FACE('',(#6839),#7186,.T.);
#7508=ADVANCED_FACE('',(#6840),#7187,.T.);
#7509=ADVANCED_FACE('',(#6841),#7188,.T.);
#7510=ADVANCED_FACE('',(#6842),#7189,.T.);
#7511=ADVANCED_FACE('',(#6843),#7190,.T.);
#7512=ADVANCED_FACE('',(#6844),#7191,.T.);
#7513=ADVANCED_FACE('',(#6845),#7192,.T.);
#7514=ADVANCED_FACE('',(#6846),#7193,.T.);
#7515=ADVANCED_FACE('',(#6847),#7194,.T.);
#7516=ADVANCED_FACE('',(#6848),#7195,.T.);
#7517=ADVANCED_FACE('',(#6849),#7196,.T.);
#7518=ADVANCED_FACE('',(#6850),#7197,.T.);
#7519=ADVANCED_FACE('',(#6851),#99,.F.);
#7520=ADVANCED_FACE('',(#6852),#7198,.T.);
#7521=ADVANCED_FACE('',(#6853),#100,.F.);
#7522=ADVANCED_FACE('',(#6854),#7199,.T.);
#7523=ADVANCED_FACE('',(#6855),#7200,.T.);
#7524=ADVANCED_FACE('',(#6856),#7201,.T.);
#7525=ADVANCED_FACE('',(#6857),#7202,.T.);
#7526=ADVANCED_FACE('',(#6858),#7203,.T.);
#7527=ADVANCED_FACE('',(#6859),#7204,.T.);
#7528=ADVANCED_FACE('',(#6860),#7205,.T.);
#7529=ADVANCED_FACE('',(#6861),#7206,.T.);
#7530=ADVANCED_FACE('',(#6862),#7207,.T.);
#7531=ADVANCED_FACE('',(#6863),#7208,.T.);
#7532=ADVANCED_FACE('',(#6864),#7209,.T.);
#7533=ADVANCED_FACE('',(#6865),#7210,.T.);
#7534=ADVANCED_FACE('',(#6866),#7211,.T.);
#7535=ADVANCED_FACE('',(#6867),#7212,.T.);
#7536=ADVANCED_FACE('',(#6868),#7213,.T.);
#7537=ADVANCED_FACE('',(#6869),#7214,.T.);
#7538=ADVANCED_FACE('',(#6870),#7215,.T.);
#7539=ADVANCED_FACE('',(#6871),#7216,.T.);
#7540=ADVANCED_FACE('',(#6872),#7217,.T.);
#7541=ADVANCED_FACE('',(#6873),#7218,.T.);
#7542=ADVANCED_FACE('',(#6874),#7219,.T.);
#7543=ADVANCED_FACE('',(#6875),#7220,.T.);
#7544=ADVANCED_FACE('',(#6876),#7221,.T.);
#7545=ADVANCED_FACE('',(#6877),#7222,.T.);
#7546=ADVANCED_FACE('',(#6878),#7223,.T.);
#7547=ADVANCED_FACE('',(#6879),#7224,.T.);
#7548=ADVANCED_FACE('',(#6880),#7225,.T.);
#7549=ADVANCED_FACE('',(#6881),#7226,.T.);
#7550=ADVANCED_FACE('',(#6882),#7227,.T.);
#7551=ADVANCED_FACE('',(#6883),#7228,.T.);
#7552=ADVANCED_FACE('',(#6884),#7229,.T.);
#7553=ADVANCED_FACE('',(#6885),#7230,.T.);
#7554=ADVANCED_FACE('',(#6886),#7231,.T.);
#7555=ADVANCED_FACE('',(#6887),#7232,.T.);
#7556=ADVANCED_FACE('',(#6888),#7233,.T.);
#7557=ADVANCED_FACE('',(#6889),#7234,.T.);
#7558=ADVANCED_FACE('',(#6890),#7235,.T.);
#7559=ADVANCED_FACE('',(#6891),#7236,.T.);
#7560=ADVANCED_FACE('',(#6892),#7237,.T.);
#7561=ADVANCED_FACE('',(#6893),#7238,.T.);
#7562=ADVANCED_FACE('',(#6894),#7239,.T.);
#7563=ADVANCED_FACE('',(#6895),#7240,.T.);
#7564=ADVANCED_FACE('',(#6896),#101,.F.);
#7565=ADVANCED_FACE('',(#6897),#7241,.T.);
#7566=ADVANCED_FACE('',(#6898),#102,.F.);
#7567=ADVANCED_FACE('',(#6899),#7242,.T.);
#7568=ADVANCED_FACE('',(#6900),#7243,.T.);
#7569=ADVANCED_FACE('',(#6901),#7244,.T.);
#7570=ADVANCED_FACE('',(#6902),#7245,.T.);
#7571=ADVANCED_FACE('',(#6903),#7246,.T.);
#7572=ADVANCED_FACE('',(#6904),#7247,.T.);
#7573=ADVANCED_FACE('',(#6905),#7248,.T.);
#7574=ADVANCED_FACE('',(#6906),#7249,.T.);
#7575=ADVANCED_FACE('',(#6907),#7250,.T.);
#7576=ADVANCED_FACE('',(#6908),#103,.F.);
#7577=ADVANCED_FACE('',(#6909),#104,.F.);
#7578=ADVANCED_FACE('',(#6910),#105,.F.);
#7579=ADVANCED_FACE('',(#6911),#106,.F.);
#7580=ADVANCED_FACE('',(#6912),#107,.F.);
#7581=ADVANCED_FACE('',(#6913),#108,.F.);
#7582=ADVANCED_FACE('',(#6914),#35,.T.);
#7583=ADVANCED_FACE('',(#6915),#36,.T.);
#7584=ADVANCED_FACE('',(#6916),#109,.F.);
#7585=ADVANCED_FACE('',(#6917),#110,.F.);
#7586=ADVANCED_FACE('',(#6918),#111,.F.);
#7587=ADVANCED_FACE('',(#6919),#112,.F.);
#7588=ADVANCED_FACE('',(#6920),#113,.F.);
#7589=ADVANCED_FACE('',(#6921),#114,.F.);
#7590=ADVANCED_FACE('',(#6922),#7251,.T.);
#7591=ADVANCED_FACE('',(#6923),#115,.T.);
#7592=ADVANCED_FACE('',(#6924),#116,.T.);
#7593=ADVANCED_FACE('',(#6925),#117,.T.);
#7594=ADVANCED_FACE('',(#6926),#118,.T.);
#7595=ADVANCED_FACE('',(#6927),#119,.T.);
#7596=ADVANCED_FACE('',(#6928),#120,.T.);
#7597=ADVANCED_FACE('',(#6929),#37,.T.);
#7598=ADVANCED_FACE('',(#6930),#38,.T.);
#7599=ADVANCED_FACE('',(#6931),#121,.T.);
#7600=ADVANCED_FACE('',(#6932),#122,.T.);
#7601=ADVANCED_FACE('',(#6933),#123,.T.);
#7602=ADVANCED_FACE('',(#6934),#124,.T.);
#7603=ADVANCED_FACE('',(#6935),#125,.T.);
#7604=ADVANCED_FACE('',(#6936),#126,.T.);
#7605=ADVANCED_FACE('',(#6937),#7252,.T.);
#7606=ADVANCED_FACE('',(#6938),#127,.T.);
#7607=ADVANCED_FACE('',(#6939),#7253,.T.);
#7608=ADVANCED_FACE('',(#6940),#128,.F.);
#7609=ADVANCED_FACE('',(#6941),#129,.F.);
#7610=ADVANCED_FACE('',(#6942),#130,.F.);
#7611=ADVANCED_FACE('',(#6943),#131,.F.);
#7612=ADVANCED_FACE('',(#6944),#132,.F.);
#7613=ADVANCED_FACE('',(#6945),#133,.F.);
#7614=ADVANCED_FACE('',(#6946),#134,.F.);
#7615=ADVANCED_FACE('',(#6947),#39,.T.);
#7616=ADVANCED_FACE('',(#6948),#7254,.T.);
#7617=ADVANCED_FACE('',(#6949),#135,.T.);
#7618=ADVANCED_FACE('',(#6950),#136,.T.);
#7619=ADVANCED_FACE('',(#6951),#137,.T.);
#7620=ADVANCED_FACE('',(#6952),#138,.T.);
#7621=ADVANCED_FACE('',(#6953),#139,.T.);
#7622=ADVANCED_FACE('',(#6954),#140,.T.);
#7623=ADVANCED_FACE('',(#6955),#141,.T.);
#7624=ADVANCED_FACE('',(#6956),#142,.T.);
#7625=ADVANCED_FACE('',(#6957),#143,.T.);
#7626=ADVANCED_FACE('',(#6958),#7255,.T.);
#7627=ADVANCED_FACE('',(#6959),#144,.F.);
#7628=ADVANCED_FACE('',(#6960),#145,.F.);
#7629=ADVANCED_FACE('',(#6961),#146,.F.);
#7630=ADVANCED_FACE('',(#6962),#147,.F.);
#7631=ADVANCED_FACE('',(#6963),#148,.F.);
#7632=ADVANCED_FACE('',(#6964),#149,.F.);
#7633=ADVANCED_FACE('',(#6965),#150,.F.);
#7634=ADVANCED_FACE('',(#6966),#151,.F.);
#7635=ADVANCED_FACE('',(#6967),#152,.F.);
#7636=ADVANCED_FACE('',(#6968),#153,.F.);
#7637=ADVANCED_FACE('',(#6969),#7256,.T.);
#7638=ADVANCED_FACE('',(#6970),#154,.T.);
#7639=ADVANCED_FACE('',(#6971),#155,.T.);
#7640=ADVANCED_FACE('',(#6972),#156,.T.);
#7641=ADVANCED_FACE('',(#6973),#157,.T.);
#7642=ADVANCED_FACE('',(#6974),#158,.T.);
#7643=ADVANCED_FACE('',(#6975),#159,.T.);
#7644=ADVANCED_FACE('',(#6976),#160,.T.);
#7645=ADVANCED_FACE('',(#6977),#161,.T.);
#7646=ADVANCED_FACE('',(#6978),#7257,.T.);
#7647=ADVANCED_FACE('',(#6979),#7258,.T.);
#7648=ADVANCED_FACE('',(#6980),#7259,.T.);
#7649=ADVANCED_FACE('',(#6981),#162,.F.);
#7650=ADVANCED_FACE('',(#6982),#7260,.T.);
#7651=ADVANCED_FACE('',(#6983),#7261,.T.);
#7652=ADVANCED_FACE('',(#6984),#7262,.T.);
#7653=ADVANCED_FACE('',(#6985),#7263,.T.);
#7654=ADVANCED_FACE('',(#6986),#7264,.T.);
#7655=ADVANCED_FACE('',(#6987),#7265,.T.);
#7656=ADVANCED_FACE('',(#6988),#7266,.T.);
#7657=ADVANCED_FACE('',(#6989),#7267,.T.);
#7658=ADVANCED_FACE('',(#6990),#7268,.T.);
#7659=ADVANCED_FACE('',(#6991),#7269,.F.);
#7660=ADVANCED_FACE('',(#6992),#7270,.T.);
#7661=ADVANCED_FACE('',(#6993,#6994),#163,.F.);
#7662=ADVANCED_FACE('',(#6995,#6996),#7271,.T.);
#7663=ADVANCED_FACE('',(#6997,#6998),#164,.F.);
#7664=ADVANCED_FACE('',(#6999,#7000),#165,.F.);
#7665=ADVANCED_FACE('',(#7001,#7002),#7272,.T.);
#7666=ADVANCED_FACE('',(#7003,#7004),#166,.F.);
#7667=ADVANCED_FACE('',(#7005,#7006),#167,.F.);
#7668=ADVANCED_FACE('',(#7007,#7008),#7273,.T.);
#7669=ADVANCED_FACE('',(#7009,#7010),#168,.F.);
#7670=ADVANCED_FACE('',(#7011,#7012),#169,.F.);
#7671=ADVANCED_FACE('',(#7013,#7014),#7274,.T.);
#7672=ADVANCED_FACE('',(#7015,#7016),#170,.F.);
#7673=ADVANCED_FACE('',(#7017),#16,.T.);
#7674=ADVANCED_FACE('',(#7018),#171,.T.);
#7675=ADVANCED_FACE('',(#7019),#172,.T.);
#7676=ADVANCED_FACE('',(#7020),#17,.T.);
#7677=ADVANCED_FACE('',(#7021),#18,.T.);
#7678=ADVANCED_FACE('',(#7022),#173,.T.);
#7679=ADVANCED_FACE('',(#7023),#174,.T.);
#7680=ADVANCED_FACE('',(#7024),#19,.T.);
#7681=ADVANCED_FACE('',(#7025),#7275,.T.);
#7682=ADVANCED_FACE('',(#7026),#7276,.F.);
#7683=ADVANCED_FACE('',(#7027),#7277,.T.);
#7684=ADVANCED_FACE('',(#7028),#7278,.F.);
#7685=ADVANCED_FACE('',(#7029),#7279,.F.);
#7686=ADVANCED_FACE('',(#7030),#7280,.F.);
#7687=ADVANCED_FACE('',(#7031),#7281,.F.);
#7688=ADVANCED_FACE('',(#7032),#7282,.F.);
#7689=ADVANCED_FACE('',(#7033,#7034),#7283,.T.);
#7690=ADVANCED_FACE('',(#7035),#7284,.F.);
#7691=ADVANCED_FACE('',(#7036),#7285,.F.);
#7692=ADVANCED_FACE('',(#7037),#7286,.F.);
#7693=ADVANCED_FACE('',(#7038),#7287,.F.);
#7694=ADVANCED_FACE('',(#7039),#7288,.F.);
#7695=ADVANCED_FACE('',(#7040),#7289,.F.);
#7696=ADVANCED_FACE('',(#7041),#7290,.F.);
#7697=ADVANCED_FACE('',(#7042),#7291,.F.);
#7698=ADVANCED_FACE('',(#7043),#175,.T.);
#7699=ADVANCED_FACE('',(#7044),#176,.T.);
#7700=CLOSED_SHELL('',(#7292,#7293,#7294,#7295,#7296,#7297,#7298,#7299,#7300,#7301,#7302,#7303,#7304,#7305,#7306,#7307,#7308,#7309,#7310,#7311,#7312,#7313,#7314,#7315,#7316,#7317,#7318,#7319,#7320,#7321,#7322,#7323,#7324,#7325,#7326,#7327,#7328,#7329,#7330,#7331,#7332,#7333,#7334,#7335,#7336,#7337,#7338,#7339,#7340,#7341,#7342,#7343,#7344,#7345,#7346,#7347,#7348,#7349,#7350,#7351,#7352,#7353,#7354,#7355,#7356,#7357,#7358,#7359,#7360,#7361,#7362,#7363,#7364,#7365,#7366,#7367,#7368,#7369,#7370,#7371,#7372,#7373,#7374,#7375,#7376,#7377,#7378,#7379,#7380,#7381,#7382,#7383,#7384,#7385,#7386,#7387,#7388,#7389,#7390,#7391,#7392,#7393,#7394,#7395,#7396,#7397,#7398,#7399,#7400,#7401,#7402,#7403,#7404,#7405,#7406,#7407,#7408,#7409,#7410,#7411,#7412,#7413,#7414,#7415,#7416,#7417,#7418,#7419,#7420,#7421,#7422,#7423,#7424,#7425,#7426,#7427,#7428,#7429,#7430,#7431,#7432,#7433,#7434,#7435,#7436,#7437,#7438,#7439,#7440,#7441,#7442,#7443,#7444,#7445,#7446,#7447,#7448,#7449,#7450,#7451,#7452,#7453,#7454,#7455,#7456,#7457,#7458,#7459,#7460,#7461,#7462,#7463,#7464,#7465,#7466,#7467,#7468,#7469,#7470,#7471,#7472,#7473,#7474,#7475,#7476,#7477,#7478,#7479,#7480,#7481,#7482,#7483,#7484,#7485,#7486,#7487,#7488,#7489,#7490,#7491,#7492,#7493,#7494,#7495,#7496,#7497,#7498,#7499,#7500,#7501,#7502,#7503,#7504,#7505,#7506,#7507,#7508,#7509,#7510,#7511,#7512,#7513,#7514,#7515,#7516,#7517,#7518,#7519,#7520,#7521,#7522,#7523,#7524,#7525,#7526,#7527,#7528,#7529,#7530,#7531,#7532,#7533,#7534,#7535,#7536,#7537,#7538,#7539,#7540,#7541,#7542,#7543,#7544,#7545,#7546,#7547,#7548,#7549,#7550,#7551,#7552,#7553,#7554,#7555,#7556,#7557,#7558,#7559,#7560,#7561,#7562,#7563,#7564,#7565,#7566,#7567,#7568,#7569,#7570,#7571,#7572,#7573,#7574,#7575,#7576,#7577,#7578,#7579,#7580,#7581,#7582,#7583,#7584,#7585,#7586,#7587,#7588,#7589,#7590,#7591,#7592,#7593,#7594,#7595,#7596,#7597,#7598,#7599,#7600,#7601,#7602,#7603,#7604,#7605,#7606,#7607,#7608,#7609,#7610,#7611,#7612,#7613,#7614,#7615,#7616,#7617,#7618,#7619,#7620,#7621,#7622,#7623,#7624,#7625,#7626,#7627,#7628,#7629,#7630,#7631,#7632,#7633,#7634,#7635,#7636,#7637,#7638,#7639,#7640,#7641,#7642,#7643,#7644,#7645,#7646,#7647,#7648,#7649,#7650,#7651,#7652,#7653,#7654,#7655,#7656,#7657,#7658,#7659,#7660,#7661,#7662,#7663,#7664,#7665,#7666,#7667,#7668,#7669,#7670,#7671,#7672,#7673,#7674,#7675,#7676,#7677,#7678,#7679,#7680,#7681,#7682,#7683,#7684,#7685,#7686,#7687,#7688,#7689,#7690,#7691,#7692,#7693,#7694,#7695,#7696,#7697,#7698,#7699));
#7701=STYLED_ITEM('',(#7702),#7709);
#7702=PRESENTATION_STYLE_ASSIGNMENT((#7703));
#7703=SURFACE_STYLE_USAGE(.BOTH.,#7704);
#7704=SURFACE_SIDE_STYLE('',(#7705));
#7705=SURFACE_STYLE_FILL_AREA(#7706);
#7706=FILL_AREA_STYLE('',(#7707));
#7707=FILL_AREA_STYLE_COLOUR('',#7708);
#7708=COLOUR_RGB('',0.752941176470588,0.76078431372549,0.815686274509804);
#7709=MANIFOLD_SOLID_BREP('CaseLid',#7700);
#7710=SHAPE_DEFINITION_REPRESENTATION(#12984,#7711);
#7711=SHAPE_REPRESENTATION('CaseLid',(#7712),#12979);
#7712=AXIS2_PLACEMENT_3D('',#10495,#8377,#8378);
#7713=AXIS2_PLACEMENT_3D('',#10496,#8379,#8380);
#7714=AXIS2_PLACEMENT_3D('',#10513,#8389,#8390);
#7715=AXIS2_PLACEMENT_3D('',#10530,#8399,#8400);
#7716=AXIS2_PLACEMENT_3D('',#10531,#8401,#8402);
#7717=AXIS2_PLACEMENT_3D('',#10533,#8403,#8404);
#7718=AXIS2_PLACEMENT_3D('',#10535,#8405,#8406);
#7719=AXIS2_PLACEMENT_3D('',#10537,#8407,#8408);
#7720=AXIS2_PLACEMENT_3D('',#10571,#8425,#8426);
#7721=AXIS2_PLACEMENT_3D('',#10575,#8428,#8429);
#7722=AXIS2_PLACEMENT_3D('',#10579,#8431,#8432);
#7723=AXIS2_PLACEMENT_3D('',#10583,#8434,#8435);
#7724=AXIS2_PLACEMENT_3D('',#10587,#8437,#8438);
#7725=AXIS2_PLACEMENT_3D('',#10588,#8439,#8440);
#7726=AXIS2_PLACEMENT_3D('',#10590,#8441,#8442);
#7727=AXIS2_PLACEMENT_3D('',#10592,#8443,#8444);
#7728=AXIS2_PLACEMENT_3D('',#10594,#8445,#8446);
#7729=AXIS2_PLACEMENT_3D('',#10617,#8457,#8458);
#7730=AXIS2_PLACEMENT_3D('',#10633,#8466,#8467);
#7731=AXIS2_PLACEMENT_3D('',#10637,#8469,#8470);
#7732=AXIS2_PLACEMENT_3D('',#10655,#8475,#8476);
#7733=AXIS2_PLACEMENT_3D('',#10657,#8477,#8478);
#7734=AXIS2_PLACEMENT_3D('',#10659,#8479,#8480);
#7735=AXIS2_PLACEMENT_3D('',#10661,#8481,#8482);
#7736=AXIS2_PLACEMENT_3D('',#10671,#8483,#8484);
#7737=AXIS2_PLACEMENT_3D('',#10673,#8485,#8486);
#7738=AXIS2_PLACEMENT_3D('',#10675,#8487,#8488);
#7739=AXIS2_PLACEMENT_3D('',#10677,#8489,#8490);
#7740=AXIS2_PLACEMENT_3D('',#10683,#8493,#8494);
#7741=AXIS2_PLACEMENT_3D('',#10691,#8498,#8499);
#7742=AXIS2_PLACEMENT_3D('',#10705,#8506,#8507);
#7743=AXIS2_PLACEMENT_3D('',#10794,#8552,#8553);
#7744=AXIS2_PLACEMENT_3D('',#10799,#8555,#8556);
#7745=AXIS2_PLACEMENT_3D('',#10801,#8557,#8558);
#7746=AXIS2_PLACEMENT_3D('',#10803,#8559,#8560);
#7747=AXIS2_PLACEMENT_3D('',#10805,#8561,#8562);
#7748=AXIS2_PLACEMENT_3D('',#10807,#8563,#8564);
#7749=AXIS2_PLACEMENT_3D('',#10809,#8565,#8566);
#7750=AXIS2_PLACEMENT_3D('',#10819,#8567,#8568);
#7751=AXIS2_PLACEMENT_3D('',#10821,#8569,#8570);
#7752=AXIS2_PLACEMENT_3D('',#10823,#8571,#8572);
#7753=AXIS2_PLACEMENT_3D('',#10825,#8573,#8574);
#7754=AXIS2_PLACEMENT_3D('',#10827,#8575,#8576);
#7755=AXIS2_PLACEMENT_3D('',#10829,#8577,#8578);
#7756=AXIS2_PLACEMENT_3D('',#10833,#8580,#8581);
#7757=AXIS2_PLACEMENT_3D('',#10835,#8582,#8583);
#7758=AXIS2_PLACEMENT_3D('',#10837,#8584,#8585);
#7759=AXIS2_PLACEMENT_3D('',#10839,#8586,#8587);
#7760=AXIS2_PLACEMENT_3D('',#10841,#8588,#8589);
#7761=AXIS2_PLACEMENT_3D('',#10843,#8590,#8591);
#7762=AXIS2_PLACEMENT_3D('',#10853,#8592,#8593);
#7763=AXIS2_PLACEMENT_3D('',#10855,#8594,#8595);
#7764=AXIS2_PLACEMENT_3D('',#10857,#8596,#8597);
#7765=AXIS2_PLACEMENT_3D('',#10859,#8598,#8599);
#7766=AXIS2_PLACEMENT_3D('',#10861,#8600,#8601);
#7767=AXIS2_PLACEMENT_3D('',#10893,#8615,#8616);
#7768=AXIS2_PLACEMENT_3D('',#10895,#8617,#8618);
#7769=AXIS2_PLACEMENT_3D('',#10897,#8619,#8620);
#7770=AXIS2_PLACEMENT_3D('',#10899,#8621,#8622);
#7771=AXIS2_PLACEMENT_3D('',#10901,#8623,#8624);
#7772=AXIS2_PLACEMENT_3D('',#10943,#8645,#8646);
#7773=AXIS2_PLACEMENT_3D('',#10947,#8648,#8649);
#7774=AXIS2_PLACEMENT_3D('',#11027,#8689,#8690);
#7775=AXIS2_PLACEMENT_3D('',#11031,#8692,#8693);
#7776=AXIS2_PLACEMENT_3D('',#11054,#8705,#8706);
#7777=AXIS2_PLACEMENT_3D('',#11059,#8708,#8709);
#7778=AXIS2_PLACEMENT_3D('',#11061,#8710,#8711);
#7779=AXIS2_PLACEMENT_3D('',#11063,#8712,#8713);
#7780=AXIS2_PLACEMENT_3D('',#11065,#8714,#8715);
#7781=AXIS2_PLACEMENT_3D('',#11067,#8716,#8717);
#7782=AXIS2_PLACEMENT_3D('',#11069,#8718,#8719);
#7783=AXIS2_PLACEMENT_3D('',#11079,#8720,#8721);
#7784=AXIS2_PLACEMENT_3D('',#11081,#8722,#8723);
#7785=AXIS2_PLACEMENT_3D('',#11083,#8724,#8725);
#7786=AXIS2_PLACEMENT_3D('',#11085,#8726,#8727);
#7787=AXIS2_PLACEMENT_3D('',#11087,#8728,#8729);
#7788=AXIS2_PLACEMENT_3D('',#11089,#8730,#8731);
#7789=AXIS2_PLACEMENT_3D('',#11093,#8733,#8734);
#7790=AXIS2_PLACEMENT_3D('',#11095,#8735,#8736);
#7791=AXIS2_PLACEMENT_3D('',#11097,#8737,#8738);
#7792=AXIS2_PLACEMENT_3D('',#11099,#8739,#8740);
#7793=AXIS2_PLACEMENT_3D('',#11101,#8741,#8742);
#7794=AXIS2_PLACEMENT_3D('',#11103,#8743,#8744);
#7795=AXIS2_PLACEMENT_3D('',#11113,#8745,#8746);
#7796=AXIS2_PLACEMENT_3D('',#11115,#8747,#8748);
#7797=AXIS2_PLACEMENT_3D('',#11117,#8749,#8750);
#7798=AXIS2_PLACEMENT_3D('',#11119,#8751,#8752);
#7799=AXIS2_PLACEMENT_3D('',#11121,#8753,#8754);
#7800=AXIS2_PLACEMENT_3D('',#11125,#8756,#8757);
#7801=AXIS2_PLACEMENT_3D('',#11127,#8758,#8759);
#7802=AXIS2_PLACEMENT_3D('',#11129,#8760,#8761);
#7803=AXIS2_PLACEMENT_3D('',#11131,#8762,#8763);
#7804=AXIS2_PLACEMENT_3D('',#11133,#8764,#8765);
#7805=AXIS2_PLACEMENT_3D('',#11135,#8766,#8767);
#7806=AXIS2_PLACEMENT_3D('',#11137,#8768,#8769);
#7807=AXIS2_PLACEMENT_3D('',#11145,#8770,#8771);
#7808=AXIS2_PLACEMENT_3D('',#11149,#8773,#8774);
#7809=AXIS2_PLACEMENT_3D('',#11151,#8775,#8776);
#7810=AXIS2_PLACEMENT_3D('',#11153,#8777,#8778);
#7811=AXIS2_PLACEMENT_3D('',#11155,#8779,#8780);
#7812=AXIS2_PLACEMENT_3D('',#11157,#8781,#8782);
#7813=AXIS2_PLACEMENT_3D('',#11159,#8783,#8784);
#7814=AXIS2_PLACEMENT_3D('',#11161,#8785,#8786);
#7815=AXIS2_PLACEMENT_3D('',#11163,#8787,#8788);
#7816=AXIS2_PLACEMENT_3D('',#11165,#8789,#8790);
#7817=AXIS2_PLACEMENT_3D('',#11167,#8791,#8792);
#7818=AXIS2_PLACEMENT_3D('',#11171,#8794,#8795);
#7819=AXIS2_PLACEMENT_3D('',#11173,#8796,#8797);
#7820=AXIS2_PLACEMENT_3D('',#11175,#8798,#8799);
#7821=AXIS2_PLACEMENT_3D('',#11177,#8800,#8801);
#7822=AXIS2_PLACEMENT_3D('',#11179,#8802,#8803);
#7823=AXIS2_PLACEMENT_3D('',#11181,#8804,#8805);
#7824=AXIS2_PLACEMENT_3D('',#11183,#8806,#8807);
#7825=AXIS2_PLACEMENT_3D('',#11185,#8808,#8809);
#7826=AXIS2_PLACEMENT_3D('',#11187,#8810,#8811);
#7827=AXIS2_PLACEMENT_3D('',#11195,#8813,#8814);
#7828=AXIS2_PLACEMENT_3D('',#11197,#8815,#8816);
#7829=AXIS2_PLACEMENT_3D('',#11199,#8817,#8818);
#7830=AXIS2_PLACEMENT_3D('',#11201,#8819,#8820);
#7831=AXIS2_PLACEMENT_3D('',#11203,#8821,#8822);
#7832=AXIS2_PLACEMENT_3D('',#11205,#8823,#8824);
#7833=AXIS2_PLACEMENT_3D('',#11207,#8825,#8826);
#7834=AXIS2_PLACEMENT_3D('',#11221,#8833,#8834);
#7835=AXIS2_PLACEMENT_3D('',#11224,#8837,#8838);
#7836=AXIS2_PLACEMENT_3D('',#11230,#8842,#8843);
#7837=AXIS2_PLACEMENT_3D('',#11251,#8854,#8855);
#7838=AXIS2_PLACEMENT_3D('',#11255,#8857,#8858);
#7839=AXIS2_PLACEMENT_3D('',#11259,#8860,#8861);
#7840=AXIS2_PLACEMENT_3D('',#11263,#8863,#8864);
#7841=AXIS2_PLACEMENT_3D('',#11264,#8865,#8866);
#7842=AXIS2_PLACEMENT_3D('',#11270,#8870,#8871);
#7843=AXIS2_PLACEMENT_3D('',#11276,#8875,#8876);
#7844=AXIS2_PLACEMENT_3D('',#11282,#8880,#8881);
#7845=AXIS2_PLACEMENT_3D('',#11293,#8888,#8889);
#7846=AXIS2_PLACEMENT_3D('',#11295,#8891,#8892);
#7847=AXIS2_PLACEMENT_3D('',#11297,#8894,#8895);
#7848=AXIS2_PLACEMENT_3D('',#11299,#8897,#8898);
#7849=AXIS2_PLACEMENT_3D('',#11301,#8900,#8901);
#7850=AXIS2_PLACEMENT_3D('',#11302,#8902,#8903);
#7851=AXIS2_PLACEMENT_3D('',#11303,#8904,#8905);
#7852=AXIS2_PLACEMENT_3D('',#11304,#8906,#8907);
#7853=AXIS2_PLACEMENT_3D('',#11305,#8908,#8909);
#7854=AXIS2_PLACEMENT_3D('',#11306,#8910,#8911);
#7855=AXIS2_PLACEMENT_3D('',#11307,#8912,#8913);
#7856=AXIS2_PLACEMENT_3D('',#11308,#8914,#8915);
#7857=AXIS2_PLACEMENT_3D('',#11309,#8916,#8917);
#7858=AXIS2_PLACEMENT_3D('',#11312,#8920,#8921);
#7859=AXIS2_PLACEMENT_3D('',#11314,#8923,#8924);
#7860=AXIS2_PLACEMENT_3D('',#11316,#8926,#8927);
#7861=AXIS2_PLACEMENT_3D('',#11317,#8928,#8929);
#7862=AXIS2_PLACEMENT_3D('',#11323,#8933,#8934);
#7863=AXIS2_PLACEMENT_3D('',#11327,#8937,#8938);
#7864=AXIS2_PLACEMENT_3D('',#11330,#8940,#8941);
#7865=AXIS2_PLACEMENT_3D('',#11331,#8942,#8943);
#7866=AXIS2_PLACEMENT_3D('',#11335,#8946,#8947);
#7867=AXIS2_PLACEMENT_3D('',#11339,#8950,#8951);
#7868=AXIS2_PLACEMENT_3D('',#11343,#8954,#8955);
#7869=AXIS2_PLACEMENT_3D('',#11346,#8957,#8958);
#7870=AXIS2_PLACEMENT_3D('',#11347,#8959,#8960);
#7871=AXIS2_PLACEMENT_3D('',#11349,#8962,#8963);
#7872=AXIS2_PLACEMENT_3D('',#11387,#8967,#8968);
#7873=AXIS2_PLACEMENT_3D('',#11388,#8969,#8970);
#7874=AXIS2_PLACEMENT_3D('',#11392,#8972,#8973);
#7875=AXIS2_PLACEMENT_3D('',#11393,#8974,#8975);
#7876=AXIS2_PLACEMENT_3D('',#11394,#8976,#8977);
#7877=AXIS2_PLACEMENT_3D('',#11398,#8979,#8980);
#7878=AXIS2_PLACEMENT_3D('',#11399,#8981,#8982);
#7879=AXIS2_PLACEMENT_3D('',#11400,#8983,#8984);
#7880=AXIS2_PLACEMENT_3D('',#11404,#8986,#8987);
#7881=AXIS2_PLACEMENT_3D('',#11405,#8988,#8989);
#7882=AXIS2_PLACEMENT_3D('',#11406,#8990,#8991);
#7883=AXIS2_PLACEMENT_3D('',#11410,#8993,#8994);
#7884=AXIS2_PLACEMENT_3D('',#11445,#8997,#8998);
#7885=AXIS2_PLACEMENT_3D('',#11446,#8999,#9000);
#7886=AXIS2_PLACEMENT_3D('',#11450,#9002,#9003);
#7887=AXIS2_PLACEMENT_3D('',#11451,#9004,#9005);
#7888=AXIS2_PLACEMENT_3D('',#11452,#9006,#9007);
#7889=AXIS2_PLACEMENT_3D('',#11456,#9009,#9010);
#7890=AXIS2_PLACEMENT_3D('',#11457,#9011,#9012);
#7891=AXIS2_PLACEMENT_3D('',#11458,#9013,#9014);
#7892=AXIS2_PLACEMENT_3D('',#11462,#9016,#9017);
#7893=AXIS2_PLACEMENT_3D('',#11491,#9021,#9022);
#7894=AXIS2_PLACEMENT_3D('',#11494,#9024,#9025);
#7895=AXIS2_PLACEMENT_3D('',#11495,#9026,#9027);
#7896=AXIS2_PLACEMENT_3D('',#11498,#9029,#9030);
#7897=AXIS2_PLACEMENT_3D('',#11499,#9031,#9032);
#7898=AXIS2_PLACEMENT_3D('',#11502,#9034,#9035);
#7899=AXIS2_PLACEMENT_3D('',#11503,#9036,#9037);
#7900=AXIS2_PLACEMENT_3D('',#11506,#9039,#9040);
#7901=AXIS2_PLACEMENT_3D('',#11533,#9043,#9044);
#7902=AXIS2_PLACEMENT_3D('',#11536,#9046,#9047);
#7903=AXIS2_PLACEMENT_3D('',#11537,#9048,#9049);
#7904=AXIS2_PLACEMENT_3D('',#11540,#9051,#9052);
#7905=AXIS2_PLACEMENT_3D('',#11541,#9053,#9054);
#7906=AXIS2_PLACEMENT_3D('',#11544,#9056,#9057);
#7907=AXIS2_PLACEMENT_3D('',#11545,#9058,#9059);
#7908=AXIS2_PLACEMENT_3D('',#11546,#9060,#9061);
#7909=AXIS2_PLACEMENT_3D('',#11547,#9062,#9063);
#7910=AXIS2_PLACEMENT_3D('',#11548,#9064,#9065);
#7911=AXIS2_PLACEMENT_3D('',#11549,#9066,#9067);
#7912=AXIS2_PLACEMENT_3D('',#11550,#9068,#9069);
#7913=AXIS2_PLACEMENT_3D('',#11551,#9070,#9071);
#7914=AXIS2_PLACEMENT_3D('',#11557,#9075,#9076);
#7915=AXIS2_PLACEMENT_3D('',#11561,#9079,#9080);
#7916=AXIS2_PLACEMENT_3D('',#11565,#9083,#9084);
#7917=AXIS2_PLACEMENT_3D('',#11569,#9087,#9088);
#7918=AXIS2_PLACEMENT_3D('',#11573,#9091,#9092);
#7919=AXIS2_PLACEMENT_3D('',#11577,#9095,#9096);
#7920=AXIS2_PLACEMENT_3D('',#11580,#9098,#9099);
#7921=AXIS2_PLACEMENT_3D('',#11581,#9100,#9101);
#7922=AXIS2_PLACEMENT_3D('',#11585,#9104,#9105);
#7923=AXIS2_PLACEMENT_3D('',#11588,#9107,#9108);
#7924=AXIS2_PLACEMENT_3D('',#11589,#9109,#9110);
#7925=AXIS2_PLACEMENT_3D('',#11591,#9112,#9113);
#7926=AXIS2_PLACEMENT_3D('',#11592,#9114,#9115);
#7927=AXIS2_PLACEMENT_3D('',#11598,#9119,#9120);
#7928=AXIS2_PLACEMENT_3D('',#11602,#9123,#9124);
#7929=AXIS2_PLACEMENT_3D('',#11606,#9127,#9128);
#7930=AXIS2_PLACEMENT_3D('',#11608,#9130,#9131);
#7931=AXIS2_PLACEMENT_3D('',#11609,#9132,#9133);
#7932=AXIS2_PLACEMENT_3D('',#11615,#9137,#9138);
#7933=AXIS2_PLACEMENT_3D('',#11619,#9141,#9142);
#7934=AXIS2_PLACEMENT_3D('',#11622,#9144,#9145);
#7935=AXIS2_PLACEMENT_3D('',#11623,#9146,#9147);
#7936=AXIS2_PLACEMENT_3D('',#11627,#9150,#9151);
#7937=AXIS2_PLACEMENT_3D('',#11631,#9154,#9155);
#7938=AXIS2_PLACEMENT_3D('',#11635,#9158,#9159);
#7939=AXIS2_PLACEMENT_3D('',#11637,#9161,#9162);
#7940=AXIS2_PLACEMENT_3D('',#11638,#9163,#9164);
#7941=AXIS2_PLACEMENT_3D('',#11647,#9169,#9170);
#7942=AXIS2_PLACEMENT_3D('',#11653,#9174,#9175);
#7943=AXIS2_PLACEMENT_3D('',#11659,#9179,#9180);
#7944=AXIS2_PLACEMENT_3D('',#11662,#9182,#9183);
#7945=AXIS2_PLACEMENT_3D('',#11665,#9185,#9186);
#7946=AXIS2_PLACEMENT_3D('',#11669,#9189,#9190);
#7947=AXIS2_PLACEMENT_3D('',#11673,#9193,#9194);
#7948=AXIS2_PLACEMENT_3D('',#11677,#9197,#9198);
#7949=AXIS2_PLACEMENT_3D('',#11681,#9201,#9202);
#7950=AXIS2_PLACEMENT_3D('',#11685,#9205,#9206);
#7951=AXIS2_PLACEMENT_3D('',#11689,#9209,#9210);
#7952=AXIS2_PLACEMENT_3D('',#11693,#9213,#9214);
#7953=AXIS2_PLACEMENT_3D('',#11697,#9217,#9218);
#7954=AXIS2_PLACEMENT_3D('',#11701,#9221,#9222);
#7955=AXIS2_PLACEMENT_3D('',#11705,#9225,#9226);
#7956=AXIS2_PLACEMENT_3D('',#11709,#9229,#9230);
#7957=AXIS2_PLACEMENT_3D('',#11713,#9233,#9234);
#7958=AXIS2_PLACEMENT_3D('',#11717,#9237,#9238);
#7959=AXIS2_PLACEMENT_3D('',#11721,#9241,#9242);
#7960=AXIS2_PLACEMENT_3D('',#11723,#9244,#9245);
#7961=AXIS2_PLACEMENT_3D('',#11726,#9248,#9249);
#7962=AXIS2_PLACEMENT_3D('',#11727,#9250,#9251);
#7963=AXIS2_PLACEMENT_3D('',#11733,#9255,#9256);
#7964=AXIS2_PLACEMENT_3D('',#11737,#9259,#9260);
#7965=AXIS2_PLACEMENT_3D('',#11741,#9263,#9264);
#7966=AXIS2_PLACEMENT_3D('',#11743,#9266,#9267);
#7967=AXIS2_PLACEMENT_3D('',#11744,#9268,#9269);
#7968=AXIS2_PLACEMENT_3D('',#11750,#9273,#9274);
#7969=AXIS2_PLACEMENT_3D('',#11754,#9277,#9278);
#7970=AXIS2_PLACEMENT_3D('',#11758,#9281,#9282);
#7971=AXIS2_PLACEMENT_3D('',#11762,#9285,#9286);
#7972=AXIS2_PLACEMENT_3D('',#11766,#9289,#9290);
#7973=AXIS2_PLACEMENT_3D('',#11770,#9293,#9294);
#7974=AXIS2_PLACEMENT_3D('',#11774,#9297,#9298);
#7975=AXIS2_PLACEMENT_3D('',#11778,#9301,#9302);
#7976=AXIS2_PLACEMENT_3D('',#11782,#9305,#9306);
#7977=AXIS2_PLACEMENT_3D('',#11786,#9309,#9310);
#7978=AXIS2_PLACEMENT_3D('',#11790,#9313,#9314);
#7979=AXIS2_PLACEMENT_3D('',#11792,#9316,#9317);
#7980=AXIS2_PLACEMENT_3D('',#11793,#9318,#9319);
#7981=AXIS2_PLACEMENT_3D('',#11799,#9323,#9324);
#7982=AXIS2_PLACEMENT_3D('',#11803,#9327,#9328);
#7983=AXIS2_PLACEMENT_3D('',#11807,#9331,#9332);
#7984=AXIS2_PLACEMENT_3D('',#11811,#9335,#9336);
#7985=AXIS2_PLACEMENT_3D('',#11815,#9339,#9340);
#7986=AXIS2_PLACEMENT_3D('',#11817,#9342,#9343);
#7987=AXIS2_PLACEMENT_3D('',#11818,#9344,#9345);
#7988=AXIS2_PLACEMENT_3D('',#11824,#9349,#9350);
#7989=AXIS2_PLACEMENT_3D('',#11828,#9353,#9354);
#7990=AXIS2_PLACEMENT_3D('',#11832,#9357,#9358);
#7991=AXIS2_PLACEMENT_3D('',#11836,#9361,#9362);
#7992=AXIS2_PLACEMENT_3D('',#11840,#9365,#9366);
#7993=AXIS2_PLACEMENT_3D('',#11844,#9369,#9370);
#7994=AXIS2_PLACEMENT_3D('',#11848,#9373,#9374);
#7995=AXIS2_PLACEMENT_3D('',#11852,#9377,#9378);
#7996=AXIS2_PLACEMENT_3D('',#11856,#9381,#9382);
#7997=AXIS2_PLACEMENT_3D('',#11860,#9385,#9386);
#7998=AXIS2_PLACEMENT_3D('',#11864,#9389,#9390);
#7999=AXIS2_PLACEMENT_3D('',#11866,#9392,#9393);
#8000=AXIS2_PLACEMENT_3D('',#11867,#9394,#9395);
#8001=AXIS2_PLACEMENT_3D('',#11873,#9399,#9400);
#8002=AXIS2_PLACEMENT_3D('',#11876,#9402,#9403);
#8003=AXIS2_PLACEMENT_3D('',#11877,#9404,#9405);
#8004=AXIS2_PLACEMENT_3D('',#11880,#9407,#9408);
#8005=AXIS2_PLACEMENT_3D('',#11881,#9409,#9410);
#8006=AXIS2_PLACEMENT_3D('',#11884,#9412,#9413);
#8007=AXIS2_PLACEMENT_3D('',#11885,#9414,#9415);
#8008=AXIS2_PLACEMENT_3D('',#11888,#9417,#9418);
#8009=AXIS2_PLACEMENT_3D('',#11889,#9419,#9420);
#8010=AXIS2_PLACEMENT_3D('',#11892,#9422,#9423);
#8011=AXIS2_PLACEMENT_3D('',#11893,#9424,#9425);
#8012=AXIS2_PLACEMENT_3D('',#11896,#9427,#9428);
#8013=AXIS2_PLACEMENT_3D('',#11923,#9431,#9432);
#8014=AXIS2_PLACEMENT_3D('',#11926,#9434,#9435);
#8015=AXIS2_PLACEMENT_3D('',#11927,#9436,#9437);
#8016=AXIS2_PLACEMENT_3D('',#11930,#9439,#9440);
#8017=AXIS2_PLACEMENT_3D('',#11931,#9441,#9442);
#8018=AXIS2_PLACEMENT_3D('',#11934,#9444,#9445);
#8019=AXIS2_PLACEMENT_3D('',#11935,#9446,#9447);
#8020=AXIS2_PLACEMENT_3D('',#11938,#9449,#9450);
#8021=AXIS2_PLACEMENT_3D('',#11939,#9451,#9452);
#8022=AXIS2_PLACEMENT_3D('',#11942,#9454,#9455);
#8023=AXIS2_PLACEMENT_3D('',#11943,#9456,#9457);
#8024=AXIS2_PLACEMENT_3D('',#11946,#9459,#9460);
#8025=AXIS2_PLACEMENT_3D('',#11947,#9461,#9462);
#8026=AXIS2_PLACEMENT_3D('',#11951,#9465,#9466);
#8027=AXIS2_PLACEMENT_3D('',#11954,#9468,#9469);
#8028=AXIS2_PLACEMENT_3D('',#11955,#9470,#9471);
#8029=AXIS2_PLACEMENT_3D('',#11958,#9473,#9474);
#8030=AXIS2_PLACEMENT_3D('',#11959,#9475,#9476);
#8031=AXIS2_PLACEMENT_3D('',#11962,#9478,#9479);
#8032=AXIS2_PLACEMENT_3D('',#11963,#9480,#9481);
#8033=AXIS2_PLACEMENT_3D('',#11966,#9483,#9484);
#8034=AXIS2_PLACEMENT_3D('',#11967,#9485,#9486);
#8035=AXIS2_PLACEMENT_3D('',#11970,#9488,#9489);
#8036=AXIS2_PLACEMENT_3D('',#11971,#9490,#9491);
#8037=AXIS2_PLACEMENT_3D('',#11974,#9493,#9494);
#8038=AXIS2_PLACEMENT_3D('',#12001,#9497,#9498);
#8039=AXIS2_PLACEMENT_3D('',#12004,#9500,#9501);
#8040=AXIS2_PLACEMENT_3D('',#12005,#9502,#9503);
#8041=AXIS2_PLACEMENT_3D('',#12008,#9505,#9506);
#8042=AXIS2_PLACEMENT_3D('',#12009,#9507,#9508);
#8043=AXIS2_PLACEMENT_3D('',#12012,#9510,#9511);
#8044=AXIS2_PLACEMENT_3D('',#12013,#9512,#9513);
#8045=AXIS2_PLACEMENT_3D('',#12016,#9515,#9516);
#8046=AXIS2_PLACEMENT_3D('',#12017,#9517,#9518);
#8047=AXIS2_PLACEMENT_3D('',#12020,#9520,#9521);
#8048=AXIS2_PLACEMENT_3D('',#12021,#9522,#9523);
#8049=AXIS2_PLACEMENT_3D('',#12022,#9524,#9525);
#8050=AXIS2_PLACEMENT_3D('',#12023,#9526,#9527);
#8051=AXIS2_PLACEMENT_3D('',#12024,#9528,#9529);
#8052=AXIS2_PLACEMENT_3D('',#12030,#9533,#9534);
#8053=AXIS2_PLACEMENT_3D('',#12034,#9537,#9538);
#8054=AXIS2_PLACEMENT_3D('',#12038,#9541,#9542);
#8055=AXIS2_PLACEMENT_3D('',#12042,#9545,#9546);
#8056=AXIS2_PLACEMENT_3D('',#12046,#9549,#9550);
#8057=AXIS2_PLACEMENT_3D('',#12050,#9553,#9554);
#8058=AXIS2_PLACEMENT_3D('',#12054,#9557,#9558);
#8059=AXIS2_PLACEMENT_3D('',#12056,#9560,#9561);
#8060=AXIS2_PLACEMENT_3D('',#12057,#9562,#9563);
#8061=AXIS2_PLACEMENT_3D('',#12063,#9567,#9568);
#8062=AXIS2_PLACEMENT_3D('',#12067,#9571,#9572);
#8063=AXIS2_PLACEMENT_3D('',#12071,#9575,#9576);
#8064=AXIS2_PLACEMENT_3D('',#12075,#9579,#9580);
#8065=AXIS2_PLACEMENT_3D('',#12079,#9583,#9584);
#8066=AXIS2_PLACEMENT_3D('',#12083,#9587,#9588);
#8067=AXIS2_PLACEMENT_3D('',#12086,#9590,#9591);
#8068=AXIS2_PLACEMENT_3D('',#12087,#9592,#9593);
#8069=AXIS2_PLACEMENT_3D('',#12090,#9595,#9596);
#8070=AXIS2_PLACEMENT_3D('',#12091,#9597,#9598);
#8071=AXIS2_PLACEMENT_3D('',#12094,#9600,#9601);
#8072=AXIS2_PLACEMENT_3D('',#12095,#9602,#9603);
#8073=AXIS2_PLACEMENT_3D('',#12098,#9605,#9606);
#8074=AXIS2_PLACEMENT_3D('',#12099,#9607,#9608);
#8075=AXIS2_PLACEMENT_3D('',#12102,#9610,#9611);
#8076=AXIS2_PLACEMENT_3D('',#12116,#9613,#9614);
#8077=AXIS2_PLACEMENT_3D('',#12120,#9617,#9618);
#8078=AXIS2_PLACEMENT_3D('',#12124,#9621,#9622);
#8079=AXIS2_PLACEMENT_3D('',#12133,#9627,#9628);
#8080=AXIS2_PLACEMENT_3D('',#12139,#9632,#9633);
#8081=AXIS2_PLACEMENT_3D('',#12162,#9638,#9639);
#8082=AXIS2_PLACEMENT_3D('',#12163,#9640,#9641);
#8083=AXIS2_PLACEMENT_3D('',#12167,#9643,#9644);
#8084=AXIS2_PLACEMENT_3D('',#12168,#9645,#9646);
#8085=AXIS2_PLACEMENT_3D('',#12169,#9647,#9648);
#8086=AXIS2_PLACEMENT_3D('',#12173,#9650,#9651);
#8087=AXIS2_PLACEMENT_3D('',#12174,#9652,#9653);
#8088=AXIS2_PLACEMENT_3D('',#12175,#9654,#9655);
#8089=AXIS2_PLACEMENT_3D('',#12179,#9657,#9658);
#8090=AXIS2_PLACEMENT_3D('',#12180,#9659,#9660);
#8091=AXIS2_PLACEMENT_3D('',#12181,#9661,#9662);
#8092=AXIS2_PLACEMENT_3D('',#12185,#9664,#9665);
#8093=AXIS2_PLACEMENT_3D('',#12200,#9666,#9667);
#8094=AXIS2_PLACEMENT_3D('',#12202,#9669,#9670);
#8095=AXIS2_PLACEMENT_3D('',#12203,#9671,#9672);
#8096=AXIS2_PLACEMENT_3D('',#12204,#9673,#9674);
#8097=AXIS2_PLACEMENT_3D('',#12210,#9678,#9679);
#8098=AXIS2_PLACEMENT_3D('',#12214,#9682,#9683);
#8099=AXIS2_PLACEMENT_3D('',#12218,#9686,#9687);
#8100=AXIS2_PLACEMENT_3D('',#12222,#9690,#9691);
#8101=AXIS2_PLACEMENT_3D('',#12226,#9694,#9695);
#8102=AXIS2_PLACEMENT_3D('',#12230,#9698,#9699);
#8103=AXIS2_PLACEMENT_3D('',#12234,#9702,#9703);
#8104=AXIS2_PLACEMENT_3D('',#12238,#9706,#9707);
#8105=AXIS2_PLACEMENT_3D('',#12242,#9710,#9711);
#8106=AXIS2_PLACEMENT_3D('',#12246,#9714,#9715);
#8107=AXIS2_PLACEMENT_3D('',#12250,#9718,#9719);
#8108=AXIS2_PLACEMENT_3D('',#12252,#9721,#9722);
#8109=AXIS2_PLACEMENT_3D('',#12253,#9723,#9724);
#8110=AXIS2_PLACEMENT_3D('',#12259,#9728,#9729);
#8111=AXIS2_PLACEMENT_3D('',#12263,#9732,#9733);
#8112=AXIS2_PLACEMENT_3D('',#12267,#9736,#9737);
#8113=AXIS2_PLACEMENT_3D('',#12271,#9740,#9741);
#8114=AXIS2_PLACEMENT_3D('',#12275,#9744,#9745);
#8115=AXIS2_PLACEMENT_3D('',#12279,#9748,#9749);
#8116=AXIS2_PLACEMENT_3D('',#12283,#9752,#9753);
#8117=AXIS2_PLACEMENT_3D('',#12287,#9756,#9757);
#8118=AXIS2_PLACEMENT_3D('',#12291,#9760,#9761);
#8119=AXIS2_PLACEMENT_3D('',#12294,#9763,#9764);
#8120=AXIS2_PLACEMENT_3D('',#12295,#9765,#9766);
#8121=AXIS2_PLACEMENT_3D('',#12299,#9769,#9770);
#8122=AXIS2_PLACEMENT_3D('',#12302,#9772,#9773);
#8123=AXIS2_PLACEMENT_3D('',#12303,#9774,#9775);
#8124=AXIS2_PLACEMENT_3D('',#12307,#9778,#9779);
#8125=AXIS2_PLACEMENT_3D('',#12309,#9781,#9782);
#8126=AXIS2_PLACEMENT_3D('',#12310,#9783,#9784);
#8127=AXIS2_PLACEMENT_3D('',#12316,#9788,#9789);
#8128=AXIS2_PLACEMENT_3D('',#12320,#9792,#9793);
#8129=AXIS2_PLACEMENT_3D('',#12324,#9796,#9797);
#8130=AXIS2_PLACEMENT_3D('',#12328,#9800,#9801);
#8131=AXIS2_PLACEMENT_3D('',#12332,#9804,#9805);
#8132=AXIS2_PLACEMENT_3D('',#12336,#9808,#9809);
#8133=AXIS2_PLACEMENT_3D('',#12340,#9812,#9813);
#8134=AXIS2_PLACEMENT_3D('',#12344,#9816,#9817);
#8135=AXIS2_PLACEMENT_3D('',#12348,#9820,#9821);
#8136=AXIS2_PLACEMENT_3D('',#12352,#9824,#9825);
#8137=AXIS2_PLACEMENT_3D('',#12356,#9828,#9829);
#8138=AXIS2_PLACEMENT_3D('',#12360,#9832,#9833);
#8139=AXIS2_PLACEMENT_3D('',#12364,#9836,#9837);
#8140=AXIS2_PLACEMENT_3D('',#12366,#9839,#9840);
#8141=AXIS2_PLACEMENT_3D('',#12367,#9841,#9842);
#8142=AXIS2_PLACEMENT_3D('',#12373,#9846,#9847);
#8143=AXIS2_PLACEMENT_3D('',#12377,#9850,#9851);
#8144=AXIS2_PLACEMENT_3D('',#12381,#9854,#9855);
#8145=AXIS2_PLACEMENT_3D('',#12385,#9858,#9859);
#8146=AXIS2_PLACEMENT_3D('',#12389,#9862,#9863);
#8147=AXIS2_PLACEMENT_3D('',#12393,#9866,#9867);
#8148=AXIS2_PLACEMENT_3D('',#12397,#9870,#9871);
#8149=AXIS2_PLACEMENT_3D('',#12401,#9874,#9875);
#8150=AXIS2_PLACEMENT_3D('',#12405,#9878,#9879);
#8151=AXIS2_PLACEMENT_3D('',#12409,#9882,#9883);
#8152=AXIS2_PLACEMENT_3D('',#12413,#9886,#9887);
#8153=AXIS2_PLACEMENT_3D('',#12417,#9890,#9891);
#8154=AXIS2_PLACEMENT_3D('',#12421,#9894,#9895);
#8155=AXIS2_PLACEMENT_3D('',#12423,#9897,#9898);
#8156=AXIS2_PLACEMENT_3D('',#12424,#9899,#9900);
#8157=AXIS2_PLACEMENT_3D('',#12430,#9904,#9905);
#8158=AXIS2_PLACEMENT_3D('',#12434,#9908,#9909);
#8159=AXIS2_PLACEMENT_3D('',#12438,#9912,#9913);
#8160=AXIS2_PLACEMENT_3D('',#12442,#9916,#9917);
#8161=AXIS2_PLACEMENT_3D('',#12446,#9920,#9921);
#8162=AXIS2_PLACEMENT_3D('',#12450,#9924,#9925);
#8163=AXIS2_PLACEMENT_3D('',#12454,#9928,#9929);
#8164=AXIS2_PLACEMENT_3D('',#12458,#9932,#9933);
#8165=AXIS2_PLACEMENT_3D('',#12462,#9936,#9937);
#8166=AXIS2_PLACEMENT_3D('',#12465,#9939,#9940);
#8167=AXIS2_PLACEMENT_3D('',#12466,#9941,#9942);
#8168=AXIS2_PLACEMENT_3D('',#12470,#9945,#9946);
#8169=AXIS2_PLACEMENT_3D('',#12473,#9948,#9949);
#8170=AXIS2_PLACEMENT_3D('',#12474,#9950,#9951);
#8171=AXIS2_PLACEMENT_3D('',#12478,#9954,#9955);
#8172=AXIS2_PLACEMENT_3D('',#12480,#9957,#9958);
#8173=AXIS2_PLACEMENT_3D('',#12481,#9959,#9960);
#8174=AXIS2_PLACEMENT_3D('',#12487,#9964,#9965);
#8175=AXIS2_PLACEMENT_3D('',#12491,#9968,#9969);
#8176=AXIS2_PLACEMENT_3D('',#12495,#9972,#9973);
#8177=AXIS2_PLACEMENT_3D('',#12497,#9975,#9976);
#8178=AXIS2_PLACEMENT_3D('',#12498,#9977,#9978);
#8179=AXIS2_PLACEMENT_3D('',#12504,#9982,#9983);
#8180=AXIS2_PLACEMENT_3D('',#12507,#9985,#9986);
#8181=AXIS2_PLACEMENT_3D('',#12508,#9987,#9988);
#8182=AXIS2_PLACEMENT_3D('',#12511,#9990,#9991);
#8183=AXIS2_PLACEMENT_3D('',#12512,#9992,#9993);
#8184=AXIS2_PLACEMENT_3D('',#12515,#9995,#9996);
#8185=AXIS2_PLACEMENT_3D('',#12516,#9997,#9998);
#8186=AXIS2_PLACEMENT_3D('',#12519,#10000,#10001);
#8187=AXIS2_PLACEMENT_3D('',#12520,#10002,#10003);
#8188=AXIS2_PLACEMENT_3D('',#12523,#10005,#10006);
#8189=AXIS2_PLACEMENT_3D('',#12524,#10007,#10008);
#8190=AXIS2_PLACEMENT_3D('',#12527,#10010,#10011);
#8191=AXIS2_PLACEMENT_3D('',#12554,#10014,#10015);
#8192=AXIS2_PLACEMENT_3D('',#12557,#10017,#10018);
#8193=AXIS2_PLACEMENT_3D('',#12558,#10019,#10020);
#8194=AXIS2_PLACEMENT_3D('',#12561,#10022,#10023);
#8195=AXIS2_PLACEMENT_3D('',#12562,#10024,#10025);
#8196=AXIS2_PLACEMENT_3D('',#12565,#10027,#10028);
#8197=AXIS2_PLACEMENT_3D('',#12566,#10029,#10030);
#8198=AXIS2_PLACEMENT_3D('',#12569,#10032,#10033);
#8199=AXIS2_PLACEMENT_3D('',#12570,#10034,#10035);
#8200=AXIS2_PLACEMENT_3D('',#12573,#10037,#10038);
#8201=AXIS2_PLACEMENT_3D('',#12574,#10039,#10040);
#8202=AXIS2_PLACEMENT_3D('',#12577,#10042,#10043);
#8203=AXIS2_PLACEMENT_3D('',#12578,#10044,#10045);
#8204=AXIS2_PLACEMENT_3D('',#12582,#10048,#10049);
#8205=AXIS2_PLACEMENT_3D('',#12585,#10051,#10052);
#8206=AXIS2_PLACEMENT_3D('',#12586,#10053,#10054);
#8207=AXIS2_PLACEMENT_3D('',#12589,#10056,#10057);
#8208=AXIS2_PLACEMENT_3D('',#12590,#10058,#10059);
#8209=AXIS2_PLACEMENT_3D('',#12593,#10061,#10062);
#8210=AXIS2_PLACEMENT_3D('',#12594,#10063,#10064);
#8211=AXIS2_PLACEMENT_3D('',#12597,#10066,#10067);
#8212=AXIS2_PLACEMENT_3D('',#12598,#10068,#10069);
#8213=AXIS2_PLACEMENT_3D('',#12601,#10071,#10072);
#8214=AXIS2_PLACEMENT_3D('',#12602,#10073,#10074);
#8215=AXIS2_PLACEMENT_3D('',#12605,#10076,#10077);
#8216=AXIS2_PLACEMENT_3D('',#12632,#10080,#10081);
#8217=AXIS2_PLACEMENT_3D('',#12635,#10083,#10084);
#8218=AXIS2_PLACEMENT_3D('',#12636,#10085,#10086);
#8219=AXIS2_PLACEMENT_3D('',#12639,#10088,#10089);
#8220=AXIS2_PLACEMENT_3D('',#12640,#10090,#10091);
#8221=AXIS2_PLACEMENT_3D('',#12643,#10093,#10094);
#8222=AXIS2_PLACEMENT_3D('',#12644,#10095,#10096);
#8223=AXIS2_PLACEMENT_3D('',#12647,#10098,#10099);
#8224=AXIS2_PLACEMENT_3D('',#12648,#10100,#10101);
#8225=AXIS2_PLACEMENT_3D('',#12651,#10103,#10104);
#8226=AXIS2_PLACEMENT_3D('',#12652,#10105,#10106);
#8227=AXIS2_PLACEMENT_3D('',#12653,#10107,#10108);
#8228=AXIS2_PLACEMENT_3D('',#12654,#10109,#10110);
#8229=AXIS2_PLACEMENT_3D('',#12655,#10111,#10112);
#8230=AXIS2_PLACEMENT_3D('',#12658,#10114,#10115);
#8231=AXIS2_PLACEMENT_3D('',#12661,#10117,#10118);
#8232=AXIS2_PLACEMENT_3D('',#12665,#10121,#10122);
#8233=AXIS2_PLACEMENT_3D('',#12668,#10124,#10125);
#8234=AXIS2_PLACEMENT_3D('',#12669,#10126,#10127);
#8235=AXIS2_PLACEMENT_3D('',#12672,#10129,#10130);
#8236=AXIS2_PLACEMENT_3D('',#12673,#10131,#10132);
#8237=AXIS2_PLACEMENT_3D('',#12676,#10134,#10135);
#8238=AXIS2_PLACEMENT_3D('',#12677,#10136,#10137);
#8239=AXIS2_PLACEMENT_3D('',#12680,#10139,#10140);
#8240=AXIS2_PLACEMENT_3D('',#12681,#10141,#10142);
#8241=AXIS2_PLACEMENT_3D('',#12684,#10144,#10145);
#8242=AXIS2_PLACEMENT_3D('',#12685,#10146,#10147);
#8243=AXIS2_PLACEMENT_3D('',#12688,#10149,#10150);
#8244=AXIS2_PLACEMENT_3D('',#12689,#10151,#10152);
#8245=AXIS2_PLACEMENT_3D('',#12692,#10154,#10155);
#8246=AXIS2_PLACEMENT_3D('',#12706,#10157,#10158);
#8247=AXIS2_PLACEMENT_3D('',#12710,#10161,#10162);
#8248=AXIS2_PLACEMENT_3D('',#12713,#10164,#10165);
#8249=AXIS2_PLACEMENT_3D('',#12714,#10166,#10167);
#8250=AXIS2_PLACEMENT_3D('',#12717,#10169,#10170);
#8251=AXIS2_PLACEMENT_3D('',#12718,#10171,#10172);
#8252=AXIS2_PLACEMENT_3D('',#12721,#10174,#10175);
#8253=AXIS2_PLACEMENT_3D('',#12722,#10176,#10177);
#8254=AXIS2_PLACEMENT_3D('',#12725,#10179,#10180);
#8255=AXIS2_PLACEMENT_3D('',#12726,#10181,#10182);
#8256=AXIS2_PLACEMENT_3D('',#12729,#10184,#10185);
#8257=AXIS2_PLACEMENT_3D('',#12730,#10186,#10187);
#8258=AXIS2_PLACEMENT_3D('',#12733,#10189,#10190);
#8259=AXIS2_PLACEMENT_3D('',#12734,#10191,#10192);
#8260=AXIS2_PLACEMENT_3D('',#12737,#10194,#10195);
#8261=AXIS2_PLACEMENT_3D('',#12738,#10196,#10197);
#8262=AXIS2_PLACEMENT_3D('',#12741,#10199,#10200);
#8263=AXIS2_PLACEMENT_3D('',#12742,#10201,#10202);
#8264=AXIS2_PLACEMENT_3D('',#12745,#10204,#10205);
#8265=AXIS2_PLACEMENT_3D('',#12746,#10206,#10207);
#8266=AXIS2_PLACEMENT_3D('',#12750,#10210,#10211);
#8267=AXIS2_PLACEMENT_3D('',#12753,#10213,#10214);
#8268=AXIS2_PLACEMENT_3D('',#12754,#10215,#10216);
#8269=AXIS2_PLACEMENT_3D('',#12757,#10218,#10219);
#8270=AXIS2_PLACEMENT_3D('',#12758,#10220,#10221);
#8271=AXIS2_PLACEMENT_3D('',#12761,#10223,#10224);
#8272=AXIS2_PLACEMENT_3D('',#12762,#10225,#10226);
#8273=AXIS2_PLACEMENT_3D('',#12765,#10228,#10229);
#8274=AXIS2_PLACEMENT_3D('',#12766,#10230,#10231);
#8275=AXIS2_PLACEMENT_3D('',#12769,#10233,#10234);
#8276=AXIS2_PLACEMENT_3D('',#12770,#10235,#10236);
#8277=AXIS2_PLACEMENT_3D('',#12773,#10238,#10239);
#8278=AXIS2_PLACEMENT_3D('',#12774,#10240,#10241);
#8279=AXIS2_PLACEMENT_3D('',#12777,#10243,#10244);
#8280=AXIS2_PLACEMENT_3D('',#12778,#10245,#10246);
#8281=AXIS2_PLACEMENT_3D('',#12781,#10248,#10249);
#8282=AXIS2_PLACEMENT_3D('',#12782,#10250,#10251);
#8283=AXIS2_PLACEMENT_3D('',#12785,#10253,#10254);
#8284=AXIS2_PLACEMENT_3D('',#12786,#10255,#10256);
#8285=AXIS2_PLACEMENT_3D('',#12789,#10258,#10259);
#8286=AXIS2_PLACEMENT_3D('',#12790,#10260,#10261);
#8287=AXIS2_PLACEMENT_3D('',#12794,#10264,#10265);
#8288=AXIS2_PLACEMENT_3D('',#12797,#10267,#10268);
#8289=AXIS2_PLACEMENT_3D('',#12798,#10269,#10270);
#8290=AXIS2_PLACEMENT_3D('',#12806,#10272,#10273);
#8291=AXIS2_PLACEMENT_3D('',#12809,#10275,#10276);
#8292=AXIS2_PLACEMENT_3D('',#12810,#10277,#10278);
#8293=AXIS2_PLACEMENT_3D('',#12813,#10280,#10281);
#8294=AXIS2_PLACEMENT_3D('',#12814,#10282,#10283);
#8295=AXIS2_PLACEMENT_3D('',#12817,#10285,#10286);
#8296=AXIS2_PLACEMENT_3D('',#12818,#10287,#10288);
#8297=AXIS2_PLACEMENT_3D('',#12821,#10290,#10291);
#8298=AXIS2_PLACEMENT_3D('',#12822,#10292,#10293);
#8299=AXIS2_PLACEMENT_3D('',#12825,#10295,#10296);
#8300=AXIS2_PLACEMENT_3D('',#12826,#10297,#10298);
#8301=AXIS2_PLACEMENT_3D('',#12827,#10299,#10300);
#8302=AXIS2_PLACEMENT_3D('',#12828,#10301,#10302);
#8303=AXIS2_PLACEMENT_3D('',#12829,#10303,#10304);
#8304=AXIS2_PLACEMENT_3D('',#12835,#10308,#10309);
#8305=AXIS2_PLACEMENT_3D('',#12839,#10312,#10313);
#8306=AXIS2_PLACEMENT_3D('',#12842,#10315,#10316);
#8307=AXIS2_PLACEMENT_3D('',#12843,#10317,#10318);
#8308=AXIS2_PLACEMENT_3D('',#12847,#10321,#10322);
#8309=AXIS2_PLACEMENT_3D('',#12851,#10325,#10326);
#8310=AXIS2_PLACEMENT_3D('',#12855,#10329,#10330);
#8311=AXIS2_PLACEMENT_3D('',#12857,#10332,#10333);
#8312=AXIS2_PLACEMENT_3D('',#12858,#10334,#10335);
#8313=AXIS2_PLACEMENT_3D('',#12859,#10336,#10337);
#8314=AXIS2_PLACEMENT_3D('',#12860,#10338,#10339);
#8315=AXIS2_PLACEMENT_3D('',#12866,#10343,#10344);
#8316=AXIS2_PLACEMENT_3D('',#12873,#10349,#10350);
#8317=AXIS2_PLACEMENT_3D('',#12875,#10352,#10353);
#8318=AXIS2_PLACEMENT_3D('',#12877,#10355,#10356);
#8319=AXIS2_PLACEMENT_3D('',#12878,#10357,#10358);
#8320=AXIS2_PLACEMENT_3D('',#12880,#10359,#10360);
#8321=AXIS2_PLACEMENT_3D('',#12881,#10361,#10362);
#8322=AXIS2_PLACEMENT_3D('',#12883,#10363,#10364);
#8323=AXIS2_PLACEMENT_3D('',#12884,#10365,#10366);
#8324=AXIS2_PLACEMENT_3D('',#12885,#10367,#10368);
#8325=AXIS2_PLACEMENT_3D('',#12887,#10369,#10370);
#8326=AXIS2_PLACEMENT_3D('',#12888,#10371,#10372);
#8327=AXIS2_PLACEMENT_3D('',#12890,#10373,#10374);
#8328=AXIS2_PLACEMENT_3D('',#12891,#10375,#10376);
#8329=AXIS2_PLACEMENT_3D('',#12892,#10377,#10378);
#8330=AXIS2_PLACEMENT_3D('',#12894,#10379,#10380);
#8331=AXIS2_PLACEMENT_3D('',#12895,#10381,#10382);
#8332=AXIS2_PLACEMENT_3D('',#12897,#10383,#10384);
#8333=AXIS2_PLACEMENT_3D('',#12898,#10385,#10386);
#8334=AXIS2_PLACEMENT_3D('',#12899,#10387,#10388);
#8335=AXIS2_PLACEMENT_3D('',#12901,#10389,#10390);
#8336=AXIS2_PLACEMENT_3D('',#12902,#10391,#10392);
#8337=AXIS2_PLACEMENT_3D('',#12904,#10393,#10394);
#8338=AXIS2_PLACEMENT_3D('',#12905,#10395,#10396);
#8339=AXIS2_PLACEMENT_3D('',#12906,#10397,#10398);
#8340=AXIS2_PLACEMENT_3D('',#12907,#10399,#10400);
#8341=AXIS2_PLACEMENT_3D('',#12908,#10401,#10402);
#8342=AXIS2_PLACEMENT_3D('',#12909,#10403,#10404);
#8343=AXIS2_PLACEMENT_3D('',#12910,#10405,#10406);
#8344=AXIS2_PLACEMENT_3D('',#12911,#10407,#10408);
#8345=AXIS2_PLACEMENT_3D('',#12912,#10409,#10410);
#8346=AXIS2_PLACEMENT_3D('',#12913,#10411,#10412);
#8347=AXIS2_PLACEMENT_3D('',#12914,#10413,#10414);
#8348=AXIS2_PLACEMENT_3D('',#12915,#10415,#10416);
#8349=AXIS2_PLACEMENT_3D('',#12916,#10417,#10418);
#8350=AXIS2_PLACEMENT_3D('',#12917,#10419,#10420);
#8351=AXIS2_PLACEMENT_3D('',#12918,#10421,#10422);
#8352=AXIS2_PLACEMENT_3D('',#12919,#10423,#10424);
#8353=AXIS2_PLACEMENT_3D('',#12920,#10425,#10426);
#8354=AXIS2_PLACEMENT_3D('',#12921,#10427,#10428);
#8355=AXIS2_PLACEMENT_3D('',#12922,#10429,#10430);
#8356=AXIS2_PLACEMENT_3D('',#12923,#10431,#10432);
#8357=AXIS2_PLACEMENT_3D('',#12925,#10434,#10435);
#8358=AXIS2_PLACEMENT_3D('',#12927,#10437,#10438);
#8359=AXIS2_PLACEMENT_3D('',#12933,#10442,#10443);
#8360=AXIS2_PLACEMENT_3D('',#12937,#10446,#10447);
#8361=AXIS2_PLACEMENT_3D('',#12941,#10450,#10451);
#8362=AXIS2_PLACEMENT_3D('',#12943,#10453,#10454);
#8363=AXIS2_PLACEMENT_3D('',#12944,#10455,#10456);
#8364=AXIS2_PLACEMENT_3D('',#12949,#10459,#10460);
#8365=AXIS2_PLACEMENT_3D('',#12950,#10461,#10462);
#8366=AXIS2_PLACEMENT_3D('',#12954,#10465,#10466);
#8367=AXIS2_PLACEMENT_3D('',#12955,#10467,#10468);
#8368=AXIS2_PLACEMENT_3D('',#12958,#10470,#10471);
#8369=AXIS2_PLACEMENT_3D('',#12960,#10473,#10474);
#8370=AXIS2_PLACEMENT_3D('',#12965,#10477,#10478);
#8371=AXIS2_PLACEMENT_3D('',#12966,#10479,#10480);
#8372=AXIS2_PLACEMENT_3D('',#12970,#10483,#10484);
#8373=AXIS2_PLACEMENT_3D('',#12971,#10485,#10486);
#8374=AXIS2_PLACEMENT_3D('',#12974,#10488,#10489);
#8375=AXIS2_PLACEMENT_3D('',#12976,#10491,#10492);
#8376=AXIS2_PLACEMENT_3D('',#12977,#10493,#10494);
#8377=DIRECTION('',(0.,0.,1.));
#8378=DIRECTION('',(1.,0.,0.));
#8379=DIRECTION('',(-1.,0.,0.));
#8380=DIRECTION('',(0.,0.,1.));
#8381=DIRECTION('',(0.,-1.,0.));
#8382=DIRECTION('',(0.,0.,1.));
#8383=DIRECTION('',(0.,1.,0.));
#8384=DIRECTION('',(0.,0.,1.));
#8385=DIRECTION('',(0.,0.,1.));
#8386=DIRECTION('',(0.,1.,0.));
#8387=DIRECTION('',(0.,0.,-1.));
#8388=DIRECTION('',(0.,-1.,0.));
#8389=DIRECTION('',(-1.,0.,0.));
#8390=DIRECTION('',(0.,0.,1.));
#8391=DIRECTION('',(0.,-1.,0.));
#8392=DIRECTION('',(0.,0.,1.));
#8393=DIRECTION('',(0.,-1.,0.));
#8394=DIRECTION('',(0.,0.,1.));
#8395=DIRECTION('',(0.,0.,1.));
#8396=DIRECTION('',(0.,-1.,0.));
#8397=DIRECTION('',(0.,0.,-1.));
#8398=DIRECTION('',(0.,1.,0.));
#8399=DIRECTION('',(0.,0.,1.));
#8400=DIRECTION('',(1.,0.,0.));
#8401=DIRECTION('',(0.,0.,1.));
#8402=DIRECTION('',(1.,0.,0.));
#8403=DIRECTION('',(0.,0.,1.));
#8404=DIRECTION('',(1.,0.,0.));
#8405=DIRECTION('',(0.,0.,1.));
#8406=DIRECTION('',(1.,0.,0.));
#8407=DIRECTION('',(0.,0.,1.));
#8408=DIRECTION('',(1.,0.,0.));
#8409=DIRECTION('',(0.,1.,0.));
#8410=DIRECTION('',(1.,0.,0.));
#8411=DIRECTION('',(0.,-1.,0.));
#8412=DIRECTION('',(1.,0.,0.));
#8413=DIRECTION('',(0.,-1.,0.));
#8414=DIRECTION('',(1.,0.,0.));
#8415=DIRECTION('',(0.,-1.,0.));
#8416=DIRECTION('',(1.,0.,0.));
#8417=DIRECTION('',(1.,0.,0.));
#8418=DIRECTION('',(0.,-1.,0.));
#8419=DIRECTION('',(1.,0.,0.));
#8420=DIRECTION('',(0.,-1.,0.));
#8421=DIRECTION('',(0.,-1.,0.));
#8422=DIRECTION('',(1.,0.,0.));
#8423=DIRECTION('',(0.,1.,0.));
#8424=DIRECTION('',(-1.,0.,0.));
#8425=DIRECTION('',(0.,0.,1.));
#8426=DIRECTION('',(1.,0.,0.));
#8427=DIRECTION('',(1.,0.,0.));
#8428=DIRECTION('',(0.,0.,1.));
#8429=DIRECTION('',(1.,0.,0.));
#8430=DIRECTION('',(0.,-1.,0.));
#8431=DIRECTION('',(0.,0.,1.));
#8432=DIRECTION('',(1.,0.,0.));
#8433=DIRECTION('',(1.,0.,0.));
#8434=DIRECTION('',(0.,0.,1.));
#8435=DIRECTION('',(1.,0.,0.));
#8436=DIRECTION('',(0.,-1.,0.));
#8437=DIRECTION('',(0.,0.,1.));
#8438=DIRECTION('',(1.,0.,0.));
#8439=DIRECTION('',(0.,0.,-1.));
#8440=DIRECTION('',(-1.,0.,0.));
#8441=DIRECTION('',(0.,0.,-1.));
#8442=DIRECTION('',(-1.,0.,0.));
#8443=DIRECTION('',(0.,0.,-1.));
#8444=DIRECTION('',(-1.,0.,0.));
#8445=DIRECTION('',(0.,0.,-1.));
#8446=DIRECTION('',(-1.,0.,0.));
#8447=DIRECTION('',(0.00192305355549651,-0.999998150930802,0.));
#8448=DIRECTION('',(-1.,0.,0.));
#8449=DIRECTION('',(0.,1.,0.));
#8450=DIRECTION('',(1.,0.,0.));
#8451=DIRECTION('',(-0.00580352970639262,0.99998315937967,0.));
#8452=DIRECTION('',(1.,0.,0.));
#8453=DIRECTION('',(0.,-1.,0.));
#8454=DIRECTION('',(1.,0.,0.));
#8455=DIRECTION('',(0.,-1.,0.));
#8456=DIRECTION('',(-1.,0.,0.));
#8457=DIRECTION('',(0.,0.,-1.));
#8458=DIRECTION('',(1.,0.,0.));
#8459=DIRECTION('',(0.00602103753024834,-0.999981873389243,0.));
#8460=DIRECTION('',(-0.99998315937967,-0.00580352970639271,0.));
#8461=DIRECTION('',(-0.00580352970640844,0.99998315937967,0.));
#8462=DIRECTION('',(1.,0.,0.));
#8463=DIRECTION('',(-1.,0.,0.));
#8464=DIRECTION('',(0.,-1.,0.));
#8465=DIRECTION('',(-0.999981873389243,-0.00602103753024861,0.));
#8466=DIRECTION('',(0.,0.,-1.));
#8467=DIRECTION('',(1.,0.,0.));
#8468=DIRECTION('',(0.00274939417509089,0.999996220408692,0.));
#8469=DIRECTION('',(0.,0.,1.));
#8470=DIRECTION('',(1.,0.,0.));
#8471=DIRECTION('',(-1.,0.,0.));
#8472=DIRECTION('',(0.,1.,0.));
#8473=DIRECTION('',(0.999999306573577,-0.00117764696079284,0.));
#8474=DIRECTION('',(0.00117764696079759,0.999999306573577,0.));
#8475=DIRECTION('',(0.,0.,1.));
#8476=DIRECTION('',(1.,0.,0.));
#8477=DIRECTION('',(0.,0.,1.));
#8478=DIRECTION('',(1.,0.,0.));
#8479=DIRECTION('',(0.,0.,1.));
#8480=DIRECTION('',(1.,0.,0.));
#8481=DIRECTION('',(0.,0.,1.));
#8482=DIRECTION('',(1.,0.,0.));
#8483=DIRECTION('',(0.,0.,1.));
#8484=DIRECTION('',(1.,0.,0.));
#8485=DIRECTION('',(0.,0.,1.));
#8486=DIRECTION('',(1.,0.,0.));
#8487=DIRECTION('',(0.,0.,1.));
#8488=DIRECTION('',(1.,0.,0.));
#8489=DIRECTION('',(0.,0.,1.));
#8490=DIRECTION('',(1.,0.,0.));
#8491=DIRECTION('',(1.,0.,0.));
#8492=DIRECTION('',(0.,-1.,0.));
#8493=DIRECTION('',(0.,0.,1.));
#8494=DIRECTION('',(1.,0.,0.));
#8495=DIRECTION('',(-0.999996275658508,-0.00272922500251301,0.));
#8496=DIRECTION('',(-0.00272922500252209,0.999996275658507,0.));
#8497=DIRECTION('',(0.999996275658508,0.00272922500251264,0.));
#8498=DIRECTION('',(0.,0.,-1.));
#8499=DIRECTION('',(1.,0.,0.));
#8500=DIRECTION('',(0.,1.,0.));
#8501=DIRECTION('',(0.,-1.,0.));
#8502=DIRECTION('',(1.,0.,0.));
#8503=DIRECTION('',(0.,-1.,0.));
#8504=DIRECTION('',(1.,0.,0.));
#8505=DIRECTION('',(1.,0.,0.));
#8506=DIRECTION('',(0.,0.,-1.));
#8507=DIRECTION('',(1.,0.,0.));
#8508=DIRECTION('',(0.,-1.,0.));
#8509=DIRECTION('',(-0.604381770545157,-0.796694844612855,0.));
#8510=DIRECTION('',(0.,-1.,0.));
#8511=DIRECTION('',(0.610666205741614,-0.791888114044618,0.));
#8512=DIRECTION('',(0.,-1.,0.));
#8513=DIRECTION('',(-0.604381770545156,-0.796694844612856,0.));
#8514=DIRECTION('',(-1.,1.26855800389687E-15,0.));
#8515=DIRECTION('',(0.,1.,0.));
#8516=DIRECTION('',(1.,0.,0.));
#8517=DIRECTION('',(0.604381770545149,0.796694844612861,0.));
#8518=DIRECTION('',(0.,1.,0.));
#8519=DIRECTION('',(-0.664119324431244,0.747626593238221,0.));
#8520=DIRECTION('',(-1.,0.,0.));
#8521=DIRECTION('',(0.,1.,0.));
#8522=DIRECTION('',(-1.,0.,0.));
#8523=DIRECTION('',(0.,1.,0.));
#8524=DIRECTION('',(1.,0.,0.));
#8525=DIRECTION('',(0.,-1.,0.));
#8526=DIRECTION('',(-1.,0.,0.));
#8527=DIRECTION('',(0.,-1.,0.));
#8528=DIRECTION('',(1.,0.,0.));
#8529=DIRECTION('',(0.,-1.,0.));
#8530=DIRECTION('',(-1.,0.,0.));
#8531=DIRECTION('',(0.,-1.,0.));
#8532=DIRECTION('',(1.,0.,0.));
#8533=DIRECTION('',(0.,-1.,0.));
#8534=DIRECTION('',(-1.,0.,0.));
#8535=DIRECTION('',(0.,1.,0.));
#8536=DIRECTION('',(1.,0.,0.));
#8537=DIRECTION('',(0.,-1.,0.));
#8538=DIRECTION('',(1.,0.,0.));
#8539=DIRECTION('',(0.,-1.,0.));
#8540=DIRECTION('',(-1.,0.,0.));
#8541=DIRECTION('',(0.,1.,0.));
#8542=DIRECTION('',(1.,0.,0.));
#8543=DIRECTION('',(0.,-1.,0.));
#8544=DIRECTION('',(-1.,0.,0.));
#8545=DIRECTION('',(0.,-1.,0.));
#8546=DIRECTION('',(1.,0.,0.));
#8547=DIRECTION('',(0.,-1.,0.));
#8548=DIRECTION('',(-1.,0.,0.));
#8549=DIRECTION('',(0.,-1.,0.));
#8550=DIRECTION('',(1.,0.,0.));
#8551=DIRECTION('',(0.,-1.,0.));
#8552=DIRECTION('',(0.,0.,1.));
#8553=DIRECTION('',(1.,0.,0.));
#8554=DIRECTION('',(-1.,0.,0.));
#8555=DIRECTION('',(0.,0.,1.));
#8556=DIRECTION('',(1.,0.,0.));
#8557=DIRECTION('',(0.,0.,1.));
#8558=DIRECTION('',(1.,0.,0.));
#8559=DIRECTION('',(0.,0.,1.));
#8560=DIRECTION('',(1.,0.,0.));
#8561=DIRECTION('',(0.,0.,1.));
#8562=DIRECTION('',(1.,0.,0.));
#8563=DIRECTION('',(0.,0.,1.));
#8564=DIRECTION('',(1.,0.,0.));
#8565=DIRECTION('',(0.,0.,1.));
#8566=DIRECTION('',(1.,0.,0.));
#8567=DIRECTION('',(0.,0.,1.));
#8568=DIRECTION('',(1.,0.,0.));
#8569=DIRECTION('',(0.,0.,1.));
#8570=DIRECTION('',(1.,0.,0.));
#8571=DIRECTION('',(0.,0.,1.));
#8572=DIRECTION('',(1.,0.,0.));
#8573=DIRECTION('',(0.,0.,1.));
#8574=DIRECTION('',(1.,0.,0.));
#8575=DIRECTION('',(0.,0.,1.));
#8576=DIRECTION('',(1.,0.,0.));
#8577=DIRECTION('',(0.,0.,1.));
#8578=DIRECTION('',(1.,0.,0.));
#8579=DIRECTION('',(1.,0.,0.));
#8580=DIRECTION('',(0.,0.,1.));
#8581=DIRECTION('',(1.,0.,0.));
#8582=DIRECTION('',(0.,0.,1.));
#8583=DIRECTION('',(1.,0.,0.));
#8584=DIRECTION('',(0.,0.,1.));
#8585=DIRECTION('',(1.,0.,0.));
#8586=DIRECTION('',(0.,0.,1.));
#8587=DIRECTION('',(1.,0.,0.));
#8588=DIRECTION('',(0.,0.,1.));
#8589=DIRECTION('',(1.,0.,0.));
#8590=DIRECTION('',(0.,0.,1.));
#8591=DIRECTION('',(1.,0.,0.));
#8592=DIRECTION('',(0.,0.,1.));
#8593=DIRECTION('',(1.,0.,0.));
#8594=DIRECTION('',(0.,0.,1.));
#8595=DIRECTION('',(1.,0.,0.));
#8596=DIRECTION('',(0.,0.,1.));
#8597=DIRECTION('',(1.,0.,0.));
#8598=DIRECTION('',(0.,0.,1.));
#8599=DIRECTION('',(1.,0.,0.));
#8600=DIRECTION('',(0.,0.,1.));
#8601=DIRECTION('',(1.,0.,0.));
#8602=DIRECTION('',(-1.,0.,0.));
#8603=DIRECTION('',(0.,1.,0.));
#8604=DIRECTION('',(1.,0.,0.));
#8605=DIRECTION('',(0.,-1.,0.));
#8606=DIRECTION('',(-1.,0.,0.));
#8607=DIRECTION('',(0.,-1.,0.));
#8608=DIRECTION('',(-1.,0.,0.));
#8609=DIRECTION('',(0.,1.,0.));
#8610=DIRECTION('',(-1.,0.,0.));
#8611=DIRECTION('',(0.,-1.,0.));
#8612=DIRECTION('',(-1.,0.,0.));
#8613=DIRECTION('',(0.,1.,0.));
#8614=DIRECTION('',(1.,0.,0.));
#8615=DIRECTION('',(0.,0.,1.));
#8616=DIRECTION('',(1.,0.,0.));
#8617=DIRECTION('',(0.,0.,1.));
#8618=DIRECTION('',(1.,0.,0.));
#8619=DIRECTION('',(0.,0.,1.));
#8620=DIRECTION('',(1.,0.,0.));
#8621=DIRECTION('',(0.,0.,1.));
#8622=DIRECTION('',(1.,0.,0.));
#8623=DIRECTION('',(0.,0.,1.));
#8624=DIRECTION('',(1.,0.,0.));
#8625=DIRECTION('',(0.480291572962938,-0.877108890013541,0.));
#8626=DIRECTION('',(-1.,0.,0.));
#8627=DIRECTION('',(-0.47445125065998,0.880281779174817,0.));
#8628=DIRECTION('',(-0.999817372752883,-0.0191107598363637,0.));
#8629=DIRECTION('',(1.,0.,0.));
#8630=DIRECTION('',(0.,-1.,0.));
#8631=DIRECTION('',(-1.,0.,0.));
#8632=DIRECTION('',(-0.570062968431171,0.821601005369055,0.));
#8633=DIRECTION('',(-1.,0.,0.));
#8634=DIRECTION('',(0.,-1.,0.));
#8635=DIRECTION('',(-1.,0.,0.));
#8636=DIRECTION('',(0.,1.,0.));
#8637=DIRECTION('',(1.,0.,0.));
#8638=DIRECTION('',(0.5706309984591,-0.821206590084109,0.));
#8639=DIRECTION('',(1.,0.,0.));
#8640=DIRECTION('',(0.,1.,0.));
#8641=DIRECTION('',(-0.46203767932507,-0.886860295020531,0.));
#8642=DIRECTION('',(1.,0.,0.));
#8643=DIRECTION('',(0.,-1.,0.));
#8644=DIRECTION('',(-1.,0.,0.));
#8645=DIRECTION('',(0.,0.,-1.));
#8646=DIRECTION('',(1.,0.,0.));
#8647=DIRECTION('',(0.491007271452842,0.87115547371318,0.));
#8648=DIRECTION('',(0.,0.,-1.));
#8649=DIRECTION('',(1.,0.,0.));
#8650=DIRECTION('',(1.,0.,0.));
#8651=DIRECTION('',(0.756281807730955,-0.654245999067017,0.));
#8652=DIRECTION('',(0.,-1.,0.));
#8653=DIRECTION('',(-1.,0.,0.));
#8654=DIRECTION('',(-0.0155218942297129,0.999879528143027,0.));
#8655=DIRECTION('',(-0.662577636537149,0.748993241331887,0.));
#8656=DIRECTION('',(-1.,0.,0.));
#8657=DIRECTION('',(-0.999846134560081,0.0175415850271525,0.));
#8658=DIRECTION('',(0.,1.,0.));
#8659=DIRECTION('',(0.999931296984152,-0.0117218305563939,0.));
#8660=DIRECTION('',(0.415003450794468,-0.909819837016474,0.));
#8661=DIRECTION('',(0.999879528143027,0.0155218942297109,0.));
#8662=DIRECTION('',(0.419431186928035,0.907787133325946,0.));
#8663=DIRECTION('',(0.999992127467136,-0.00396799744855415,0.));
#8664=DIRECTION('',(-0.00396799744855496,-0.999992127467136,0.));
#8665=DIRECTION('',(-0.999992127467136,0.00396799744855519,0.));
#8666=DIRECTION('',(0.00396799744855734,0.999992127467136,0.));
#8667=DIRECTION('',(-0.419431186928036,-0.907787133325946,0.));
#8668=DIRECTION('',(-1.,0.,0.));
#8669=DIRECTION('',(-0.409349595001673,0.912377613201884,0.));
#8670=DIRECTION('',(0.,-1.,0.));
#8671=DIRECTION('',(-0.999846134560081,0.0175415850271525,0.));
#8672=DIRECTION('',(0.,1.,0.));
#8673=DIRECTION('',(0.999931296984152,-0.0117218305563939,0.));
#8674=DIRECTION('',(0.415003450794468,-0.909819837016474,0.));
#8675=DIRECTION('',(0.999879528143025,0.0155218942297959,0.));
#8676=DIRECTION('',(0.419431186927897,0.90778713332601,0.));
#8677=DIRECTION('',(0.999992127467136,-0.00396799744855415,0.));
#8678=DIRECTION('',(-0.00396799744855496,-0.999992127467136,0.));
#8679=DIRECTION('',(-0.999992127467136,0.00396799744855519,0.));
#8680=DIRECTION('',(0.00396799744855734,0.999992127467136,0.));
#8681=DIRECTION('',(-0.419431186927898,-0.90778713332601,0.));
#8682=DIRECTION('',(-1.,1.98762191645982E-13,0.));
#8683=DIRECTION('',(-0.409349595001673,0.912377613201884,0.));
#8684=DIRECTION('',(0.,-1.,0.));
#8685=DIRECTION('',(-0.46203767932507,-0.886860295020531,0.));
#8686=DIRECTION('',(1.,0.,0.));
#8687=DIRECTION('',(0.,-1.,0.));
#8688=DIRECTION('',(-1.,0.,0.));
#8689=DIRECTION('',(0.,0.,-1.));
#8690=DIRECTION('',(1.,0.,0.));
#8691=DIRECTION('',(0.491007271452842,0.87115547371318,0.));
#8692=DIRECTION('',(0.,0.,-1.));
#8693=DIRECTION('',(1.,0.,0.));
#8694=DIRECTION('',(1.,0.,0.));
#8695=DIRECTION('',(0.756281807730955,-0.654245999067017,0.));
#8696=DIRECTION('',(0.,-1.,0.));
#8697=DIRECTION('',(-1.,0.,0.));
#8698=DIRECTION('',(-0.0155218942297923,0.999879528143025,0.));
#8699=DIRECTION('',(-0.662577636537148,0.748993241331888,0.));
#8700=DIRECTION('',(-1.,0.,0.));
#8701=DIRECTION('',(1.,0.,0.));
#8702=DIRECTION('',(0.,-1.,0.));
#8703=DIRECTION('',(-1.,0.,0.));
#8704=DIRECTION('',(0.,1.,0.));
#8705=DIRECTION('',(0.,0.,1.));
#8706=DIRECTION('',(1.,0.,0.));
#8707=DIRECTION('',(-1.,0.,0.));
#8708=DIRECTION('',(0.,0.,1.));
#8709=DIRECTION('',(1.,0.,0.));
#8710=DIRECTION('',(0.,0.,1.));
#8711=DIRECTION('',(1.,0.,0.));
#8712=DIRECTION('',(0.,0.,1.));
#8713=DIRECTION('',(1.,0.,0.));
#8714=DIRECTION('',(0.,0.,1.));
#8715=DIRECTION('',(1.,0.,0.));
#8716=DIRECTION('',(0.,0.,1.));
#8717=DIRECTION('',(1.,0.,0.));
#8718=DIRECTION('',(0.,0.,1.));
#8719=DIRECTION('',(1.,0.,0.));
#8720=DIRECTION('',(0.,0.,1.));
#8721=DIRECTION('',(1.,0.,0.));
#8722=DIRECTION('',(0.,0.,1.));
#8723=DIRECTION('',(1.,0.,0.));
#8724=DIRECTION('',(0.,0.,1.));
#8725=DIRECTION('',(1.,0.,0.));
#8726=DIRECTION('',(0.,0.,1.));
#8727=DIRECTION('',(1.,0.,0.));
#8728=DIRECTION('',(0.,0.,1.));
#8729=DIRECTION('',(1.,0.,0.));
#8730=DIRECTION('',(0.,0.,1.));
#8731=DIRECTION('',(1.,0.,0.));
#8732=DIRECTION('',(1.,0.,0.));
#8733=DIRECTION('',(0.,0.,1.));
#8734=DIRECTION('',(1.,0.,0.));
#8735=DIRECTION('',(0.,0.,1.));
#8736=DIRECTION('',(1.,0.,0.));
#8737=DIRECTION('',(0.,0.,1.));
#8738=DIRECTION('',(1.,0.,0.));
#8739=DIRECTION('',(0.,0.,1.));
#8740=DIRECTION('',(1.,0.,0.));
#8741=DIRECTION('',(0.,0.,1.));
#8742=DIRECTION('',(1.,0.,0.));
#8743=DIRECTION('',(0.,0.,1.));
#8744=DIRECTION('',(1.,0.,0.));
#8745=DIRECTION('',(0.,0.,1.));
#8746=DIRECTION('',(1.,0.,0.));
#8747=DIRECTION('',(0.,0.,1.));
#8748=DIRECTION('',(1.,0.,0.));
#8749=DIRECTION('',(0.,0.,1.));
#8750=DIRECTION('',(1.,0.,0.));
#8751=DIRECTION('',(0.,0.,1.));
#8752=DIRECTION('',(1.,0.,0.));
#8753=DIRECTION('',(0.,0.,1.));
#8754=DIRECTION('',(1.,0.,0.));
#8755=DIRECTION('',(-1.,0.,0.));
#8756=DIRECTION('',(0.,0.,1.));
#8757=DIRECTION('',(1.,0.,0.));
#8758=DIRECTION('',(0.,0.,1.));
#8759=DIRECTION('',(1.,0.,0.));
#8760=DIRECTION('',(0.,0.,1.));
#8761=DIRECTION('',(1.,0.,0.));
#8762=DIRECTION('',(0.,0.,1.));
#8763=DIRECTION('',(1.,0.,0.));
#8764=DIRECTION('',(0.,0.,1.));
#8765=DIRECTION('',(1.,0.,0.));
#8766=DIRECTION('',(0.,0.,1.));
#8767=DIRECTION('',(1.,0.,0.));
#8768=DIRECTION('',(0.,0.,1.));
#8769=DIRECTION('',(1.,0.,0.));
#8770=DIRECTION('',(0.,0.,1.));
#8771=DIRECTION('',(1.,0.,0.));
#8772=DIRECTION('',(0.965279990691327,-0.261217418199766,0.));
#8773=DIRECTION('',(0.,0.,1.));
#8774=DIRECTION('',(1.,0.,0.));
#8775=DIRECTION('',(0.,0.,1.));
#8776=DIRECTION('',(1.,0.,0.));
#8777=DIRECTION('',(0.,0.,1.));
#8778=DIRECTION('',(1.,0.,0.));
#8779=DIRECTION('',(0.,0.,1.));
#8780=DIRECTION('',(1.,0.,0.));
#8781=DIRECTION('',(0.,0.,1.));
#8782=DIRECTION('',(1.,0.,0.));
#8783=DIRECTION('',(0.,0.,1.));
#8784=DIRECTION('',(1.,0.,0.));
#8785=DIRECTION('',(0.,0.,1.));
#8786=DIRECTION('',(1.,0.,0.));
#8787=DIRECTION('',(0.,0.,1.));
#8788=DIRECTION('',(1.,0.,0.));
#8789=DIRECTION('',(0.,0.,1.));
#8790=DIRECTION('',(1.,0.,0.));
#8791=DIRECTION('',(0.,0.,1.));
#8792=DIRECTION('',(1.,0.,0.));
#8793=DIRECTION('',(1.,0.,0.));
#8794=DIRECTION('',(0.,0.,1.));
#8795=DIRECTION('',(1.,0.,0.));
#8796=DIRECTION('',(0.,0.,1.));
#8797=DIRECTION('',(1.,0.,0.));
#8798=DIRECTION('',(0.,0.,1.));
#8799=DIRECTION('',(1.,0.,0.));
#8800=DIRECTION('',(0.,0.,1.));
#8801=DIRECTION('',(1.,0.,0.));
#8802=DIRECTION('',(0.,0.,1.));
#8803=DIRECTION('',(1.,0.,0.));
#8804=DIRECTION('',(0.,0.,1.));
#8805=DIRECTION('',(1.,0.,0.));
#8806=DIRECTION('',(0.,0.,1.));
#8807=DIRECTION('',(1.,0.,0.));
#8808=DIRECTION('',(0.,0.,1.));
#8809=DIRECTION('',(1.,0.,0.));
#8810=DIRECTION('',(0.,0.,1.));
#8811=DIRECTION('',(1.,0.,0.));
#8812=DIRECTION('',(-0.961269871068917,0.275608844152628,0.));
#8813=DIRECTION('',(0.,0.,1.));
#8814=DIRECTION('',(1.,0.,0.));
#8815=DIRECTION('',(0.,0.,1.));
#8816=DIRECTION('',(1.,0.,0.));
#8817=DIRECTION('',(0.,0.,1.));
#8818=DIRECTION('',(1.,0.,0.));
#8819=DIRECTION('',(0.,0.,1.));
#8820=DIRECTION('',(1.,0.,0.));
#8821=DIRECTION('',(0.,0.,1.));
#8822=DIRECTION('',(1.,0.,0.));
#8823=DIRECTION('',(0.,0.,1.));
#8824=DIRECTION('',(1.,0.,0.));
#8825=DIRECTION('',(0.,0.,1.));
#8826=DIRECTION('',(1.,0.,0.));
#8827=DIRECTION('',(-0.00580352970639263,0.99998315937967,0.));
#8828=DIRECTION('',(1.,0.,0.));
#8829=DIRECTION('',(0.,-1.,0.));
#8830=DIRECTION('',(1.,0.,0.));
#8831=DIRECTION('',(0.,-1.,0.));
#8832=DIRECTION('',(-1.,0.,0.));
#8833=DIRECTION('',(0.,0.,-1.));
#8834=DIRECTION('',(1.,0.,0.));
#8835=DIRECTION('',(1.,0.,0.));
#8836=DIRECTION('',(1.,0.,0.));
#8837=DIRECTION('',(-1.,0.,0.));
#8838=DIRECTION('',(0.,0.,1.));
#8839=DIRECTION('',(0.,-1.,0.));
#8840=DIRECTION('',(0.,0.,1.));
#8841=DIRECTION('',(0.,0.,1.));
#8842=DIRECTION('',(0.,0.,1.));
#8843=DIRECTION('',(1.,0.,0.));
#8844=DIRECTION('',(0.,-1.,0.));
#8845=DIRECTION('',(-0.707106781186548,-0.707106781186548,0.));
#8846=DIRECTION('',(1.,0.,0.));
#8847=DIRECTION('',(1.,0.,0.));
#8848=DIRECTION('',(0.,-1.,0.));
#8849=DIRECTION('',(1.,0.,0.));
#8850=DIRECTION('',(0.,-1.,0.));
#8851=DIRECTION('',(1.,0.,0.));
#8852=DIRECTION('',(-0.707106781186548,0.707106781186548,0.));
#8853=DIRECTION('',(0.,-1.,0.));
#8854=DIRECTION('',(0.,0.,1.));
#8855=DIRECTION('',(1.,0.,0.));
#8856=DIRECTION('',(1.,0.,0.));
#8857=DIRECTION('',(0.,0.,1.));
#8858=DIRECTION('',(1.,0.,0.));
#8859=DIRECTION('',(0.,-1.,0.));
#8860=DIRECTION('',(0.,0.,1.));
#8861=DIRECTION('',(1.,0.,0.));
#8862=DIRECTION('',(1.,0.,0.));
#8863=DIRECTION('',(0.,0.,1.));
#8864=DIRECTION('',(1.,0.,0.));
#8865=DIRECTION('',(0.,-1.,0.));
#8866=DIRECTION('',(0.,0.,-1.));
#8867=DIRECTION('',(0.,0.,1.));
#8868=DIRECTION('',(1.,0.,0.));
#8869=DIRECTION('',(0.,0.,1.));
#8870=DIRECTION('',(-1.,0.,0.));
#8871=DIRECTION('',(0.,0.,1.));
#8872=DIRECTION('',(0.,0.,1.));
#8873=DIRECTION('',(0.,-1.,0.));
#8874=DIRECTION('',(0.,0.,1.));
#8875=DIRECTION('',(0.,-1.,0.));
#8876=DIRECTION('',(0.,0.,-1.));
#8877=DIRECTION('',(0.,0.,1.));
#8878=DIRECTION('',(1.,0.,0.));
#8879=DIRECTION('',(0.,0.,1.));
#8880=DIRECTION('',(-1.,0.,0.));
#8881=DIRECTION('',(0.,0.,1.));
#8882=DIRECTION('',(0.,-1.,0.));
#8883=DIRECTION('',(0.,0.,-1.));
#8884=DIRECTION('',(0.,0.,1.));
#8885=DIRECTION('',(0.,-1.,0.));
#8886=DIRECTION('',(0.,0.,1.));
#8887=DIRECTION('',(0.,0.,1.));
#8888=DIRECTION('',(0.,-1.,0.));
#8889=DIRECTION('',(0.,0.,-1.));
#8890=DIRECTION('',(0.,0.,1.));
#8891=DIRECTION('',(-1.,0.,0.));
#8892=DIRECTION('',(0.,0.,1.));
#8893=DIRECTION('',(0.,0.,1.));
#8894=DIRECTION('',(0.,-1.,0.));
#8895=DIRECTION('',(0.,0.,-1.));
#8896=DIRECTION('',(0.,0.,1.));
#8897=DIRECTION('',(-1.,0.,0.));
#8898=DIRECTION('',(0.,0.,1.));
#8899=DIRECTION('',(0.,0.,1.));
#8900=DIRECTION('',(0.,0.,-1.));
#8901=DIRECTION('',(-1.,0.,0.));
#8902=DIRECTION('',(0.,0.,1.));
#8903=DIRECTION('',(1.,0.,0.));
#8904=DIRECTION('',(0.,0.,1.));
#8905=DIRECTION('',(1.,0.,0.));
#8906=DIRECTION('',(0.,0.,1.));
#8907=DIRECTION('',(1.,0.,0.));
#8908=DIRECTION('',(0.,0.,1.));
#8909=DIRECTION('',(1.,0.,0.));
#8910=DIRECTION('',(0.,0.,1.));
#8911=DIRECTION('',(1.,0.,0.));
#8912=DIRECTION('',(0.,0.,-1.));
#8913=DIRECTION('',(-1.,0.,0.));
#8914=DIRECTION('',(0.,0.,1.));
#8915=DIRECTION('',(1.,0.,0.));
#8916=DIRECTION('',(0.,-1.,0.));
#8917=DIRECTION('',(0.,0.,-1.));
#8918=DIRECTION('',(0.,0.,1.));
#8919=DIRECTION('',(0.,0.,1.));
#8920=DIRECTION('',(-1.,0.,0.));
#8921=DIRECTION('',(0.,0.,1.));
#8922=DIRECTION('',(0.,0.,1.));
#8923=DIRECTION('',(0.,-1.,0.));
#8924=DIRECTION('',(0.,0.,-1.));
#8925=DIRECTION('',(0.,0.,1.));
#8926=DIRECTION('',(-1.,0.,0.));
#8927=DIRECTION('',(0.,0.,1.));
#8928=DIRECTION('',(0.,-1.,0.));
#8929=DIRECTION('',(0.,0.,-1.));
#8930=DIRECTION('',(0.,0.,1.));
#8931=DIRECTION('',(1.,0.,0.));
#8932=DIRECTION('',(0.,0.,1.));
#8933=DIRECTION('',(1.,0.,0.));
#8934=DIRECTION('',(0.,0.,-1.));
#8935=DIRECTION('',(0.,0.,1.));
#8936=DIRECTION('',(0.,1.,0.));
#8937=DIRECTION('',(0.,0.,1.));
#8938=DIRECTION('',(1.,0.,0.));
#8939=DIRECTION('',(0.,0.,1.));
#8940=DIRECTION('',(0.,0.,-1.));
#8941=DIRECTION('',(1.,0.,0.));
#8942=DIRECTION('',(0.00272922500251264,-0.999996275658507,0.));
#8943=DIRECTION('',(0.999996275658508,0.00272922500251264,0.));
#8944=DIRECTION('',(0.,0.,1.));
#8945=DIRECTION('',(0.999996275658508,0.00272922500251264,0.));
#8946=DIRECTION('',(0.999996275658507,0.00272922500252209,0.));
#8947=DIRECTION('',(-0.00272922500252209,0.999996275658507,0.));
#8948=DIRECTION('',(0.,0.,1.));
#8949=DIRECTION('',(-0.00272922500252209,0.999996275658507,0.));
#8950=DIRECTION('',(-0.00272922500251301,0.999996275658507,0.));
#8951=DIRECTION('',(-0.999996275658507,-0.00272922500251301,0.));
#8952=DIRECTION('',(0.,0.,1.));
#8953=DIRECTION('',(-0.999996275658508,-0.00272922500251301,0.));
#8954=DIRECTION('',(0.,0.,1.));
#8955=DIRECTION('',(1.,0.,0.));
#8956=DIRECTION('',(0.,0.,1.));
#8957=DIRECTION('',(0.,0.,1.));
#8958=DIRECTION('',(1.,0.,0.));
#8959=DIRECTION('',(-1.,0.,0.));
#8960=DIRECTION('',(0.,0.,1.));
#8961=DIRECTION('',(0.,-1.,0.));
#8962=DIRECTION('',(0.,0.,1.));
#8963=DIRECTION('',(1.,0.,0.));
#8964=DIRECTION('',(0.,0.,1.));
#8965=DIRECTION('',(0.,0.,1.));
#8966=DIRECTION('',(0.,0.,1.));
#8967=DIRECTION('',(0.,0.,1.));
#8968=DIRECTION('',(0.752718542852134,-0.658342460461544,0.));
#8969=DIRECTION('',(0.,0.,1.));
#8970=DIRECTION('',(1.,0.,0.));
#8971=DIRECTION('',(0.,0.,1.));
#8972=DIRECTION('',(0.,0.,1.));
#8973=DIRECTION('',(1.,0.,0.));
#8974=DIRECTION('',(0.,0.,1.));
#8975=DIRECTION('',(0.271133475605326,-0.96254175930511,0.));
#8976=DIRECTION('',(0.,0.,1.));
#8977=DIRECTION('',(1.,0.,0.));
#8978=DIRECTION('',(0.,0.,1.));
#8979=DIRECTION('',(0.,0.,1.));
#8980=DIRECTION('',(1.,0.,0.));
#8981=DIRECTION('',(0.,0.,1.));
#8982=DIRECTION('',(-0.271345478506419,-0.962482016088676,0.));
#8983=DIRECTION('',(0.,0.,1.));
#8984=DIRECTION('',(1.,0.,0.));
#8985=DIRECTION('',(0.,0.,1.));
#8986=DIRECTION('',(0.,0.,1.));
#8987=DIRECTION('',(1.,0.,0.));
#8988=DIRECTION('',(0.,0.,1.));
#8989=DIRECTION('',(-0.752412603059408,-0.658692094044984,0.));
#8990=DIRECTION('',(0.,0.,1.));
#8991=DIRECTION('',(1.,0.,0.));
#8992=DIRECTION('',(0.,0.,1.));
#8993=DIRECTION('',(0.,0.,1.));
#8994=DIRECTION('',(1.,0.,0.));
#8995=DIRECTION('',(0.,0.,1.));
#8996=DIRECTION('',(0.,0.,1.));
#8997=DIRECTION('',(0.,0.,1.));
#8998=DIRECTION('',(-0.752412603059329,0.658692094045074,0.));
#8999=DIRECTION('',(0.,0.,1.));
#9000=DIRECTION('',(1.,0.,0.));
#9001=DIRECTION('',(0.,0.,1.));
#9002=DIRECTION('',(0.,0.,1.));
#9003=DIRECTION('',(1.,0.,0.));
#9004=DIRECTION('',(0.,0.,1.));
#9005=DIRECTION('',(-0.271345478506409,0.962482016088679,0.));
#9006=DIRECTION('',(0.,0.,1.));
#9007=DIRECTION('',(1.,0.,0.));
#9008=DIRECTION('',(0.,0.,1.));
#9009=DIRECTION('',(0.,0.,1.));
#9010=DIRECTION('',(1.,0.,0.));
#9011=DIRECTION('',(0.,0.,1.));
#9012=DIRECTION('',(0.271133475605325,0.96254175930511,0.));
#9013=DIRECTION('',(0.,0.,1.));
#9014=DIRECTION('',(1.,0.,0.));
#9015=DIRECTION('',(0.,0.,1.));
#9016=DIRECTION('',(0.,0.,1.));
#9017=DIRECTION('',(1.,0.,0.));
#9018=DIRECTION('',(0.,0.,1.));
#9019=DIRECTION('',(0.,0.,1.));
#9020=DIRECTION('',(0.,0.,1.));
#9021=DIRECTION('',(0.,0.,1.));
#9022=DIRECTION('',(0.74701916676722,0.66480250035812,0.));
#9023=DIRECTION('',(0.,0.,1.));
#9024=DIRECTION('',(0.,0.,1.));
#9025=DIRECTION('',(1.,0.,0.));
#9026=DIRECTION('',(0.,0.,1.));
#9027=DIRECTION('',(0.268989295368298,0.963143166397014,0.));
#9028=DIRECTION('',(0.,0.,1.));
#9029=DIRECTION('',(0.,0.,1.));
#9030=DIRECTION('',(1.,0.,0.));
#9031=DIRECTION('',(0.,0.,1.));
#9032=DIRECTION('',(-0.26914069578732,0.963100870039643,0.));
#9033=DIRECTION('',(0.,0.,1.));
#9034=DIRECTION('',(0.,0.,1.));
#9035=DIRECTION('',(1.,0.,0.));
#9036=DIRECTION('',(0.,0.,1.));
#9037=DIRECTION('',(-0.747019166767098,0.664802500358257,0.));
#9038=DIRECTION('',(0.,0.,1.));
#9039=DIRECTION('',(0.,0.,1.));
#9040=DIRECTION('',(1.,0.,0.));
#9041=DIRECTION('',(0.,0.,1.));
#9042=DIRECTION('',(0.,0.,1.));
#9043=DIRECTION('',(0.,0.,1.));
#9044=DIRECTION('',(-0.74719185271352,-0.664608407438951,0.));
#9045=DIRECTION('',(0.,0.,1.));
#9046=DIRECTION('',(0.,0.,1.));
#9047=DIRECTION('',(1.,0.,0.));
#9048=DIRECTION('',(0.,0.,1.));
#9049=DIRECTION('',(-0.269140695787338,-0.963100870039638,0.));
#9050=DIRECTION('',(0.,0.,1.));
#9051=DIRECTION('',(0.,0.,1.));
#9052=DIRECTION('',(1.,0.,0.));
#9053=DIRECTION('',(0.,0.,1.));
#9054=DIRECTION('',(0.268989295366662,-0.963143166397471,0.));
#9055=DIRECTION('',(0.,0.,1.));
#9056=DIRECTION('',(0.,0.,1.));
#9057=DIRECTION('',(1.,0.,0.));
#9058=DIRECTION('',(0.,0.,1.));
#9059=DIRECTION('',(0.747191852713647,-0.664608407438808,0.));
#9060=DIRECTION('',(0.,0.,1.));
#9061=DIRECTION('',(1.,0.,0.));
#9062=DIRECTION('',(0.,0.,1.));
#9063=DIRECTION('',(0.752718542852307,0.658342460461347,0.));
#9064=DIRECTION('',(0.,0.,1.));
#9065=DIRECTION('',(1.,0.,0.));
#9066=DIRECTION('',(0.,0.,1.));
#9067=DIRECTION('',(1.,0.,0.));
#9068=DIRECTION('',(0.,0.,1.));
#9069=DIRECTION('',(1.,0.,0.));
#9070=DIRECTION('',(-1.,0.,0.));
#9071=DIRECTION('',(0.,0.,1.));
#9072=DIRECTION('',(0.,0.,1.));
#9073=DIRECTION('',(0.,-1.,0.));
#9074=DIRECTION('',(0.,0.,1.));
#9075=DIRECTION('',(0.,1.,0.));
#9076=DIRECTION('',(0.,0.,1.));
#9077=DIRECTION('',(0.,0.,1.));
#9078=DIRECTION('',(-1.,0.,0.));
#9079=DIRECTION('',(0.999999306573577,-0.00117764696079759,0.));
#9080=DIRECTION('',(0.00117764696079759,0.999999306573578,0.));
#9081=DIRECTION('',(0.,0.,1.));
#9082=DIRECTION('',(0.00117764696079759,0.999999306573577,0.));
#9083=DIRECTION('',(-0.00117764696079284,-0.999999306573577,0.));
#9084=DIRECTION('',(0.999999306573578,-0.00117764696079284,0.));
#9085=DIRECTION('',(0.,0.,1.));
#9086=DIRECTION('',(0.999999306573577,-0.00117764696079284,0.));
#9087=DIRECTION('',(1.,0.,0.));
#9088=DIRECTION('',(0.,0.,-1.));
#9089=DIRECTION('',(0.,0.,1.));
#9090=DIRECTION('',(0.,1.,0.));
#9091=DIRECTION('',(0.,1.,0.));
#9092=DIRECTION('',(0.,0.,1.));
#9093=DIRECTION('',(0.,0.,1.));
#9094=DIRECTION('',(-1.,0.,0.));
#9095=DIRECTION('',(0.,0.,1.));
#9096=DIRECTION('',(1.,0.,0.));
#9097=DIRECTION('',(0.,0.,1.));
#9098=DIRECTION('',(0.,0.,1.));
#9099=DIRECTION('',(1.,0.,0.));
#9100=DIRECTION('',(0.999996220408692,-0.00274939417509089,0.));
#9101=DIRECTION('',(0.00274939417509089,0.999996220408692,0.));
#9102=DIRECTION('',(0.,0.,1.));
#9103=DIRECTION('',(0.00274939417509089,0.999996220408692,0.));
#9104=DIRECTION('',(0.,0.,1.));
#9105=DIRECTION('',(1.,0.,0.));
#9106=DIRECTION('',(0.,0.,1.));
#9107=DIRECTION('',(0.,0.,-1.));
#9108=DIRECTION('',(1.,0.,0.));
#9109=DIRECTION('',(-0.00602103753024861,0.999981873389243,0.));
#9110=DIRECTION('',(-0.999981873389243,-0.00602103753024861,0.));
#9111=DIRECTION('',(-0.999981873389243,-0.00602103753024861,0.));
#9112=DIRECTION('',(0.,0.,1.));
#9113=DIRECTION('',(1.,0.,0.));
#9114=DIRECTION('',(-0.00580352970639271,0.99998315937967,0.));
#9115=DIRECTION('',(-0.99998315937967,-0.00580352970639271,0.));
#9116=DIRECTION('',(0.,0.,1.));
#9117=DIRECTION('',(-0.99998315937967,-0.00580352970639271,0.));
#9118=DIRECTION('',(0.,0.,1.));
#9119=DIRECTION('',(-0.999981873389243,-0.00602103753024834,0.));
#9120=DIRECTION('',(0.00602103753024834,-0.999981873389243,0.));
#9121=DIRECTION('',(0.,0.,1.));
#9122=DIRECTION('',(0.00602103753024834,-0.999981873389243,0.));
#9123=DIRECTION('',(0.,-1.,0.));
#9124=DIRECTION('',(0.,0.,-1.));
#9125=DIRECTION('',(0.,0.,1.));
#9126=DIRECTION('',(1.,0.,0.));
#9127=DIRECTION('',(0.99998315937967,0.00580352970640844,0.));
#9128=DIRECTION('',(-0.00580352970640844,0.99998315937967,0.));
#9129=DIRECTION('',(-0.00580352970640844,0.99998315937967,0.));
#9130=DIRECTION('',(0.,0.,1.));
#9131=DIRECTION('',(1.,0.,0.));
#9132=DIRECTION('',(0.,-1.,0.));
#9133=DIRECTION('',(0.,0.,-1.));
#9134=DIRECTION('',(0.,0.,1.));
#9135=DIRECTION('',(1.,0.,0.));
#9136=DIRECTION('',(0.,0.,1.));
#9137=DIRECTION('',(0.99998315937967,0.00580352970639262,0.));
#9138=DIRECTION('',(-0.00580352970639262,0.99998315937967,0.));
#9139=DIRECTION('',(0.,0.,1.));
#9140=DIRECTION('',(-0.00580352970639262,0.99998315937967,0.));
#9141=DIRECTION('',(0.,0.,1.));
#9142=DIRECTION('',(1.,0.,0.));
#9143=DIRECTION('',(0.,0.,1.));
#9144=DIRECTION('',(0.,0.,-1.));
#9145=DIRECTION('',(1.,0.,0.));
#9146=DIRECTION('',(0.,1.,0.));
#9147=DIRECTION('',(0.,0.,1.));
#9148=DIRECTION('',(0.,0.,1.));
#9149=DIRECTION('',(-1.,0.,0.));
#9150=DIRECTION('',(-1.,0.,0.));
#9151=DIRECTION('',(0.,0.,1.));
#9152=DIRECTION('',(0.,0.,1.));
#9153=DIRECTION('',(0.,-1.,0.));
#9154=DIRECTION('',(0.,-1.,0.));
#9155=DIRECTION('',(0.,0.,-1.));
#9156=DIRECTION('',(0.,0.,1.));
#9157=DIRECTION('',(1.,0.,0.));
#9158=DIRECTION('',(-1.,0.,0.));
#9159=DIRECTION('',(0.,0.,1.));
#9160=DIRECTION('',(0.,-1.,0.));
#9161=DIRECTION('',(0.,0.,1.));
#9162=DIRECTION('',(1.,0.,0.));
#9163=DIRECTION('',(0.,-1.,0.));
#9164=DIRECTION('',(0.,0.,-1.));
#9165=DIRECTION('',(1.,0.,0.));
#9166=DIRECTION('',(0.,0.,1.));
#9167=DIRECTION('',(1.,0.,0.));
#9168=DIRECTION('',(0.,0.,1.));
#9169=DIRECTION('',(-1.,0.,0.));
#9170=DIRECTION('',(0.,0.,1.));
#9171=DIRECTION('',(0.,-1.,0.));
#9172=DIRECTION('',(0.,0.,1.));
#9173=DIRECTION('',(0.,-1.,0.));
#9174=DIRECTION('',(0.,1.,0.));
#9175=DIRECTION('',(0.,0.,1.));
#9176=DIRECTION('',(-1.,0.,0.));
#9177=DIRECTION('',(0.,0.,1.));
#9178=DIRECTION('',(-1.,0.,0.));
#9179=DIRECTION('',(0.,0.,1.));
#9180=DIRECTION('',(1.,0.,0.));
#9181=DIRECTION('',(0.,0.,1.));
#9182=DIRECTION('',(0.,0.,-1.));
#9183=DIRECTION('',(1.,0.,0.));
#9184=DIRECTION('',(0.,0.,1.));
#9185=DIRECTION('',(0.,-1.,0.));
#9186=DIRECTION('',(0.,0.,-1.));
#9187=DIRECTION('',(0.,0.,1.));
#9188=DIRECTION('',(1.,0.,0.));
#9189=DIRECTION('',(1.,0.,0.));
#9190=DIRECTION('',(0.,0.,-1.));
#9191=DIRECTION('',(0.,0.,1.));
#9192=DIRECTION('',(0.,1.,0.));
#9193=DIRECTION('',(0.,1.,0.));
#9194=DIRECTION('',(0.,0.,1.));
#9195=DIRECTION('',(0.,0.,1.));
#9196=DIRECTION('',(-1.,0.,0.));
#9197=DIRECTION('',(0.747626593238221,0.664119324431244,0.));
#9198=DIRECTION('',(-0.664119324431244,0.747626593238221,0.));
#9199=DIRECTION('',(0.,0.,1.));
#9200=DIRECTION('',(-0.664119324431244,0.747626593238221,0.));
#9201=DIRECTION('',(1.,0.,0.));
#9202=DIRECTION('',(0.,0.,-1.));
#9203=DIRECTION('',(0.,0.,1.));
#9204=DIRECTION('',(0.,1.,0.));
#9205=DIRECTION('',(0.796694844612861,-0.604381770545149,0.));
#9206=DIRECTION('',(0.604381770545149,0.796694844612861,0.));
#9207=DIRECTION('',(0.,0.,1.));
#9208=DIRECTION('',(0.604381770545149,0.796694844612861,0.));
#9209=DIRECTION('',(0.,-1.,0.));
#9210=DIRECTION('',(0.,0.,-1.));
#9211=DIRECTION('',(0.,0.,1.));
#9212=DIRECTION('',(1.,0.,0.));
#9213=DIRECTION('',(1.,0.,0.));
#9214=DIRECTION('',(0.,0.,-1.));
#9215=DIRECTION('',(0.,0.,1.));
#9216=DIRECTION('',(0.,1.,0.));
#9217=DIRECTION('',(1.26855800389687E-15,1.,0.));
#9218=DIRECTION('',(-1.,1.26855800389687E-15,0.));
#9219=DIRECTION('',(0.,0.,1.));
#9220=DIRECTION('',(-1.,1.26855800389687E-15,0.));
#9221=DIRECTION('',(-0.796694844612856,0.604381770545156,0.));
#9222=DIRECTION('',(-0.604381770545156,-0.796694844612856,0.));
#9223=DIRECTION('',(0.,0.,1.));
#9224=DIRECTION('',(-0.604381770545156,-0.796694844612856,0.));
#9225=DIRECTION('',(-1.,0.,0.));
#9226=DIRECTION('',(0.,0.,1.));
#9227=DIRECTION('',(0.,0.,1.));
#9228=DIRECTION('',(0.,-1.,0.));
#9229=DIRECTION('',(-0.791888114044618,-0.610666205741614,0.));
#9230=DIRECTION('',(0.610666205741614,-0.791888114044618,0.));
#9231=DIRECTION('',(0.,0.,1.));
#9232=DIRECTION('',(0.610666205741614,-0.791888114044618,0.));
#9233=DIRECTION('',(-1.,0.,0.));
#9234=DIRECTION('',(0.,0.,1.));
#9235=DIRECTION('',(0.,0.,1.));
#9236=DIRECTION('',(0.,-1.,0.));
#9237=DIRECTION('',(-0.796694844612855,0.604381770545157,0.));
#9238=DIRECTION('',(-0.604381770545157,-0.796694844612855,0.));
#9239=DIRECTION('',(0.,0.,1.));
#9240=DIRECTION('',(-0.604381770545157,-0.796694844612855,0.));
#9241=DIRECTION('',(-1.,0.,0.));
#9242=DIRECTION('',(0.,0.,1.));
#9243=DIRECTION('',(0.,-1.,0.));
#9244=DIRECTION('',(1.,0.,0.));
#9245=DIRECTION('',(0.,0.,-1.));
#9246=DIRECTION('',(0.,1.,0.));
#9247=DIRECTION('',(0.,1.,0.));
#9248=DIRECTION('',(0.,0.,1.));
#9249=DIRECTION('',(1.,0.,0.));
#9250=DIRECTION('',(-0.999998150930802,-0.00192305355549651,0.));
#9251=DIRECTION('',(0.00192305355549651,-0.999998150930802,0.));
#9252=DIRECTION('',(0.,0.,1.));
#9253=DIRECTION('',(0.00192305355549651,-0.999998150930802,0.));
#9254=DIRECTION('',(0.,0.,1.));
#9255=DIRECTION('',(0.,-1.,0.));
#9256=DIRECTION('',(0.,0.,-1.));
#9257=DIRECTION('',(0.,0.,1.));
#9258=DIRECTION('',(1.,0.,0.));
#9259=DIRECTION('',(1.,0.,0.));
#9260=DIRECTION('',(0.,0.,-1.));
#9261=DIRECTION('',(0.,0.,1.));
#9262=DIRECTION('',(0.,1.,0.));
#9263=DIRECTION('',(0.,1.,0.));
#9264=DIRECTION('',(0.,0.,1.));
#9265=DIRECTION('',(-1.,0.,0.));
#9266=DIRECTION('',(0.,0.,1.));
#9267=DIRECTION('',(1.,0.,0.));
#9268=DIRECTION('',(1.,0.,0.));
#9269=DIRECTION('',(0.,0.,-1.));
#9270=DIRECTION('',(0.,0.,1.));
#9271=DIRECTION('',(0.,1.,0.));
#9272=DIRECTION('',(0.,0.,1.));
#9273=DIRECTION('',(0.,1.,0.));
#9274=DIRECTION('',(0.,0.,1.));
#9275=DIRECTION('',(0.,0.,1.));
#9276=DIRECTION('',(-1.,0.,0.));
#9277=DIRECTION('',(-1.,0.,0.));
#9278=DIRECTION('',(0.,0.,1.));
#9279=DIRECTION('',(0.,0.,1.));
#9280=DIRECTION('',(0.,-1.,0.));
#9281=DIRECTION('',(0.,-1.,0.));
#9282=DIRECTION('',(0.,0.,-1.));
#9283=DIRECTION('',(0.,0.,1.));
#9284=DIRECTION('',(1.,0.,0.));
#9285=DIRECTION('',(-1.,0.,0.));
#9286=DIRECTION('',(0.,0.,1.));
#9287=DIRECTION('',(0.,0.,1.));
#9288=DIRECTION('',(0.,-1.,0.));
#9289=DIRECTION('',(0.,1.,0.));
#9290=DIRECTION('',(0.,0.,1.));
#9291=DIRECTION('',(0.,0.,1.));
#9292=DIRECTION('',(-1.,0.,0.));
#9293=DIRECTION('',(-1.,0.,0.));
#9294=DIRECTION('',(0.,0.,1.));
#9295=DIRECTION('',(0.,0.,1.));
#9296=DIRECTION('',(0.,-1.,0.));
#9297=DIRECTION('',(0.,-1.,0.));
#9298=DIRECTION('',(0.,0.,-1.));
#9299=DIRECTION('',(0.,0.,1.));
#9300=DIRECTION('',(1.,0.,0.));
#9301=DIRECTION('',(-1.,0.,0.));
#9302=DIRECTION('',(0.,0.,1.));
#9303=DIRECTION('',(0.,0.,1.));
#9304=DIRECTION('',(0.,-1.,0.));
#9305=DIRECTION('',(0.,1.,0.));
#9306=DIRECTION('',(0.,0.,1.));
#9307=DIRECTION('',(0.,0.,1.));
#9308=DIRECTION('',(-1.,0.,0.));
#9309=DIRECTION('',(-1.,0.,0.));
#9310=DIRECTION('',(0.,0.,1.));
#9311=DIRECTION('',(0.,0.,1.));
#9312=DIRECTION('',(0.,-1.,0.));
#9313=DIRECTION('',(0.,-1.,0.));
#9314=DIRECTION('',(0.,0.,-1.));
#9315=DIRECTION('',(1.,0.,0.));
#9316=DIRECTION('',(0.,0.,1.));
#9317=DIRECTION('',(1.,0.,0.));
#9318=DIRECTION('',(1.,0.,0.));
#9319=DIRECTION('',(0.,0.,-1.));
#9320=DIRECTION('',(0.,0.,1.));
#9321=DIRECTION('',(0.,1.,0.));
#9322=DIRECTION('',(0.,0.,1.));
#9323=DIRECTION('',(0.,1.,0.));
#9324=DIRECTION('',(0.,0.,1.));
#9325=DIRECTION('',(0.,0.,1.));
#9326=DIRECTION('',(-1.,0.,0.));
#9327=DIRECTION('',(-1.,0.,0.));
#9328=DIRECTION('',(0.,0.,1.));
#9329=DIRECTION('',(0.,0.,1.));
#9330=DIRECTION('',(0.,-1.,0.));
#9331=DIRECTION('',(0.,-1.,0.));
#9332=DIRECTION('',(0.,0.,-1.));
#9333=DIRECTION('',(0.,0.,1.));
#9334=DIRECTION('',(1.,0.,0.));
#9335=DIRECTION('',(-1.,0.,0.));
#9336=DIRECTION('',(0.,0.,1.));
#9337=DIRECTION('',(0.,0.,1.));
#9338=DIRECTION('',(0.,-1.,0.));
#9339=DIRECTION('',(0.,-1.,0.));
#9340=DIRECTION('',(0.,0.,-1.));
#9341=DIRECTION('',(1.,0.,0.));
#9342=DIRECTION('',(0.,0.,1.));
#9343=DIRECTION('',(1.,0.,0.));
#9344=DIRECTION('',(1.,0.,0.));
#9345=DIRECTION('',(0.,0.,-1.));
#9346=DIRECTION('',(0.,0.,1.));
#9347=DIRECTION('',(0.,1.,0.));
#9348=DIRECTION('',(0.,0.,1.));
#9349=DIRECTION('',(0.,1.,0.));
#9350=DIRECTION('',(0.,0.,1.));
#9351=DIRECTION('',(0.,0.,1.));
#9352=DIRECTION('',(-1.,0.,0.));
#9353=DIRECTION('',(-1.,0.,0.));
#9354=DIRECTION('',(0.,0.,1.));
#9355=DIRECTION('',(0.,0.,1.));
#9356=DIRECTION('',(0.,-1.,0.));
#9357=DIRECTION('',(0.,-1.,0.));
#9358=DIRECTION('',(0.,0.,-1.));
#9359=DIRECTION('',(0.,0.,1.));
#9360=DIRECTION('',(1.,0.,0.));
#9361=DIRECTION('',(-1.,0.,0.));
#9362=DIRECTION('',(0.,0.,1.));
#9363=DIRECTION('',(0.,0.,1.));
#9364=DIRECTION('',(0.,-1.,0.));
#9365=DIRECTION('',(0.,1.,0.));
#9366=DIRECTION('',(0.,0.,1.));
#9367=DIRECTION('',(0.,0.,1.));
#9368=DIRECTION('',(-1.,0.,0.));
#9369=DIRECTION('',(-1.,0.,0.));
#9370=DIRECTION('',(0.,0.,1.));
#9371=DIRECTION('',(0.,0.,1.));
#9372=DIRECTION('',(0.,-1.,0.));
#9373=DIRECTION('',(0.,-1.,0.));
#9374=DIRECTION('',(0.,0.,-1.));
#9375=DIRECTION('',(0.,0.,1.));
#9376=DIRECTION('',(1.,0.,0.));
#9377=DIRECTION('',(-1.,0.,0.));
#9378=DIRECTION('',(0.,0.,1.));
#9379=DIRECTION('',(0.,0.,1.));
#9380=DIRECTION('',(0.,-1.,0.));
#9381=DIRECTION('',(0.,1.,0.));
#9382=DIRECTION('',(0.,0.,1.));
#9383=DIRECTION('',(0.,0.,1.));
#9384=DIRECTION('',(-1.,0.,0.));
#9385=DIRECTION('',(-1.,0.,0.));
#9386=DIRECTION('',(0.,0.,1.));
#9387=DIRECTION('',(0.,0.,1.));
#9388=DIRECTION('',(0.,-1.,0.));
#9389=DIRECTION('',(0.,-1.,0.));
#9390=DIRECTION('',(0.,0.,-1.));
#9391=DIRECTION('',(1.,0.,0.));
#9392=DIRECTION('',(0.,0.,1.));
#9393=DIRECTION('',(1.,0.,0.));
#9394=DIRECTION('',(0.,1.,0.));
#9395=DIRECTION('',(0.,0.,1.));
#9396=DIRECTION('',(0.,0.,1.));
#9397=DIRECTION('',(-1.,0.,0.));
#9398=DIRECTION('',(0.,0.,1.));
#9399=DIRECTION('',(0.,0.,1.));
#9400=DIRECTION('',(0.938892896831541,0.344209425029699,0.));
#9401=DIRECTION('',(0.,0.,1.));
#9402=DIRECTION('',(0.,0.,1.));
#9403=DIRECTION('',(1.,0.,0.));
#9404=DIRECTION('',(0.,0.,1.));
#9405=DIRECTION('',(0.751878293543432,0.65930192757053,0.));
#9406=DIRECTION('',(0.,0.,1.));
#9407=DIRECTION('',(0.,0.,1.));
#9408=DIRECTION('',(1.,0.,0.));
#9409=DIRECTION('',(0.,0.,1.));
#9410=DIRECTION('',(0.47165536515151,0.881782975864127,0.));
#9411=DIRECTION('',(0.,0.,1.));
#9412=DIRECTION('',(0.,0.,1.));
#9413=DIRECTION('',(1.,0.,0.));
#9414=DIRECTION('',(0.,0.,1.));
#9415=DIRECTION('',(0.154146650584149,0.988047979661761,0.));
#9416=DIRECTION('',(0.,0.,1.));
#9417=DIRECTION('',(0.,0.,1.));
#9418=DIRECTION('',(1.,0.,0.));
#9419=DIRECTION('',(0.,0.,1.));
#9420=DIRECTION('',(-0.269140695787306,0.963100870039647,0.));
#9421=DIRECTION('',(0.,0.,1.));
#9422=DIRECTION('',(0.,0.,1.));
#9423=DIRECTION('',(1.,0.,0.));
#9424=DIRECTION('',(0.,0.,1.));
#9425=DIRECTION('',(-0.747019166767104,0.664802500358251,0.));
#9426=DIRECTION('',(0.,0.,1.));
#9427=DIRECTION('',(0.,0.,1.));
#9428=DIRECTION('',(1.,0.,0.));
#9429=DIRECTION('',(0.,0.,1.));
#9430=DIRECTION('',(0.,0.,1.));
#9431=DIRECTION('',(0.,0.,1.));
#9432=DIRECTION('',(-0.747191852713561,-0.664608407438903,0.));
#9433=DIRECTION('',(0.,0.,1.));
#9434=DIRECTION('',(0.,0.,1.));
#9435=DIRECTION('',(1.,0.,0.));
#9436=DIRECTION('',(0.,0.,1.));
#9437=DIRECTION('',(-0.269140695787424,-0.963100870039614,0.));
#9438=DIRECTION('',(0.,0.,1.));
#9439=DIRECTION('',(0.,0.,1.));
#9440=DIRECTION('',(1.,0.,0.));
#9441=DIRECTION('',(0.,0.,1.));
#9442=DIRECTION('',(0.154871760372774,-0.987934581760877,0.));
#9443=DIRECTION('',(0.,0.,1.));
#9444=DIRECTION('',(0.,0.,1.));
#9445=DIRECTION('',(1.,0.,0.));
#9446=DIRECTION('',(0.,0.,1.));
#9447=DIRECTION('',(0.471687846591341,-0.881765601153744,0.));
#9448=DIRECTION('',(0.,0.,1.));
#9449=DIRECTION('',(0.,0.,1.));
#9450=DIRECTION('',(1.,0.,0.));
#9451=DIRECTION('',(0.,0.,1.));
#9452=DIRECTION('',(0.752453938744217,-0.658644874016578,0.));
#9453=DIRECTION('',(0.,0.,1.));
#9454=DIRECTION('',(0.,0.,1.));
#9455=DIRECTION('',(1.,0.,0.));
#9456=DIRECTION('',(0.,0.,1.));
#9457=DIRECTION('',(0.938915722496497,-0.344147157548747,0.));
#9458=DIRECTION('',(0.,0.,1.));
#9459=DIRECTION('',(0.,0.,1.));
#9460=DIRECTION('',(1.,0.,0.));
#9461=DIRECTION('',(0.,-1.,0.));
#9462=DIRECTION('',(0.,0.,-1.));
#9463=DIRECTION('',(0.,0.,1.));
#9464=DIRECTION('',(1.,0.,0.));
#9465=DIRECTION('',(0.,0.,1.));
#9466=DIRECTION('',(0.925056067017858,-0.379830584436603,0.));
#9467=DIRECTION('',(0.,0.,1.));
#9468=DIRECTION('',(0.,0.,1.));
#9469=DIRECTION('',(1.,0.,0.));
#9470=DIRECTION('',(0.,0.,1.));
#9471=DIRECTION('',(0.719688714173716,-0.694296877921097,0.));
#9472=DIRECTION('',(0.,0.,1.));
#9473=DIRECTION('',(0.,0.,1.));
#9474=DIRECTION('',(1.,0.,0.));
#9475=DIRECTION('',(0.,0.,1.));
#9476=DIRECTION('',(0.437715229053843,-0.899113662589075,0.));
#9477=DIRECTION('',(0.,0.,1.));
#9478=DIRECTION('',(0.,0.,1.));
#9479=DIRECTION('',(1.,0.,0.));
#9480=DIRECTION('',(0.,0.,1.));
#9481=DIRECTION('',(0.142094690429752,-0.989853069375285,0.));
#9482=DIRECTION('',(0.,0.,1.));
#9483=DIRECTION('',(0.,0.,1.));
#9484=DIRECTION('',(1.,0.,0.));
#9485=DIRECTION('',(0.,0.,1.));
#9486=DIRECTION('',(-0.271345478506427,-0.962482016088674,0.));
#9487=DIRECTION('',(0.,0.,1.));
#9488=DIRECTION('',(0.,0.,1.));
#9489=DIRECTION('',(1.,0.,0.));
#9490=DIRECTION('',(0.,0.,1.));
#9491=DIRECTION('',(-0.752412603059522,-0.658692094044853,0.));
#9492=DIRECTION('',(0.,0.,1.));
#9493=DIRECTION('',(0.,0.,1.));
#9494=DIRECTION('',(1.,0.,0.));
#9495=DIRECTION('',(0.,0.,1.));
#9496=DIRECTION('',(0.,0.,1.));
#9497=DIRECTION('',(0.,0.,1.));
#9498=DIRECTION('',(-0.752412603059663,0.658692094044692,0.));
#9499=DIRECTION('',(0.,0.,1.));
#9500=DIRECTION('',(0.,0.,1.));
#9501=DIRECTION('',(1.,0.,0.));
#9502=DIRECTION('',(0.,0.,1.));
#9503=DIRECTION('',(-0.271345478506397,0.962482016088682,0.));
#9504=DIRECTION('',(0.,0.,1.));
#9505=DIRECTION('',(0.,0.,1.));
#9506=DIRECTION('',(1.,0.,0.));
#9507=DIRECTION('',(0.,0.,1.));
#9508=DIRECTION('',(0.142094690429825,0.989853069375275,0.));
#9509=DIRECTION('',(0.,0.,1.));
#9510=DIRECTION('',(0.,0.,1.));
#9511=DIRECTION('',(1.,0.,0.));
#9512=DIRECTION('',(0.,0.,1.));
#9513=DIRECTION('',(0.438617020072521,0.89867408425007,0.));
#9514=DIRECTION('',(0.,0.,1.));
#9515=DIRECTION('',(0.,0.,1.));
#9516=DIRECTION('',(1.,0.,0.));
#9517=DIRECTION('',(0.,0.,1.));
#9518=DIRECTION('',(0.718729987604931,0.695289295845561,0.));
#9519=DIRECTION('',(0.,0.,1.));
#9520=DIRECTION('',(0.,0.,1.));
#9521=DIRECTION('',(1.,0.,0.));
#9522=DIRECTION('',(0.,0.,1.));
#9523=DIRECTION('',(0.92502294217296,0.37991124812735,0.));
#9524=DIRECTION('',(0.,0.,1.));
#9525=DIRECTION('',(1.,0.,0.));
#9526=DIRECTION('',(0.,0.,1.));
#9527=DIRECTION('',(1.,0.,0.));
#9528=DIRECTION('',(1.,0.,0.));
#9529=DIRECTION('',(0.,0.,-1.));
#9530=DIRECTION('',(0.,0.,1.));
#9531=DIRECTION('',(0.,1.,0.));
#9532=DIRECTION('',(0.,0.,1.));
#9533=DIRECTION('',(0.,1.,0.));
#9534=DIRECTION('',(0.,0.,1.));
#9535=DIRECTION('',(0.,0.,1.));
#9536=DIRECTION('',(-1.,0.,0.));
#9537=DIRECTION('',(1.,0.,0.));
#9538=DIRECTION('',(0.,0.,-1.));
#9539=DIRECTION('',(0.,0.,1.));
#9540=DIRECTION('',(0.,1.,0.));
#9541=DIRECTION('',(0.,1.,0.));
#9542=DIRECTION('',(0.,0.,1.));
#9543=DIRECTION('',(0.,0.,1.));
#9544=DIRECTION('',(-1.,0.,0.));
#9545=DIRECTION('',(-1.,0.,0.));
#9546=DIRECTION('',(0.,0.,1.));
#9547=DIRECTION('',(0.,0.,1.));
#9548=DIRECTION('',(0.,-1.,0.));
#9549=DIRECTION('',(0.,1.,0.));
#9550=DIRECTION('',(0.,0.,1.));
#9551=DIRECTION('',(0.,0.,1.));
#9552=DIRECTION('',(-1.,0.,0.));
#9553=DIRECTION('',(-1.,0.,0.));
#9554=DIRECTION('',(0.,0.,1.));
#9555=DIRECTION('',(0.,0.,1.));
#9556=DIRECTION('',(0.,-1.,0.));
#9557=DIRECTION('',(0.,-1.,0.));
#9558=DIRECTION('',(0.,0.,-1.));
#9559=DIRECTION('',(1.,0.,0.));
#9560=DIRECTION('',(0.,0.,1.));
#9561=DIRECTION('',(1.,0.,0.));
#9562=DIRECTION('',(-1.,0.,0.));
#9563=DIRECTION('',(0.,0.,1.));
#9564=DIRECTION('',(0.,0.,1.));
#9565=DIRECTION('',(0.,-1.,0.));
#9566=DIRECTION('',(0.,0.,1.));
#9567=DIRECTION('',(0.,1.,0.));
#9568=DIRECTION('',(0.,0.,1.));
#9569=DIRECTION('',(0.,0.,1.));
#9570=DIRECTION('',(-1.,0.,0.));
#9571=DIRECTION('',(-0.0191107598363637,0.999817372752883,0.));
#9572=DIRECTION('',(-0.999817372752883,-0.0191107598363637,0.));
#9573=DIRECTION('',(0.,0.,1.));
#9574=DIRECTION('',(-0.999817372752883,-0.0191107598363637,0.));
#9575=DIRECTION('',(0.880281779174817,0.47445125065998,0.));
#9576=DIRECTION('',(-0.47445125065998,0.880281779174817,0.));
#9577=DIRECTION('',(0.,0.,1.));
#9578=DIRECTION('',(-0.47445125065998,0.880281779174817,0.));
#9579=DIRECTION('',(0.,1.,0.));
#9580=DIRECTION('',(0.,0.,1.));
#9581=DIRECTION('',(0.,0.,1.));
#9582=DIRECTION('',(-1.,0.,0.));
#9583=DIRECTION('',(-0.877108890013541,-0.480291572962938,0.));
#9584=DIRECTION('',(0.480291572962938,-0.877108890013541,0.));
#9585=DIRECTION('',(0.,0.,1.));
#9586=DIRECTION('',(0.480291572962938,-0.877108890013541,0.));
#9587=DIRECTION('',(0.,0.,1.));
#9588=DIRECTION('',(0.392583897150411,-0.919716197366446,0.));
#9589=DIRECTION('',(0.,0.,1.));
#9590=DIRECTION('',(0.,0.,1.));
#9591=DIRECTION('',(1.,0.,0.));
#9592=DIRECTION('',(0.,0.,1.));
#9593=DIRECTION('',(0.698598627260727,-0.715513772047351,0.));
#9594=DIRECTION('',(0.,0.,1.));
#9595=DIRECTION('',(0.,0.,1.));
#9596=DIRECTION('',(1.,0.,0.));
#9597=DIRECTION('',(0.,0.,1.));
#9598=DIRECTION('',(0.97316805531578,-0.230095493465001,0.));
#9599=DIRECTION('',(0.,0.,1.));
#9600=DIRECTION('',(0.,0.,1.));
#9601=DIRECTION('',(1.,0.,0.));
#9602=DIRECTION('',(0.,0.,1.));
#9603=DIRECTION('',(0.973642491648381,0.228079587987904,0.));
#9604=DIRECTION('',(0.,0.,1.));
#9605=DIRECTION('',(0.,0.,1.));
#9606=DIRECTION('',(1.,0.,0.));
#9607=DIRECTION('',(0.,0.,1.));
#9608=DIRECTION('',(0.703530102299047,0.710665459382326,0.));
#9609=DIRECTION('',(0.,0.,1.));
#9610=DIRECTION('',(0.,0.,1.));
#9611=DIRECTION('',(1.,0.,0.));
#9612=DIRECTION('',(0.,0.,1.));
#9613=DIRECTION('',(0.,-1.,0.));
#9614=DIRECTION('',(0.,0.,-1.));
#9615=DIRECTION('',(0.,0.,1.));
#9616=DIRECTION('',(1.,0.,0.));
#9617=DIRECTION('',(1.,0.,0.));
#9618=DIRECTION('',(0.,0.,-1.));
#9619=DIRECTION('',(0.,0.,1.));
#9620=DIRECTION('',(0.,1.,0.));
#9621=DIRECTION('',(0.,-1.,0.));
#9622=DIRECTION('',(0.,0.,-1.));
#9623=DIRECTION('',(1.,0.,0.));
#9624=DIRECTION('',(0.,0.,1.));
#9625=DIRECTION('',(1.,0.,0.));
#9626=DIRECTION('',(0.,0.,1.));
#9627=DIRECTION('',(-1.,0.,0.));
#9628=DIRECTION('',(0.,0.,1.));
#9629=DIRECTION('',(0.,-1.,0.));
#9630=DIRECTION('',(0.,0.,1.));
#9631=DIRECTION('',(0.,-1.,0.));
#9632=DIRECTION('',(0.,1.,0.));
#9633=DIRECTION('',(0.,0.,1.));
#9634=DIRECTION('',(-1.,0.,0.));
#9635=DIRECTION('',(0.,0.,1.));
#9636=DIRECTION('',(-1.,0.,0.));
#9637=DIRECTION('',(0.,0.,1.));
#9638=DIRECTION('',(0.,0.,1.));
#9639=DIRECTION('',(0.699816288793419,0.714322869534083,0.));
#9640=DIRECTION('',(0.,0.,1.));
#9641=DIRECTION('',(1.,0.,0.));
#9642=DIRECTION('',(0.,0.,1.));
#9643=DIRECTION('',(0.,0.,1.));
#9644=DIRECTION('',(1.,0.,0.));
#9645=DIRECTION('',(0.,0.,1.));
#9646=DIRECTION('',(0.976378011350429,0.216069384576763,0.));
#9647=DIRECTION('',(0.,0.,1.));
#9648=DIRECTION('',(1.,0.,0.));
#9649=DIRECTION('',(0.,0.,1.));
#9650=DIRECTION('',(0.,0.,1.));
#9651=DIRECTION('',(1.,0.,0.));
#9652=DIRECTION('',(0.,0.,1.));
#9653=DIRECTION('',(0.975745821219843,-0.218906583665303,0.));
#9654=DIRECTION('',(0.,0.,1.));
#9655=DIRECTION('',(1.,0.,0.));
#9656=DIRECTION('',(0.,0.,1.));
#9657=DIRECTION('',(0.,0.,1.));
#9658=DIRECTION('',(1.,0.,0.));
#9659=DIRECTION('',(0.,0.,1.));
#9660=DIRECTION('',(0.687933952430951,-0.725773295935259,0.));
#9661=DIRECTION('',(0.,0.,1.));
#9662=DIRECTION('',(1.,0.,0.));
#9663=DIRECTION('',(0.,0.,1.));
#9664=DIRECTION('',(0.,0.,1.));
#9665=DIRECTION('',(1.,0.,0.));
#9666=DIRECTION('',(0.,1.,0.));
#9667=DIRECTION('',(0.,0.,1.));
#9668=DIRECTION('',(-1.,0.,0.));
#9669=DIRECTION('',(0.,0.,1.));
#9670=DIRECTION('',(1.,0.,0.));
#9671=DIRECTION('',(0.,0.,1.));
#9672=DIRECTION('',(1.,0.,0.));
#9673=DIRECTION('',(-1.,0.,0.));
#9674=DIRECTION('',(0.,0.,1.));
#9675=DIRECTION('',(0.,0.,1.));
#9676=DIRECTION('',(0.,-1.,0.));
#9677=DIRECTION('',(0.,0.,1.));
#9678=DIRECTION('',(0.,-1.,0.));
#9679=DIRECTION('',(0.,0.,-1.));
#9680=DIRECTION('',(0.,0.,1.));
#9681=DIRECTION('',(1.,0.,0.));
#9682=DIRECTION('',(1.,0.,0.));
#9683=DIRECTION('',(0.,0.,-1.));
#9684=DIRECTION('',(0.,0.,1.));
#9685=DIRECTION('',(0.,1.,0.));
#9686=DIRECTION('',(0.,-1.,0.));
#9687=DIRECTION('',(0.,0.,-1.));
#9688=DIRECTION('',(0.,0.,1.));
#9689=DIRECTION('',(1.,0.,0.));
#9690=DIRECTION('',(-0.821206590084109,-0.5706309984591,0.));
#9691=DIRECTION('',(0.5706309984591,-0.821206590084109,0.));
#9692=DIRECTION('',(0.,0.,1.));
#9693=DIRECTION('',(0.5706309984591,-0.821206590084109,0.));
#9694=DIRECTION('',(0.,-1.,0.));
#9695=DIRECTION('',(0.,0.,-1.));
#9696=DIRECTION('',(0.,0.,1.));
#9697=DIRECTION('',(1.,0.,0.));
#9698=DIRECTION('',(1.,0.,0.));
#9699=DIRECTION('',(0.,0.,-1.));
#9700=DIRECTION('',(0.,0.,1.));
#9701=DIRECTION('',(0.,1.,0.));
#9702=DIRECTION('',(0.,1.,0.));
#9703=DIRECTION('',(0.,0.,1.));
#9704=DIRECTION('',(0.,0.,1.));
#9705=DIRECTION('',(-1.,0.,0.));
#9706=DIRECTION('',(-1.,0.,0.));
#9707=DIRECTION('',(0.,0.,1.));
#9708=DIRECTION('',(0.,0.,1.));
#9709=DIRECTION('',(0.,-1.,0.));
#9710=DIRECTION('',(0.,1.,0.));
#9711=DIRECTION('',(0.,0.,1.));
#9712=DIRECTION('',(0.,0.,1.));
#9713=DIRECTION('',(-1.,0.,0.));
#9714=DIRECTION('',(0.821601005369055,0.570062968431171,0.));
#9715=DIRECTION('',(-0.570062968431171,0.821601005369055,0.));
#9716=DIRECTION('',(0.,0.,1.));
#9717=DIRECTION('',(-0.570062968431171,0.821601005369055,0.));
#9718=DIRECTION('',(0.,1.,0.));
#9719=DIRECTION('',(0.,0.,1.));
#9720=DIRECTION('',(-1.,0.,0.));
#9721=DIRECTION('',(0.,0.,1.));
#9722=DIRECTION('',(1.,0.,0.));
#9723=DIRECTION('',(0.,-1.,0.));
#9724=DIRECTION('',(0.,0.,-1.));
#9725=DIRECTION('',(0.,0.,1.));
#9726=DIRECTION('',(1.,0.,0.));
#9727=DIRECTION('',(0.,0.,1.));
#9728=DIRECTION('',(-0.886860295020531,0.46203767932507,0.));
#9729=DIRECTION('',(-0.46203767932507,-0.886860295020531,0.));
#9730=DIRECTION('',(0.,0.,1.));
#9731=DIRECTION('',(-0.46203767932507,-0.886860295020531,0.));
#9732=DIRECTION('',(0.,1.,0.));
#9733=DIRECTION('',(0.,0.,1.));
#9734=DIRECTION('',(0.,0.,1.));
#9735=DIRECTION('',(-1.,0.,0.));
#9736=DIRECTION('',(0.748993241331887,0.662577636537149,0.));
#9737=DIRECTION('',(-0.662577636537149,0.748993241331887,0.));
#9738=DIRECTION('',(0.,0.,1.));
#9739=DIRECTION('',(-0.662577636537149,0.748993241331887,0.));
#9740=DIRECTION('',(0.999879528143027,0.0155218942297129,0.));
#9741=DIRECTION('',(-0.0155218942297129,0.999879528143027,0.));
#9742=DIRECTION('',(0.,0.,1.));
#9743=DIRECTION('',(-0.0155218942297129,0.999879528143027,0.));
#9744=DIRECTION('',(0.,1.,0.));
#9745=DIRECTION('',(0.,0.,1.));
#9746=DIRECTION('',(0.,0.,1.));
#9747=DIRECTION('',(-1.,0.,0.));
#9748=DIRECTION('',(-1.,0.,0.));
#9749=DIRECTION('',(0.,0.,1.));
#9750=DIRECTION('',(0.,0.,1.));
#9751=DIRECTION('',(0.,-1.,0.));
#9752=DIRECTION('',(-0.654245999067017,-0.756281807730955,0.));
#9753=DIRECTION('',(0.756281807730955,-0.654245999067017,0.));
#9754=DIRECTION('',(0.,0.,1.));
#9755=DIRECTION('',(0.756281807730955,-0.654245999067017,0.));
#9756=DIRECTION('',(0.,-1.,0.));
#9757=DIRECTION('',(0.,0.,-1.));
#9758=DIRECTION('',(0.,0.,1.));
#9759=DIRECTION('',(1.,0.,0.));
#9760=DIRECTION('',(0.,0.,1.));
#9761=DIRECTION('',(1.,0.,0.));
#9762=DIRECTION('',(0.,0.,1.));
#9763=DIRECTION('',(0.,0.,-1.));
#9764=DIRECTION('',(1.,0.,0.));
#9765=DIRECTION('',(0.87115547371318,-0.491007271452842,0.));
#9766=DIRECTION('',(0.491007271452842,0.87115547371318,0.));
#9767=DIRECTION('',(0.,0.,1.));
#9768=DIRECTION('',(0.491007271452842,0.87115547371318,0.));
#9769=DIRECTION('',(0.,0.,1.));
#9770=DIRECTION('',(1.,0.,0.));
#9771=DIRECTION('',(0.,0.,1.));
#9772=DIRECTION('',(0.,0.,-1.));
#9773=DIRECTION('',(1.,0.,0.));
#9774=DIRECTION('',(0.,1.,0.));
#9775=DIRECTION('',(0.,0.,1.));
#9776=DIRECTION('',(0.,0.,1.));
#9777=DIRECTION('',(-1.,0.,0.));
#9778=DIRECTION('',(-1.,0.,0.));
#9779=DIRECTION('',(0.,0.,1.));
#9780=DIRECTION('',(0.,-1.,0.));
#9781=DIRECTION('',(0.,0.,1.));
#9782=DIRECTION('',(1.,0.,0.));
#9783=DIRECTION('',(1.,0.,0.));
#9784=DIRECTION('',(0.,0.,-1.));
#9785=DIRECTION('',(0.,0.,1.));
#9786=DIRECTION('',(0.,1.,0.));
#9787=DIRECTION('',(0.,0.,1.));
#9788=DIRECTION('',(0.0175415850271525,0.999846134560081,0.));
#9789=DIRECTION('',(-0.999846134560081,0.0175415850271525,0.));
#9790=DIRECTION('',(0.,0.,1.));
#9791=DIRECTION('',(-0.999846134560081,0.0175415850271525,0.));
#9792=DIRECTION('',(-1.,0.,0.));
#9793=DIRECTION('',(0.,0.,1.));
#9794=DIRECTION('',(0.,0.,1.));
#9795=DIRECTION('',(0.,-1.,0.));
#9796=DIRECTION('',(0.912377613201884,0.409349595001673,0.));
#9797=DIRECTION('',(-0.409349595001673,0.912377613201884,0.));
#9798=DIRECTION('',(0.,0.,1.));
#9799=DIRECTION('',(-0.409349595001673,0.912377613201884,0.));
#9800=DIRECTION('',(0.,1.,0.));
#9801=DIRECTION('',(0.,0.,1.));
#9802=DIRECTION('',(0.,0.,1.));
#9803=DIRECTION('',(-1.,0.,0.));
#9804=DIRECTION('',(-0.907787133325946,0.419431186928036,0.));
#9805=DIRECTION('',(-0.419431186928036,-0.907787133325946,0.));
#9806=DIRECTION('',(0.,0.,1.));
#9807=DIRECTION('',(-0.419431186928036,-0.907787133325946,0.));
#9808=DIRECTION('',(0.999992127467136,-0.00396799744855734,0.));
#9809=DIRECTION('',(0.00396799744855734,0.999992127467136,0.));
#9810=DIRECTION('',(0.,0.,1.));
#9811=DIRECTION('',(0.00396799744855734,0.999992127467136,0.));
#9812=DIRECTION('',(0.00396799744855519,0.999992127467136,0.));
#9813=DIRECTION('',(-0.999992127467136,0.00396799744855519,0.));
#9814=DIRECTION('',(0.,0.,1.));
#9815=DIRECTION('',(-0.999992127467136,0.00396799744855519,0.));
#9816=DIRECTION('',(-0.999992127467136,0.00396799744855496,0.));
#9817=DIRECTION('',(-0.00396799744855496,-0.999992127467136,0.));
#9818=DIRECTION('',(0.,0.,1.));
#9819=DIRECTION('',(-0.00396799744855496,-0.999992127467136,0.));
#9820=DIRECTION('',(-0.00396799744855415,-0.999992127467136,0.));
#9821=DIRECTION('',(0.999992127467136,-0.00396799744855415,0.));
#9822=DIRECTION('',(0.,0.,1.));
#9823=DIRECTION('',(0.999992127467136,-0.00396799744855415,0.));
#9824=DIRECTION('',(0.907787133325946,-0.419431186928035,0.));
#9825=DIRECTION('',(0.419431186928035,0.907787133325946,0.));
#9826=DIRECTION('',(0.,0.,1.));
#9827=DIRECTION('',(0.419431186928035,0.907787133325946,0.));
#9828=DIRECTION('',(0.0155218942297109,-0.999879528143027,0.));
#9829=DIRECTION('',(0.999879528143027,0.0155218942297109,0.));
#9830=DIRECTION('',(0.,0.,1.));
#9831=DIRECTION('',(0.999879528143027,0.0155218942297109,0.));
#9832=DIRECTION('',(-0.909819837016474,-0.415003450794468,0.));
#9833=DIRECTION('',(0.415003450794468,-0.909819837016474,0.));
#9834=DIRECTION('',(0.,0.,1.));
#9835=DIRECTION('',(0.415003450794468,-0.909819837016474,0.));
#9836=DIRECTION('',(-0.0117218305563939,-0.999931296984151,0.));
#9837=DIRECTION('',(0.999931296984151,-0.0117218305563939,0.));
#9838=DIRECTION('',(0.999931296984152,-0.0117218305563939,0.));
#9839=DIRECTION('',(0.,0.,1.));
#9840=DIRECTION('',(1.,0.,0.));
#9841=DIRECTION('',(1.,0.,0.));
#9842=DIRECTION('',(0.,0.,-1.));
#9843=DIRECTION('',(0.,0.,1.));
#9844=DIRECTION('',(0.,1.,0.));
#9845=DIRECTION('',(0.,0.,1.));
#9846=DIRECTION('',(0.0175415850271525,0.999846134560081,0.));
#9847=DIRECTION('',(-0.999846134560081,0.0175415850271525,0.));
#9848=DIRECTION('',(0.,0.,1.));
#9849=DIRECTION('',(-0.999846134560081,0.0175415850271525,0.));
#9850=DIRECTION('',(-1.,0.,0.));
#9851=DIRECTION('',(0.,0.,1.));
#9852=DIRECTION('',(0.,0.,1.));
#9853=DIRECTION('',(0.,-1.,0.));
#9854=DIRECTION('',(0.912377613201884,0.409349595001673,0.));
#9855=DIRECTION('',(-0.409349595001673,0.912377613201884,0.));
#9856=DIRECTION('',(0.,0.,1.));
#9857=DIRECTION('',(-0.409349595001673,0.912377613201884,0.));
#9858=DIRECTION('',(1.98762191645982E-13,1.,0.));
#9859=DIRECTION('',(-1.,1.98762191645982E-13,0.));
#9860=DIRECTION('',(0.,0.,1.));
#9861=DIRECTION('',(-1.,1.98762191645982E-13,0.));
#9862=DIRECTION('',(-0.90778713332601,0.419431186927898,0.));
#9863=DIRECTION('',(-0.419431186927898,-0.90778713332601,0.));
#9864=DIRECTION('',(0.,0.,1.));
#9865=DIRECTION('',(-0.419431186927898,-0.90778713332601,0.));
#9866=DIRECTION('',(0.999992127467136,-0.00396799744855734,0.));
#9867=DIRECTION('',(0.00396799744855734,0.999992127467136,0.));
#9868=DIRECTION('',(0.,0.,1.));
#9869=DIRECTION('',(0.00396799744855734,0.999992127467136,0.));
#9870=DIRECTION('',(0.00396799744855519,0.999992127467136,0.));
#9871=DIRECTION('',(-0.999992127467136,0.00396799744855519,0.));
#9872=DIRECTION('',(0.,0.,1.));
#9873=DIRECTION('',(-0.999992127467136,0.00396799744855519,0.));
#9874=DIRECTION('',(-0.999992127467136,0.00396799744855496,0.));
#9875=DIRECTION('',(-0.00396799744855496,-0.999992127467136,0.));
#9876=DIRECTION('',(0.,0.,1.));
#9877=DIRECTION('',(-0.00396799744855496,-0.999992127467136,0.));
#9878=DIRECTION('',(-0.00396799744855415,-0.999992127467136,0.));
#9879=DIRECTION('',(0.999992127467136,-0.00396799744855415,0.));
#9880=DIRECTION('',(0.,0.,1.));
#9881=DIRECTION('',(0.999992127467136,-0.00396799744855415,0.));
#9882=DIRECTION('',(0.90778713332601,-0.419431186927897,0.));
#9883=DIRECTION('',(0.419431186927897,0.90778713332601,0.));
#9884=DIRECTION('',(0.,0.,1.));
#9885=DIRECTION('',(0.419431186927897,0.90778713332601,0.));
#9886=DIRECTION('',(0.0155218942297959,-0.999879528143025,0.));
#9887=DIRECTION('',(0.999879528143025,0.0155218942297959,0.));
#9888=DIRECTION('',(0.,0.,1.));
#9889=DIRECTION('',(0.999879528143025,0.0155218942297959,0.));
#9890=DIRECTION('',(-0.909819837016474,-0.415003450794468,0.));
#9891=DIRECTION('',(0.415003450794468,-0.909819837016474,0.));
#9892=DIRECTION('',(0.,0.,1.));
#9893=DIRECTION('',(0.415003450794468,-0.909819837016474,0.));
#9894=DIRECTION('',(-0.0117218305563939,-0.999931296984151,0.));
#9895=DIRECTION('',(0.999931296984151,-0.0117218305563939,0.));
#9896=DIRECTION('',(0.999931296984152,-0.0117218305563939,0.));
#9897=DIRECTION('',(0.,0.,1.));
#9898=DIRECTION('',(1.,0.,0.));
#9899=DIRECTION('',(0.,-1.,0.));
#9900=DIRECTION('',(0.,0.,-1.));
#9901=DIRECTION('',(0.,0.,1.));
#9902=DIRECTION('',(1.,0.,0.));
#9903=DIRECTION('',(0.,0.,1.));
#9904=DIRECTION('',(-0.886860295020531,0.46203767932507,0.));
#9905=DIRECTION('',(-0.46203767932507,-0.886860295020531,0.));
#9906=DIRECTION('',(0.,0.,1.));
#9907=DIRECTION('',(-0.46203767932507,-0.886860295020531,0.));
#9908=DIRECTION('',(0.,1.,0.));
#9909=DIRECTION('',(0.,0.,1.));
#9910=DIRECTION('',(0.,0.,1.));
#9911=DIRECTION('',(-1.,0.,0.));
#9912=DIRECTION('',(0.748993241331888,0.662577636537148,0.));
#9913=DIRECTION('',(-0.662577636537148,0.748993241331888,0.));
#9914=DIRECTION('',(0.,0.,1.));
#9915=DIRECTION('',(-0.662577636537148,0.748993241331888,0.));
#9916=DIRECTION('',(0.999879528143026,0.0155218942297923,0.));
#9917=DIRECTION('',(-0.0155218942297923,0.999879528143025,0.));
#9918=DIRECTION('',(0.,0.,1.));
#9919=DIRECTION('',(-0.0155218942297923,0.999879528143025,0.));
#9920=DIRECTION('',(0.,1.,0.));
#9921=DIRECTION('',(0.,0.,1.));
#9922=DIRECTION('',(0.,0.,1.));
#9923=DIRECTION('',(-1.,0.,0.));
#9924=DIRECTION('',(-1.,0.,0.));
#9925=DIRECTION('',(0.,0.,1.));
#9926=DIRECTION('',(0.,0.,1.));
#9927=DIRECTION('',(0.,-1.,0.));
#9928=DIRECTION('',(-0.654245999067017,-0.756281807730955,0.));
#9929=DIRECTION('',(0.756281807730955,-0.654245999067017,0.));
#9930=DIRECTION('',(0.,0.,1.));
#9931=DIRECTION('',(0.756281807730955,-0.654245999067017,0.));
#9932=DIRECTION('',(0.,-1.,0.));
#9933=DIRECTION('',(0.,0.,-1.));
#9934=DIRECTION('',(0.,0.,1.));
#9935=DIRECTION('',(1.,0.,0.));
#9936=DIRECTION('',(0.,0.,1.));
#9937=DIRECTION('',(1.,0.,0.));
#9938=DIRECTION('',(0.,0.,1.));
#9939=DIRECTION('',(0.,0.,-1.));
#9940=DIRECTION('',(1.,0.,0.));
#9941=DIRECTION('',(0.87115547371318,-0.491007271452842,0.));
#9942=DIRECTION('',(0.491007271452842,0.87115547371318,0.));
#9943=DIRECTION('',(0.,0.,1.));
#9944=DIRECTION('',(0.491007271452842,0.87115547371318,0.));
#9945=DIRECTION('',(0.,0.,1.));
#9946=DIRECTION('',(1.,0.,0.));
#9947=DIRECTION('',(0.,0.,1.));
#9948=DIRECTION('',(0.,0.,-1.));
#9949=DIRECTION('',(1.,0.,0.));
#9950=DIRECTION('',(0.,1.,0.));
#9951=DIRECTION('',(0.,0.,1.));
#9952=DIRECTION('',(0.,0.,1.));
#9953=DIRECTION('',(-1.,0.,0.));
#9954=DIRECTION('',(-1.,0.,0.));
#9955=DIRECTION('',(0.,0.,1.));
#9956=DIRECTION('',(0.,-1.,0.));
#9957=DIRECTION('',(0.,0.,1.));
#9958=DIRECTION('',(1.,0.,0.));
#9959=DIRECTION('',(-1.,0.,0.));
#9960=DIRECTION('',(0.,0.,1.));
#9961=DIRECTION('',(0.,0.,1.));
#9962=DIRECTION('',(0.,-1.,0.));
#9963=DIRECTION('',(0.,0.,1.));
#9964=DIRECTION('',(0.,-1.,0.));
#9965=DIRECTION('',(0.,0.,-1.));
#9966=DIRECTION('',(0.,0.,1.));
#9967=DIRECTION('',(1.,0.,0.));
#9968=DIRECTION('',(1.,0.,0.));
#9969=DIRECTION('',(0.,0.,-1.));
#9970=DIRECTION('',(0.,0.,1.));
#9971=DIRECTION('',(0.,1.,0.));
#9972=DIRECTION('',(0.,1.,0.));
#9973=DIRECTION('',(0.,0.,1.));
#9974=DIRECTION('',(-1.,0.,0.));
#9975=DIRECTION('',(0.,0.,1.));
#9976=DIRECTION('',(1.,0.,0.));
#9977=DIRECTION('',(0.,1.,0.));
#9978=DIRECTION('',(0.,0.,1.));
#9979=DIRECTION('',(0.,0.,1.));
#9980=DIRECTION('',(-1.,0.,0.));
#9981=DIRECTION('',(0.,0.,1.));
#9982=DIRECTION('',(0.,0.,1.));
#9983=DIRECTION('',(0.938892896832118,0.344209425028127,0.));
#9984=DIRECTION('',(0.,0.,1.));
#9985=DIRECTION('',(0.,0.,1.));
#9986=DIRECTION('',(1.,0.,0.));
#9987=DIRECTION('',(0.,0.,1.));
#9988=DIRECTION('',(0.751878293543542,0.659301927570405,0.));
#9989=DIRECTION('',(0.,0.,1.));
#9990=DIRECTION('',(0.,0.,1.));
#9991=DIRECTION('',(1.,0.,0.));
#9992=DIRECTION('',(0.,0.,1.));
#9993=DIRECTION('',(0.47165536515074,0.881782975864539,0.));
#9994=DIRECTION('',(0.,0.,1.));
#9995=DIRECTION('',(0.,0.,1.));
#9996=DIRECTION('',(1.,0.,0.));
#9997=DIRECTION('',(0.,0.,1.));
#9998=DIRECTION('',(0.15414665058414,0.988047979661763,0.));
#9999=DIRECTION('',(0.,0.,1.));
#10000=DIRECTION('',(0.,0.,1.));
#10001=DIRECTION('',(1.,0.,0.));
#10002=DIRECTION('',(0.,0.,1.));
#10003=DIRECTION('',(-0.269140695787749,0.963100870039523,0.));
#10004=DIRECTION('',(0.,0.,1.));
#10005=DIRECTION('',(0.,0.,1.));
#10006=DIRECTION('',(1.,0.,0.));
#10007=DIRECTION('',(0.,0.,1.));
#10008=DIRECTION('',(-0.747019166767154,0.664802500358194,0.));
#10009=DIRECTION('',(0.,0.,1.));
#10010=DIRECTION('',(0.,0.,1.));
#10011=DIRECTION('',(1.,0.,0.));
#10012=DIRECTION('',(0.,0.,1.));
#10013=DIRECTION('',(0.,0.,1.));
#10014=DIRECTION('',(0.,0.,1.));
#10015=DIRECTION('',(-0.747191852713602,-0.664608407438858,0.));
#10016=DIRECTION('',(0.,0.,1.));
#10017=DIRECTION('',(0.,0.,1.));
#10018=DIRECTION('',(1.,0.,0.));
#10019=DIRECTION('',(0.,0.,1.));
#10020=DIRECTION('',(-0.269140695787767,-0.963100870039518,0.));
#10021=DIRECTION('',(0.,0.,1.));
#10022=DIRECTION('',(0.,0.,1.));
#10023=DIRECTION('',(1.,0.,0.));
#10024=DIRECTION('',(0.,0.,1.));
#10025=DIRECTION('',(0.154871760372777,-0.987934581760876,0.));
#10026=DIRECTION('',(0.,0.,1.));
#10027=DIRECTION('',(0.,0.,1.));
#10028=DIRECTION('',(1.,0.,0.));
#10029=DIRECTION('',(0.,0.,1.));
#10030=DIRECTION('',(0.471687846590569,-0.881765601154157,0.));
#10031=DIRECTION('',(0.,0.,1.));
#10032=DIRECTION('',(0.,0.,1.));
#10033=DIRECTION('',(1.,0.,0.));
#10034=DIRECTION('',(0.,0.,1.));
#10035=DIRECTION('',(0.752453938744335,-0.658644874016443,0.));
#10036=DIRECTION('',(0.,0.,1.));
#10037=DIRECTION('',(0.,0.,1.));
#10038=DIRECTION('',(1.,0.,0.));
#10039=DIRECTION('',(0.,0.,1.));
#10040=DIRECTION('',(0.93891572249713,-0.344147157547019,0.));
#10041=DIRECTION('',(0.,0.,1.));
#10042=DIRECTION('',(0.,0.,1.));
#10043=DIRECTION('',(1.,0.,0.));
#10044=DIRECTION('',(0.,-1.,0.));
#10045=DIRECTION('',(0.,0.,-1.));
#10046=DIRECTION('',(0.,0.,1.));
#10047=DIRECTION('',(1.,0.,0.));
#10048=DIRECTION('',(0.,0.,1.));
#10049=DIRECTION('',(0.925056067017913,-0.379830584436469,0.));
#10050=DIRECTION('',(0.,0.,1.));
#10051=DIRECTION('',(0.,0.,1.));
#10052=DIRECTION('',(1.,0.,0.));
#10053=DIRECTION('',(0.,0.,1.));
#10054=DIRECTION('',(0.719688714172141,-0.69429687792273,0.));
#10055=DIRECTION('',(0.,0.,1.));
#10056=DIRECTION('',(0.,0.,1.));
#10057=DIRECTION('',(1.,0.,0.));
#10058=DIRECTION('',(0.,0.,1.));
#10059=DIRECTION('',(0.437715229054033,-0.899113662588983,0.));
#10060=DIRECTION('',(0.,0.,1.));
#10061=DIRECTION('',(0.,0.,1.));
#10062=DIRECTION('',(1.,0.,0.));
#10063=DIRECTION('',(0.,0.,1.));
#10064=DIRECTION('',(0.142094690430061,-0.989853069375241,0.));
#10065=DIRECTION('',(0.,0.,1.));
#10066=DIRECTION('',(0.,0.,1.));
#10067=DIRECTION('',(1.,0.,0.));
#10068=DIRECTION('',(0.,0.,1.));
#10069=DIRECTION('',(-0.271345478506063,-0.962482016088776,0.));
#10070=DIRECTION('',(0.,0.,1.));
#10071=DIRECTION('',(0.,0.,1.));
#10072=DIRECTION('',(1.,0.,0.));
#10073=DIRECTION('',(0.,0.,1.));
#10074=DIRECTION('',(-0.752412603060011,-0.658692094044295,0.));
#10075=DIRECTION('',(0.,0.,1.));
#10076=DIRECTION('',(0.,0.,1.));
#10077=DIRECTION('',(1.,0.,0.));
#10078=DIRECTION('',(0.,0.,1.));
#10079=DIRECTION('',(0.,0.,1.));
#10080=DIRECTION('',(0.,0.,1.));
#10081=DIRECTION('',(-0.752412603062532,0.658692094041415,0.));
#10082=DIRECTION('',(0.,0.,1.));
#10083=DIRECTION('',(0.,0.,1.));
#10084=DIRECTION('',(1.,0.,0.));
#10085=DIRECTION('',(0.,0.,1.));
#10086=DIRECTION('',(-0.271345478506075,0.962482016088773,0.));
#10087=DIRECTION('',(0.,0.,1.));
#10088=DIRECTION('',(0.,0.,1.));
#10089=DIRECTION('',(1.,0.,0.));
#10090=DIRECTION('',(0.,0.,1.));
#10091=DIRECTION('',(0.142094690430104,0.989853069375235,0.));
#10092=DIRECTION('',(0.,0.,1.));
#10093=DIRECTION('',(0.,0.,1.));
#10094=DIRECTION('',(1.,0.,0.));
#10095=DIRECTION('',(0.,0.,1.));
#10096=DIRECTION('',(0.438617020072663,0.898674084250001,0.));
#10097=DIRECTION('',(0.,0.,1.));
#10098=DIRECTION('',(0.,0.,1.));
#10099=DIRECTION('',(1.,0.,0.));
#10100=DIRECTION('',(0.,0.,1.));
#10101=DIRECTION('',(0.71872998760336,0.695289295847185,0.));
#10102=DIRECTION('',(0.,0.,1.));
#10103=DIRECTION('',(0.,0.,1.));
#10104=DIRECTION('',(1.,0.,0.));
#10105=DIRECTION('',(0.,0.,1.));
#10106=DIRECTION('',(0.925022942173136,0.379911248126922,0.));
#10107=DIRECTION('',(0.,0.,1.));
#10108=DIRECTION('',(1.,0.,0.));
#10109=DIRECTION('',(0.,0.,1.));
#10110=DIRECTION('',(1.,0.,0.));
#10111=DIRECTION('',(0.,0.,1.));
#10112=DIRECTION('',(0.850218291697037,0.526430295921286,0.));
#10113=DIRECTION('',(0.,0.,1.));
#10114=DIRECTION('',(0.,0.,1.));
#10115=DIRECTION('',(1.,0.,0.));
#10116=DIRECTION('',(0.,0.,1.));
#10117=DIRECTION('',(0.,1.,0.));
#10118=DIRECTION('',(0.,0.,1.));
#10119=DIRECTION('',(0.,0.,1.));
#10120=DIRECTION('',(-1.,0.,0.));
#10121=DIRECTION('',(0.,0.,1.));
#10122=DIRECTION('',(0.944816731741438,0.327599364195701,0.));
#10123=DIRECTION('',(0.,0.,1.));
#10124=DIRECTION('',(0.,0.,1.));
#10125=DIRECTION('',(1.,0.,0.));
#10126=DIRECTION('',(0.,0.,1.));
#10127=DIRECTION('',(0.622509130952247,0.782612536240685,0.));
#10128=DIRECTION('',(0.,0.,1.));
#10129=DIRECTION('',(0.,0.,1.));
#10130=DIRECTION('',(1.,0.,0.));
#10131=DIRECTION('',(0.,0.,1.));
#10132=DIRECTION('',(0.201771393934583,0.979432644233229,0.));
#10133=DIRECTION('',(0.,0.,1.));
#10134=DIRECTION('',(0.,0.,1.));
#10135=DIRECTION('',(1.,0.,0.));
#10136=DIRECTION('',(0.,0.,1.));
#10137=DIRECTION('',(-0.201991506037821,0.97938727349735,0.));
#10138=DIRECTION('',(0.,0.,1.));
#10139=DIRECTION('',(0.,0.,1.));
#10140=DIRECTION('',(1.,0.,0.));
#10141=DIRECTION('',(0.,0.,1.));
#10142=DIRECTION('',(-0.624985651899965,0.780636237257262,0.));
#10143=DIRECTION('',(0.,0.,1.));
#10144=DIRECTION('',(0.,0.,1.));
#10145=DIRECTION('',(1.,0.,0.));
#10146=DIRECTION('',(0.,0.,1.));
#10147=DIRECTION('',(-0.953477200990929,0.301465134286711,0.));
#10148=DIRECTION('',(0.,0.,1.));
#10149=DIRECTION('',(0.,0.,1.));
#10150=DIRECTION('',(1.,0.,0.));
#10151=DIRECTION('',(0.,0.,1.));
#10152=DIRECTION('',(-0.919898081286854,-0.392157519429073,0.));
#10153=DIRECTION('',(0.,0.,1.));
#10154=DIRECTION('',(0.,0.,1.));
#10155=DIRECTION('',(1.,0.,0.));
#10156=DIRECTION('',(0.,0.,1.));
#10157=DIRECTION('',(0.275608844152628,0.961269871068917,0.));
#10158=DIRECTION('',(-0.961269871068917,0.275608844152628,0.));
#10159=DIRECTION('',(0.,0.,1.));
#10160=DIRECTION('',(-0.961269871068917,0.275608844152628,0.));
#10161=DIRECTION('',(0.,0.,1.));
#10162=DIRECTION('',(0.329379380083842,0.944197661496566,0.));
#10163=DIRECTION('',(0.,0.,1.));
#10164=DIRECTION('',(0.,0.,1.));
#10165=DIRECTION('',(1.,0.,0.));
#10166=DIRECTION('',(0.,0.,1.));
#10167=DIRECTION('',(0.5742846318842,0.818655703932751,0.));
#10168=DIRECTION('',(0.,0.,1.));
#10169=DIRECTION('',(0.,0.,1.));
#10170=DIRECTION('',(1.,0.,0.));
#10171=DIRECTION('',(0.,0.,1.));
#10172=DIRECTION('',(0.941736799937341,0.336350709295783,0.));
#10173=DIRECTION('',(0.,0.,1.));
#10174=DIRECTION('',(0.,0.,1.));
#10175=DIRECTION('',(1.,0.,0.));
#10176=DIRECTION('',(0.,0.,1.));
#10177=DIRECTION('',(0.946426053392371,-0.322920617892604,0.));
#10178=DIRECTION('',(0.,0.,1.));
#10179=DIRECTION('',(0.,0.,1.));
#10180=DIRECTION('',(1.,0.,0.));
#10181=DIRECTION('',(0.,0.,1.));
#10182=DIRECTION('',(0.592596707081266,-0.805499312697683,0.));
#10183=DIRECTION('',(0.,0.,1.));
#10184=DIRECTION('',(0.,0.,1.));
#10185=DIRECTION('',(1.,0.,0.));
#10186=DIRECTION('',(0.,0.,1.));
#10187=DIRECTION('',(0.184707909982116,-0.982793461511644,0.));
#10188=DIRECTION('',(0.,0.,1.));
#10189=DIRECTION('',(0.,0.,1.));
#10190=DIRECTION('',(1.,0.,0.));
#10191=DIRECTION('',(0.,0.,1.));
#10192=DIRECTION('',(-0.161143356314824,-0.986931010109417,0.));
#10193=DIRECTION('',(0.,0.,1.));
#10194=DIRECTION('',(0.,0.,1.));
#10195=DIRECTION('',(1.,0.,0.));
#10196=DIRECTION('',(0.,0.,1.));
#10197=DIRECTION('',(-0.54443264944088,-0.83880456020624,0.));
#10198=DIRECTION('',(0.,0.,1.));
#10199=DIRECTION('',(0.,0.,1.));
#10200=DIRECTION('',(1.,0.,0.));
#10201=DIRECTION('',(0.,0.,1.));
#10202=DIRECTION('',(-0.921838766647889,-0.387573590825148,0.));
#10203=DIRECTION('',(0.,0.,1.));
#10204=DIRECTION('',(0.,0.,1.));
#10205=DIRECTION('',(1.,0.,0.));
#10206=DIRECTION('',(0.,-1.,0.));
#10207=DIRECTION('',(0.,0.,-1.));
#10208=DIRECTION('',(0.,0.,1.));
#10209=DIRECTION('',(1.,0.,0.));
#10210=DIRECTION('',(0.,0.,1.));
#10211=DIRECTION('',(-0.942493567882645,-0.334224287716859,0.));
#10212=DIRECTION('',(0.,0.,1.));
#10213=DIRECTION('',(0.,0.,1.));
#10214=DIRECTION('',(1.,0.,0.));
#10215=DIRECTION('',(0.,0.,1.));
#10216=DIRECTION('',(-0.622179431537211,-0.782874673860403,0.));
#10217=DIRECTION('',(0.,0.,1.));
#10218=DIRECTION('',(0.,0.,1.));
#10219=DIRECTION('',(1.,0.,0.));
#10220=DIRECTION('',(0.,0.,1.));
#10221=DIRECTION('',(-0.191509081645537,-0.981490841346613,0.));
#10222=DIRECTION('',(0.,0.,1.));
#10223=DIRECTION('',(0.,0.,1.));
#10224=DIRECTION('',(1.,0.,0.));
#10225=DIRECTION('',(0.,0.,1.));
#10226=DIRECTION('',(0.202324591036877,-0.979318518083754,0.));
#10227=DIRECTION('',(0.,0.,1.));
#10228=DIRECTION('',(0.,0.,1.));
#10229=DIRECTION('',(1.,0.,0.));
#10230=DIRECTION('',(0.,0.,1.));
#10231=DIRECTION('',(0.650842960177107,-0.759212382135526,0.));
#10232=DIRECTION('',(0.,0.,1.));
#10233=DIRECTION('',(0.,0.,1.));
#10234=DIRECTION('',(1.,0.,0.));
#10235=DIRECTION('',(0.,0.,1.));
#10236=DIRECTION('',(0.960357592898878,-0.278771041827291,0.));
#10237=DIRECTION('',(0.,0.,1.));
#10238=DIRECTION('',(0.,0.,1.));
#10239=DIRECTION('',(1.,0.,0.));
#10240=DIRECTION('',(0.,0.,1.));
#10241=DIRECTION('',(0.969258316995861,0.246045351377245,0.));
#10242=DIRECTION('',(0.,0.,1.));
#10243=DIRECTION('',(0.,0.,1.));
#10244=DIRECTION('',(1.,0.,0.));
#10245=DIRECTION('',(0.,0.,1.));
#10246=DIRECTION('',(0.735341073544401,0.677697207872784,0.));
#10247=DIRECTION('',(0.,0.,1.));
#10248=DIRECTION('',(0.,0.,1.));
#10249=DIRECTION('',(1.,0.,0.));
#10250=DIRECTION('',(0.,0.,1.));
#10251=DIRECTION('',(0.468759592998325,0.883325785863882,0.));
#10252=DIRECTION('',(0.,0.,1.));
#10253=DIRECTION('',(0.,0.,1.));
#10254=DIRECTION('',(1.,0.,0.));
#10255=DIRECTION('',(0.,0.,1.));
#10256=DIRECTION('',(0.305099353392228,0.952320526167343,0.));
#10257=DIRECTION('',(0.,0.,1.));
#10258=DIRECTION('',(0.,0.,1.));
#10259=DIRECTION('',(1.,0.,0.));
#10260=DIRECTION('',(-0.261217418199766,-0.965279990691327,0.));
#10261=DIRECTION('',(0.965279990691327,-0.261217418199766,0.));
#10262=DIRECTION('',(0.,0.,1.));
#10263=DIRECTION('',(0.965279990691327,-0.261217418199766,0.));
#10264=DIRECTION('',(0.,0.,1.));
#10265=DIRECTION('',(-0.299646781549431,-0.954050211627809,0.));
#10266=DIRECTION('',(0.,0.,1.));
#10267=DIRECTION('',(0.,0.,1.));
#10268=DIRECTION('',(1.,0.,0.));
#10269=DIRECTION('',(0.,0.,1.));
#10270=DIRECTION('',(-0.435430061124529,-0.900222562408369,0.));
#10271=DIRECTION('',(0.,0.,1.));
#10272=DIRECTION('',(0.,0.,1.));
#10273=DIRECTION('',(-0.691340148294103,-0.722529445321565,0.));
#10274=DIRECTION('',(0.,0.,1.));
#10275=DIRECTION('',(0.,0.,1.));
#10276=DIRECTION('',(1.,0.,0.));
#10277=DIRECTION('',(0.,0.,1.));
#10278=DIRECTION('',(-0.960257555332316,-0.279115437457702,0.));
#10279=DIRECTION('',(0.,0.,1.));
#10280=DIRECTION('',(0.,0.,1.));
#10281=DIRECTION('',(1.,0.,0.));
#10282=DIRECTION('',(0.,0.,1.));
#10283=DIRECTION('',(-0.951147850663222,0.308735754616684,0.));
#10284=DIRECTION('',(0.,0.,1.));
#10285=DIRECTION('',(0.,0.,1.));
#10286=DIRECTION('',(1.,0.,0.));
#10287=DIRECTION('',(0.,0.,1.));
#10288=DIRECTION('',(-0.613052222636979,0.790042386407122,0.));
#10289=DIRECTION('',(0.,0.,1.));
#10290=DIRECTION('',(0.,0.,1.));
#10291=DIRECTION('',(1.,0.,0.));
#10292=DIRECTION('',(0.,0.,1.));
#10293=DIRECTION('',(-0.189087443594403,0.98196025310342,0.));
#10294=DIRECTION('',(0.,0.,1.));
#10295=DIRECTION('',(0.,0.,1.));
#10296=DIRECTION('',(1.,0.,0.));
#10297=DIRECTION('',(0.,0.,1.));
#10298=DIRECTION('',(0.268388711416056,0.963310697326895,0.));
#10299=DIRECTION('',(0.,0.,1.));
#10300=DIRECTION('',(1.,0.,0.));
#10301=DIRECTION('',(0.,0.,1.));
#10302=DIRECTION('',(1.,0.,0.));
#10303=DIRECTION('',(0.,-1.,0.));
#10304=DIRECTION('',(0.,0.,-1.));
#10305=DIRECTION('',(0.,0.,1.));
#10306=DIRECTION('',(1.,0.,0.));
#10307=DIRECTION('',(0.,0.,1.));
#10308=DIRECTION('',(0.99998315937967,0.00580352970639263,0.));
#10309=DIRECTION('',(-0.00580352970639263,0.99998315937967,0.));
#10310=DIRECTION('',(0.,0.,1.));
#10311=DIRECTION('',(-0.00580352970639263,0.99998315937967,0.));
#10312=DIRECTION('',(0.,0.,1.));
#10313=DIRECTION('',(1.,0.,0.));
#10314=DIRECTION('',(0.,0.,1.));
#10315=DIRECTION('',(0.,0.,-1.));
#10316=DIRECTION('',(1.,0.,0.));
#10317=DIRECTION('',(0.,1.,0.));
#10318=DIRECTION('',(0.,0.,1.));
#10319=DIRECTION('',(0.,0.,1.));
#10320=DIRECTION('',(-1.,0.,0.));
#10321=DIRECTION('',(-1.,0.,0.));
#10322=DIRECTION('',(0.,0.,1.));
#10323=DIRECTION('',(0.,0.,1.));
#10324=DIRECTION('',(0.,-1.,0.));
#10325=DIRECTION('',(0.,-1.,0.));
#10326=DIRECTION('',(0.,0.,-1.));
#10327=DIRECTION('',(0.,0.,1.));
#10328=DIRECTION('',(1.,0.,0.));
#10329=DIRECTION('',(-1.,0.,0.));
#10330=DIRECTION('',(0.,0.,1.));
#10331=DIRECTION('',(0.,-1.,0.));
#10332=DIRECTION('',(0.,0.,1.));
#10333=DIRECTION('',(1.,0.,0.));
#10334=DIRECTION('',(0.,0.,1.));
#10335=DIRECTION('',(1.,0.,0.));
#10336=DIRECTION('',(0.,0.,1.));
#10337=DIRECTION('',(1.,0.,0.));
#10338=DIRECTION('',(1.,0.,0.));
#10339=DIRECTION('',(0.,1.,0.));
#10340=DIRECTION('',(0.,0.,-1.));
#10341=DIRECTION('',(0.,1.,0.));
#10342=DIRECTION('',(0.,0.,-1.));
#10343=DIRECTION('',(0.,0.,-1.));
#10344=DIRECTION('',(-1.,0.,0.));
#10345=DIRECTION('',(0.707106781186548,-0.707106781186548,0.));
#10346=DIRECTION('',(1.,0.,0.));
#10347=DIRECTION('',(1.,0.,0.));
#10348=DIRECTION('',(0.707106781186548,0.707106781186548,0.));
#10349=DIRECTION('',(0.,-1.,0.));
#10350=DIRECTION('',(0.,0.,-1.));
#10351=DIRECTION('',(0.,0.,-1.));
#10352=DIRECTION('',(0.,-1.,0.));
#10353=DIRECTION('',(0.,0.,-1.));
#10354=DIRECTION('',(0.,0.,1.));
#10355=DIRECTION('',(0.,0.,-1.));
#10356=DIRECTION('',(-1.,0.,0.));
#10357=DIRECTION('',(0.,0.,-1.));
#10358=DIRECTION('',(-1.,0.,0.));
#10359=DIRECTION('',(0.,0.,1.));
#10360=DIRECTION('',(1.,0.,0.));
#10361=DIRECTION('',(0.,0.,-1.));
#10362=DIRECTION('',(-1.,0.,0.));
#10363=DIRECTION('',(0.,0.,-1.));
#10364=DIRECTION('',(-1.,0.,0.));
#10365=DIRECTION('',(0.,0.,-1.));
#10366=DIRECTION('',(-1.,0.,0.));
#10367=DIRECTION('',(0.,0.,-1.));
#10368=DIRECTION('',(-1.,0.,0.));
#10369=DIRECTION('',(0.,0.,1.));
#10370=DIRECTION('',(1.,0.,0.));
#10371=DIRECTION('',(0.,0.,-1.));
#10372=DIRECTION('',(-1.,0.,0.));
#10373=DIRECTION('',(0.,0.,-1.));
#10374=DIRECTION('',(-1.,0.,0.));
#10375=DIRECTION('',(0.,0.,-1.));
#10376=DIRECTION('',(-1.,0.,0.));
#10377=DIRECTION('',(0.,0.,-1.));
#10378=DIRECTION('',(-1.,0.,0.));
#10379=DIRECTION('',(0.,0.,1.));
#10380=DIRECTION('',(1.,0.,0.));
#10381=DIRECTION('',(0.,0.,-1.));
#10382=DIRECTION('',(-1.,0.,0.));
#10383=DIRECTION('',(0.,0.,-1.));
#10384=DIRECTION('',(-1.,0.,0.));
#10385=DIRECTION('',(0.,0.,-1.));
#10386=DIRECTION('',(-1.,0.,0.));
#10387=DIRECTION('',(0.,0.,-1.));
#10388=DIRECTION('',(-1.,0.,0.));
#10389=DIRECTION('',(0.,0.,1.));
#10390=DIRECTION('',(1.,0.,0.));
#10391=DIRECTION('',(0.,0.,-1.));
#10392=DIRECTION('',(-1.,0.,0.));
#10393=DIRECTION('',(0.,0.,-1.));
#10394=DIRECTION('',(-1.,0.,0.));
#10395=DIRECTION('',(0.,0.,1.));
#10396=DIRECTION('',(1.,0.,0.));
#10397=DIRECTION('',(-1.,0.,0.));
#10398=DIRECTION('',(0.,0.,1.));
#10399=DIRECTION('',(0.,1.,0.));
#10400=DIRECTION('',(0.,0.,1.));
#10401=DIRECTION('',(0.,1.,0.));
#10402=DIRECTION('',(0.,0.,1.));
#10403=DIRECTION('',(0.,1.,0.));
#10404=DIRECTION('',(0.,0.,1.));
#10405=DIRECTION('',(1.,0.,0.));
#10406=DIRECTION('',(0.,0.,-1.));
#10407=DIRECTION('',(-1.,0.,0.));
#10408=DIRECTION('',(0.,0.,1.));
#10409=DIRECTION('',(0.,0.,1.));
#10410=DIRECTION('',(1.,0.,0.));
#10411=DIRECTION('',(-1.,0.,0.));
#10412=DIRECTION('',(0.,0.,1.));
#10413=DIRECTION('',(0.,0.,1.));
#10414=DIRECTION('',(1.,0.,0.));
#10415=DIRECTION('',(0.,1.,0.));
#10416=DIRECTION('',(0.,0.,1.));
#10417=DIRECTION('',(-1.,0.,0.));
#10418=DIRECTION('',(0.,0.,1.));
#10419=DIRECTION('',(-1.,0.,0.));
#10420=DIRECTION('',(0.,0.,1.));
#10421=DIRECTION('',(0.,-1.,0.));
#10422=DIRECTION('',(0.,0.,-1.));
#10423=DIRECTION('',(0.,1.,0.));
#10424=DIRECTION('',(0.,0.,1.));
#10425=DIRECTION('',(0.,0.,1.));
#10426=DIRECTION('',(1.,0.,0.));
#10427=DIRECTION('',(0.707106781186548,-0.707106781186548,0.));
#10428=DIRECTION('',(0.,0.,-1.));
#10429=DIRECTION('',(-0.707106781186548,-0.707106781186548,0.));
#10430=DIRECTION('',(0.,0.,1.));
#10431=DIRECTION('',(0.,-1.,0.));
#10432=DIRECTION('',(0.,0.,-1.));
#10433=DIRECTION('',(1.,0.,0.));
#10434=DIRECTION('',(0.,-1.,0.));
#10435=DIRECTION('',(0.,0.,-1.));
#10436=DIRECTION('',(-1.,0.,0.));
#10437=DIRECTION('',(-1.,0.,0.));
#10438=DIRECTION('',(0.,0.,1.));
#10439=DIRECTION('',(0.,0.,1.));
#10440=DIRECTION('',(0.,-1.,0.));
#10441=DIRECTION('',(0.,0.,1.));
#10442=DIRECTION('',(0.,1.,0.));
#10443=DIRECTION('',(0.,0.,1.));
#10444=DIRECTION('',(0.,0.,1.));
#10445=DIRECTION('',(-1.,0.,0.));
#10446=DIRECTION('',(1.,0.,0.));
#10447=DIRECTION('',(0.,0.,-1.));
#10448=DIRECTION('',(0.,0.,1.));
#10449=DIRECTION('',(0.,1.,0.));
#10450=DIRECTION('',(0.,-1.,0.));
#10451=DIRECTION('',(0.,0.,-1.));
#10452=DIRECTION('',(1.,0.,0.));
#10453=DIRECTION('',(0.,0.,-1.));
#10454=DIRECTION('',(-1.,0.,0.));
#10455=DIRECTION('',(0.707106781186548,-0.707106781186548,0.));
#10456=DIRECTION('',(0.707106781186548,0.707106781186548,0.));
#10457=DIRECTION('',(0.577350269189626,0.577350269189626,-0.577350269189626));
#10458=DIRECTION('',(0.577350269189626,0.577350269189626,0.577350269189626));
#10459=DIRECTION('',(0.707106781186548,-0.707106781186548,0.));
#10460=DIRECTION('',(0.707106781186548,0.707106781186548,0.));
#10461=DIRECTION('',(0.707106781186548,0.,0.707106781186548));
#10462=DIRECTION('',(0.707106781186548,0.,-0.707106781186548));
#10463=DIRECTION('',(0.,-1.,0.));
#10464=DIRECTION('',(-0.577350269189626,0.577350269189626,0.577350269189626));
#10465=DIRECTION('',(0.707106781186548,0.707106781186548,0.));
#10466=DIRECTION('',(0.707106781186548,-0.707106781186548,0.));
#10467=DIRECTION('',(0.707106781186548,0.707106781186548,0.));
#10468=DIRECTION('',(-0.707106781186548,0.707106781186548,0.));
#10469=DIRECTION('',(-0.577350269189626,0.577350269189626,-0.577350269189626));
#10470=DIRECTION('',(0.707106781186548,0.,-0.707106781186548));
#10471=DIRECTION('',(0.707106781186548,0.,0.707106781186548));
#10472=DIRECTION('',(0.,-1.,0.));
#10473=DIRECTION('',(-0.707106781186548,0.707106781186548,0.));
#10474=DIRECTION('',(-0.707106781186548,-0.707106781186548,0.));
#10475=DIRECTION('',(-0.577350269189626,-0.577350269189626,-0.577350269189626));
#10476=DIRECTION('',(-0.577350269189626,-0.577350269189626,0.577350269189626));
#10477=DIRECTION('',(-0.707106781186548,0.707106781186548,0.));
#10478=DIRECTION('',(0.707106781186548,0.707106781186548,0.));
#10479=DIRECTION('',(-0.707106781186548,0.,0.707106781186548));
#10480=DIRECTION('',(-0.707106781186548,0.,-0.707106781186548));
#10481=DIRECTION('',(0.,1.,0.));
#10482=DIRECTION('',(0.577350269189626,-0.577350269189626,0.577350269189626));
#10483=DIRECTION('',(-0.707106781186548,-0.707106781186548,0.));
#10484=DIRECTION('',(-0.707106781186548,0.707106781186548,0.));
#10485=DIRECTION('',(-0.707106781186548,-0.707106781186548,0.));
#10486=DIRECTION('',(-0.707106781186548,0.707106781186548,0.));
#10487=DIRECTION('',(0.577350269189626,-0.577350269189626,-0.577350269189626));
#10488=DIRECTION('',(-0.707106781186548,0.,-0.707106781186548));
#10489=DIRECTION('',(-0.707106781186548,0.,0.707106781186548));
#10490=DIRECTION('',(0.,1.,0.));
#10491=DIRECTION('',(0.,1.,0.));
#10492=DIRECTION('',(0.,0.,1.));
#10493=DIRECTION('',(0.,1.,0.));
#10494=DIRECTION('',(0.,0.,1.));
#10495=CARTESIAN_POINT('',(0.,0.,0.));
#10496=CARTESIAN_POINT('',(-0.2209,0.0332336407542228,0.0305));
#10497=CARTESIAN_POINT('',(-0.2209,0.0332336407542228,0.033));
#10498=CARTESIAN_POINT('',(-0.2209,0.0454836407542228,0.033));
#10499=CARTESIAN_POINT('',(-0.2209,0.0209836407542229,0.033));
#10500=CARTESIAN_POINT('',(-0.2209,0.0209836407542229,0.0305));
#10501=CARTESIAN_POINT('',(-0.2209,0.0209836407542229,0.023));
#10502=CARTESIAN_POINT('',(-0.2209,0.0334836407542228,0.023));
#10503=CARTESIAN_POINT('',(-0.2209,0.0454836407542228,0.023));
#10504=CARTESIAN_POINT('',(-0.2209,0.0454836407542228,0.0305));
#10505=CARTESIAN_POINT('',(-0.2209,0.0382336407542229,0.028));
#10506=CARTESIAN_POINT('',(-0.2209,0.0382336407542229,0.0266));
#10507=CARTESIAN_POINT('',(-0.2209,0.0382336407542229,0.0239786796564403));
#10508=CARTESIAN_POINT('',(-0.2209,0.0332336407542228,0.0239786796564403));
#10509=CARTESIAN_POINT('',(-0.2209,0.0282336407542228,0.0239786796564403));
#10510=CARTESIAN_POINT('',(-0.2209,0.0282336407542228,0.028));
#10511=CARTESIAN_POINT('',(-0.2209,0.0282336407542228,0.0266));
#10512=CARTESIAN_POINT('',(-0.2209,0.0332336407542228,0.0266));
#10513=CARTESIAN_POINT('',(-0.1644,0.0332336407542228,0.0305));
#10514=CARTESIAN_POINT('',(-0.1644,0.0332336407542228,0.033));
#10515=CARTESIAN_POINT('',(-0.1644,0.0454836407542228,0.033));
#10516=CARTESIAN_POINT('',(-0.1644,0.0209836407542229,0.033));
#10517=CARTESIAN_POINT('',(-0.1644,0.0454836407542228,0.0305));
#10518=CARTESIAN_POINT('',(-0.1644,0.0454836407542228,0.023));
#10519=CARTESIAN_POINT('',(-0.1644,0.0332336407542228,0.023));
#10520=CARTESIAN_POINT('',(-0.1644,0.0209836407542229,0.023));
#10521=CARTESIAN_POINT('',(-0.1644,0.0209836407542229,0.0305));
#10522=CARTESIAN_POINT('',(-0.1644,0.0282336407542228,0.028));
#10523=CARTESIAN_POINT('',(-0.1644,0.0282336407542228,0.0266));
#10524=CARTESIAN_POINT('',(-0.1644,0.0282336407542228,0.0239786796564403));
#10525=CARTESIAN_POINT('',(-0.1644,0.0382336407542229,0.0239786796564403));
#10526=CARTESIAN_POINT('',(-0.1644,0.0382336407542229,0.0239786796564403));
#10527=CARTESIAN_POINT('',(-0.1644,0.0382336407542229,0.028));
#10528=CARTESIAN_POINT('',(-0.1644,0.0382336407542229,0.0266));
#10529=CARTESIAN_POINT('',(-0.1644,0.0332336407542228,0.0266));
#10530=CARTESIAN_POINT('',(-0.197951849014989,0.0517598578400772,0.0305));
#10531=CARTESIAN_POINT('',(-0.246451849014989,0.0862598578400772,0.0305));
#10532=CARTESIAN_POINT('',(-0.245251849014989,0.0862598578400772,0.0305));
#10533=CARTESIAN_POINT('',(-0.149451849014988,0.0862598578400772,0.0305));
#10534=CARTESIAN_POINT('',(-0.148251849014988,0.0862598578400772,0.0305));
#10535=CARTESIAN_POINT('',(-0.149451849014988,0.0172598578400772,0.0305));
#10536=CARTESIAN_POINT('',(-0.148251849014988,0.0172598578400772,0.0305));
#10537=CARTESIAN_POINT('',(-0.246451849014989,0.0172598578400772,0.0305));
#10538=CARTESIAN_POINT('',(-0.245251849014989,0.0172598578400772,0.0305));
#10539=CARTESIAN_POINT('',(-0.148351849014988,0.0517598578400772,0.0305));
#10540=CARTESIAN_POINT('',(-0.148351849014988,0.0251098578400772,0.0305));
#10541=CARTESIAN_POINT('',(-0.148351849014988,0.0458098578400772,0.0305));
#10542=CARTESIAN_POINT('',(-0.197951849014989,0.0251098578400772,0.0305));
#10543=CARTESIAN_POINT('',(-0.147951849014988,0.0251098578400772,0.0305));
#10544=CARTESIAN_POINT('',(-0.147951849014988,0.0517598578400772,0.0305));
#10545=CARTESIAN_POINT('',(-0.147951849014988,0.0157598578400772,0.0305));
#10546=CARTESIAN_POINT('',(-0.197951849014989,0.0157598578400772,0.0305));
#10547=CARTESIAN_POINT('',(-0.247951849014989,0.0157598578400772,0.0305));
#10548=CARTESIAN_POINT('',(-0.247951849014989,0.0517598578400772,0.0305));
#10549=CARTESIAN_POINT('',(-0.247951849014989,0.0877598578400772,0.0305));
#10550=CARTESIAN_POINT('',(-0.197951849014989,0.0877598578400772,0.0305));
#10551=CARTESIAN_POINT('',(-0.147951849014988,0.0877598578400772,0.0305));
#10552=CARTESIAN_POINT('',(-0.147951849014988,0.0517598578400772,0.0305));
#10553=CARTESIAN_POINT('',(-0.147951849014988,0.0458098578400772,0.0305));
#10554=CARTESIAN_POINT('',(-0.197951849014989,0.0458098578400772,0.0305));
#10555=CARTESIAN_POINT('',(-0.197951849014989,0.0787562391412706,0.0305));
#10556=CARTESIAN_POINT('',(-0.228145605179668,0.0787562391412706,0.0305));
#10557=CARTESIAN_POINT('',(-0.155645605179667,0.0787562391412706,0.0305));
#10558=CARTESIAN_POINT('',(-0.228145605179668,0.0517598578400772,0.0305));
#10559=CARTESIAN_POINT('',(-0.228145605179668,0.0512562391412706,0.0305));
#10560=CARTESIAN_POINT('',(-0.197951849014989,0.0512562391412706,0.0305));
#10561=CARTESIAN_POINT('',(-0.155645605179667,0.0512562391412706,0.0305));
#10562=CARTESIAN_POINT('',(-0.155645605179667,0.0517598578400772,0.0305));
#10563=CARTESIAN_POINT('',(-0.1619,0.0332336407542228,0.0305));
#10564=CARTESIAN_POINT('',(-0.1619,0.0479836407542228,0.0305));
#10565=CARTESIAN_POINT('',(-0.1619,0.0184836407542228,0.0305));
#10566=CARTESIAN_POINT('',(-0.192648893826967,0.0479836407542228,0.0305));
#10567=CARTESIAN_POINT('',(-0.2234,0.0479836407542228,0.0305));
#10568=CARTESIAN_POINT('',(-0.2234,0.0334836407542228,0.0305));
#10569=CARTESIAN_POINT('',(-0.2234,0.0184836407542228,0.0305));
#10570=CARTESIAN_POINT('',(-0.19265,0.0184836407542228,0.0305));
#10571=CARTESIAN_POINT('',(-0.197951849014989,0.0517598578400772,0.033));
#10572=CARTESIAN_POINT('',(-0.246451849014989,0.0887598578400772,0.033));
#10573=CARTESIAN_POINT('',(-0.149451849014988,0.0887598578400772,0.033));
#10574=CARTESIAN_POINT('',(-0.246451849014989,0.0887598578400772,0.033));
#10575=CARTESIAN_POINT('',(-0.246451849014989,0.0862598578400772,0.033));
#10576=CARTESIAN_POINT('',(-0.248951849014989,0.0862598578400772,0.033));
#10577=CARTESIAN_POINT('',(-0.248951849014989,0.0517598578400772,0.033));
#10578=CARTESIAN_POINT('',(-0.248951849014989,0.0172598578400772,0.033));
#10579=CARTESIAN_POINT('',(-0.246451849014989,0.0172598578400772,0.033));
#10580=CARTESIAN_POINT('',(-0.246451849014989,0.0147598578400772,0.033));
#10581=CARTESIAN_POINT('',(-0.197951849014989,0.0147598578400772,0.033));
#10582=CARTESIAN_POINT('',(-0.149451849014988,0.0147598578400772,0.033));
#10583=CARTESIAN_POINT('',(-0.149451849014988,0.0172598578400772,0.033));
#10584=CARTESIAN_POINT('',(-0.146951849014988,0.0172598578400772,0.033));
#10585=CARTESIAN_POINT('',(-0.146951849014988,0.0862598578400772,0.033));
#10586=CARTESIAN_POINT('',(-0.146951849014988,0.0862598578400772,0.033));
#10587=CARTESIAN_POINT('',(-0.149451849014988,0.0862598578400772,0.033));
#10588=CARTESIAN_POINT('',(-0.246451849014989,0.0862598578400772,0.033));
#10589=CARTESIAN_POINT('',(-0.248651849014989,0.0862598578400772,0.033));
#10590=CARTESIAN_POINT('',(-0.149451849014988,0.0862598578400772,0.033));
#10591=CARTESIAN_POINT('',(-0.151651849014988,0.0862598578400772,0.033));
#10592=CARTESIAN_POINT('',(-0.149451849014988,0.0172598578400772,0.033));
#10593=CARTESIAN_POINT('',(-0.151651849014988,0.0172598578400772,0.033));
#10594=CARTESIAN_POINT('',(-0.246451849014989,0.0172598578400772,0.033));
#10595=CARTESIAN_POINT('',(-0.248651849014989,0.0172598578400772,0.033));
#10596=CARTESIAN_POINT('',(-0.214555443758394,0.0847873322992334,0.033));
#10597=CARTESIAN_POINT('',(-0.214555965299036,0.0850585362269292,0.033));
#10598=CARTESIAN_POINT('',(-0.214554922217752,0.0845161283715377,0.033));
#10599=CARTESIAN_POINT('',(-0.213909776443864,0.0850585362269292,0.033));
#10600=CARTESIAN_POINT('',(-0.213263587588693,0.0850585362269292,0.033));
#10601=CARTESIAN_POINT('',(-0.213263587588693,0.0847873322992334,0.033));
#10602=CARTESIAN_POINT('',(-0.213263587588693,0.0845161283715377,0.033));
#10603=CARTESIAN_POINT('',(-0.213909254903223,0.0845161283715377,0.033));
#10604=CARTESIAN_POINT('',(-0.186144854061643,0.0850773319147727,0.033));
#10605=CARTESIAN_POINT('',(-0.186135309867899,0.0834328097881773,0.033));
#10606=CARTESIAN_POINT('',(-0.186154398255387,0.0867218540413681,0.033));
#10607=CARTESIAN_POINT('',(-0.185891139440576,0.0867218540413681,0.033));
#10608=CARTESIAN_POINT('',(-0.185627880625764,0.0867218540413681,0.033));
#10609=CARTESIAN_POINT('',(-0.185627880625764,0.0850792361201918,0.033));
#10610=CARTESIAN_POINT('',(-0.185627880625764,0.0834366181990156,0.033));
#10611=CARTESIAN_POINT('',(-0.184541459314862,0.0834366181990156,0.033));
#10612=CARTESIAN_POINT('',(-0.183455038003961,0.0834366181990156,0.033));
#10613=CARTESIAN_POINT('',(-0.183455038003961,0.0831670167282248,0.033));
#10614=CARTESIAN_POINT('',(-0.183455038003961,0.082897415257434,0.033));
#10615=CARTESIAN_POINT('',(-0.184552702240983,0.082897415257434,0.033));
#10616=CARTESIAN_POINT('',(-0.185650366478006,0.082897415257434,0.033));
#10617=CARTESIAN_POINT('',(-0.185650366478006,0.0833847356959019,0.033));
#10618=CARTESIAN_POINT('',(-0.18063612962612,0.0847839472957748,0.033));
#10619=CARTESIAN_POINT('',(-0.180637823168908,0.0850652131210055,0.033));
#10620=CARTESIAN_POINT('',(-0.180634436083332,0.0845026814705441,0.033));
#10621=CARTESIAN_POINT('',(-0.181258101411506,0.0844990619493302,0.033));
#10622=CARTESIAN_POINT('',(-0.18188176673968,0.0844954424281163,0.033));
#10623=CARTESIAN_POINT('',(-0.181883420108094,0.0847803277745609,0.033));
#10624=CARTESIAN_POINT('',(-0.181885073476509,0.0850652131210055,0.033));
#10625=CARTESIAN_POINT('',(-0.181261448322708,0.0850652131210055,0.033));
#10626=CARTESIAN_POINT('',(-0.18118373126264,0.0834028155869553,0.033));
#10627=CARTESIAN_POINT('',(-0.180105688171073,0.0834028155869553,0.033));
#10628=CARTESIAN_POINT('',(-0.182261774354208,0.0834028155869553,0.033));
#10629=CARTESIAN_POINT('',(-0.180105688171073,0.0831547228946099,0.033));
#10630=CARTESIAN_POINT('',(-0.180105688171073,0.0829066302022646,0.033));
#10631=CARTESIAN_POINT('',(-0.181182086144339,0.0829001490521887,0.033));
#10632=CARTESIAN_POINT('',(-0.182258484117606,0.0828936679021129,0.033));
#10633=CARTESIAN_POINT('',(-0.182261774354208,0.0834401147469991,0.033));
#10634=CARTESIAN_POINT('',(-0.182808230413541,0.0834409837472001,0.033));
#10635=CARTESIAN_POINT('',(-0.182804410613326,0.0848303028243343,0.033));
#10636=CARTESIAN_POINT('',(-0.182800590813111,0.0862196219014684,0.033));
#10637=CARTESIAN_POINT('',(-0.182261774354208,0.0861667714371103,0.033));
#10638=CARTESIAN_POINT('',(-0.182261774354208,0.0867081736424687,0.033));
#10639=CARTESIAN_POINT('',(-0.18118373126264,0.0867081736424687,0.033));
#10640=CARTESIAN_POINT('',(-0.180105688171073,0.0867081736424687,0.033));
#10641=CARTESIAN_POINT('',(-0.180105688171073,0.0864511797469596,0.033));
#10642=CARTESIAN_POINT('',(-0.180105688171073,0.0861941858514506,0.033));
#10643=CARTESIAN_POINT('',(-0.181182086144339,0.0861954534691314,0.033));
#10644=CARTESIAN_POINT('',(-0.182258484117606,0.0861967210868122,0.033));
#10645=CARTESIAN_POINT('',(-0.182260129235907,0.0847997683368838,0.033));
#10646=CARTESIAN_POINT('',(-0.194524879655566,0.08099343043818,0.033));
#10647=CARTESIAN_POINT('',(-0.194415185089954,0.0807723917646169,0.033));
#10648=CARTESIAN_POINT('',(-0.194415185089954,0.0804684635884675,0.033));
#10649=CARTESIAN_POINT('',(-0.194524879655566,0.08099343043818,0.033));
#10650=CARTESIAN_POINT('',(-0.194415185089954,0.0804684635884675,0.033));
#10651=CARTESIAN_POINT('',(-0.194415185089954,0.0804684635884675,0.033));
#10652=CARTESIAN_POINT('',(-0.194415185089954,0.0801649477979031,0.033));
#10653=CARTESIAN_POINT('',(-0.194524879655566,0.0799437029315474,0.033));
#10654=CARTESIAN_POINT('',(-0.194524879655566,0.0799437029315474,0.033));
#10655=CARTESIAN_POINT('',(-0.19527026460924,0.0802950878050004,0.033));
#10656=CARTESIAN_POINT('',(-0.194825602777949,0.0796022727787297,0.033));
#10657=CARTESIAN_POINT('',(-0.195246803976973,0.0802868917602185,0.033));
#10658=CARTESIAN_POINT('',(-0.195262383595194,0.0794830423710819,0.033));
#10659=CARTESIAN_POINT('',(-0.195278248901646,0.0802861099625036,0.033));
#10660=CARTESIAN_POINT('',(-0.19569926215683,0.0796022737726255,0.033));
#10661=CARTESIAN_POINT('',(-0.195254597939455,0.0802950878050037,0.033));
#10662=CARTESIAN_POINT('',(-0.195999982893133,0.0799437029315474,0.033));
#10663=CARTESIAN_POINT('',(-0.195999982893133,0.0799437029315474,0.033));
#10664=CARTESIAN_POINT('',(-0.196109677458744,0.0801649477979031,0.033));
#10665=CARTESIAN_POINT('',(-0.196109677458744,0.0804684635884675,0.033));
#10666=CARTESIAN_POINT('',(-0.196109677458744,0.0804684635884675,0.033));
#10667=CARTESIAN_POINT('',(-0.196109677458744,0.0804684635884675,0.033));
#10668=CARTESIAN_POINT('',(-0.196109677458744,0.0807723917646169,0.033));
#10669=CARTESIAN_POINT('',(-0.195999982893133,0.08099343043818,0.033));
#10670=CARTESIAN_POINT('',(-0.195999982893133,0.08099343043818,0.033));
#10671=CARTESIAN_POINT('',(-0.195254553962545,0.0806415653845313,0.033));
#10672=CARTESIAN_POINT('',(-0.195699259182732,0.0813346524612014,0.033));
#10673=CARTESIAN_POINT('',(-0.195278248901646,0.0806508172144314,0.033));
#10674=CARTESIAN_POINT('',(-0.195262383595214,0.0814538848058535,0.033));
#10675=CARTESIAN_POINT('',(-0.195246803976978,0.0806500354167025,0.033));
#10676=CARTESIAN_POINT('',(-0.194825601549703,0.081334650762391,0.033));
#10677=CARTESIAN_POINT('',(-0.19527030858615,0.0806415653845345,0.033));
#10678=CARTESIAN_POINT('',(-0.215202290951909,0.0828599155275831,0.033));
#10679=CARTESIAN_POINT('',(-0.215504884068943,0.0828599155275831,0.033));
#10680=CARTESIAN_POINT('',(-0.214899697834875,0.0828599155275831,0.033));
#10681=CARTESIAN_POINT('',(-0.215504884068943,0.0844104436835953,0.033));
#10682=CARTESIAN_POINT('',(-0.215504884068943,0.0859609718396075,0.033));
#10683=CARTESIAN_POINT('',(-0.214657784933474,0.0858939129021699,0.033));
#10684=CARTESIAN_POINT('',(-0.214954282335088,0.0866902565071792,0.033));
#10685=CARTESIAN_POINT('',(-0.213826901459191,0.0866933333947124,0.033));
#10686=CARTESIAN_POINT('',(-0.212699520583294,0.0866964102822456,0.033));
#10687=CARTESIAN_POINT('',(-0.212698776695502,0.0864238475507551,0.033));
#10688=CARTESIAN_POINT('',(-0.21269803280771,0.0861512848192646,0.033));
#10689=CARTESIAN_POINT('',(-0.213678252783447,0.0861486095684353,0.033));
#10690=CARTESIAN_POINT('',(-0.214658472759183,0.086145934317606,0.033));
#10691=CARTESIAN_POINT('',(-0.214657784933474,0.0858939129021699,0.033));
#10692=CARTESIAN_POINT('',(-0.214899697834875,0.0859645770025188,0.033));
#10693=CARTESIAN_POINT('',(-0.214899697834875,0.084412246265051,0.033));
#10694=CARTESIAN_POINT('',(-0.228145605179668,0.0650062391412706,0.033));
#10695=CARTESIAN_POINT('',(-0.228145605179668,0.0787562391412706,0.033));
#10696=CARTESIAN_POINT('',(-0.228145605179668,0.0512562391412706,0.033));
#10697=CARTESIAN_POINT('',(-0.191895605179667,0.0787562391412706,0.033));
#10698=CARTESIAN_POINT('',(-0.155645605179667,0.0787562391412706,0.033));
#10699=CARTESIAN_POINT('',(-0.155645605179667,0.0650062391412706,0.033));
#10700=CARTESIAN_POINT('',(-0.155645605179667,0.0512562391412706,0.033));
#10701=CARTESIAN_POINT('',(-0.191895605179667,0.0512562391412706,0.033));
#10702=CARTESIAN_POINT('',(-0.18888306015196,0.0867107717705174,0.033));
#10703=CARTESIAN_POINT('',(-0.190114760333921,0.0867107717705174,0.033));
#10704=CARTESIAN_POINT('',(-0.187651359969999,0.0867107717705174,0.033));
#10705=CARTESIAN_POINT('',(-0.187651359969999,0.0861485659750248,0.033));
#10706=CARTESIAN_POINT('',(-0.187099324101831,0.0862550166995013,0.033));
#10707=CARTESIAN_POINT('',(-0.187099324101831,0.085661251351771,0.033));
#10708=CARTESIAN_POINT('',(-0.187099324101831,0.0850674860040406,0.033));
#10709=CARTESIAN_POINT('',(-0.187169933254148,0.0849744091602722,0.033));
#10710=CARTESIAN_POINT('',(-0.187240542406465,0.0848813323165039,0.033));
#10711=CARTESIAN_POINT('',(-0.187240542406465,0.0848203510605479,0.033));
#10712=CARTESIAN_POINT('',(-0.187240542406465,0.0847593698045919,0.033));
#10713=CARTESIAN_POINT('',(-0.187179786646988,0.084680584105731,0.033));
#10714=CARTESIAN_POINT('',(-0.18711903088751,0.0846017984068701,0.033));
#10715=CARTESIAN_POINT('',(-0.18711903088751,0.08390506504576,0.033));
#10716=CARTESIAN_POINT('',(-0.18711903088751,0.0832083316846499,0.033));
#10717=CARTESIAN_POINT('',(-0.187247150238052,0.0830394450122743,0.033));
#10718=CARTESIAN_POINT('',(-0.187375269588594,0.0828705583398987,0.033));
#10719=CARTESIAN_POINT('',(-0.188742746259466,0.0828705583398987,0.033));
#10720=CARTESIAN_POINT('',(-0.190110222930337,0.0828705583398987,0.033));
#10721=CARTESIAN_POINT('',(-0.190110222930337,0.0839540491825222,0.033));
#10722=CARTESIAN_POINT('',(-0.190110222930337,0.0850375400251458,0.033));
#10723=CARTESIAN_POINT('',(-0.188914203578855,0.0850375400251458,0.033));
#10724=CARTESIAN_POINT('',(-0.187718184227373,0.0850375400251458,0.033));
#10725=CARTESIAN_POINT('',(-0.187680840529736,0.0850867664128962,0.033));
#10726=CARTESIAN_POINT('',(-0.187643496832099,0.0851359928006466,0.033));
#10727=CARTESIAN_POINT('',(-0.187643496832099,0.0855951320998791,0.033));
#10728=CARTESIAN_POINT('',(-0.187643496832099,0.0860542713991115,0.033));
#10729=CARTESIAN_POINT('',(-0.18768537793332,0.0861014186870681,0.033));
#10730=CARTESIAN_POINT('',(-0.18772725903454,0.0861485659750248,0.033));
#10731=CARTESIAN_POINT('',(-0.188921009684231,0.0861485659750248,0.033));
#10732=CARTESIAN_POINT('',(-0.190114760333921,0.0861485659750248,0.033));
#10733=CARTESIAN_POINT('',(-0.190114760333921,0.0864296688727711,0.033));
#10734=CARTESIAN_POINT('',(-0.209843973174575,0.0795088423321586,0.033));
#10735=CARTESIAN_POINT('',(-0.209257354679904,0.0795088423321586,0.033));
#10736=CARTESIAN_POINT('',(-0.210430591669245,0.0795088423321586,0.033));
#10737=CARTESIAN_POINT('',(-0.210430591669245,0.08046866978126,0.033));
#10738=CARTESIAN_POINT('',(-0.210430591669245,0.0814284972303613,0.033));
#10739=CARTESIAN_POINT('',(-0.209851396115105,0.0814284972303613,0.033));
#10740=CARTESIAN_POINT('',(-0.209272200560964,0.0814284972303613,0.033));
#10741=CARTESIAN_POINT('',(-0.209272200560964,0.0813254008341098,0.033));
#10742=CARTESIAN_POINT('',(-0.209272200560964,0.0812223044378583,0.033));
#10743=CARTESIAN_POINT('',(-0.209735309572925,0.0812223044378583,0.033));
#10744=CARTESIAN_POINT('',(-0.210198418584887,0.0812223044378583,0.033));
#10745=CARTESIAN_POINT('',(-0.210198418584887,0.0808979631752512,0.033));
#10746=CARTESIAN_POINT('',(-0.210198418584887,0.080573621912644,0.033));
#10747=CARTESIAN_POINT('',(-0.20976541372063,0.080573621912644,0.033));
#10748=CARTESIAN_POINT('',(-0.209332408856374,0.080573621912644,0.033));
#10749=CARTESIAN_POINT('',(-0.209332408856374,0.0804705255163925,0.033));
#10750=CARTESIAN_POINT('',(-0.209332408856374,0.080367429120141,0.033));
#10751=CARTESIAN_POINT('',(-0.20976541372063,0.080367429120141,0.033));
#10752=CARTESIAN_POINT('',(-0.210198418584887,0.080367429120141,0.033));
#10753=CARTESIAN_POINT('',(-0.210198418584887,0.0800412321224013,0.033));
#10754=CARTESIAN_POINT('',(-0.210198418584887,0.0797150351246616,0.033));
#10755=CARTESIAN_POINT('',(-0.209727886632395,0.0797150351246616,0.033));
#10756=CARTESIAN_POINT('',(-0.209257354679904,0.0797150351246616,0.033));
#10757=CARTESIAN_POINT('',(-0.209257354679904,0.0796119387284101,0.033));
#10758=CARTESIAN_POINT('',(-0.207547810237261,0.0795088423321586,0.033));
#10759=CARTESIAN_POINT('',(-0.206985522492106,0.0795088423321586,0.033));
#10760=CARTESIAN_POINT('',(-0.208110097982417,0.0795088423321586,0.033));
#10761=CARTESIAN_POINT('',(-0.208110097982417,0.08046866978126,0.033));
#10762=CARTESIAN_POINT('',(-0.208110097982417,0.0814284972303613,0.033));
#10763=CARTESIAN_POINT('',(-0.207994011440238,0.0814284972303613,0.033));
#10764=CARTESIAN_POINT('',(-0.207877924898059,0.0814284972303613,0.033));
#10765=CARTESIAN_POINT('',(-0.207877924898059,0.0805717661775115,0.033));
#10766=CARTESIAN_POINT('',(-0.207877924898059,0.0797150351246616,0.033));
#10767=CARTESIAN_POINT('',(-0.207431723695082,0.0797150351246616,0.033));
#10768=CARTESIAN_POINT('',(-0.206985522492106,0.0797150351246616,0.033));
#10769=CARTESIAN_POINT('',(-0.206985522492106,0.0796119387284101,0.033));
#10770=CARTESIAN_POINT('',(-0.205296597328714,0.0795088423321586,0.033));
#10771=CARTESIAN_POINT('',(-0.204709978834043,0.0795088423321586,0.033));
#10772=CARTESIAN_POINT('',(-0.205883215823384,0.0795088423321586,0.033));
#10773=CARTESIAN_POINT('',(-0.205883215823384,0.08046866978126,0.033));
#10774=CARTESIAN_POINT('',(-0.205883215823384,0.0814284972303613,0.033));
#10775=CARTESIAN_POINT('',(-0.205304020269244,0.0814284972303613,0.033));
#10776=CARTESIAN_POINT('',(-0.204724824715103,0.0814284972303613,0.033));
#10777=CARTESIAN_POINT('',(-0.204724824715103,0.0813254008341098,0.033));
#10778=CARTESIAN_POINT('',(-0.204724824715103,0.0812223044378583,0.033));
#10779=CARTESIAN_POINT('',(-0.205187933727064,0.0812223044378583,0.033));
#10780=CARTESIAN_POINT('',(-0.205651042739027,0.0812223044378583,0.033));
#10781=CARTESIAN_POINT('',(-0.205651042739027,0.0808979631752512,0.033));
#10782=CARTESIAN_POINT('',(-0.205651042739027,0.080573621912644,0.033));
#10783=CARTESIAN_POINT('',(-0.20521803787477,0.080573621912644,0.033));
#10784=CARTESIAN_POINT('',(-0.204785033010514,0.080573621912644,0.033));
#10785=CARTESIAN_POINT('',(-0.204785033010514,0.0804705255163925,0.033));
#10786=CARTESIAN_POINT('',(-0.204785033010514,0.080367429120141,0.033));
#10787=CARTESIAN_POINT('',(-0.20521803787477,0.080367429120141,0.033));
#10788=CARTESIAN_POINT('',(-0.205651042739027,0.080367429120141,0.033));
#10789=CARTESIAN_POINT('',(-0.205651042739027,0.0800412321224013,0.033));
#10790=CARTESIAN_POINT('',(-0.205651042739027,0.0797150351246616,0.033));
#10791=CARTESIAN_POINT('',(-0.205180510786535,0.0797150351246616,0.033));
#10792=CARTESIAN_POINT('',(-0.204709978834043,0.0797150351246616,0.033));
#10793=CARTESIAN_POINT('',(-0.204709978834043,0.0796119387284101,0.033));
#10794=CARTESIAN_POINT('',(-0.202780931868197,0.080702460221244,0.033));
#10795=CARTESIAN_POINT('',(-0.202113942652149,0.0810922363767751,0.033));
#10796=CARTESIAN_POINT('',(-0.202018596878435,0.0808284762041777,0.033));
#10797=CARTESIAN_POINT('',(-0.20213463085568,0.0808284762041777,0.033));
#10798=CARTESIAN_POINT('',(-0.202251120474966,0.0808284762041777,0.033));
#10799=CARTESIAN_POINT('',(-0.202732129762741,0.0807365501728247,0.033));
#10800=CARTESIAN_POINT('',(-0.202322416260879,0.0810046013529264,0.033));
#10801=CARTESIAN_POINT('',(-0.202735451257593,0.0807295603949554,0.033));
#10802=CARTESIAN_POINT('',(-0.202446180989481,0.0811326206072495,0.033));
#10803=CARTESIAN_POINT('',(-0.202758013180057,0.0806963354851764,0.033));
#10804=CARTESIAN_POINT('',(-0.202607018446369,0.0812109640573488,0.033));
#10805=CARTESIAN_POINT('',(-0.202788044043931,0.0805961691940451,0.033));
#10806=CARTESIAN_POINT('',(-0.202790738695526,0.0812370168381289,0.033));
#10807=CARTESIAN_POINT('',(-0.20279851335098,0.0806546948156749,0.033));
#10808=CARTESIAN_POINT('',(-0.203105947629377,0.0811493321784255,0.033));
#10809=CARTESIAN_POINT('',(-0.202773631263232,0.0806386041522182,0.033));
#10810=CARTESIAN_POINT('',(-0.203329930473821,0.0808895092707585,0.033));
#10811=CARTESIAN_POINT('',(-0.203329930473821,0.0808895092707585,0.033));
#10812=CARTESIAN_POINT('',(-0.203413026169199,0.0807179568673961,0.033));
#10813=CARTESIAN_POINT('',(-0.203413026169199,0.0804684635884675,0.033));
#10814=CARTESIAN_POINT('',(-0.203413026169199,0.0804684635884675,0.033));
#10815=CARTESIAN_POINT('',(-0.203413026169199,0.0804684635884675,0.033));
#10816=CARTESIAN_POINT('',(-0.203413026169199,0.0802193826951239,0.033));
#10817=CARTESIAN_POINT('',(-0.203329930473821,0.0800478302917614,0.033));
#10818=CARTESIAN_POINT('',(-0.203329930473821,0.0800478302917614,0.033));
#10819=CARTESIAN_POINT('',(-0.202773631263232,0.0802987354103014,0.033));
#10820=CARTESIAN_POINT('',(-0.203105945236868,0.0797880059154021,0.033));
#10821=CARTESIAN_POINT('',(-0.20279851335098,0.0802826447468449,0.033));
#10822=CARTESIAN_POINT('',(-0.202790737523828,0.0797003227143786,0.033));
#10823=CARTESIAN_POINT('',(-0.202788044043931,0.0803411703684753,0.033));
#10824=CARTESIAN_POINT('',(-0.202607018633264,0.0797263761534577,0.033));
#10825=CARTESIAN_POINT('',(-0.202758751947734,0.0802436991800907,0.033));
#10826=CARTESIAN_POINT('',(-0.202446180061966,0.0798045114630854,0.033));
#10827=CARTESIAN_POINT('',(-0.202730987725181,0.0802023156797839,0.033));
#10828=CARTESIAN_POINT('',(-0.202322431068505,0.0799329543256774,0.033));
#10829=CARTESIAN_POINT('',(-0.202737706568258,0.0802034970111769,0.033));
#10830=CARTESIAN_POINT('',(-0.202251096183044,0.0801088633583423,0.033));
#10831=CARTESIAN_POINT('',(-0.20213463085568,0.0801088633583423,0.033));
#10832=CARTESIAN_POINT('',(-0.202018574104482,0.0801088633583423,0.033));
#10833=CARTESIAN_POINT('',(-0.202786737687593,0.0802374167429074,0.033));
#10834=CARTESIAN_POINT('',(-0.2021139578343,0.0798453179791539,0.033));
#10835=CARTESIAN_POINT('',(-0.202726833611497,0.0802062485389525,0.033));
#10836=CARTESIAN_POINT('',(-0.2022863730727,0.0796480025108325,0.033));
#10837=CARTESIAN_POINT('',(-0.202750761718424,0.0802404807129611,0.033));
#10838=CARTESIAN_POINT('',(-0.202517313441092,0.0795246838742743,0.033));
#10839=CARTESIAN_POINT('',(-0.202783688420065,0.0803483905392395,0.033));
#10840=CARTESIAN_POINT('',(-0.202790743491271,0.079482743541723,0.033));
#10841=CARTESIAN_POINT('',(-0.202806347755933,0.0802861099624913,0.033));
#10842=CARTESIAN_POINT('',(-0.203227361011113,0.0796022737726255,0.033));
#10843=CARTESIAN_POINT('',(-0.202782696793738,0.0802950878050036,0.033));
#10844=CARTESIAN_POINT('',(-0.203528081747416,0.0799437029315474,0.033));
#10845=CARTESIAN_POINT('',(-0.203528081747416,0.0799437029315474,0.033));
#10846=CARTESIAN_POINT('',(-0.203637776313027,0.0801649477979031,0.033));
#10847=CARTESIAN_POINT('',(-0.203637776313027,0.0804684635884675,0.033));
#10848=CARTESIAN_POINT('',(-0.203637776313027,0.0804684635884675,0.033));
#10849=CARTESIAN_POINT('',(-0.203637776313027,0.0804684635884675,0.033));
#10850=CARTESIAN_POINT('',(-0.203637776313027,0.0807723917646169,0.033));
#10851=CARTESIAN_POINT('',(-0.203528081747416,0.08099343043818,0.033));
#10852=CARTESIAN_POINT('',(-0.203528081747416,0.08099343043818,0.033));
#10853=CARTESIAN_POINT('',(-0.202782652816828,0.0806415653845312,0.033));
#10854=CARTESIAN_POINT('',(-0.203227358037015,0.0813346524612014,0.033));
#10855=CARTESIAN_POINT('',(-0.202806347755929,0.0806508172144314,0.033));
#10856=CARTESIAN_POINT('',(-0.202790739440638,0.0814541837038647,0.033));
#10857=CARTESIAN_POINT('',(-0.202783662081079,0.0805846346704493,0.033));
#10858=CARTESIAN_POINT('',(-0.202517313074428,0.0814124506699785,0.033));
#10859=CARTESIAN_POINT('',(-0.202747981198937,0.0807018952768849,0.033));
#10860=CARTESIAN_POINT('',(-0.202286376325073,0.0812891266455156,0.033));
#10861=CARTESIAN_POINT('',(-0.202731037310938,0.0807263725213809,0.033));
#10862=CARTESIAN_POINT('',(-0.200704065261295,0.0812223044378583,0.033));
#10863=CARTESIAN_POINT('',(-0.20040219901307,0.0812223044378583,0.033));
#10864=CARTESIAN_POINT('',(-0.20100593150952,0.0812223044378583,0.033));
#10865=CARTESIAN_POINT('',(-0.20100593150952,0.0813254008341098,0.033));
#10866=CARTESIAN_POINT('',(-0.20100593150952,0.0814284972303613,0.033));
#10867=CARTESIAN_POINT('',(-0.200286112470891,0.0814284972303613,0.033));
#10868=CARTESIAN_POINT('',(-0.199566293432264,0.0814284972303613,0.033));
#10869=CARTESIAN_POINT('',(-0.199566293432264,0.0813254008341098,0.033));
#10870=CARTESIAN_POINT('',(-0.199566293432264,0.0812223044378583,0.033));
#10871=CARTESIAN_POINT('',(-0.199868159680488,0.0812223044378583,0.033));
#10872=CARTESIAN_POINT('',(-0.200170025928712,0.0812223044378583,0.033));
#10873=CARTESIAN_POINT('',(-0.200170025928712,0.0803655733850085,0.033));
#10874=CARTESIAN_POINT('',(-0.200170025928712,0.0795088423321586,0.033));
#10875=CARTESIAN_POINT('',(-0.200286112470891,0.0795088423321586,0.033));
#10876=CARTESIAN_POINT('',(-0.20040219901307,0.0795088423321586,0.033));
#10877=CARTESIAN_POINT('',(-0.20040219901307,0.0803655733850085,0.033));
#10878=CARTESIAN_POINT('',(-0.198021909416417,0.0802585593256995,0.033));
#10879=CARTESIAN_POINT('',(-0.197812003715441,0.080258484083037,0.033));
#10880=CARTESIAN_POINT('',(-0.198231813679184,0.0802585593256995,0.033));
#10881=CARTESIAN_POINT('',(-0.198231813679184,0.0798837008289291,0.033));
#10882=CARTESIAN_POINT('',(-0.198231813679184,0.0795088423321586,0.033));
#10883=CARTESIAN_POINT('',(-0.198347900221364,0.0795088423321586,0.033));
#10884=CARTESIAN_POINT('',(-0.198463986763543,0.0795088423321587,0.033));
#10885=CARTESIAN_POINT('',(-0.198463986763543,0.08046866978126,0.033));
#10886=CARTESIAN_POINT('',(-0.198463986763543,0.0814284972303613,0.033));
#10887=CARTESIAN_POINT('',(-0.198139851693728,0.0814284972303613,0.033));
#10888=CARTESIAN_POINT('',(-0.197815716623914,0.0814284972303613,0.033));
#10889=CARTESIAN_POINT('',(-0.197815716623914,0.0814284972303613,0.033));
#10890=CARTESIAN_POINT('',(-0.1975905540945,0.0814284972303613,0.033));
#10891=CARTESIAN_POINT('',(-0.197446219139748,0.0813519997043427,0.033));
#10892=CARTESIAN_POINT('',(-0.197446219139748,0.0813519997043427,0.033));
#10893=CARTESIAN_POINT('',(-0.197667469993347,0.0809110381600947,0.033));
#10894=CARTESIAN_POINT('',(-0.197232431847819,0.0811425945608371,0.033));
#10895=CARTESIAN_POINT('',(-0.197810139593564,0.0808528242509943,0.033));
#10896=CARTESIAN_POINT('',(-0.197163790951872,0.0808388783704657,0.033));
#10897=CARTESIAN_POINT('',(-0.197798270011254,0.0808257396473267,0.033));
#10898=CARTESIAN_POINT('',(-0.197232419425517,0.0805388845897496,0.033));
#10899=CARTESIAN_POINT('',(-0.1976600688801,0.0807698178428534,0.033));
#10900=CARTESIAN_POINT('',(-0.197445488687926,0.0803333935242493,0.033));
#10901=CARTESIAN_POINT('',(-0.197701367840217,0.0808287798983932,0.033));
#10902=CARTESIAN_POINT('',(-0.197521853807293,0.0803006562867395,0.033));
#10903=CARTESIAN_POINT('',(-0.197305056896643,0.0799047415791694,0.033));
#10904=CARTESIAN_POINT('',(-0.197088268451963,0.0795088423321586,0.033));
#10905=CARTESIAN_POINT('',(-0.197223324731053,0.0795088423321586,0.033));
#10906=CARTESIAN_POINT('',(-0.197358381010142,0.0795088423321586,0.033));
#10907=CARTESIAN_POINT('',(-0.197560673932381,0.079884170194096,0.033));
#10908=CARTESIAN_POINT('',(-0.197762885797421,0.0802593476650791,0.033));
#10909=CARTESIAN_POINT('',(-0.198496327439766,0.0802453284777127,0.033));
#10910=CARTESIAN_POINT('',(-0.19187509607911,0.0814284972303613,0.033));
#10911=CARTESIAN_POINT('',(-0.19198953307895,0.0814284972303613,0.033));
#10912=CARTESIAN_POINT('',(-0.191760659079271,0.0814284972303613,0.033));
#10913=CARTESIAN_POINT('',(-0.191760659079271,0.08046866978126,0.033));
#10914=CARTESIAN_POINT('',(-0.191760659079271,0.0795088423321586,0.033));
#10915=CARTESIAN_POINT('',(-0.191873240343978,0.0795088423321586,0.033));
#10916=CARTESIAN_POINT('',(-0.191985821608684,0.0795088423321587,0.033));
#10917=CARTESIAN_POINT('',(-0.192508726530472,0.080262476988757,0.033));
#10918=CARTESIAN_POINT('',(-0.193031631452259,0.0810161116453554,0.033));
#10919=CARTESIAN_POINT('',(-0.193041116320715,0.0810161116453554,0.033));
#10920=CARTESIAN_POINT('',(-0.19305060118917,0.0810161116453554,0.033));
#10921=CARTESIAN_POINT('',(-0.19305060118917,0.080262476988757,0.033));
#10922=CARTESIAN_POINT('',(-0.19305060118917,0.0795088423321586,0.033));
#10923=CARTESIAN_POINT('',(-0.193166687731349,0.0795088423321586,0.033));
#10924=CARTESIAN_POINT('',(-0.193282774273528,0.0795088423321586,0.033));
#10925=CARTESIAN_POINT('',(-0.193282774273528,0.08046866978126,0.033));
#10926=CARTESIAN_POINT('',(-0.193282774273528,0.0814284972303613,0.033));
#10927=CARTESIAN_POINT('',(-0.193170399201614,0.0814284972303613,0.033));
#10928=CARTESIAN_POINT('',(-0.1930580241297,0.0814284972303613,0.033));
#10929=CARTESIAN_POINT('',(-0.192533057279987,0.0806730068386304,0.033));
#10930=CARTESIAN_POINT('',(-0.192008090430275,0.0799175164468995,0.033));
#10931=CARTESIAN_POINT('',(-0.191998811754612,0.0799175164468995,0.033));
#10932=CARTESIAN_POINT('',(-0.19198953307895,0.0799175164468995,0.033));
#10933=CARTESIAN_POINT('',(-0.19198953307895,0.0806730068386304,0.033));
#10934=CARTESIAN_POINT('',(-0.192788040930093,0.084796380095326,0.033));
#10935=CARTESIAN_POINT('',(-0.192075099155785,0.08616483938033,0.033));
#10936=CARTESIAN_POINT('',(-0.193500982704399,0.0834279208103219,0.033));
#10937=CARTESIAN_POINT('',(-0.192820137473582,0.0834279208103219,0.033));
#10938=CARTESIAN_POINT('',(-0.192139292242763,0.0834279208103219,0.033));
#10939=CARTESIAN_POINT('',(-0.192139292242763,0.0831419649658749,0.033));
#10940=CARTESIAN_POINT('',(-0.192139292242763,0.0828560091214279,0.033));
#10941=CARTESIAN_POINT('',(-0.193024391415355,0.0828560091214279,0.033));
#10942=CARTESIAN_POINT('',(-0.193909490587948,0.0828560091214279,0.033));
#10943=CARTESIAN_POINT('',(-0.193909490587948,0.0832590957833913,0.033));
#10944=CARTESIAN_POINT('',(-0.194254607959971,0.0834673572934702,0.033));
#10945=CARTESIAN_POINT('',(-0.19341041668605,0.0849651392854997,0.033));
#10946=CARTESIAN_POINT('',(-0.192566225412129,0.0864629212775292,0.033));
#10947=CARTESIAN_POINT('',(-0.192075099155785,0.0861861089629168,0.033));
#10948=CARTESIAN_POINT('',(-0.192234272244213,0.0867269360934408,0.033));
#10949=CARTESIAN_POINT('',(-0.191826740386722,0.0867269360934408,0.033));
#10950=CARTESIAN_POINT('',(-0.191419208529232,0.0867269360934408,0.033));
#10951=CARTESIAN_POINT('',(-0.191249178829429,0.0865798464111542,0.033));
#10952=CARTESIAN_POINT('',(-0.191079149129628,0.0864327567288676,0.033));
#10953=CARTESIAN_POINT('',(-0.191079149129628,0.0846650859931508,0.033));
#10954=CARTESIAN_POINT('',(-0.191079149129628,0.082897415257434,0.033));
#10955=CARTESIAN_POINT('',(-0.191291334214447,0.082897415257434,0.033));
#10956=CARTESIAN_POINT('',(-0.191503519299267,0.082897415257434,0.033));
#10957=CARTESIAN_POINT('',(-0.191527964654205,0.0844721206123033,0.033));
#10958=CARTESIAN_POINT('',(-0.191552410009144,0.0860468259671727,0.033));
#10959=CARTESIAN_POINT('',(-0.191604608776806,0.0861058326737514,0.033));
#10960=CARTESIAN_POINT('',(-0.191656807544468,0.08616483938033,0.033));
#10961=CARTESIAN_POINT('',(-0.191865953350127,0.08616483938033,0.033));
#10962=CARTESIAN_POINT('',(-0.199098979031711,0.082805558898184,0.033));
#10963=CARTESIAN_POINT('',(-0.19879130358067,0.0828001609525415,0.033));
#10964=CARTESIAN_POINT('',(-0.19940665448275,0.0828109568438264,0.033));
#10965=CARTESIAN_POINT('',(-0.19940665448275,0.0847627305820822,0.033));
#10966=CARTESIAN_POINT('',(-0.19940665448275,0.0867145043203379,0.033));
#10967=CARTESIAN_POINT('',(-0.199045079066968,0.086710265703375,0.033));
#10968=CARTESIAN_POINT('',(-0.198683503651185,0.086706027086412,0.033));
#10969=CARTESIAN_POINT('',(-0.197960121795153,0.0851201434965399,0.033));
#10970=CARTESIAN_POINT('',(-0.197236739939122,0.0835342599066677,0.033));
#10971=CARTESIAN_POINT('',(-0.197144916922039,0.083535685345552,0.033));
#10972=CARTESIAN_POINT('',(-0.197053093904955,0.0835371107844363,0.033));
#10973=CARTESIAN_POINT('',(-0.196319057315772,0.0851258075523871,0.033));
#10974=CARTESIAN_POINT('',(-0.19558502072659,0.0867145043203379,0.033));
#10975=CARTESIAN_POINT('',(-0.195266563225888,0.0867132406718395,0.033));
#10976=CARTESIAN_POINT('',(-0.194948105725186,0.0867119770233411,0.033));
#10977=CARTESIAN_POINT('',(-0.194955845283097,0.0847614976992956,0.033));
#10978=CARTESIAN_POINT('',(-0.194963584841009,0.08281101837525,0.033));
#10979=CARTESIAN_POINT('',(-0.195214921302297,0.0828120156855385,0.033));
#10980=CARTESIAN_POINT('',(-0.195466257763586,0.0828130129958269,0.033));
#10981=CARTESIAN_POINT('',(-0.195461100219447,0.0841127879081064,0.033));
#10982=CARTESIAN_POINT('',(-0.195455942675308,0.0854125628203858,0.033));
#10983=CARTESIAN_POINT('',(-0.196056279989919,0.0841132352862291,0.033));
#10984=CARTESIAN_POINT('',(-0.196656617304531,0.0828139077520724,0.033));
#10985=CARTESIAN_POINT('',(-0.197141000939665,0.0828139077520724,0.033));
#10986=CARTESIAN_POINT('',(-0.197625384574799,0.0828139077520724,0.033));
#10987=CARTESIAN_POINT('',(-0.198208344077735,0.0841132352862291,0.033));
#10988=CARTESIAN_POINT('',(-0.19879130358067,0.0854125628203858,0.033));
#10989=CARTESIAN_POINT('',(-0.19879130358067,0.0841063618864636,0.033));
#10990=CARTESIAN_POINT('',(-0.204502580249931,0.082802607989938,0.033));
#10991=CARTESIAN_POINT('',(-0.204194904798891,0.0827972100442956,0.033));
#10992=CARTESIAN_POINT('',(-0.204810255700971,0.0828080059355805,0.033));
#10993=CARTESIAN_POINT('',(-0.204810255700971,0.0847597796738362,0.033));
#10994=CARTESIAN_POINT('',(-0.204810255700971,0.0867115534120919,0.033));
#10995=CARTESIAN_POINT('',(-0.204448680285189,0.086707314795129,0.033));
#10996=CARTESIAN_POINT('',(-0.204087104869406,0.0867030761781661,0.033));
#10997=CARTESIAN_POINT('',(-0.203363723013374,0.0851171925882939,0.033));
#10998=CARTESIAN_POINT('',(-0.202640341157343,0.0835313089984218,0.033));
#10999=CARTESIAN_POINT('',(-0.202548518140259,0.0835327344373061,0.033));
#11000=CARTESIAN_POINT('',(-0.202456695123176,0.0835341598761902,0.033));
#11001=CARTESIAN_POINT('',(-0.201722658533994,0.0851228566441411,0.033));
#11002=CARTESIAN_POINT('',(-0.20098862194481,0.0867115534120919,0.033));
#11003=CARTESIAN_POINT('',(-0.200670164444108,0.0867102897635936,0.033));
#11004=CARTESIAN_POINT('',(-0.200351706943407,0.0867090261150952,0.033));
#11005=CARTESIAN_POINT('',(-0.200359446501318,0.0847585467910496,0.033));
#11006=CARTESIAN_POINT('',(-0.200367186059229,0.082808067467004,0.033));
#11007=CARTESIAN_POINT('',(-0.200618522520518,0.0828090647772925,0.033));
#11008=CARTESIAN_POINT('',(-0.200869858981806,0.082810062087581,0.033));
#11009=CARTESIAN_POINT('',(-0.200864701437668,0.0841098369998604,0.033));
#11010=CARTESIAN_POINT('',(-0.200859543893529,0.0854096119121399,0.033));
#11011=CARTESIAN_POINT('',(-0.20145988120814,0.084110284377983,0.033));
#11012=CARTESIAN_POINT('',(-0.202060218522752,0.0828109568438263,0.033));
#11013=CARTESIAN_POINT('',(-0.202544602157886,0.0828109568438263,0.033));
#11014=CARTESIAN_POINT('',(-0.20302898579302,0.0828109568438264,0.033));
#11015=CARTESIAN_POINT('',(-0.203611945295955,0.0841102843779831,0.033));
#11016=CARTESIAN_POINT('',(-0.204194904798891,0.0854096119121398,0.033));
#11017=CARTESIAN_POINT('',(-0.204194904798891,0.0841034109782177,0.033));
#11018=CARTESIAN_POINT('',(-0.20748314832255,0.0847809974139771,0.033));
#11019=CARTESIAN_POINT('',(-0.206770206548243,0.0861494566989811,0.033));
#11020=CARTESIAN_POINT('',(-0.208196090096857,0.083412538128973,0.033));
#11021=CARTESIAN_POINT('',(-0.207515244866039,0.083412538128973,0.033));
#11022=CARTESIAN_POINT('',(-0.206834399635221,0.083412538128973,0.033));
#11023=CARTESIAN_POINT('',(-0.206834399635221,0.083126582284526,0.033));
#11024=CARTESIAN_POINT('',(-0.206834399635221,0.082840626440079,0.033));
#11025=CARTESIAN_POINT('',(-0.207719498807814,0.082840626440079,0.033));
#11026=CARTESIAN_POINT('',(-0.208604597980405,0.082840626440079,0.033));
#11027=CARTESIAN_POINT('',(-0.208604597980405,0.0832437131020424,0.033));
#11028=CARTESIAN_POINT('',(-0.208949715352429,0.0834519746121213,0.033));
#11029=CARTESIAN_POINT('',(-0.208105524078507,0.0849497566041508,0.033));
#11030=CARTESIAN_POINT('',(-0.207261332804586,0.0864475385961803,0.033));
#11031=CARTESIAN_POINT('',(-0.206770206548243,0.086170726281568,0.033));
#11032=CARTESIAN_POINT('',(-0.206929379636671,0.0867115534120919,0.033));
#11033=CARTESIAN_POINT('',(-0.206521847779181,0.0867115534120919,0.033));
#11034=CARTESIAN_POINT('',(-0.20611431592169,0.0867115534120919,0.033));
#11035=CARTESIAN_POINT('',(-0.205944286221887,0.0865644637298053,0.033));
#11036=CARTESIAN_POINT('',(-0.205774256522085,0.0864173740475187,0.033));
#11037=CARTESIAN_POINT('',(-0.205774256522085,0.0846497033118019,0.033));
#11038=CARTESIAN_POINT('',(-0.205774256522085,0.0828820325760851,0.033));
#11039=CARTESIAN_POINT('',(-0.205986441606905,0.0828820325760851,0.033));
#11040=CARTESIAN_POINT('',(-0.206198626691724,0.0828820325760851,0.033));
#11041=CARTESIAN_POINT('',(-0.206223072046663,0.0844567379309545,0.033));
#11042=CARTESIAN_POINT('',(-0.206247517401601,0.0860314432858238,0.033));
#11043=CARTESIAN_POINT('',(-0.206299716169264,0.0860904499924025,0.033));
#11044=CARTESIAN_POINT('',(-0.206351914936925,0.0861494566989811,0.033));
#11045=CARTESIAN_POINT('',(-0.206561060742584,0.0861494566989811,0.033));
#11046=CARTESIAN_POINT('',(-0.19043751992978,0.0814284972303613,0.033));
#11047=CARTESIAN_POINT('',(-0.190553606471959,0.0814284972303613,0.033));
#11048=CARTESIAN_POINT('',(-0.190321433387601,0.0814284972303613,0.033));
#11049=CARTESIAN_POINT('',(-0.190321433387601,0.08046866978126,0.033));
#11050=CARTESIAN_POINT('',(-0.190321433387601,0.0795088423321586,0.033));
#11051=CARTESIAN_POINT('',(-0.19043751992978,0.0795088423321586,0.033));
#11052=CARTESIAN_POINT('',(-0.190553606471959,0.0795088423321587,0.033));
#11053=CARTESIAN_POINT('',(-0.190553606471959,0.08046866978126,0.033));
#11054=CARTESIAN_POINT('',(-0.188332178126336,0.0807024602212479,0.033));
#11055=CARTESIAN_POINT('',(-0.187665188910296,0.0810922363767751,0.033));
#11056=CARTESIAN_POINT('',(-0.187569843136582,0.0808284762041777,0.033));
#11057=CARTESIAN_POINT('',(-0.187685877113828,0.0808284762041777,0.033));
#11058=CARTESIAN_POINT('',(-0.187802366733113,0.0808284762041777,0.033));
#11059=CARTESIAN_POINT('',(-0.188283376020897,0.0807365501728211,0.033));
#11060=CARTESIAN_POINT('',(-0.187873662519025,0.0810046013529264,0.033));
#11061=CARTESIAN_POINT('',(-0.188286697515745,0.0807295603949487,0.033));
#11062=CARTESIAN_POINT('',(-0.187997427247628,0.0811326206072495,0.033));
#11063=CARTESIAN_POINT('',(-0.1883092594382,0.0806963354851836,0.033));
#11064=CARTESIAN_POINT('',(-0.188158264704516,0.0812109640573488,0.033));
#11065=CARTESIAN_POINT('',(-0.188339290302077,0.0805961691940479,0.033));
#11066=CARTESIAN_POINT('',(-0.188341984953673,0.0812370168381288,0.033));
#11067=CARTESIAN_POINT('',(-0.188349759609128,0.080654694815678,0.033));
#11068=CARTESIAN_POINT('',(-0.188657193887524,0.0811493321784254,0.033));
#11069=CARTESIAN_POINT('',(-0.188324877521401,0.080638604152241,0.033));
#11070=CARTESIAN_POINT('',(-0.188881176731967,0.0808895092707585,0.033));
#11071=CARTESIAN_POINT('',(-0.188881176731967,0.0808895092707585,0.033));
#11072=CARTESIAN_POINT('',(-0.188964272427346,0.0807179568673961,0.033));
#11073=CARTESIAN_POINT('',(-0.188964272427346,0.0804684635884675,0.033));
#11074=CARTESIAN_POINT('',(-0.188964272427346,0.0804684635884675,0.033));
#11075=CARTESIAN_POINT('',(-0.188964272427346,0.0804684635884675,0.033));
#11076=CARTESIAN_POINT('',(-0.188964272427346,0.0802193826951239,0.033));
#11077=CARTESIAN_POINT('',(-0.188881176731967,0.0800478302917614,0.033));
#11078=CARTESIAN_POINT('',(-0.188881176731967,0.0800478302917614,0.033));
#11079=CARTESIAN_POINT('',(-0.188324877521401,0.0802987354102821,0.033));
#11080=CARTESIAN_POINT('',(-0.188657191495015,0.0797880059154024,0.033));
#11081=CARTESIAN_POINT('',(-0.188349759609128,0.080282644746842,0.033));
#11082=CARTESIAN_POINT('',(-0.188341983781975,0.0797003227143787,0.033));
#11083=CARTESIAN_POINT('',(-0.188339290302077,0.0803411703684723,0.033));
#11084=CARTESIAN_POINT('',(-0.188158264891411,0.0797263761534576,0.033));
#11085=CARTESIAN_POINT('',(-0.188309998205877,0.0802436991800834,0.033));
#11086=CARTESIAN_POINT('',(-0.187997426320113,0.0798045114630854,0.033));
#11087=CARTESIAN_POINT('',(-0.188282233983333,0.0802023156797896,0.033));
#11088=CARTESIAN_POINT('',(-0.187873677326651,0.0799329543256774,0.033));
#11089=CARTESIAN_POINT('',(-0.188288952826415,0.0802034970111812,0.033));
#11090=CARTESIAN_POINT('',(-0.187802342441191,0.0801088633583423,0.033));
#11091=CARTESIAN_POINT('',(-0.187685877113828,0.0801088633583423,0.033));
#11092=CARTESIAN_POINT('',(-0.18756982036263,0.0801088633583423,0.033));
#11093=CARTESIAN_POINT('',(-0.188337983945731,0.0802374167429026,0.033));
#11094=CARTESIAN_POINT('',(-0.187665204092446,0.0798453179791539,0.033));
#11095=CARTESIAN_POINT('',(-0.188278079869642,0.0802062485389518,0.033));
#11096=CARTESIAN_POINT('',(-0.187837619330847,0.0796480025108325,0.033));
#11097=CARTESIAN_POINT('',(-0.18830200797657,0.080240480712961,0.033));
#11098=CARTESIAN_POINT('',(-0.188068559699239,0.0795246838742744,0.033));
#11099=CARTESIAN_POINT('',(-0.188334934678212,0.0803483905392393,0.033));
#11100=CARTESIAN_POINT('',(-0.188341989749418,0.0794827435417229,0.033));
#11101=CARTESIAN_POINT('',(-0.188357594014077,0.0802861099625009,0.033));
#11102=CARTESIAN_POINT('',(-0.18877860726926,0.0796022737726255,0.033));
#11103=CARTESIAN_POINT('',(-0.188333943051888,0.0802950878050004,0.033));
#11104=CARTESIAN_POINT('',(-0.189079328005562,0.0799437029315474,0.033));
#11105=CARTESIAN_POINT('',(-0.189079328005562,0.0799437029315474,0.033));
#11106=CARTESIAN_POINT('',(-0.189189022571174,0.0801649477979031,0.033));
#11107=CARTESIAN_POINT('',(-0.189189022571174,0.0804684635884675,0.033));
#11108=CARTESIAN_POINT('',(-0.189189022571174,0.0804684635884675,0.033));
#11109=CARTESIAN_POINT('',(-0.189189022571174,0.0804684635884675,0.033));
#11110=CARTESIAN_POINT('',(-0.189189022571174,0.0807723917646169,0.033));
#11111=CARTESIAN_POINT('',(-0.189079328005562,0.08099343043818,0.033));
#11112=CARTESIAN_POINT('',(-0.189079328005562,0.08099343043818,0.033));
#11113=CARTESIAN_POINT('',(-0.188333899074978,0.0806415653845345,0.033));
#11114=CARTESIAN_POINT('',(-0.188778604295162,0.0813346524612014,0.033));
#11115=CARTESIAN_POINT('',(-0.188357594014077,0.080650817214434,0.033));
#11116=CARTESIAN_POINT('',(-0.188341985698785,0.0814541837038647,0.033));
#11117=CARTESIAN_POINT('',(-0.188334908339226,0.0805846346704497,0.033));
#11118=CARTESIAN_POINT('',(-0.188068559332575,0.0814124506699785,0.033));
#11119=CARTESIAN_POINT('',(-0.188299227457082,0.0807018952768852,0.033));
#11120=CARTESIAN_POINT('',(-0.187837622583219,0.0812891266455156,0.033));
#11121=CARTESIAN_POINT('',(-0.188282283569083,0.0807263725213819,0.033));
#11122=CARTESIAN_POINT('',(-0.185289916864943,0.0809484804094144,0.033));
#11123=CARTESIAN_POINT('',(-0.185177494087983,0.0809484804094144,0.033));
#11124=CARTESIAN_POINT('',(-0.185402739262402,0.0809484804094144,0.033));
#11125=CARTESIAN_POINT('',(-0.185694656221566,0.0809204082357603,0.033));
#11126=CARTESIAN_POINT('',(-0.185539287584987,0.0811697205405801,0.033));
#11127=CARTESIAN_POINT('',(-0.185814091300343,0.0807218959789418,0.033));
#11128=CARTESIAN_POINT('',(-0.18583343855502,0.0812478700620377,0.033));
#11129=CARTESIAN_POINT('',(-0.185847087543014,0.0806888553793756,0.033));
#11130=CARTESIAN_POINT('',(-0.186056139827539,0.0812070712712254,0.033));
#11131=CARTESIAN_POINT('',(-0.185924430959232,0.0808792102955118,0.033));
#11132=CARTESIAN_POINT('',(-0.186204503155817,0.0810937329119629,0.033));
#11133=CARTESIAN_POINT('',(-0.185987452154979,0.0809332096887249,0.033));
#11134=CARTESIAN_POINT('',(-0.186257219850277,0.0809295054593961,0.033));
#11135=CARTESIAN_POINT('',(-0.186027798607168,0.0809223039463654,0.033));
#11136=CARTESIAN_POINT('',(-0.186220362272194,0.0807978922712043,0.033));
#11137=CARTESIAN_POINT('',(-0.185962205628622,0.0809732140366976,0.033));
#11138=CARTESIAN_POINT('',(-0.18612498384676,0.080707051244909,0.033));
#11139=CARTESIAN_POINT('',(-0.18612616060193,0.0807077503241672,0.033));
#11140=CARTESIAN_POINT('',(-0.186125579138255,0.0807073894867803,0.033));
#11141=CARTESIAN_POINT('',(-0.18612499767458,0.0807070286493934,0.033));
#11142=CARTESIAN_POINT('',(-0.186066851307094,0.0806709449107054,0.033));
#11143=CARTESIAN_POINT('',(-0.18600313773421,0.0806480575107376,0.033));
#11144=CARTESIAN_POINT('',(-0.186003130851472,0.0806480760729312,0.033));
#11145=CARTESIAN_POINT('',(-0.185515269111601,0.0819862311563891,0.033));
#11146=CARTESIAN_POINT('',(-0.185886232697124,0.0806111257357328,0.033));
#11147=CARTESIAN_POINT('',(-0.185788697230007,0.0805847563234392,0.033));
#11148=CARTESIAN_POINT('',(-0.18569115540075,0.0805584109611118,0.033));
#11149=CARTESIAN_POINT('',(-0.186126543047538,0.0789284254851078,0.033));
#11150=CARTESIAN_POINT('',(-0.185523746662118,0.0805043227422103,0.033));
#11151=CARTESIAN_POINT('',(-0.185803101581495,0.0797665610910627,0.033));
#11152=CARTESIAN_POINT('',(-0.185346618914711,0.0804101124952079,0.033));
#11153=CARTESIAN_POINT('',(-0.185629504812218,0.080010204196516,0.033));
#11154=CARTESIAN_POINT('',(-0.185206388067097,0.0802578530260276,0.033));
#11155=CARTESIAN_POINT('',(-0.18559144125021,0.0800462234495275,0.033));
#11156=CARTESIAN_POINT('',(-0.185151679191511,0.0800301030560077,0.033));
#11157=CARTESIAN_POINT('',(-0.185658940280573,0.08002325389909,0.033));
#11158=CARTESIAN_POINT('',(-0.185232185630911,0.0797485060814406,0.033));
#11159=CARTESIAN_POINT('',(-0.185695819428743,0.0800604410613775,0.033));
#11160=CARTESIAN_POINT('',(-0.185468410899335,0.0795488857559465,0.033));
#11161=CARTESIAN_POINT('',(-0.185817046792527,0.0803498430491796,0.033));
#11162=CARTESIAN_POINT('',(-0.185844993497182,0.0794754982980107,0.033));
#11163=CARTESIAN_POINT('',(-0.185868776826239,0.0803549083790506,0.033));
#11164=CARTESIAN_POINT('',(-0.18620154793532,0.0795414939579143,0.033));
#11165=CARTESIAN_POINT('',(-0.185983432927588,0.0800645391430213,0.033));
#11166=CARTESIAN_POINT('',(-0.186437733416289,0.0797270936394967,0.033));
#11167=CARTESIAN_POINT('',(-0.186009071965297,0.0800315720083457,0.033));
#11168=CARTESIAN_POINT('',(-0.186534157216354,0.0800037050341658,0.033));
#11169=CARTESIAN_POINT('',(-0.186414698548047,0.0800037050341658,0.033));
#11170=CARTESIAN_POINT('',(-0.186294438289679,0.0800037050341658,0.033));
#11171=CARTESIAN_POINT('',(-0.185997964219973,0.0800194614679821,0.033));
#11172=CARTESIAN_POINT('',(-0.186221209465489,0.0798239976299552,0.033));
#11173=CARTESIAN_POINT('',(-0.185937303258836,0.0800873504269807,0.033));
#11174=CARTESIAN_POINT('',(-0.186057971451974,0.0797192032016217,0.033));
#11175=CARTESIAN_POINT('',(-0.18585118038665,0.0803314959307633,0.033));
#11176=CARTESIAN_POINT('',(-0.185844984828406,0.0796850920927779,0.033));
#11177=CARTESIAN_POINT('',(-0.185833756096952,0.0803086257810943,0.033));
#11178=CARTESIAN_POINT('',(-0.185605812868795,0.0797286714142235,0.033));
#11179=CARTESIAN_POINT('',(-0.185751813809283,0.0801084969848461,0.033));
#11180=CARTESIAN_POINT('',(-0.185437843557943,0.0798504066697689,0.033));
#11181=CARTESIAN_POINT('',(-0.185662474300866,0.0800278362631264,0.033));
#11182=CARTESIAN_POINT('',(-0.185376395778765,0.0800338301035404,0.033));
#11183=CARTESIAN_POINT('',(-0.185601396965073,0.0800448165729733,0.033));
#11184=CARTESIAN_POINT('',(-0.185429342363141,0.0801894273519249,0.033));
#11185=CARTESIAN_POINT('',(-0.185717833027798,0.0799206751362519,0.033));
#11186=CARTESIAN_POINT('',(-0.185570174542391,0.0802864960780925,0.033));
#11187=CARTESIAN_POINT('',(-0.186143718774871,0.0789377374843719,0.033));
#11188=CARTESIAN_POINT('',(-0.185758807030354,0.0803521423558538,0.033));
#11189=CARTESIAN_POINT('',(-0.185876741552406,0.0803859864714663,0.033));
#11190=CARTESIAN_POINT('',(-0.185994683829718,0.0804198020894368,0.033));
#11191=CARTESIAN_POINT('',(-0.185994683829718,0.0804198020894368,0.033));
#11192=CARTESIAN_POINT('',(-0.186219846359131,0.0804845466262827,0.033));
#11193=CARTESIAN_POINT('',(-0.186350984975163,0.0806045508315194,0.033));
#11194=CARTESIAN_POINT('',(-0.186350984975163,0.0806045508315194,0.033));
#11195=CARTESIAN_POINT('',(-0.186076973366002,0.0809017507454257,0.033));
#11196=CARTESIAN_POINT('',(-0.186481677094696,0.0809183721360933,0.033));
#11197=CARTESIAN_POINT('',(-0.186016338263233,0.0809290698050102,0.033));
#11198=CARTESIAN_POINT('',(-0.186394198643824,0.0812008790233054,0.033));
#11199=CARTESIAN_POINT('',(-0.185929131524412,0.0808542949888149,0.033));
#11200=CARTESIAN_POINT('',(-0.186158401002181,0.081387462197192,0.033));
#11201=CARTESIAN_POINT('',(-0.185839518325754,0.0806543877538549,0.033));
#11202=CARTESIAN_POINT('',(-0.185826012689552,0.0814542190479325,0.033));
#11203=CARTESIAN_POINT('',(-0.185809556503954,0.0806671289729988,0.033));
#11204=CARTESIAN_POINT('',(-0.185496093995985,0.0813885314355391,0.033));
#11205=CARTESIAN_POINT('',(-0.185725538693292,0.0808592366936947,0.033));
#11206=CARTESIAN_POINT('',(-0.185266904192124,0.0812081724789863,0.033));
#11207=CARTESIAN_POINT('',(-0.18562876084081,0.0809380682064428,0.033));
#11208=CARTESIAN_POINT('',(-0.212026672000314,0.0850518881556503,0.033));
#11209=CARTESIAN_POINT('',(-0.21201712780657,0.0834073660290549,0.033));
#11210=CARTESIAN_POINT('',(-0.212036216194059,0.0866964102822456,0.033));
#11211=CARTESIAN_POINT('',(-0.211772957379248,0.0866964102822456,0.033));
#11212=CARTESIAN_POINT('',(-0.211509698564436,0.0866964102822456,0.033));
#11213=CARTESIAN_POINT('',(-0.211509698564436,0.0850537923610694,0.033));
#11214=CARTESIAN_POINT('',(-0.211509698564436,0.0834111744398931,0.033));
#11215=CARTESIAN_POINT('',(-0.210423277253534,0.0834111744398931,0.033));
#11216=CARTESIAN_POINT('',(-0.209336855942633,0.0834111744398931,0.033));
#11217=CARTESIAN_POINT('',(-0.209336855942633,0.0831415729691023,0.033));
#11218=CARTESIAN_POINT('',(-0.209336855942633,0.0828719714983115,0.033));
#11219=CARTESIAN_POINT('',(-0.210434520179655,0.0828719714983115,0.033));
#11220=CARTESIAN_POINT('',(-0.211532184416677,0.0828719714983115,0.033));
#11221=CARTESIAN_POINT('',(-0.211532184416677,0.0833592919367795,0.033));
#11222=CARTESIAN_POINT('',(-0.19265,0.0454836407542229,0.033));
#11223=CARTESIAN_POINT('',(-0.19265,0.0209836407542229,0.033));
#11224=CARTESIAN_POINT('',(-0.147951849014988,0.0517598578400772,0.024));
#11225=CARTESIAN_POINT('',(-0.147951849014988,0.0517598578400772,0.024));
#11226=CARTESIAN_POINT('',(-0.147951849014988,0.0877598578400772,0.024));
#11227=CARTESIAN_POINT('',(-0.147951849014988,0.0458098578400772,0.024));
#11228=CARTESIAN_POINT('',(-0.147951849014988,0.0458098578400772,0.024));
#11229=CARTESIAN_POINT('',(-0.147951849014988,0.0877598578400772,0.024));
#11230=CARTESIAN_POINT('',(-0.197951849014989,0.0517598578400772,0.024));
#11231=CARTESIAN_POINT('',(-0.145451849014988,0.0517598578400772,0.024));
#11232=CARTESIAN_POINT('',(-0.145451849014988,0.0862598578400772,0.024));
#11233=CARTESIAN_POINT('',(-0.145451849014988,0.0478098578400772,0.024));
#11234=CARTESIAN_POINT('',(-0.147451849014988,0.0458098578400772,0.024));
#11235=CARTESIAN_POINT('',(-0.147451849014988,0.0458098578400772,0.024));
#11236=CARTESIAN_POINT('',(-0.148351849014988,0.0458098578400772,0.024));
#11237=CARTESIAN_POINT('',(-0.197951849014989,0.0877598578400772,0.024));
#11238=CARTESIAN_POINT('',(-0.247951849014989,0.0877598578400772,0.024));
#11239=CARTESIAN_POINT('',(-0.247951849014989,0.0517598578400772,0.024));
#11240=CARTESIAN_POINT('',(-0.247951849014989,0.0157598578400772,0.024));
#11241=CARTESIAN_POINT('',(-0.197951849014989,0.0157598578400772,0.024));
#11242=CARTESIAN_POINT('',(-0.147951849014988,0.0157598578400772,0.024));
#11243=CARTESIAN_POINT('',(-0.147951849014988,0.0517598578400772,0.024));
#11244=CARTESIAN_POINT('',(-0.147951849014988,0.0251098578400772,0.024));
#11245=CARTESIAN_POINT('',(-0.148351849014988,0.0251098578400772,0.024));
#11246=CARTESIAN_POINT('',(-0.147451849014988,0.0251098578400772,0.024));
#11247=CARTESIAN_POINT('',(-0.145451849014988,0.0231098578400772,0.024));
#11248=CARTESIAN_POINT('',(-0.145451849014988,0.0231098578400772,0.024));
#11249=CARTESIAN_POINT('',(-0.145451849014988,0.0517598578400772,0.024));
#11250=CARTESIAN_POINT('',(-0.145451849014988,0.0172598578400772,0.024));
#11251=CARTESIAN_POINT('',(-0.149451849014988,0.0172598578400772,0.024));
#11252=CARTESIAN_POINT('',(-0.149451849014988,0.0132598578400772,0.024));
#11253=CARTESIAN_POINT('',(-0.197951849014989,0.0132598578400772,0.024));
#11254=CARTESIAN_POINT('',(-0.246451849014989,0.0132598578400772,0.024));
#11255=CARTESIAN_POINT('',(-0.246451849014989,0.0172598578400772,0.024));
#11256=CARTESIAN_POINT('',(-0.250451849014989,0.0172598578400772,0.024));
#11257=CARTESIAN_POINT('',(-0.250451849014989,0.0517598578400772,0.024));
#11258=CARTESIAN_POINT('',(-0.250451849014989,0.0862598578400772,0.024));
#11259=CARTESIAN_POINT('',(-0.246451849014989,0.0862598578400772,0.024));
#11260=CARTESIAN_POINT('',(-0.246451849014989,0.0902598578400772,0.024));
#11261=CARTESIAN_POINT('',(-0.197951849014989,0.0902598578400772,0.024));
#11262=CARTESIAN_POINT('',(-0.149451849014988,0.0902598578400772,0.024));
#11263=CARTESIAN_POINT('',(-0.149451849014988,0.0862598578400772,0.024));
#11264=CARTESIAN_POINT('',(-0.197951849014989,0.0902598578400772,0.024));
#11265=CARTESIAN_POINT('',(-0.246451849014989,0.0902598578400772,0.033));
#11266=CARTESIAN_POINT('',(-0.246451849014989,0.0902598578400772,0.0315));
#11267=CARTESIAN_POINT('',(-0.149451849014988,0.0902598578400772,0.0315));
#11268=CARTESIAN_POINT('',(-0.149451849014988,0.0902598578400772,0.0315));
#11269=CARTESIAN_POINT('',(-0.149451849014988,0.0902598578400772,0.024));
#11270=CARTESIAN_POINT('',(-0.250451849014989,0.0517598578400772,0.024));
#11271=CARTESIAN_POINT('',(-0.250451849014989,0.0172598578400772,0.024));
#11272=CARTESIAN_POINT('',(-0.250451849014989,0.0172598578400772,0.0315));
#11273=CARTESIAN_POINT('',(-0.250451849014989,0.0517598578400772,0.0315));
#11274=CARTESIAN_POINT('',(-0.250451849014989,0.0862598578400772,0.0315));
#11275=CARTESIAN_POINT('',(-0.250451849014989,0.0862598578400772,0.024));
#11276=CARTESIAN_POINT('',(-0.197951849014989,0.0132598578400772,0.024));
#11277=CARTESIAN_POINT('',(-0.149451849014988,0.0132598578400772,0.033));
#11278=CARTESIAN_POINT('',(-0.149451849014988,0.0132598578400772,0.0315));
#11279=CARTESIAN_POINT('',(-0.197951849014989,0.0132598578400772,0.0315));
#11280=CARTESIAN_POINT('',(-0.246451849014989,0.0132598578400772,0.0315));
#11281=CARTESIAN_POINT('',(-0.246451849014989,0.0132598578400772,0.024));
#11282=CARTESIAN_POINT('',(-0.145451849014988,0.0517598578400772,0.024));
#11283=CARTESIAN_POINT('',(-0.145451849014988,0.0517598578400772,0.03075));
#11284=CARTESIAN_POINT('',(-0.145451849014988,0.0478098578400772,0.03075));
#11285=CARTESIAN_POINT('',(-0.145451849014988,0.0231098578400772,0.03075));
#11286=CARTESIAN_POINT('',(-0.145451849014988,0.0478098578400772,0.024));
#11287=CARTESIAN_POINT('',(-0.145451849014988,0.0862598578400772,0.024));
#11288=CARTESIAN_POINT('',(-0.145451849014988,0.0862598578400772,0.0315));
#11289=CARTESIAN_POINT('',(-0.145451849014988,0.0172598578400772,0.0315));
#11290=CARTESIAN_POINT('',(-0.145451849014988,0.0172598578400772,0.0315));
#11291=CARTESIAN_POINT('',(-0.145451849014988,0.0172598578400772,0.024));
#11292=CARTESIAN_POINT('',(-0.145451849014988,0.0231098578400772,0.024));
#11293=CARTESIAN_POINT('',(-0.197951849014989,0.0877598578400772,0.024));
#11294=CARTESIAN_POINT('',(-0.247951849014989,0.0877598578400772,0.024));
#11295=CARTESIAN_POINT('',(-0.247951849014989,0.0517598578400772,0.024));
#11296=CARTESIAN_POINT('',(-0.247951849014989,0.0157598578400772,0.024));
#11297=CARTESIAN_POINT('',(-0.197951849014989,0.0157598578400772,0.024));
#11298=CARTESIAN_POINT('',(-0.147951849014988,0.0157598578400772,0.024));
#11299=CARTESIAN_POINT('',(-0.147951849014988,0.0517598578400772,0.024));
#11300=CARTESIAN_POINT('',(-0.147951849014988,0.0251098578400772,0.024));
#11301=CARTESIAN_POINT('',(-0.149451849014988,0.0172598578400772,0.024));
#11302=CARTESIAN_POINT('',(-0.149451849014988,0.0172598578400772,0.0315));
#11303=CARTESIAN_POINT('',(-0.246451849014989,0.0172598578400772,0.024));
#11304=CARTESIAN_POINT('',(-0.246451849014989,0.0172598578400772,0.0315));
#11305=CARTESIAN_POINT('',(-0.149451849014988,0.0862598578400772,0.024));
#11306=CARTESIAN_POINT('',(-0.149451849014988,0.0862598578400772,0.0315));
#11307=CARTESIAN_POINT('',(-0.246451849014989,0.0862598578400772,0.024));
#11308=CARTESIAN_POINT('',(-0.246451849014989,0.0862598578400772,0.0315));
#11309=CARTESIAN_POINT('',(-0.191895605179667,0.0787562391412706,0.028));
#11310=CARTESIAN_POINT('',(-0.155645605179667,0.0787562391412706,0.028));
#11311=CARTESIAN_POINT('',(-0.228145605179668,0.0787562391412706,0.028));
#11312=CARTESIAN_POINT('',(-0.228145605179668,0.0650062391412706,0.028));
#11313=CARTESIAN_POINT('',(-0.228145605179668,0.0512562391412706,0.028));
#11314=CARTESIAN_POINT('',(-0.191895605179667,0.0512562391412706,0.028));
#11315=CARTESIAN_POINT('',(-0.155645605179667,0.0512562391412706,0.028));
#11316=CARTESIAN_POINT('',(-0.155645605179667,0.0650062391412706,0.028));
#11317=CARTESIAN_POINT('',(-0.215202290951909,0.0828599155275831,0.0325));
#11318=CARTESIAN_POINT('',(-0.214899697834875,0.0828599155275831,0.0325));
#11319=CARTESIAN_POINT('',(-0.214899697834875,0.0828599155275831,0.0325));
#11320=CARTESIAN_POINT('',(-0.215202290951909,0.0828599155275831,0.0325));
#11321=CARTESIAN_POINT('',(-0.215504884068943,0.0828599155275831,0.0325));
#11322=CARTESIAN_POINT('',(-0.215504884068943,0.0828599155275831,0.0325));
#11323=CARTESIAN_POINT('',(-0.214899697834875,0.084412246265051,0.0325));
#11324=CARTESIAN_POINT('',(-0.214899697834875,0.0859645770025188,0.0325));
#11325=CARTESIAN_POINT('',(-0.214899697834875,0.0859645770025188,0.0325));
#11326=CARTESIAN_POINT('',(-0.214899697834875,0.084412246265051,0.0325));
#11327=CARTESIAN_POINT('',(-0.214657784933474,0.0858939129021699,0.0325));
#11328=CARTESIAN_POINT('',(-0.214658472759183,0.086145934317606,0.0325));
#11329=CARTESIAN_POINT('',(-0.214658472759183,0.086145934317606,0.0325));
#11330=CARTESIAN_POINT('',(-0.214657784933474,0.0858939129021699,0.0325));
#11331=CARTESIAN_POINT('',(-0.213678252783447,0.0861486095684353,0.0325));
#11332=CARTESIAN_POINT('',(-0.21269803280771,0.0861512848192646,0.0325));
#11333=CARTESIAN_POINT('',(-0.21269803280771,0.0861512848192646,0.0325));
#11334=CARTESIAN_POINT('',(-0.213678252783447,0.0861486095684353,0.0325));
#11335=CARTESIAN_POINT('',(-0.212698776695502,0.0864238475507551,0.0325));
#11336=CARTESIAN_POINT('',(-0.212699520583294,0.0866964102822456,0.0325));
#11337=CARTESIAN_POINT('',(-0.212699520583294,0.0866964102822456,0.0325));
#11338=CARTESIAN_POINT('',(-0.212698776695502,0.0864238475507551,0.0325));
#11339=CARTESIAN_POINT('',(-0.213826901459191,0.0866933333947124,0.0325));
#11340=CARTESIAN_POINT('',(-0.214954282335088,0.0866902565071792,0.0325));
#11341=CARTESIAN_POINT('',(-0.214954282335088,0.0866902565071792,0.0325));
#11342=CARTESIAN_POINT('',(-0.213826901459191,0.0866933333947124,0.0325));
#11343=CARTESIAN_POINT('',(-0.214657784933474,0.0858939129021699,0.0325));
#11344=CARTESIAN_POINT('',(-0.215504884068943,0.0859609718396075,0.0325));
#11345=CARTESIAN_POINT('',(-0.215504884068943,0.0859609718396075,0.0325));
#11346=CARTESIAN_POINT('',(-0.214657784933474,0.0858939129021699,0.0325));
#11347=CARTESIAN_POINT('',(-0.215504884068943,0.0844104436835953,0.0325));
#11348=CARTESIAN_POINT('',(-0.215504884068943,0.0844104436835953,0.0325));
#11349=CARTESIAN_POINT('',(-0.208705983851011,0.0517598578400772,0.0325));
#11350=CARTESIAN_POINT('',(-0.194640347619368,0.0804684635884675,0.0325));
#11351=CARTESIAN_POINT('',(-0.194640347619368,0.0804684635884675,0.033));
#11352=CARTESIAN_POINT('',(-0.194640347619368,0.0806347924410866,0.0325));
#11353=CARTESIAN_POINT('',(-0.194640347619368,0.0806347924410866,0.033));
#11354=CARTESIAN_POINT('',(-0.194667977453563,0.0807751410018502,0.0325));
#11355=CARTESIAN_POINT('',(-0.194667977453563,0.0807751410018502,0.033));
#11356=CARTESIAN_POINT('',(-0.194723237121954,0.0808895092707585,0.0325));
#11357=CARTESIAN_POINT('',(-0.194723237121954,0.0808895092707585,0.033));
#11358=CARTESIAN_POINT('',(-0.194640347619368,0.0804684635884675,0.033));
#11359=CARTESIAN_POINT('',(-0.194640347619368,0.0807179568673961,0.033));
#11360=CARTESIAN_POINT('',(-0.194723237121954,0.0808895092707585,0.033));
#11361=CARTESIAN_POINT('',(-0.194640347619368,0.0804684635884675,0.033));
#11362=CARTESIAN_POINT('',(-0.194723237121954,0.0808895092707585,0.033));
#11363=CARTESIAN_POINT('',(-0.194640347619368,0.0804684635884675,0.0325));
#11364=CARTESIAN_POINT('',(-0.194640347619368,0.0804684635884675,0.0325));
#11365=CARTESIAN_POINT('',(-0.194640347619368,0.0804684635884675,0.0325));
#11366=CARTESIAN_POINT('',(-0.194640347619368,0.0807179568673961,0.0325));
#11367=CARTESIAN_POINT('',(-0.194723237121954,0.0808895092707585,0.0325));
#11368=CARTESIAN_POINT('',(-0.194723237121954,0.0808895092707585,0.0325));
#11369=CARTESIAN_POINT('',(-0.194723237121954,0.0808895092707585,0.0325));
#11370=CARTESIAN_POINT('',(-0.194723237121954,0.0800478302917614,0.0325));
#11371=CARTESIAN_POINT('',(-0.194723237121954,0.0800478302917614,0.033));
#11372=CARTESIAN_POINT('',(-0.194667977453563,0.0801621985606697,0.0325));
#11373=CARTESIAN_POINT('',(-0.194667977453563,0.0801621985606697,0.033));
#11374=CARTESIAN_POINT('',(-0.194640347619368,0.0803024096595718,0.0325));
#11375=CARTESIAN_POINT('',(-0.194640347619368,0.0803024096595718,0.033));
#11376=CARTESIAN_POINT('',(-0.194640347619368,0.0804684635884675,0.0325));
#11377=CARTESIAN_POINT('',(-0.194640347619368,0.0804684635884675,0.033));
#11378=CARTESIAN_POINT('',(-0.194723237121954,0.0800478302917614,0.033));
#11379=CARTESIAN_POINT('',(-0.194640347619368,0.0802193826951239,0.033));
#11380=CARTESIAN_POINT('',(-0.194640347619368,0.0804684635884675,0.033));
#11381=CARTESIAN_POINT('',(-0.194723237121954,0.0800478302917614,0.033));
#11382=CARTESIAN_POINT('',(-0.194723237121954,0.0800478302917614,0.0325));
#11383=CARTESIAN_POINT('',(-0.194723237121954,0.0800478302917614,0.0325));
#11384=CARTESIAN_POINT('',(-0.194723237121954,0.0800478302917614,0.0325));
#11385=CARTESIAN_POINT('',(-0.194640347619368,0.0802193826951239,0.0325));
#11386=CARTESIAN_POINT('',(-0.194640347619368,0.0804684635884675,0.0325));
#11387=CARTESIAN_POINT('',(-0.195278564879041,0.0802976447199879,0.0325));
#11388=CARTESIAN_POINT('',(-0.195278564879041,0.0802976447199879,0.033));
#11389=CARTESIAN_POINT('',(-0.194947014293609,0.0797880079723792,0.033));
#11390=CARTESIAN_POINT('',(-0.194947162494612,0.0797882335660002,0.0325));
#11391=CARTESIAN_POINT('',(-0.194947014293609,0.0797880079723792,0.0325));
#11392=CARTESIAN_POINT('',(-0.195278564879041,0.0802976447199879,0.0325));
#11393=CARTESIAN_POINT('',(-0.195254630275482,0.0802833986873606,0.0325));
#11394=CARTESIAN_POINT('',(-0.195254630275482,0.0802833986873606,0.033));
#11395=CARTESIAN_POINT('',(-0.195262265122851,0.0797004613090013,0.033));
#11396=CARTESIAN_POINT('',(-0.195262265122851,0.0797004613090013,0.0325));
#11397=CARTESIAN_POINT('',(-0.195262265122851,0.0797004613090013,0.0325));
#11398=CARTESIAN_POINT('',(-0.195254630275482,0.0802833986873606,0.0325));
#11399=CARTESIAN_POINT('',(-0.195270414496697,0.0802826447468425,0.0325));
#11400=CARTESIAN_POINT('',(-0.195270414496697,0.0802826447468425,0.033));
#11401=CARTESIAN_POINT('',(-0.195577846382585,0.0797880059154021,0.033));
#11402=CARTESIAN_POINT('',(-0.195577700054086,0.0797882335660002,0.0325));
#11403=CARTESIAN_POINT('',(-0.195577846382585,0.0797880059154021,0.0325));
#11404=CARTESIAN_POINT('',(-0.195270414496697,0.0802826447468425,0.0325));
#11405=CARTESIAN_POINT('',(-0.195245532408945,0.0802987354103046,0.0325));
#11406=CARTESIAN_POINT('',(-0.195245532408945,0.0802987354103046,0.033));
#11407=CARTESIAN_POINT('',(-0.195801831619537,0.0800478302917614,0.033));
#11408=CARTESIAN_POINT('',(-0.195801831619537,0.0800478302917614,0.0325));
#11409=CARTESIAN_POINT('',(-0.195801831619537,0.0800478302917614,0.0325));
#11410=CARTESIAN_POINT('',(-0.195245532408945,0.0802987354103046,0.0325));
#11411=CARTESIAN_POINT('',(-0.195884927314916,0.0804684635884675,0.0325));
#11412=CARTESIAN_POINT('',(-0.195884927314916,0.0804684635884675,0.033));
#11413=CARTESIAN_POINT('',(-0.195884927314916,0.0803024096595718,0.0325));
#11414=CARTESIAN_POINT('',(-0.195884927314916,0.0803024096595718,0.033));
#11415=CARTESIAN_POINT('',(-0.195857228749789,0.0801621985606697,0.0325));
#11416=CARTESIAN_POINT('',(-0.195857228749789,0.0801621985606697,0.033));
#11417=CARTESIAN_POINT('',(-0.195801831619537,0.0800478302917614,0.0325));
#11418=CARTESIAN_POINT('',(-0.195801831619537,0.0800478302917614,0.033));
#11419=CARTESIAN_POINT('',(-0.195884927314916,0.0804684635884675,0.033));
#11420=CARTESIAN_POINT('',(-0.195884927314916,0.0802193826951239,0.033));
#11421=CARTESIAN_POINT('',(-0.195801831619537,0.0800478302917614,0.033));
#11422=CARTESIAN_POINT('',(-0.195884927314916,0.0804684635884675,0.033));
#11423=CARTESIAN_POINT('',(-0.195884927314916,0.0804684635884675,0.0325));
#11424=CARTESIAN_POINT('',(-0.195884927314916,0.0804684635884675,0.0325));
#11425=CARTESIAN_POINT('',(-0.195884927314916,0.0804684635884675,0.0325));
#11426=CARTESIAN_POINT('',(-0.195884927314916,0.0802193826951239,0.0325));
#11427=CARTESIAN_POINT('',(-0.195801831619537,0.0800478302917614,0.0325));
#11428=CARTESIAN_POINT('',(-0.195801831619537,0.0808895092707585,0.0325));
#11429=CARTESIAN_POINT('',(-0.195801831619537,0.0808895092707585,0.033));
#11430=CARTESIAN_POINT('',(-0.195857228749789,0.0807751410018502,0.0325));
#11431=CARTESIAN_POINT('',(-0.195857228749789,0.0807751410018502,0.033));
#11432=CARTESIAN_POINT('',(-0.195884927314916,0.0806347924410866,0.0325));
#11433=CARTESIAN_POINT('',(-0.195884927314916,0.0806347924410866,0.033));
#11434=CARTESIAN_POINT('',(-0.195884927314916,0.0804684635884675,0.0325));
#11435=CARTESIAN_POINT('',(-0.195884927314916,0.0804684635884675,0.033));
#11436=CARTESIAN_POINT('',(-0.195801831619537,0.0808895092707585,0.033));
#11437=CARTESIAN_POINT('',(-0.195884927314916,0.0807179568673961,0.033));
#11438=CARTESIAN_POINT('',(-0.195884927314916,0.0804684635884675,0.033));
#11439=CARTESIAN_POINT('',(-0.195801831619537,0.0808895092707585,0.033));
#11440=CARTESIAN_POINT('',(-0.195801831619537,0.0808895092707585,0.0325));
#11441=CARTESIAN_POINT('',(-0.195801831619537,0.0808895092707585,0.0325));
#11442=CARTESIAN_POINT('',(-0.195801831619537,0.0808895092707585,0.0325));
#11443=CARTESIAN_POINT('',(-0.195884927314916,0.0807179568673961,0.0325));
#11444=CARTESIAN_POINT('',(-0.195884927314916,0.0804684635884675,0.0325));
#11445=CARTESIAN_POINT('',(-0.195245532408967,0.0806386041522342,0.0325));
#11446=CARTESIAN_POINT('',(-0.195245532408967,0.0806386041522342,0.033));
#11447=CARTESIAN_POINT('',(-0.195577848775093,0.0811493321784252,0.033));
#11448=CARTESIAN_POINT('',(-0.195577700054086,0.0811491059965198,0.0325));
#11449=CARTESIAN_POINT('',(-0.195577848775093,0.0811493321784252,0.0325));
#11450=CARTESIAN_POINT('',(-0.195245532408967,0.0806386041522342,0.0325));
#11451=CARTESIAN_POINT('',(-0.195270414496696,0.080654694815675,0.0325));
#11452=CARTESIAN_POINT('',(-0.195270414496696,0.080654694815675,0.033));
#11453=CARTESIAN_POINT('',(-0.195262265122848,0.0812368782535187,0.033));
#11454=CARTESIAN_POINT('',(-0.195262265122848,0.0812368782535187,0.0325));
#11455=CARTESIAN_POINT('',(-0.195262265122848,0.0812368782535187,0.0325));
#11456=CARTESIAN_POINT('',(-0.195270414496696,0.080654694815675,0.0325));
#11457=CARTESIAN_POINT('',(-0.195254630275482,0.0806539408751596,0.0325));
#11458=CARTESIAN_POINT('',(-0.195254630275482,0.0806539408751596,0.033));
#11459=CARTESIAN_POINT('',(-0.194947016719876,0.0811493330764818,0.033));
#11460=CARTESIAN_POINT('',(-0.194947162494612,0.0811491059965198,0.0325));
#11461=CARTESIAN_POINT('',(-0.194947016719876,0.0811493330764818,0.0325));
#11462=CARTESIAN_POINT('',(-0.195254630275482,0.0806539408751596,0.0325));
#11463=CARTESIAN_POINT('',(-0.194415185089954,0.0804684635884675,0.0325));
#11464=CARTESIAN_POINT('',(-0.194415185089954,0.0804684635884675,0.033));
#11465=CARTESIAN_POINT('',(-0.194415185089954,0.0802661197280912,0.0325));
#11466=CARTESIAN_POINT('',(-0.194415185089954,0.0802661197280912,0.033));
#11467=CARTESIAN_POINT('',(-0.194451749945158,0.0800911995091179,0.0325));
#11468=CARTESIAN_POINT('',(-0.194451749945158,0.0800911995091179,0.033));
#11469=CARTESIAN_POINT('',(-0.194524879655566,0.0799437029315474,0.0325));
#11470=CARTESIAN_POINT('',(-0.194524879655566,0.0799437029315474,0.033));
#11471=CARTESIAN_POINT('',(-0.194415185089954,0.0804684635884675,0.0325));
#11472=CARTESIAN_POINT('',(-0.194415185089954,0.0804684635884675,0.0325));
#11473=CARTESIAN_POINT('',(-0.194415185089954,0.0804684635884675,0.0325));
#11474=CARTESIAN_POINT('',(-0.194415185089954,0.0801649477979031,0.0325));
#11475=CARTESIAN_POINT('',(-0.194524879655566,0.0799437029315474,0.0325));
#11476=CARTESIAN_POINT('',(-0.194524879655566,0.0799437029315474,0.0325));
#11477=CARTESIAN_POINT('',(-0.194524879655566,0.0799437029315474,0.0325));
#11478=CARTESIAN_POINT('',(-0.194524879655566,0.08099343043818,0.0325));
#11479=CARTESIAN_POINT('',(-0.194524879655566,0.08099343043818,0.033));
#11480=CARTESIAN_POINT('',(-0.194451749945158,0.0808460713224713,0.0325));
#11481=CARTESIAN_POINT('',(-0.194451749945158,0.0808460713224713,0.033));
#11482=CARTESIAN_POINT('',(-0.194415185089954,0.0806710823725671,0.0325));
#11483=CARTESIAN_POINT('',(-0.194415185089954,0.0806710823725671,0.033));
#11484=CARTESIAN_POINT('',(-0.194415185089954,0.0804684635884675,0.0325));
#11485=CARTESIAN_POINT('',(-0.194415185089954,0.0804684635884675,0.033));
#11486=CARTESIAN_POINT('',(-0.194524879655566,0.08099343043818,0.0325));
#11487=CARTESIAN_POINT('',(-0.194524879655566,0.08099343043818,0.0325));
#11488=CARTESIAN_POINT('',(-0.194524879655566,0.08099343043818,0.0325));
#11489=CARTESIAN_POINT('',(-0.194415185089954,0.0807723917646169,0.0325));
#11490=CARTESIAN_POINT('',(-0.194415185089954,0.0804684635884675,0.0325));
#11491=CARTESIAN_POINT('',(-0.19527030858615,0.0806415653845345,0.0325));
#11492=CARTESIAN_POINT('',(-0.194825714939828,0.08133447331698,0.0325));
#11493=CARTESIAN_POINT('',(-0.194825601549703,0.081334650762391,0.0325));
#11494=CARTESIAN_POINT('',(-0.19527030858615,0.0806415653845345,0.0325));
#11495=CARTESIAN_POINT('',(-0.195246803976978,0.0806500354167025,0.0325));
#11496=CARTESIAN_POINT('',(-0.195262383595214,0.0814538848058535,0.0325));
#11497=CARTESIAN_POINT('',(-0.195262383595214,0.0814538848058535,0.0325));
#11498=CARTESIAN_POINT('',(-0.195246803976978,0.0806500354167025,0.0325));
#11499=CARTESIAN_POINT('',(-0.195278248901646,0.0806508172144314,0.0325));
#11500=CARTESIAN_POINT('',(-0.19569914760887,0.08133447331698,0.0325));
#11501=CARTESIAN_POINT('',(-0.195699259182732,0.0813346524612014,0.0325));
#11502=CARTESIAN_POINT('',(-0.195278248901646,0.0806508172144314,0.0325));
#11503=CARTESIAN_POINT('',(-0.195254553962545,0.0806415653845313,0.0325));
#11504=CARTESIAN_POINT('',(-0.195999982893133,0.08099343043818,0.0325));
#11505=CARTESIAN_POINT('',(-0.195999982893133,0.08099343043818,0.0325));
#11506=CARTESIAN_POINT('',(-0.195254553962545,0.0806415653845313,0.0325));
#11507=CARTESIAN_POINT('',(-0.196109677458744,0.0804684635884675,0.0325));
#11508=CARTESIAN_POINT('',(-0.196109677458744,0.0804684635884675,0.033));
#11509=CARTESIAN_POINT('',(-0.196109677458744,0.0806710823725671,0.0325));
#11510=CARTESIAN_POINT('',(-0.196109677458744,0.0806710823725671,0.033));
#11511=CARTESIAN_POINT('',(-0.19607311260354,0.0808460713224713,0.0325));
#11512=CARTESIAN_POINT('',(-0.19607311260354,0.0808460713224713,0.033));
#11513=CARTESIAN_POINT('',(-0.195999982893133,0.08099343043818,0.0325));
#11514=CARTESIAN_POINT('',(-0.195999982893133,0.08099343043818,0.033));
#11515=CARTESIAN_POINT('',(-0.196109677458744,0.0804684635884675,0.0325));
#11516=CARTESIAN_POINT('',(-0.196109677458744,0.0804684635884675,0.0325));
#11517=CARTESIAN_POINT('',(-0.196109677458744,0.0804684635884675,0.0325));
#11518=CARTESIAN_POINT('',(-0.196109677458744,0.0807723917646169,0.0325));
#11519=CARTESIAN_POINT('',(-0.195999982893133,0.08099343043818,0.0325));
#11520=CARTESIAN_POINT('',(-0.195999982893133,0.0799437029315474,0.0325));
#11521=CARTESIAN_POINT('',(-0.195999982893133,0.0799437029315474,0.033));
#11522=CARTESIAN_POINT('',(-0.19607311260354,0.0800911995091179,0.0325));
#11523=CARTESIAN_POINT('',(-0.19607311260354,0.0800911995091179,0.033));
#11524=CARTESIAN_POINT('',(-0.196109677458744,0.0802661197280912,0.0325));
#11525=CARTESIAN_POINT('',(-0.196109677458744,0.0802661197280912,0.033));
#11526=CARTESIAN_POINT('',(-0.196109677458744,0.0804684635884675,0.0325));
#11527=CARTESIAN_POINT('',(-0.196109677458744,0.0804684635884675,0.033));
#11528=CARTESIAN_POINT('',(-0.195999982893133,0.0799437029315474,0.0325));
#11529=CARTESIAN_POINT('',(-0.195999982893133,0.0799437029315474,0.0325));
#11530=CARTESIAN_POINT('',(-0.195999982893133,0.0799437029315474,0.0325));
#11531=CARTESIAN_POINT('',(-0.196109677458744,0.0801649477979031,0.0325));
#11532=CARTESIAN_POINT('',(-0.196109677458744,0.0804684635884675,0.0325));
#11533=CARTESIAN_POINT('',(-0.195254597939455,0.0802950878050037,0.0325));
#11534=CARTESIAN_POINT('',(-0.19569914760887,0.079602453859955,0.0325));
#11535=CARTESIAN_POINT('',(-0.19569926215683,0.0796022737726255,0.0325));
#11536=CARTESIAN_POINT('',(-0.195254597939455,0.0802950878050037,0.0325));
#11537=CARTESIAN_POINT('',(-0.195278248901646,0.0802861099625036,0.0325));
#11538=CARTESIAN_POINT('',(-0.195262383595194,0.0794830423710819,0.0325));
#11539=CARTESIAN_POINT('',(-0.195262383595194,0.0794830423710819,0.0325));
#11540=CARTESIAN_POINT('',(-0.195278248901646,0.0802861099625036,0.0325));
#11541=CARTESIAN_POINT('',(-0.195246803976973,0.0802868917602185,0.0325));
#11542=CARTESIAN_POINT('',(-0.194825714939828,0.079602453859955,0.0325));
#11543=CARTESIAN_POINT('',(-0.194825602777949,0.0796022727787297,0.0325));
#11544=CARTESIAN_POINT('',(-0.195246803976973,0.0802868917602185,0.0325));
#11545=CARTESIAN_POINT('',(-0.19527026460924,0.0802950878050004,0.0325));
#11546=CARTESIAN_POINT('',(-0.19527026460924,0.0802950878050004,0.0325));
#11547=CARTESIAN_POINT('',(-0.195278564879041,0.0806396948425319,0.0325));
#11548=CARTESIAN_POINT('',(-0.195278564879041,0.0806396948425319,0.033));
#11549=CARTESIAN_POINT('',(-0.195278564879041,0.0806396948425319,0.0325));
#11550=CARTESIAN_POINT('',(-0.208705983851011,0.0517598578400772,0.0325));
#11551=CARTESIAN_POINT('',(-0.180105688171073,0.0831547228946099,0.0325));
#11552=CARTESIAN_POINT('',(-0.180105688171073,0.0834028155869553,0.0325));
#11553=CARTESIAN_POINT('',(-0.180105688171073,0.0834028155869553,0.0325));
#11554=CARTESIAN_POINT('',(-0.180105688171073,0.0831547228946099,0.0325));
#11555=CARTESIAN_POINT('',(-0.180105688171073,0.0829066302022646,0.0325));
#11556=CARTESIAN_POINT('',(-0.180105688171073,0.0829066302022646,0.0325));
#11557=CARTESIAN_POINT('',(-0.18118373126264,0.0834028155869553,0.0325));
#11558=CARTESIAN_POINT('',(-0.182261774354208,0.0834028155869553,0.0325));
#11559=CARTESIAN_POINT('',(-0.182261774354208,0.0834028155869553,0.0325));
#11560=CARTESIAN_POINT('',(-0.18118373126264,0.0834028155869553,0.0325));
#11561=CARTESIAN_POINT('',(-0.182260129235907,0.0847997683368838,0.0325));
#11562=CARTESIAN_POINT('',(-0.182258484117606,0.0861967210868122,0.0325));
#11563=CARTESIAN_POINT('',(-0.182258484117606,0.0861967210868122,0.0325));
#11564=CARTESIAN_POINT('',(-0.182260129235907,0.0847997683368838,0.0325));
#11565=CARTESIAN_POINT('',(-0.181182086144339,0.0861954534691314,0.0325));
#11566=CARTESIAN_POINT('',(-0.180105688171073,0.0861941858514506,0.0325));
#11567=CARTESIAN_POINT('',(-0.180105688171073,0.0861941858514506,0.0325));
#11568=CARTESIAN_POINT('',(-0.181182086144339,0.0861954534691314,0.0325));
#11569=CARTESIAN_POINT('',(-0.180105688171073,0.0864511797469596,0.0325));
#11570=CARTESIAN_POINT('',(-0.180105688171073,0.0867081736424687,0.0325));
#11571=CARTESIAN_POINT('',(-0.180105688171073,0.0867081736424687,0.0325));
#11572=CARTESIAN_POINT('',(-0.180105688171073,0.0864511797469596,0.0325));
#11573=CARTESIAN_POINT('',(-0.18118373126264,0.0867081736424687,0.0325));
#11574=CARTESIAN_POINT('',(-0.182261774354208,0.0867081736424687,0.0325));
#11575=CARTESIAN_POINT('',(-0.182261774354208,0.0867081736424687,0.0325));
#11576=CARTESIAN_POINT('',(-0.18118373126264,0.0867081736424687,0.0325));
#11577=CARTESIAN_POINT('',(-0.182261774354208,0.0861667714371103,0.0325));
#11578=CARTESIAN_POINT('',(-0.182800590813111,0.0862196219014684,0.0325));
#11579=CARTESIAN_POINT('',(-0.182800590813111,0.0862196219014684,0.0325));
#11580=CARTESIAN_POINT('',(-0.182261774354208,0.0861667714371103,0.0325));
#11581=CARTESIAN_POINT('',(-0.182804410613326,0.0848303028243343,0.0325));
#11582=CARTESIAN_POINT('',(-0.182808230413541,0.0834409837472001,0.0325));
#11583=CARTESIAN_POINT('',(-0.182808230413541,0.0834409837472001,0.0325));
#11584=CARTESIAN_POINT('',(-0.182804410613326,0.0848303028243343,0.0325));
#11585=CARTESIAN_POINT('',(-0.182261774354208,0.0834401147469991,0.0325));
#11586=CARTESIAN_POINT('',(-0.182258484117606,0.0828936679021129,0.0325));
#11587=CARTESIAN_POINT('',(-0.182258484117606,0.0828936679021129,0.0325));
#11588=CARTESIAN_POINT('',(-0.182261774354208,0.0834401147469991,0.0325));
#11589=CARTESIAN_POINT('',(-0.181182086144339,0.0829001490521887,0.0325));
#11590=CARTESIAN_POINT('',(-0.181182086144339,0.0829001490521887,0.0325));
#11591=CARTESIAN_POINT('',(-0.208705983851011,0.0517598578400772,0.0325));
#11592=CARTESIAN_POINT('',(-0.181258101411506,0.0844990619493302,0.0325));
#11593=CARTESIAN_POINT('',(-0.180634436083332,0.0845026814705441,0.0325));
#11594=CARTESIAN_POINT('',(-0.180634436083332,0.0845026814705441,0.0325));
#11595=CARTESIAN_POINT('',(-0.181258101411506,0.0844990619493302,0.0325));
#11596=CARTESIAN_POINT('',(-0.18188176673968,0.0844954424281163,0.0325));
#11597=CARTESIAN_POINT('',(-0.18188176673968,0.0844954424281163,0.0325));
#11598=CARTESIAN_POINT('',(-0.18063612962612,0.0847839472957748,0.0325));
#11599=CARTESIAN_POINT('',(-0.180637823168908,0.0850652131210055,0.0325));
#11600=CARTESIAN_POINT('',(-0.180637823168908,0.0850652131210055,0.0325));
#11601=CARTESIAN_POINT('',(-0.18063612962612,0.0847839472957748,0.0325));
#11602=CARTESIAN_POINT('',(-0.181261448322708,0.0850652131210055,0.0325));
#11603=CARTESIAN_POINT('',(-0.181885073476509,0.0850652131210055,0.0325));
#11604=CARTESIAN_POINT('',(-0.181885073476509,0.0850652131210055,0.0325));
#11605=CARTESIAN_POINT('',(-0.181261448322708,0.0850652131210055,0.0325));
#11606=CARTESIAN_POINT('',(-0.181883420108094,0.0847803277745609,0.0325));
#11607=CARTESIAN_POINT('',(-0.181883420108094,0.0847803277745609,0.0325));
#11608=CARTESIAN_POINT('',(-0.208705983851011,0.0517598578400772,0.0325));
#11609=CARTESIAN_POINT('',(-0.185891139440576,0.0867218540413681,0.0325));
#11610=CARTESIAN_POINT('',(-0.186154398255387,0.0867218540413681,0.0325));
#11611=CARTESIAN_POINT('',(-0.186154398255387,0.0867218540413681,0.0325));
#11612=CARTESIAN_POINT('',(-0.185891139440576,0.0867218540413681,0.0325));
#11613=CARTESIAN_POINT('',(-0.185627880625764,0.0867218540413681,0.0325));
#11614=CARTESIAN_POINT('',(-0.185627880625764,0.0867218540413681,0.0325));
#11615=CARTESIAN_POINT('',(-0.186144854061643,0.0850773319147727,0.0325));
#11616=CARTESIAN_POINT('',(-0.186135309867899,0.0834328097881773,0.0325));
#11617=CARTESIAN_POINT('',(-0.186135309867899,0.0834328097881773,0.0325));
#11618=CARTESIAN_POINT('',(-0.186144854061643,0.0850773319147727,0.0325));
#11619=CARTESIAN_POINT('',(-0.185650366478006,0.0833847356959019,0.0325));
#11620=CARTESIAN_POINT('',(-0.185650366478006,0.082897415257434,0.0325));
#11621=CARTESIAN_POINT('',(-0.185650366478006,0.082897415257434,0.0325));
#11622=CARTESIAN_POINT('',(-0.185650366478006,0.0833847356959019,0.0325));
#11623=CARTESIAN_POINT('',(-0.184552702240983,0.082897415257434,0.0325));
#11624=CARTESIAN_POINT('',(-0.183455038003961,0.082897415257434,0.0325));
#11625=CARTESIAN_POINT('',(-0.183455038003961,0.082897415257434,0.0325));
#11626=CARTESIAN_POINT('',(-0.184552702240983,0.082897415257434,0.0325));
#11627=CARTESIAN_POINT('',(-0.183455038003961,0.0831670167282248,0.0325));
#11628=CARTESIAN_POINT('',(-0.183455038003961,0.0834366181990156,0.0325));
#11629=CARTESIAN_POINT('',(-0.183455038003961,0.0834366181990156,0.0325));
#11630=CARTESIAN_POINT('',(-0.183455038003961,0.0831670167282248,0.0325));
#11631=CARTESIAN_POINT('',(-0.184541459314862,0.0834366181990156,0.0325));
#11632=CARTESIAN_POINT('',(-0.185627880625764,0.0834366181990156,0.0325));
#11633=CARTESIAN_POINT('',(-0.185627880625764,0.0834366181990156,0.0325));
#11634=CARTESIAN_POINT('',(-0.184541459314862,0.0834366181990156,0.0325));
#11635=CARTESIAN_POINT('',(-0.185627880625764,0.0850792361201918,0.0325));
#11636=CARTESIAN_POINT('',(-0.185627880625764,0.0850792361201918,0.0325));
#11637=CARTESIAN_POINT('',(-0.208705983851011,0.0517598578400772,0.0325));
#11638=CARTESIAN_POINT('',(-0.18863567107382,0.0845026814705441,0.0325));
#11639=CARTESIAN_POINT('',(-0.18863567107382,0.0845026814705441,0.033));
#11640=CARTESIAN_POINT('',(-0.189608955318358,0.0845026814705441,0.033));
#11641=CARTESIAN_POINT('',(-0.187662386829282,0.0845026814705441,0.033));
#11642=CARTESIAN_POINT('',(-0.187662386829282,0.0845026814705441,0.0325));
#11643=CARTESIAN_POINT('',(-0.187662386829282,0.0845026814705441,0.0325));
#11644=CARTESIAN_POINT('',(-0.18863567107382,0.0845026814705441,0.0325));
#11645=CARTESIAN_POINT('',(-0.189608955318358,0.0845026814705441,0.0325));
#11646=CARTESIAN_POINT('',(-0.189608955318358,0.0845026814705441,0.0325));
#11647=CARTESIAN_POINT('',(-0.187662386829282,0.0839645111328671,0.0325));
#11648=CARTESIAN_POINT('',(-0.187662386829282,0.0839645111328671,0.033));
#11649=CARTESIAN_POINT('',(-0.187662386829282,0.0834263407951901,0.033));
#11650=CARTESIAN_POINT('',(-0.187662386829282,0.0834263407951901,0.0325));
#11651=CARTESIAN_POINT('',(-0.187662386829282,0.0834263407951901,0.0325));
#11652=CARTESIAN_POINT('',(-0.187662386829282,0.0839645111328671,0.0325));
#11653=CARTESIAN_POINT('',(-0.18863567107382,0.0834263407951901,0.0325));
#11654=CARTESIAN_POINT('',(-0.18863567107382,0.0834263407951901,0.033));
#11655=CARTESIAN_POINT('',(-0.189608955318358,0.0834263407951901,0.033));
#11656=CARTESIAN_POINT('',(-0.189608955318358,0.0834263407951901,0.0325));
#11657=CARTESIAN_POINT('',(-0.189608955318358,0.0834263407951901,0.0325));
#11658=CARTESIAN_POINT('',(-0.18863567107382,0.0834263407951901,0.0325));
#11659=CARTESIAN_POINT('',(-0.187651359969999,0.0861485659750248,0.0325));
#11660=CARTESIAN_POINT('',(-0.187651359969999,0.0867107717705174,0.0325));
#11661=CARTESIAN_POINT('',(-0.187651359969999,0.0867107717705174,0.0325));
#11662=CARTESIAN_POINT('',(-0.187651359969999,0.0861485659750248,0.0325));
#11663=CARTESIAN_POINT('',(-0.187099324101831,0.0862550166995013,0.0325));
#11664=CARTESIAN_POINT('',(-0.187099324101831,0.0862550166995013,0.0325));
#11665=CARTESIAN_POINT('',(-0.18888306015196,0.0867107717705174,0.0325));
#11666=CARTESIAN_POINT('',(-0.190114760333921,0.0867107717705174,0.0325));
#11667=CARTESIAN_POINT('',(-0.190114760333921,0.0867107717705174,0.0325));
#11668=CARTESIAN_POINT('',(-0.18888306015196,0.0867107717705174,0.0325));
#11669=CARTESIAN_POINT('',(-0.190114760333921,0.0864296688727711,0.0325));
#11670=CARTESIAN_POINT('',(-0.190114760333921,0.0861485659750248,0.0325));
#11671=CARTESIAN_POINT('',(-0.190114760333921,0.0861485659750248,0.0325));
#11672=CARTESIAN_POINT('',(-0.190114760333921,0.0864296688727711,0.0325));
#11673=CARTESIAN_POINT('',(-0.188921009684231,0.0861485659750248,0.0325));
#11674=CARTESIAN_POINT('',(-0.18772725903454,0.0861485659750248,0.0325));
#11675=CARTESIAN_POINT('',(-0.18772725903454,0.0861485659750248,0.0325));
#11676=CARTESIAN_POINT('',(-0.188921009684231,0.0861485659750248,0.0325));
#11677=CARTESIAN_POINT('',(-0.18768537793332,0.0861014186870681,0.0325));
#11678=CARTESIAN_POINT('',(-0.187643496832099,0.0860542713991115,0.0325));
#11679=CARTESIAN_POINT('',(-0.187643496832099,0.0860542713991115,0.0325));
#11680=CARTESIAN_POINT('',(-0.18768537793332,0.0861014186870681,0.0325));
#11681=CARTESIAN_POINT('',(-0.187643496832099,0.0855951320998791,0.0325));
#11682=CARTESIAN_POINT('',(-0.187643496832099,0.0851359928006466,0.0325));
#11683=CARTESIAN_POINT('',(-0.187643496832099,0.0851359928006466,0.0325));
#11684=CARTESIAN_POINT('',(-0.187643496832099,0.0855951320998791,0.0325));
#11685=CARTESIAN_POINT('',(-0.187680840529736,0.0850867664128962,0.0325));
#11686=CARTESIAN_POINT('',(-0.187718184227373,0.0850375400251458,0.0325));
#11687=CARTESIAN_POINT('',(-0.187718184227373,0.0850375400251458,0.0325));
#11688=CARTESIAN_POINT('',(-0.187680840529736,0.0850867664128962,0.0325));
#11689=CARTESIAN_POINT('',(-0.188914203578855,0.0850375400251458,0.0325));
#11690=CARTESIAN_POINT('',(-0.190110222930337,0.0850375400251458,0.0325));
#11691=CARTESIAN_POINT('',(-0.190110222930337,0.0850375400251458,0.0325));
#11692=CARTESIAN_POINT('',(-0.188914203578855,0.0850375400251458,0.0325));
#11693=CARTESIAN_POINT('',(-0.190110222930337,0.0839540491825222,0.0325));
#11694=CARTESIAN_POINT('',(-0.190110222930337,0.0828705583398987,0.0325));
#11695=CARTESIAN_POINT('',(-0.190110222930337,0.0828705583398987,0.0325));
#11696=CARTESIAN_POINT('',(-0.190110222930337,0.0839540491825222,0.0325));
#11697=CARTESIAN_POINT('',(-0.188742746259466,0.0828705583398987,0.0325));
#11698=CARTESIAN_POINT('',(-0.187375269588594,0.0828705583398987,0.0325));
#11699=CARTESIAN_POINT('',(-0.187375269588594,0.0828705583398987,0.0325));
#11700=CARTESIAN_POINT('',(-0.188742746259466,0.0828705583398987,0.0325));
#11701=CARTESIAN_POINT('',(-0.187247150238052,0.0830394450122743,0.0325));
#11702=CARTESIAN_POINT('',(-0.18711903088751,0.0832083316846499,0.0325));
#11703=CARTESIAN_POINT('',(-0.18711903088751,0.0832083316846499,0.0325));
#11704=CARTESIAN_POINT('',(-0.187247150238052,0.0830394450122743,0.0325));
#11705=CARTESIAN_POINT('',(-0.18711903088751,0.08390506504576,0.0325));
#11706=CARTESIAN_POINT('',(-0.18711903088751,0.0846017984068701,0.0325));
#11707=CARTESIAN_POINT('',(-0.18711903088751,0.0846017984068701,0.0325));
#11708=CARTESIAN_POINT('',(-0.18711903088751,0.08390506504576,0.0325));
#11709=CARTESIAN_POINT('',(-0.187179786646988,0.084680584105731,0.0325));
#11710=CARTESIAN_POINT('',(-0.187240542406465,0.0847593698045919,0.0325));
#11711=CARTESIAN_POINT('',(-0.187240542406465,0.0847593698045919,0.0325));
#11712=CARTESIAN_POINT('',(-0.187179786646988,0.084680584105731,0.0325));
#11713=CARTESIAN_POINT('',(-0.187240542406465,0.0848203510605479,0.0325));
#11714=CARTESIAN_POINT('',(-0.187240542406465,0.0848813323165039,0.0325));
#11715=CARTESIAN_POINT('',(-0.187240542406465,0.0848813323165039,0.0325));
#11716=CARTESIAN_POINT('',(-0.187240542406465,0.0848203510605479,0.0325));
#11717=CARTESIAN_POINT('',(-0.187169933254148,0.0849744091602722,0.0325));
#11718=CARTESIAN_POINT('',(-0.187099324101831,0.0850674860040406,0.0325));
#11719=CARTESIAN_POINT('',(-0.187099324101831,0.0850674860040406,0.0325));
#11720=CARTESIAN_POINT('',(-0.187169933254148,0.0849744091602722,0.0325));
#11721=CARTESIAN_POINT('',(-0.187099324101831,0.085661251351771,0.0325));
#11722=CARTESIAN_POINT('',(-0.187099324101831,0.085661251351771,0.0325));
#11723=CARTESIAN_POINT('',(-0.189608955318358,0.0839645111328671,0.0325));
#11724=CARTESIAN_POINT('',(-0.189608955318358,0.0839645111328671,0.033));
#11725=CARTESIAN_POINT('',(-0.189608955318358,0.0839645111328671,0.0325));
#11726=CARTESIAN_POINT('',(-0.208705983851011,0.0517598578400772,0.0325));
#11727=CARTESIAN_POINT('',(-0.214555443758394,0.0847873322992334,0.0325));
#11728=CARTESIAN_POINT('',(-0.214554922217752,0.0845161283715377,0.0325));
#11729=CARTESIAN_POINT('',(-0.214554922217752,0.0845161283715377,0.0325));
#11730=CARTESIAN_POINT('',(-0.214555443758394,0.0847873322992334,0.0325));
#11731=CARTESIAN_POINT('',(-0.214555965299036,0.0850585362269292,0.0325));
#11732=CARTESIAN_POINT('',(-0.214555965299036,0.0850585362269292,0.0325));
#11733=CARTESIAN_POINT('',(-0.213909254903223,0.0845161283715377,0.0325));
#11734=CARTESIAN_POINT('',(-0.213263587588693,0.0845161283715377,0.0325));
#11735=CARTESIAN_POINT('',(-0.213263587588693,0.0845161283715377,0.0325));
#11736=CARTESIAN_POINT('',(-0.213909254903223,0.0845161283715377,0.0325));
#11737=CARTESIAN_POINT('',(-0.213263587588693,0.0847873322992334,0.0325));
#11738=CARTESIAN_POINT('',(-0.213263587588693,0.0850585362269292,0.0325));
#11739=CARTESIAN_POINT('',(-0.213263587588693,0.0850585362269292,0.0325));
#11740=CARTESIAN_POINT('',(-0.213263587588693,0.0847873322992334,0.0325));
#11741=CARTESIAN_POINT('',(-0.213909776443864,0.0850585362269292,0.0325));
#11742=CARTESIAN_POINT('',(-0.213909776443864,0.0850585362269292,0.0325));
#11743=CARTESIAN_POINT('',(-0.208705983851011,0.0517598578400772,0.0325));
#11744=CARTESIAN_POINT('',(-0.210430591669245,0.08046866978126,0.0325));
#11745=CARTESIAN_POINT('',(-0.210430591669245,0.0795088423321586,0.0325));
#11746=CARTESIAN_POINT('',(-0.210430591669245,0.0795088423321586,0.0325));
#11747=CARTESIAN_POINT('',(-0.210430591669245,0.08046866978126,0.0325));
#11748=CARTESIAN_POINT('',(-0.210430591669245,0.0814284972303613,0.0325));
#11749=CARTESIAN_POINT('',(-0.210430591669245,0.0814284972303613,0.0325));
#11750=CARTESIAN_POINT('',(-0.209843973174575,0.0795088423321586,0.0325));
#11751=CARTESIAN_POINT('',(-0.209257354679904,0.0795088423321586,0.0325));
#11752=CARTESIAN_POINT('',(-0.209257354679904,0.0795088423321586,0.0325));
#11753=CARTESIAN_POINT('',(-0.209843973174575,0.0795088423321586,0.0325));
#11754=CARTESIAN_POINT('',(-0.209257354679904,0.0796119387284101,0.0325));
#11755=CARTESIAN_POINT('',(-0.209257354679904,0.0797150351246616,0.0325));
#11756=CARTESIAN_POINT('',(-0.209257354679904,0.0797150351246616,0.0325));
#11757=CARTESIAN_POINT('',(-0.209257354679904,0.0796119387284101,0.0325));
#11758=CARTESIAN_POINT('',(-0.209727886632395,0.0797150351246616,0.0325));
#11759=CARTESIAN_POINT('',(-0.210198418584887,0.0797150351246616,0.0325));
#11760=CARTESIAN_POINT('',(-0.210198418584887,0.0797150351246616,0.0325));
#11761=CARTESIAN_POINT('',(-0.209727886632395,0.0797150351246616,0.0325));
#11762=CARTESIAN_POINT('',(-0.210198418584887,0.0800412321224013,0.0325));
#11763=CARTESIAN_POINT('',(-0.210198418584887,0.080367429120141,0.0325));
#11764=CARTESIAN_POINT('',(-0.210198418584887,0.080367429120141,0.0325));
#11765=CARTESIAN_POINT('',(-0.210198418584887,0.0800412321224013,0.0325));
#11766=CARTESIAN_POINT('',(-0.20976541372063,0.080367429120141,0.0325));
#11767=CARTESIAN_POINT('',(-0.209332408856374,0.080367429120141,0.0325));
#11768=CARTESIAN_POINT('',(-0.209332408856374,0.080367429120141,0.0325));
#11769=CARTESIAN_POINT('',(-0.20976541372063,0.080367429120141,0.0325));
#11770=CARTESIAN_POINT('',(-0.209332408856374,0.0804705255163925,0.0325));
#11771=CARTESIAN_POINT('',(-0.209332408856374,0.080573621912644,0.0325));
#11772=CARTESIAN_POINT('',(-0.209332408856374,0.080573621912644,0.0325));
#11773=CARTESIAN_POINT('',(-0.209332408856374,0.0804705255163925,0.0325));
#11774=CARTESIAN_POINT('',(-0.20976541372063,0.080573621912644,0.0325));
#11775=CARTESIAN_POINT('',(-0.210198418584887,0.080573621912644,0.0325));
#11776=CARTESIAN_POINT('',(-0.210198418584887,0.080573621912644,0.0325));
#11777=CARTESIAN_POINT('',(-0.20976541372063,0.080573621912644,0.0325));
#11778=CARTESIAN_POINT('',(-0.210198418584887,0.0808979631752512,0.0325));
#11779=CARTESIAN_POINT('',(-0.210198418584887,0.0812223044378583,0.0325));
#11780=CARTESIAN_POINT('',(-0.210198418584887,0.0812223044378583,0.0325));
#11781=CARTESIAN_POINT('',(-0.210198418584887,0.0808979631752512,0.0325));
#11782=CARTESIAN_POINT('',(-0.209735309572925,0.0812223044378583,0.0325));
#11783=CARTESIAN_POINT('',(-0.209272200560964,0.0812223044378583,0.0325));
#11784=CARTESIAN_POINT('',(-0.209272200560964,0.0812223044378583,0.0325));
#11785=CARTESIAN_POINT('',(-0.209735309572925,0.0812223044378583,0.0325));
#11786=CARTESIAN_POINT('',(-0.209272200560964,0.0813254008341098,0.0325));
#11787=CARTESIAN_POINT('',(-0.209272200560964,0.0814284972303613,0.0325));
#11788=CARTESIAN_POINT('',(-0.209272200560964,0.0814284972303613,0.0325));
#11789=CARTESIAN_POINT('',(-0.209272200560964,0.0813254008341098,0.0325));
#11790=CARTESIAN_POINT('',(-0.209851396115105,0.0814284972303613,0.0325));
#11791=CARTESIAN_POINT('',(-0.209851396115105,0.0814284972303613,0.0325));
#11792=CARTESIAN_POINT('',(-0.208705983851011,0.0517598578400772,0.0325));
#11793=CARTESIAN_POINT('',(-0.208110097982417,0.08046866978126,0.0325));
#11794=CARTESIAN_POINT('',(-0.208110097982417,0.0795088423321586,0.0325));
#11795=CARTESIAN_POINT('',(-0.208110097982417,0.0795088423321586,0.0325));
#11796=CARTESIAN_POINT('',(-0.208110097982417,0.08046866978126,0.0325));
#11797=CARTESIAN_POINT('',(-0.208110097982417,0.0814284972303613,0.0325));
#11798=CARTESIAN_POINT('',(-0.208110097982417,0.0814284972303613,0.0325));
#11799=CARTESIAN_POINT('',(-0.207547810237261,0.0795088423321586,0.0325));
#11800=CARTESIAN_POINT('',(-0.206985522492106,0.0795088423321586,0.0325));
#11801=CARTESIAN_POINT('',(-0.206985522492106,0.0795088423321586,0.0325));
#11802=CARTESIAN_POINT('',(-0.207547810237261,0.0795088423321586,0.0325));
#11803=CARTESIAN_POINT('',(-0.206985522492106,0.0796119387284101,0.0325));
#11804=CARTESIAN_POINT('',(-0.206985522492106,0.0797150351246616,0.0325));
#11805=CARTESIAN_POINT('',(-0.206985522492106,0.0797150351246616,0.0325));
#11806=CARTESIAN_POINT('',(-0.206985522492106,0.0796119387284101,0.0325));
#11807=CARTESIAN_POINT('',(-0.207431723695082,0.0797150351246616,0.0325));
#11808=CARTESIAN_POINT('',(-0.207877924898059,0.0797150351246616,0.0325));
#11809=CARTESIAN_POINT('',(-0.207877924898059,0.0797150351246616,0.0325));
#11810=CARTESIAN_POINT('',(-0.207431723695082,0.0797150351246616,0.0325));
#11811=CARTESIAN_POINT('',(-0.207877924898059,0.0805717661775115,0.0325));
#11812=CARTESIAN_POINT('',(-0.207877924898059,0.0814284972303613,0.0325));
#11813=CARTESIAN_POINT('',(-0.207877924898059,0.0814284972303613,0.0325));
#11814=CARTESIAN_POINT('',(-0.207877924898059,0.0805717661775115,0.0325));
#11815=CARTESIAN_POINT('',(-0.207994011440238,0.0814284972303613,0.0325));
#11816=CARTESIAN_POINT('',(-0.207994011440238,0.0814284972303613,0.0325));
#11817=CARTESIAN_POINT('',(-0.208705983851011,0.0517598578400772,0.0325));
#11818=CARTESIAN_POINT('',(-0.205883215823384,0.08046866978126,0.0325));
#11819=CARTESIAN_POINT('',(-0.205883215823384,0.0795088423321586,0.0325));
#11820=CARTESIAN_POINT('',(-0.205883215823384,0.0795088423321586,0.0325));
#11821=CARTESIAN_POINT('',(-0.205883215823384,0.08046866978126,0.0325));
#11822=CARTESIAN_POINT('',(-0.205883215823384,0.0814284972303613,0.0325));
#11823=CARTESIAN_POINT('',(-0.205883215823384,0.0814284972303613,0.0325));
#11824=CARTESIAN_POINT('',(-0.205296597328714,0.0795088423321586,0.0325));
#11825=CARTESIAN_POINT('',(-0.204709978834043,0.0795088423321586,0.0325));
#11826=CARTESIAN_POINT('',(-0.204709978834043,0.0795088423321586,0.0325));
#11827=CARTESIAN_POINT('',(-0.205296597328714,0.0795088423321586,0.0325));
#11828=CARTESIAN_POINT('',(-0.204709978834043,0.0796119387284101,0.0325));
#11829=CARTESIAN_POINT('',(-0.204709978834043,0.0797150351246616,0.0325));
#11830=CARTESIAN_POINT('',(-0.204709978834043,0.0797150351246616,0.0325));
#11831=CARTESIAN_POINT('',(-0.204709978834043,0.0796119387284101,0.0325));
#11832=CARTESIAN_POINT('',(-0.205180510786535,0.0797150351246616,0.0325));
#11833=CARTESIAN_POINT('',(-0.205651042739027,0.0797150351246616,0.0325));
#11834=CARTESIAN_POINT('',(-0.205651042739027,0.0797150351246616,0.0325));
#11835=CARTESIAN_POINT('',(-0.205180510786535,0.0797150351246616,0.0325));
#11836=CARTESIAN_POINT('',(-0.205651042739027,0.0800412321224013,0.0325));
#11837=CARTESIAN_POINT('',(-0.205651042739027,0.080367429120141,0.0325));
#11838=CARTESIAN_POINT('',(-0.205651042739027,0.080367429120141,0.0325));
#11839=CARTESIAN_POINT('',(-0.205651042739027,0.0800412321224013,0.0325));
#11840=CARTESIAN_POINT('',(-0.20521803787477,0.080367429120141,0.0325));
#11841=CARTESIAN_POINT('',(-0.204785033010514,0.080367429120141,0.0325));
#11842=CARTESIAN_POINT('',(-0.204785033010514,0.080367429120141,0.0325));
#11843=CARTESIAN_POINT('',(-0.20521803787477,0.080367429120141,0.0325));
#11844=CARTESIAN_POINT('',(-0.204785033010514,0.0804705255163925,0.0325));
#11845=CARTESIAN_POINT('',(-0.204785033010514,0.080573621912644,0.0325));
#11846=CARTESIAN_POINT('',(-0.204785033010514,0.080573621912644,0.0325));
#11847=CARTESIAN_POINT('',(-0.204785033010514,0.0804705255163925,0.0325));
#11848=CARTESIAN_POINT('',(-0.20521803787477,0.080573621912644,0.0325));
#11849=CARTESIAN_POINT('',(-0.205651042739027,0.080573621912644,0.0325));
#11850=CARTESIAN_POINT('',(-0.205651042739027,0.080573621912644,0.0325));
#11851=CARTESIAN_POINT('',(-0.20521803787477,0.080573621912644,0.0325));
#11852=CARTESIAN_POINT('',(-0.205651042739027,0.0808979631752512,0.0325));
#11853=CARTESIAN_POINT('',(-0.205651042739027,0.0812223044378583,0.0325));
#11854=CARTESIAN_POINT('',(-0.205651042739027,0.0812223044378583,0.0325));
#11855=CARTESIAN_POINT('',(-0.205651042739027,0.0808979631752512,0.0325));
#11856=CARTESIAN_POINT('',(-0.205187933727064,0.0812223044378583,0.0325));
#11857=CARTESIAN_POINT('',(-0.204724824715103,0.0812223044378583,0.0325));
#11858=CARTESIAN_POINT('',(-0.204724824715103,0.0812223044378583,0.0325));
#11859=CARTESIAN_POINT('',(-0.205187933727064,0.0812223044378583,0.0325));
#11860=CARTESIAN_POINT('',(-0.204724824715103,0.0813254008341098,0.0325));
#11861=CARTESIAN_POINT('',(-0.204724824715103,0.0814284972303613,0.0325));
#11862=CARTESIAN_POINT('',(-0.204724824715103,0.0814284972303613,0.0325));
#11863=CARTESIAN_POINT('',(-0.204724824715103,0.0813254008341098,0.0325));
#11864=CARTESIAN_POINT('',(-0.205304020269244,0.0814284972303613,0.0325));
#11865=CARTESIAN_POINT('',(-0.205304020269244,0.0814284972303613,0.0325));
#11866=CARTESIAN_POINT('',(-0.208705983851011,0.0517598578400772,0.0325));
#11867=CARTESIAN_POINT('',(-0.20213463085568,0.0808284762041777,0.0325));
#11868=CARTESIAN_POINT('',(-0.202018596878435,0.0808284762041777,0.0325));
#11869=CARTESIAN_POINT('',(-0.202018596878435,0.0808284762041777,0.0325));
#11870=CARTESIAN_POINT('',(-0.20213463085568,0.0808284762041777,0.0325));
#11871=CARTESIAN_POINT('',(-0.202251120474966,0.0808284762041777,0.0325));
#11872=CARTESIAN_POINT('',(-0.202251120474966,0.0808284762041777,0.0325));
#11873=CARTESIAN_POINT('',(-0.202780931868197,0.080702460221244,0.0325));
#11874=CARTESIAN_POINT('',(-0.20211401157643,0.081092196785789,0.0325));
#11875=CARTESIAN_POINT('',(-0.202113942652149,0.0810922363767751,0.0325));
#11876=CARTESIAN_POINT('',(-0.202780931868197,0.080702460221244,0.0325));
#11877=CARTESIAN_POINT('',(-0.202731037310938,0.0807263725213809,0.0325));
#11878=CARTESIAN_POINT('',(-0.202286388750963,0.0812891109026293,0.0325));
#11879=CARTESIAN_POINT('',(-0.202286376325073,0.0812891266455156,0.0325));
#11880=CARTESIAN_POINT('',(-0.202731037310938,0.0807263725213809,0.0325));
#11881=CARTESIAN_POINT('',(-0.202747981198937,0.0807018952768849,0.0325));
#11882=CARTESIAN_POINT('',(-0.202517324678566,0.0814124141925461,0.0325));
#11883=CARTESIAN_POINT('',(-0.202517313074428,0.0814124506699785,0.0325));
#11884=CARTESIAN_POINT('',(-0.202747981198937,0.0807018952768849,0.0325));
#11885=CARTESIAN_POINT('',(-0.202783662081079,0.0805846346704493,0.0325));
#11886=CARTESIAN_POINT('',(-0.202790736321425,0.0814544775222167,0.0325));
#11887=CARTESIAN_POINT('',(-0.202790739440638,0.0814541837038647,0.0325));
#11888=CARTESIAN_POINT('',(-0.202783662081079,0.0805846346704493,0.0325));
#11889=CARTESIAN_POINT('',(-0.202806347755929,0.0806508172144314,0.0325));
#11890=CARTESIAN_POINT('',(-0.203227246463154,0.08133447331698,0.0325));
#11891=CARTESIAN_POINT('',(-0.203227358037015,0.0813346524612014,0.0325));
#11892=CARTESIAN_POINT('',(-0.202806347755929,0.0806508172144314,0.0325));
#11893=CARTESIAN_POINT('',(-0.202782652816828,0.0806415653845312,0.0325));
#11894=CARTESIAN_POINT('',(-0.203528081747416,0.08099343043818,0.0325));
#11895=CARTESIAN_POINT('',(-0.203528081747416,0.08099343043818,0.0325));
#11896=CARTESIAN_POINT('',(-0.202782652816828,0.0806415653845312,0.0325));
#11897=CARTESIAN_POINT('',(-0.203637776313027,0.0804684635884675,0.0325));
#11898=CARTESIAN_POINT('',(-0.203637776313027,0.0804684635884675,0.033));
#11899=CARTESIAN_POINT('',(-0.203637776313027,0.0806710823725671,0.0325));
#11900=CARTESIAN_POINT('',(-0.203637776313027,0.0806710823725671,0.033));
#11901=CARTESIAN_POINT('',(-0.203601211457824,0.0808460713224713,0.0325));
#11902=CARTESIAN_POINT('',(-0.203601211457824,0.0808460713224713,0.033));
#11903=CARTESIAN_POINT('',(-0.203528081747416,0.08099343043818,0.0325));
#11904=CARTESIAN_POINT('',(-0.203528081747416,0.08099343043818,0.033));
#11905=CARTESIAN_POINT('',(-0.203637776313027,0.0804684635884675,0.0325));
#11906=CARTESIAN_POINT('',(-0.203637776313027,0.0804684635884675,0.0325));
#11907=CARTESIAN_POINT('',(-0.203637776313027,0.0804684635884675,0.0325));
#11908=CARTESIAN_POINT('',(-0.203637776313027,0.0807723917646169,0.0325));
#11909=CARTESIAN_POINT('',(-0.203528081747416,0.08099343043818,0.0325));
#11910=CARTESIAN_POINT('',(-0.203528081747416,0.0799437029315474,0.0325));
#11911=CARTESIAN_POINT('',(-0.203528081747416,0.0799437029315474,0.033));
#11912=CARTESIAN_POINT('',(-0.203601211457824,0.0800911995091179,0.0325));
#11913=CARTESIAN_POINT('',(-0.203601211457824,0.0800911995091179,0.033));
#11914=CARTESIAN_POINT('',(-0.203637776313027,0.0802661197280912,0.0325));
#11915=CARTESIAN_POINT('',(-0.203637776313027,0.0802661197280912,0.033));
#11916=CARTESIAN_POINT('',(-0.203637776313027,0.0804684635884675,0.0325));
#11917=CARTESIAN_POINT('',(-0.203637776313027,0.0804684635884675,0.033));
#11918=CARTESIAN_POINT('',(-0.203528081747416,0.0799437029315474,0.0325));
#11919=CARTESIAN_POINT('',(-0.203528081747416,0.0799437029315474,0.0325));
#11920=CARTESIAN_POINT('',(-0.203528081747416,0.0799437029315474,0.0325));
#11921=CARTESIAN_POINT('',(-0.203637776313027,0.0801649477979031,0.0325));
#11922=CARTESIAN_POINT('',(-0.203637776313027,0.0804684635884675,0.0325));
#11923=CARTESIAN_POINT('',(-0.202782696793738,0.0802950878050036,0.0325));
#11924=CARTESIAN_POINT('',(-0.203227246463154,0.079602453859955,0.0325));
#11925=CARTESIAN_POINT('',(-0.203227361011113,0.0796022737726255,0.0325));
#11926=CARTESIAN_POINT('',(-0.202782696793738,0.0802950878050036,0.0325));
#11927=CARTESIAN_POINT('',(-0.202806347755933,0.0802861099624913,0.0325));
#11928=CARTESIAN_POINT('',(-0.202790736321425,0.0794824496547183,0.0325));
#11929=CARTESIAN_POINT('',(-0.202790743491271,0.079482743541723,0.0325));
#11930=CARTESIAN_POINT('',(-0.202806347755933,0.0802861099624913,0.0325));
#11931=CARTESIAN_POINT('',(-0.202783688420065,0.0803483905392395,0.0325));
#11932=CARTESIAN_POINT('',(-0.202517324678566,0.0795247191771814,0.0325));
#11933=CARTESIAN_POINT('',(-0.202517313441092,0.0795246838742744,0.0325));
#11934=CARTESIAN_POINT('',(-0.202783688420065,0.0803483905392395,0.0325));
#11935=CARTESIAN_POINT('',(-0.202750761718424,0.0802404807129611,0.0325));
#11936=CARTESIAN_POINT('',(-0.202286388750963,0.0796480224670982,0.0325));
#11937=CARTESIAN_POINT('',(-0.2022863730727,0.0796480025108325,0.0325));
#11938=CARTESIAN_POINT('',(-0.202750761718424,0.0802404807129611,0.0325));
#11939=CARTESIAN_POINT('',(-0.202726833611497,0.0802062485389525,0.0325));
#11940=CARTESIAN_POINT('',(-0.20211401157643,0.0798453489695235,0.0325));
#11941=CARTESIAN_POINT('',(-0.2021139578343,0.0798453179791539,0.0325));
#11942=CARTESIAN_POINT('',(-0.202726833611497,0.0802062485389525,0.0325));
#11943=CARTESIAN_POINT('',(-0.202786737687593,0.0802374167429074,0.0325));
#11944=CARTESIAN_POINT('',(-0.202018574104482,0.0801088633583423,0.0325));
#11945=CARTESIAN_POINT('',(-0.202018574104482,0.0801088633583423,0.0325));
#11946=CARTESIAN_POINT('',(-0.202786737687593,0.0802374167429074,0.0325));
#11947=CARTESIAN_POINT('',(-0.20213463085568,0.0801088633583423,0.0325));
#11948=CARTESIAN_POINT('',(-0.202251096183044,0.0801088633583423,0.0325));
#11949=CARTESIAN_POINT('',(-0.202251096183044,0.0801088633583423,0.0325));
#11950=CARTESIAN_POINT('',(-0.20213463085568,0.0801088633583423,0.0325));
#11951=CARTESIAN_POINT('',(-0.202737706568258,0.0802034970111769,0.0325));
#11952=CARTESIAN_POINT('',(-0.202322472489651,0.0799329809063373,0.0325));
#11953=CARTESIAN_POINT('',(-0.202322431068505,0.0799329543256774,0.0325));
#11954=CARTESIAN_POINT('',(-0.202737706568258,0.0802034970111769,0.0325));
#11955=CARTESIAN_POINT('',(-0.202730987725181,0.0802023156797839,0.0325));
#11956=CARTESIAN_POINT('',(-0.202446188165153,0.0798045227966079,0.0325));
#11957=CARTESIAN_POINT('',(-0.202446180061966,0.0798045114630854,0.0325));
#11958=CARTESIAN_POINT('',(-0.202730987725181,0.0802023156797839,0.0325));
#11959=CARTESIAN_POINT('',(-0.202758751947734,0.0802436991800907,0.0325));
#11960=CARTESIAN_POINT('',(-0.202607018543305,0.0797263757282493,0.0325));
#11961=CARTESIAN_POINT('',(-0.202607018633264,0.0797263761534577,0.0325));
#11962=CARTESIAN_POINT('',(-0.202758751947734,0.0802436991800907,0.0325));
#11963=CARTESIAN_POINT('',(-0.202788044043931,0.0803411703684753,0.0325));
#11964=CARTESIAN_POINT('',(-0.202790736321425,0.0797001892436014,0.0325));
#11965=CARTESIAN_POINT('',(-0.202790737523828,0.0797003227143786,0.0325));
#11966=CARTESIAN_POINT('',(-0.202788044043931,0.0803411703684753,0.0325));
#11967=CARTESIAN_POINT('',(-0.20279851335098,0.0802826447468449,0.0325));
#11968=CARTESIAN_POINT('',(-0.203105798908369,0.0797882335660002,0.0325));
#11969=CARTESIAN_POINT('',(-0.203105945236868,0.0797880059154021,0.0325));
#11970=CARTESIAN_POINT('',(-0.20279851335098,0.0802826447468449,0.0325));
#11971=CARTESIAN_POINT('',(-0.202773631263232,0.0802987354103014,0.0325));
#11972=CARTESIAN_POINT('',(-0.203329930473821,0.0800478302917614,0.0325));
#11973=CARTESIAN_POINT('',(-0.203329930473821,0.0800478302917614,0.0325));
#11974=CARTESIAN_POINT('',(-0.202773631263232,0.0802987354103014,0.0325));
#11975=CARTESIAN_POINT('',(-0.203413026169199,0.0804684635884675,0.0325));
#11976=CARTESIAN_POINT('',(-0.203413026169199,0.0804684635884675,0.033));
#11977=CARTESIAN_POINT('',(-0.203413026169199,0.0803024096595718,0.0325));
#11978=CARTESIAN_POINT('',(-0.203413026169199,0.0803024096595718,0.033));
#11979=CARTESIAN_POINT('',(-0.203385327604073,0.0801621985606697,0.0325));
#11980=CARTESIAN_POINT('',(-0.203385327604073,0.0801621985606697,0.033));
#11981=CARTESIAN_POINT('',(-0.203329930473821,0.0800478302917614,0.0325));
#11982=CARTESIAN_POINT('',(-0.203329930473821,0.0800478302917614,0.033));
#11983=CARTESIAN_POINT('',(-0.203413026169199,0.0804684635884675,0.0325));
#11984=CARTESIAN_POINT('',(-0.203413026169199,0.0804684635884675,0.0325));
#11985=CARTESIAN_POINT('',(-0.203413026169199,0.0804684635884675,0.0325));
#11986=CARTESIAN_POINT('',(-0.203413026169199,0.0802193826951239,0.0325));
#11987=CARTESIAN_POINT('',(-0.203329930473821,0.0800478302917614,0.0325));
#11988=CARTESIAN_POINT('',(-0.203329930473821,0.0808895092707585,0.0325));
#11989=CARTESIAN_POINT('',(-0.203329930473821,0.0808895092707585,0.033));
#11990=CARTESIAN_POINT('',(-0.203385327604073,0.0807751410018502,0.0325));
#11991=CARTESIAN_POINT('',(-0.203385327604073,0.0807751410018502,0.033));
#11992=CARTESIAN_POINT('',(-0.203413026169199,0.0806347924410866,0.0325));
#11993=CARTESIAN_POINT('',(-0.203413026169199,0.0806347924410866,0.033));
#11994=CARTESIAN_POINT('',(-0.203413026169199,0.0804684635884675,0.0325));
#11995=CARTESIAN_POINT('',(-0.203413026169199,0.0804684635884675,0.033));
#11996=CARTESIAN_POINT('',(-0.203329930473821,0.0808895092707585,0.0325));
#11997=CARTESIAN_POINT('',(-0.203329930473821,0.0808895092707585,0.0325));
#11998=CARTESIAN_POINT('',(-0.203329930473821,0.0808895092707585,0.0325));
#11999=CARTESIAN_POINT('',(-0.203413026169199,0.0807179568673961,0.0325));
#12000=CARTESIAN_POINT('',(-0.203413026169199,0.0804684635884675,0.0325));
#12001=CARTESIAN_POINT('',(-0.202773631263232,0.0806386041522182,0.0325));
#12002=CARTESIAN_POINT('',(-0.203105798908369,0.0811491059965198,0.0325));
#12003=CARTESIAN_POINT('',(-0.203105947629377,0.0811493321784255,0.0325));
#12004=CARTESIAN_POINT('',(-0.202773631263232,0.0806386041522182,0.0325));
#12005=CARTESIAN_POINT('',(-0.20279851335098,0.0806546948156749,0.0325));
#12006=CARTESIAN_POINT('',(-0.202790736321425,0.0812371503189186,0.0325));
#12007=CARTESIAN_POINT('',(-0.202790738695526,0.0812370168381289,0.0325));
#12008=CARTESIAN_POINT('',(-0.20279851335098,0.0806546948156749,0.0325));
#12009=CARTESIAN_POINT('',(-0.202788044043931,0.0805961691940451,0.0325));
#12010=CARTESIAN_POINT('',(-0.202607018543305,0.0812109638342707,0.0325));
#12011=CARTESIAN_POINT('',(-0.202607018446369,0.0812109640573488,0.0325));
#12012=CARTESIAN_POINT('',(-0.202788044043931,0.0805961691940451,0.0325));
#12013=CARTESIAN_POINT('',(-0.202758013180057,0.0806963354851764,0.0325));
#12014=CARTESIAN_POINT('',(-0.202446188165153,0.0811326105731196,0.0325));
#12015=CARTESIAN_POINT('',(-0.202446180989481,0.0811326206072495,0.0325));
#12016=CARTESIAN_POINT('',(-0.202758013180057,0.0806963354851764,0.0325));
#12017=CARTESIAN_POINT('',(-0.202735451257593,0.0807295603949554,0.0325));
#12018=CARTESIAN_POINT('',(-0.202322472489651,0.0810045648489752,0.0325));
#12019=CARTESIAN_POINT('',(-0.202322416260879,0.0810046013529264,0.0325));
#12020=CARTESIAN_POINT('',(-0.202735451257593,0.0807295603949554,0.0325));
#12021=CARTESIAN_POINT('',(-0.202732129762741,0.0807365501728247,0.0325));
#12022=CARTESIAN_POINT('',(-0.202732129762741,0.0807365501728247,0.0325));
#12023=CARTESIAN_POINT('',(-0.208705983851011,0.0517598578400772,0.0325));
#12024=CARTESIAN_POINT('',(-0.20100593150952,0.0813254008341098,0.0325));
#12025=CARTESIAN_POINT('',(-0.20100593150952,0.0812223044378583,0.0325));
#12026=CARTESIAN_POINT('',(-0.20100593150952,0.0812223044378583,0.0325));
#12027=CARTESIAN_POINT('',(-0.20100593150952,0.0813254008341098,0.0325));
#12028=CARTESIAN_POINT('',(-0.20100593150952,0.0814284972303613,0.0325));
#12029=CARTESIAN_POINT('',(-0.20100593150952,0.0814284972303613,0.0325));
#12030=CARTESIAN_POINT('',(-0.200704065261295,0.0812223044378583,0.0325));
#12031=CARTESIAN_POINT('',(-0.20040219901307,0.0812223044378583,0.0325));
#12032=CARTESIAN_POINT('',(-0.20040219901307,0.0812223044378583,0.0325));
#12033=CARTESIAN_POINT('',(-0.200704065261295,0.0812223044378583,0.0325));
#12034=CARTESIAN_POINT('',(-0.20040219901307,0.0803655733850085,0.0325));
#12035=CARTESIAN_POINT('',(-0.20040219901307,0.0795088423321586,0.0325));
#12036=CARTESIAN_POINT('',(-0.20040219901307,0.0795088423321586,0.0325));
#12037=CARTESIAN_POINT('',(-0.20040219901307,0.0803655733850085,0.0325));
#12038=CARTESIAN_POINT('',(-0.200286112470891,0.0795088423321586,0.0325));
#12039=CARTESIAN_POINT('',(-0.200170025928712,0.0795088423321586,0.0325));
#12040=CARTESIAN_POINT('',(-0.200170025928712,0.0795088423321586,0.0325));
#12041=CARTESIAN_POINT('',(-0.200286112470891,0.0795088423321586,0.0325));
#12042=CARTESIAN_POINT('',(-0.200170025928712,0.0803655733850085,0.0325));
#12043=CARTESIAN_POINT('',(-0.200170025928712,0.0812223044378583,0.0325));
#12044=CARTESIAN_POINT('',(-0.200170025928712,0.0812223044378583,0.0325));
#12045=CARTESIAN_POINT('',(-0.200170025928712,0.0803655733850085,0.0325));
#12046=CARTESIAN_POINT('',(-0.199868159680488,0.0812223044378583,0.0325));
#12047=CARTESIAN_POINT('',(-0.199566293432264,0.0812223044378583,0.0325));
#12048=CARTESIAN_POINT('',(-0.199566293432264,0.0812223044378583,0.0325));
#12049=CARTESIAN_POINT('',(-0.199868159680488,0.0812223044378583,0.0325));
#12050=CARTESIAN_POINT('',(-0.199566293432264,0.0813254008341098,0.0325));
#12051=CARTESIAN_POINT('',(-0.199566293432264,0.0814284972303613,0.0325));
#12052=CARTESIAN_POINT('',(-0.199566293432264,0.0814284972303613,0.0325));
#12053=CARTESIAN_POINT('',(-0.199566293432264,0.0813254008341098,0.0325));
#12054=CARTESIAN_POINT('',(-0.200286112470891,0.0814284972303613,0.0325));
#12055=CARTESIAN_POINT('',(-0.200286112470891,0.0814284972303613,0.0325));
#12056=CARTESIAN_POINT('',(-0.208705983851011,0.0517598578400772,0.0325));
#12057=CARTESIAN_POINT('',(-0.198231813679184,0.0798837008289291,0.0325));
#12058=CARTESIAN_POINT('',(-0.198231813679184,0.0802585593256995,0.0325));
#12059=CARTESIAN_POINT('',(-0.198231813679184,0.0802585593256995,0.0325));
#12060=CARTESIAN_POINT('',(-0.198231813679184,0.0798837008289291,0.0325));
#12061=CARTESIAN_POINT('',(-0.198231813679184,0.0795088423321586,0.0325));
#12062=CARTESIAN_POINT('',(-0.198231813679184,0.0795088423321586,0.0325));
#12063=CARTESIAN_POINT('',(-0.198021909416417,0.0802585593256995,0.0325));
#12064=CARTESIAN_POINT('',(-0.197812005153648,0.0802585593256995,0.0325));
#12065=CARTESIAN_POINT('',(-0.197812003715441,0.080258484083037,0.0325));
#12066=CARTESIAN_POINT('',(-0.198021909416417,0.0802585593256995,0.0325));
#12067=CARTESIAN_POINT('',(-0.197787327952573,0.0802588804715999,0.0324999999978536));
#12068=CARTESIAN_POINT('',(-0.197762885797421,0.0802593476650791,0.0325));
#12069=CARTESIAN_POINT('',(-0.197762885797421,0.0802593476650791,0.0325));
#12070=CARTESIAN_POINT('',(-0.197787327952573,0.0802588804715999,0.0325));
#12071=CARTESIAN_POINT('',(-0.197560673932381,0.079884170194096,0.0325));
#12072=CARTESIAN_POINT('',(-0.197358381010142,0.0795088423321586,0.0325));
#12073=CARTESIAN_POINT('',(-0.197358381010142,0.0795088423321586,0.0325));
#12074=CARTESIAN_POINT('',(-0.197560673932381,0.079884170194096,0.0325));
#12075=CARTESIAN_POINT('',(-0.197223324731053,0.0795088423321586,0.0325));
#12076=CARTESIAN_POINT('',(-0.197088268451963,0.0795088423321586,0.0325));
#12077=CARTESIAN_POINT('',(-0.197088268451963,0.0795088423321586,0.0325));
#12078=CARTESIAN_POINT('',(-0.197223324731053,0.0795088423321586,0.0325));
#12079=CARTESIAN_POINT('',(-0.197305056896643,0.0799047415791694,0.0325));
#12080=CARTESIAN_POINT('',(-0.197521853807293,0.0803006562867395,0.0325));
#12081=CARTESIAN_POINT('',(-0.197521853807293,0.0803006562867395,0.0325));
#12082=CARTESIAN_POINT('',(-0.197305056896643,0.0799047415791694,0.0325));
#12083=CARTESIAN_POINT('',(-0.197701367840217,0.0808287798983932,0.0325));
#12084=CARTESIAN_POINT('',(-0.197445394368578,0.0803332011165855,0.0325));
#12085=CARTESIAN_POINT('',(-0.197445488687926,0.0803333935242493,0.0325));
#12086=CARTESIAN_POINT('',(-0.197701367840217,0.0808287798983932,0.0325));
#12087=CARTESIAN_POINT('',(-0.1976600688801,0.0807698178428534,0.0325));
#12088=CARTESIAN_POINT('',(-0.197232603406715,0.0805389815235035,0.0325));
#12089=CARTESIAN_POINT('',(-0.197232419425517,0.0805388845897495,0.0325));
#12090=CARTESIAN_POINT('',(-0.1976600688801,0.0807698178428534,0.0325));
#12091=CARTESIAN_POINT('',(-0.197798270011254,0.0808257396473267,0.0325));
#12092=CARTESIAN_POINT('',(-0.197163790951872,0.0808388783704657,0.0325));
#12093=CARTESIAN_POINT('',(-0.197163790951872,0.0808388783704657,0.0325));
#12094=CARTESIAN_POINT('',(-0.197798270011254,0.0808257396473267,0.0325));
#12095=CARTESIAN_POINT('',(-0.197810139593564,0.0808528242509943,0.0325));
#12096=CARTESIAN_POINT('',(-0.197232603406715,0.0811425078271597,0.0325));
#12097=CARTESIAN_POINT('',(-0.197232431847819,0.0811425945608371,0.0325));
#12098=CARTESIAN_POINT('',(-0.197810139593564,0.0808528242509943,0.0325));
#12099=CARTESIAN_POINT('',(-0.197667469993347,0.0809110381600947,0.0325));
#12100=CARTESIAN_POINT('',(-0.197446219139748,0.0813519997043427,0.0325));
#12101=CARTESIAN_POINT('',(-0.197446219139748,0.0813519997043427,0.0325));
#12102=CARTESIAN_POINT('',(-0.197667469993347,0.0809110381600947,0.0325));
#12103=CARTESIAN_POINT('',(-0.197815716623914,0.0814284972303613,0.0325));
#12104=CARTESIAN_POINT('',(-0.197815716623914,0.0814284972303613,0.033));
#12105=CARTESIAN_POINT('',(-0.197665608270971,0.0814284972303613,0.0325));
#12106=CARTESIAN_POINT('',(-0.197665608270971,0.0814284972303613,0.033));
#12107=CARTESIAN_POINT('',(-0.197542442442916,0.0814029980550218,0.0325));
#12108=CARTESIAN_POINT('',(-0.197542442442916,0.0814029980550218,0.033));
#12109=CARTESIAN_POINT('',(-0.197446219139748,0.0813519997043427,0.0325));
#12110=CARTESIAN_POINT('',(-0.197446219139748,0.0813519997043427,0.033));
#12111=CARTESIAN_POINT('',(-0.197815716623914,0.0814284972303613,0.0325));
#12112=CARTESIAN_POINT('',(-0.197815716623914,0.0814284972303613,0.0325));
#12113=CARTESIAN_POINT('',(-0.197815716623914,0.0814284972303613,0.0325));
#12114=CARTESIAN_POINT('',(-0.1975905540945,0.0814284972303613,0.0325));
#12115=CARTESIAN_POINT('',(-0.197446219139748,0.0813519997043427,0.0325));
#12116=CARTESIAN_POINT('',(-0.198139851693728,0.0814284972303613,0.0325));
#12117=CARTESIAN_POINT('',(-0.198463986763543,0.0814284972303613,0.0325));
#12118=CARTESIAN_POINT('',(-0.198463986763543,0.0814284972303613,0.0325));
#12119=CARTESIAN_POINT('',(-0.198139851693728,0.0814284972303613,0.0325));
#12120=CARTESIAN_POINT('',(-0.198463986763543,0.08046866978126,0.0325));
#12121=CARTESIAN_POINT('',(-0.198463986763543,0.0795088423321586,0.0325));
#12122=CARTESIAN_POINT('',(-0.198463986763543,0.0795088423321586,0.0325));
#12123=CARTESIAN_POINT('',(-0.198463986763543,0.08046866978126,0.0325));
#12124=CARTESIAN_POINT('',(-0.198025620886681,0.0804684635884675,0.0325));
#12125=CARTESIAN_POINT('',(-0.198025620886681,0.0804684635884675,0.033));
#12126=CARTESIAN_POINT('',(-0.198231813679184,0.0804684635884675,0.033));
#12127=CARTESIAN_POINT('',(-0.197819428094178,0.0804684635884675,0.033));
#12128=CARTESIAN_POINT('',(-0.198231813679184,0.0804684635884675,0.0325));
#12129=CARTESIAN_POINT('',(-0.198231813679184,0.0804684635884675,0.0325));
#12130=CARTESIAN_POINT('',(-0.198025620886681,0.0804684635884675,0.0325));
#12131=CARTESIAN_POINT('',(-0.197819428094178,0.0804684635884675,0.0325));
#12132=CARTESIAN_POINT('',(-0.197819428094178,0.0804684635884675,0.0325));
#12133=CARTESIAN_POINT('',(-0.198231813679184,0.0808453840131629,0.0325));
#12134=CARTESIAN_POINT('',(-0.198231813679184,0.0808453840131629,0.033));
#12135=CARTESIAN_POINT('',(-0.198231813679184,0.0812223044378583,0.033));
#12136=CARTESIAN_POINT('',(-0.198231813679184,0.0812223044378583,0.0325));
#12137=CARTESIAN_POINT('',(-0.198231813679184,0.0812223044378583,0.0325));
#12138=CARTESIAN_POINT('',(-0.198231813679184,0.0808453840131629,0.0325));
#12139=CARTESIAN_POINT('',(-0.198027476621814,0.0812223044378583,0.0325));
#12140=CARTESIAN_POINT('',(-0.198027476621814,0.0812223044378583,0.033));
#12141=CARTESIAN_POINT('',(-0.197823139564444,0.0812223044378583,0.033));
#12142=CARTESIAN_POINT('',(-0.197823139564444,0.0812223044378583,0.0325));
#12143=CARTESIAN_POINT('',(-0.197823139564444,0.0812223044378583,0.0325));
#12144=CARTESIAN_POINT('',(-0.198027476621814,0.0812223044378583,0.0325));
#12145=CARTESIAN_POINT('',(-0.197572821514345,0.0811748800955827,0.0325));
#12146=CARTESIAN_POINT('',(-0.197572821514345,0.0811748800955827,0.033));
#12147=CARTESIAN_POINT('',(-0.197636053970713,0.0812064963237664,0.0325));
#12148=CARTESIAN_POINT('',(-0.197636053970713,0.0812064963237664,0.033));
#12149=CARTESIAN_POINT('',(-0.197719493320745,0.0812223044378583,0.0325));
#12150=CARTESIAN_POINT('',(-0.197719493320745,0.0812223044378583,0.033));
#12151=CARTESIAN_POINT('',(-0.197823139564444,0.0812223044378583,0.0325));
#12152=CARTESIAN_POINT('',(-0.197823139564444,0.0812223044378583,0.033));
#12153=CARTESIAN_POINT('',(-0.197572821514345,0.0811748800955827,0.033));
#12154=CARTESIAN_POINT('',(-0.197667670198897,0.0812223044378583,0.033));
#12155=CARTESIAN_POINT('',(-0.197823139564444,0.0812223044378583,0.033));
#12156=CARTESIAN_POINT('',(-0.197572821514345,0.0811748800955827,0.033));
#12157=CARTESIAN_POINT('',(-0.197572821514345,0.0811748800955827,0.0325));
#12158=CARTESIAN_POINT('',(-0.197572821514345,0.0811748800955827,0.0325));
#12159=CARTESIAN_POINT('',(-0.197572821514345,0.0811748800955827,0.0325));
#12160=CARTESIAN_POINT('',(-0.197667670198897,0.0812223044378583,0.0325));
#12161=CARTESIAN_POINT('',(-0.197823139564444,0.0812223044378583,0.0325));
#12162=CARTESIAN_POINT('',(-0.197698375264402,0.0809060003109535,0.0325));
#12163=CARTESIAN_POINT('',(-0.197698375264402,0.0809060003109535,0.033));
#12164=CARTESIAN_POINT('',(-0.197434711681825,0.0810413495797073,0.033));
#12165=CARTESIAN_POINT('',(-0.19743487853616,0.0810412671660407,0.0325));
#12166=CARTESIAN_POINT('',(-0.197434711681825,0.0810413495797073,0.0325));
#12167=CARTESIAN_POINT('',(-0.197698375264402,0.0809060003109535,0.0325));
#12168=CARTESIAN_POINT('',(-0.19783892789201,0.0808511914085754,0.0325));
#12169=CARTESIAN_POINT('',(-0.19783892789201,0.0808511914085754,0.033));
#12170=CARTESIAN_POINT('',(-0.197392011367036,0.0808396139572092,0.033));
#12171=CARTESIAN_POINT('',(-0.197391784242528,0.0808396106149728,0.0325));
#12172=CARTESIAN_POINT('',(-0.197392011367036,0.0808396139572092,0.0325));
#12173=CARTESIAN_POINT('',(-0.19783892789201,0.0808511914085754,0.0325));
#12174=CARTESIAN_POINT('',(-0.197822579645135,0.0808267991771221,0.0325));
#12175=CARTESIAN_POINT('',(-0.197822579645135,0.0808267991771221,0.033));
#12176=CARTESIAN_POINT('',(-0.197434268776068,0.080641366745191,0.033));
#12177=CARTESIAN_POINT('',(-0.197434466150575,0.0806414593413775,0.0325));
#12178=CARTESIAN_POINT('',(-0.197434268776068,0.080641366745191,0.0325));
#12179=CARTESIAN_POINT('',(-0.197822579645135,0.0808267991771221,0.0325));
#12180=CARTESIAN_POINT('',(-0.197686913672669,0.0807756077999444,0.0325));
#12181=CARTESIAN_POINT('',(-0.197686913672669,0.0807756077999444,0.033));
#12182=CARTESIAN_POINT('',(-0.197571378164798,0.0805134136172331,0.033));
#12183=CARTESIAN_POINT('',(-0.197571378164798,0.0805134136172331,0.0325));
#12184=CARTESIAN_POINT('',(-0.197571378164798,0.0805134136172331,0.0325));
#12185=CARTESIAN_POINT('',(-0.197686913672669,0.0807756077999444,0.0325));
#12186=CARTESIAN_POINT('',(-0.197819428094178,0.0804684635884675,0.0325));
#12187=CARTESIAN_POINT('',(-0.197819428094178,0.0804684635884675,0.033));
#12188=CARTESIAN_POINT('',(-0.197716881545374,0.0804684635884675,0.0325));
#12189=CARTESIAN_POINT('',(-0.197716881545374,0.0804684635884675,0.033));
#12190=CARTESIAN_POINT('',(-0.19763419823558,0.0804834469313894,0.0325));
#12191=CARTESIAN_POINT('',(-0.19763419823558,0.0804834469313894,0.033));
#12192=CARTESIAN_POINT('',(-0.197571378164798,0.0805134136172331,0.0325));
#12193=CARTESIAN_POINT('',(-0.197571378164798,0.0805134136172331,0.033));
#12194=CARTESIAN_POINT('',(-0.197819428094178,0.0804684635884675,0.033));
#12195=CARTESIAN_POINT('',(-0.197665608270972,0.0804684635884675,0.033));
#12196=CARTESIAN_POINT('',(-0.197571378164798,0.0805134136172331,0.033));
#12197=CARTESIAN_POINT('',(-0.197819428094178,0.0804684635884675,0.0325));
#12198=CARTESIAN_POINT('',(-0.197665608270972,0.0804684635884675,0.0325));
#12199=CARTESIAN_POINT('',(-0.197571378164798,0.0805134136172331,0.0325));
#12200=CARTESIAN_POINT('',(-0.198347900221364,0.0795088423321586,0.0325));
#12201=CARTESIAN_POINT('',(-0.198347900221364,0.0795088423321586,0.0325));
#12202=CARTESIAN_POINT('',(-0.208705983851011,0.0517598578400772,0.0325));
#12203=CARTESIAN_POINT('',(-0.197951849014989,0.0517598578400772,0.033));
#12204=CARTESIAN_POINT('',(-0.191760659079271,0.08046866978126,0.0325));
#12205=CARTESIAN_POINT('',(-0.191760659079271,0.0814284972303613,0.0325));
#12206=CARTESIAN_POINT('',(-0.191760659079271,0.0814284972303613,0.0325));
#12207=CARTESIAN_POINT('',(-0.191760659079271,0.08046866978126,0.0325));
#12208=CARTESIAN_POINT('',(-0.191760659079271,0.0795088423321586,0.0325));
#12209=CARTESIAN_POINT('',(-0.191760659079271,0.0795088423321586,0.0325));
#12210=CARTESIAN_POINT('',(-0.19187509607911,0.0814284972303613,0.0325));
#12211=CARTESIAN_POINT('',(-0.19198953307895,0.0814284972303613,0.0325));
#12212=CARTESIAN_POINT('',(-0.19198953307895,0.0814284972303613,0.0325));
#12213=CARTESIAN_POINT('',(-0.19187509607911,0.0814284972303613,0.0325));
#12214=CARTESIAN_POINT('',(-0.19198953307895,0.0806730068386304,0.0325));
#12215=CARTESIAN_POINT('',(-0.19198953307895,0.0799175164468995,0.0325));
#12216=CARTESIAN_POINT('',(-0.19198953307895,0.0799175164468995,0.0325));
#12217=CARTESIAN_POINT('',(-0.19198953307895,0.0806730068386304,0.0325));
#12218=CARTESIAN_POINT('',(-0.191998811754612,0.0799175164468995,0.0325));
#12219=CARTESIAN_POINT('',(-0.192008090430275,0.0799175164468995,0.0325));
#12220=CARTESIAN_POINT('',(-0.192008090430275,0.0799175164468995,0.0325));
#12221=CARTESIAN_POINT('',(-0.191998811754612,0.0799175164468995,0.0325));
#12222=CARTESIAN_POINT('',(-0.192533057279987,0.0806730068386304,0.0325));
#12223=CARTESIAN_POINT('',(-0.1930580241297,0.0814284972303613,0.0325));
#12224=CARTESIAN_POINT('',(-0.1930580241297,0.0814284972303613,0.0325));
#12225=CARTESIAN_POINT('',(-0.192533057279987,0.0806730068386304,0.0325));
#12226=CARTESIAN_POINT('',(-0.193170399201614,0.0814284972303613,0.0325));
#12227=CARTESIAN_POINT('',(-0.193282774273528,0.0814284972303613,0.0325));
#12228=CARTESIAN_POINT('',(-0.193282774273528,0.0814284972303613,0.0325));
#12229=CARTESIAN_POINT('',(-0.193170399201614,0.0814284972303613,0.0325));
#12230=CARTESIAN_POINT('',(-0.193282774273528,0.08046866978126,0.0325));
#12231=CARTESIAN_POINT('',(-0.193282774273528,0.0795088423321586,0.0325));
#12232=CARTESIAN_POINT('',(-0.193282774273528,0.0795088423321586,0.0325));
#12233=CARTESIAN_POINT('',(-0.193282774273528,0.08046866978126,0.0325));
#12234=CARTESIAN_POINT('',(-0.193166687731349,0.0795088423321586,0.0325));
#12235=CARTESIAN_POINT('',(-0.19305060118917,0.0795088423321586,0.0325));
#12236=CARTESIAN_POINT('',(-0.19305060118917,0.0795088423321586,0.0325));
#12237=CARTESIAN_POINT('',(-0.193166687731349,0.0795088423321586,0.0325));
#12238=CARTESIAN_POINT('',(-0.19305060118917,0.080262476988757,0.0325));
#12239=CARTESIAN_POINT('',(-0.19305060118917,0.0810161116453554,0.0325));
#12240=CARTESIAN_POINT('',(-0.19305060118917,0.0810161116453554,0.0325));
#12241=CARTESIAN_POINT('',(-0.19305060118917,0.080262476988757,0.0325));
#12242=CARTESIAN_POINT('',(-0.193041116320715,0.0810161116453554,0.0325));
#12243=CARTESIAN_POINT('',(-0.193031631452259,0.0810161116453554,0.0325));
#12244=CARTESIAN_POINT('',(-0.193031631452259,0.0810161116453554,0.0325));
#12245=CARTESIAN_POINT('',(-0.193041116320715,0.0810161116453554,0.0325));
#12246=CARTESIAN_POINT('',(-0.192508726530472,0.080262476988757,0.0325));
#12247=CARTESIAN_POINT('',(-0.191985821608684,0.0795088423321586,0.0325));
#12248=CARTESIAN_POINT('',(-0.191985821608684,0.0795088423321586,0.0325));
#12249=CARTESIAN_POINT('',(-0.192508726530472,0.080262476988757,0.0325));
#12250=CARTESIAN_POINT('',(-0.191873240343978,0.0795088423321586,0.0325));
#12251=CARTESIAN_POINT('',(-0.191873240343978,0.0795088423321586,0.0325));
#12252=CARTESIAN_POINT('',(-0.208705983851011,0.0517598578400772,0.0325));
#12253=CARTESIAN_POINT('',(-0.192820137473582,0.0834279208103219,0.0325));
#12254=CARTESIAN_POINT('',(-0.193500982704399,0.0834279208103219,0.0325));
#12255=CARTESIAN_POINT('',(-0.193500982704399,0.0834279208103219,0.0325));
#12256=CARTESIAN_POINT('',(-0.192820137473582,0.0834279208103219,0.0325));
#12257=CARTESIAN_POINT('',(-0.192139292242763,0.0834279208103219,0.0325));
#12258=CARTESIAN_POINT('',(-0.192139292242763,0.0834279208103219,0.0325));
#12259=CARTESIAN_POINT('',(-0.192788040930093,0.084796380095326,0.0325));
#12260=CARTESIAN_POINT('',(-0.192075099155785,0.08616483938033,0.0325));
#12261=CARTESIAN_POINT('',(-0.192075099155785,0.08616483938033,0.0325));
#12262=CARTESIAN_POINT('',(-0.192788040930093,0.084796380095326,0.0325));
#12263=CARTESIAN_POINT('',(-0.191865953350127,0.08616483938033,0.0325));
#12264=CARTESIAN_POINT('',(-0.191656807544468,0.08616483938033,0.0325));
#12265=CARTESIAN_POINT('',(-0.191656807544468,0.08616483938033,0.0325));
#12266=CARTESIAN_POINT('',(-0.191865953350127,0.08616483938033,0.0325));
#12267=CARTESIAN_POINT('',(-0.191604608776806,0.0861058326737514,0.0325));
#12268=CARTESIAN_POINT('',(-0.191552410009144,0.0860468259671727,0.0325));
#12269=CARTESIAN_POINT('',(-0.191552410009144,0.0860468259671727,0.0325));
#12270=CARTESIAN_POINT('',(-0.191604608776806,0.0861058326737514,0.0325));
#12271=CARTESIAN_POINT('',(-0.191527964654205,0.0844721206123033,0.0325));
#12272=CARTESIAN_POINT('',(-0.191503519299267,0.082897415257434,0.0325));
#12273=CARTESIAN_POINT('',(-0.191503519299267,0.082897415257434,0.0325));
#12274=CARTESIAN_POINT('',(-0.191527964654205,0.0844721206123033,0.0325));
#12275=CARTESIAN_POINT('',(-0.191291334214447,0.082897415257434,0.0325));
#12276=CARTESIAN_POINT('',(-0.191079149129628,0.082897415257434,0.0325));
#12277=CARTESIAN_POINT('',(-0.191079149129628,0.082897415257434,0.0325));
#12278=CARTESIAN_POINT('',(-0.191291334214447,0.082897415257434,0.0325));
#12279=CARTESIAN_POINT('',(-0.191079149129628,0.0846650859931508,0.0325));
#12280=CARTESIAN_POINT('',(-0.191079149129628,0.0864327567288676,0.0325));
#12281=CARTESIAN_POINT('',(-0.191079149129628,0.0864327567288676,0.0325));
#12282=CARTESIAN_POINT('',(-0.191079149129628,0.0846650859931508,0.0325));
#12283=CARTESIAN_POINT('',(-0.191249178829429,0.0865798464111542,0.0325));
#12284=CARTESIAN_POINT('',(-0.191419208529232,0.0867269360934408,0.0325));
#12285=CARTESIAN_POINT('',(-0.191419208529232,0.0867269360934408,0.0325));
#12286=CARTESIAN_POINT('',(-0.191249178829429,0.0865798464111542,0.0325));
#12287=CARTESIAN_POINT('',(-0.191826740386722,0.0867269360934408,0.0325));
#12288=CARTESIAN_POINT('',(-0.192234272244213,0.0867269360934408,0.0325));
#12289=CARTESIAN_POINT('',(-0.192234272244213,0.0867269360934408,0.0325));
#12290=CARTESIAN_POINT('',(-0.191826740386722,0.0867269360934408,0.0325));
#12291=CARTESIAN_POINT('',(-0.192075099155785,0.0861861089629168,0.0325));
#12292=CARTESIAN_POINT('',(-0.192566225412129,0.0864629212775292,0.0325));
#12293=CARTESIAN_POINT('',(-0.192566225412129,0.0864629212775292,0.0325));
#12294=CARTESIAN_POINT('',(-0.192075099155785,0.0861861089629168,0.0325));
#12295=CARTESIAN_POINT('',(-0.19341041668605,0.0849651392854997,0.0325));
#12296=CARTESIAN_POINT('',(-0.194254607959971,0.0834673572934702,0.0325));
#12297=CARTESIAN_POINT('',(-0.194254607959971,0.0834673572934702,0.0325));
#12298=CARTESIAN_POINT('',(-0.19341041668605,0.0849651392854997,0.0325));
#12299=CARTESIAN_POINT('',(-0.193909490587948,0.0832590957833913,0.0325));
#12300=CARTESIAN_POINT('',(-0.193909490587948,0.0828560091214279,0.0325));
#12301=CARTESIAN_POINT('',(-0.193909490587948,0.0828560091214279,0.0325));
#12302=CARTESIAN_POINT('',(-0.193909490587948,0.0832590957833913,0.0325));
#12303=CARTESIAN_POINT('',(-0.193024391415355,0.0828560091214279,0.0325));
#12304=CARTESIAN_POINT('',(-0.192139292242763,0.0828560091214279,0.0325));
#12305=CARTESIAN_POINT('',(-0.192139292242763,0.0828560091214279,0.0325));
#12306=CARTESIAN_POINT('',(-0.193024391415355,0.0828560091214279,0.0325));
#12307=CARTESIAN_POINT('',(-0.192139292242763,0.0831419649658749,0.0325));
#12308=CARTESIAN_POINT('',(-0.192139292242763,0.0831419649658749,0.0325));
#12309=CARTESIAN_POINT('',(-0.208705983851011,0.0517598578400772,0.0325));
#12310=CARTESIAN_POINT('',(-0.19940665448275,0.0847627305820822,0.0325));
#12311=CARTESIAN_POINT('',(-0.19940665448275,0.0828109568438264,0.0325));
#12312=CARTESIAN_POINT('',(-0.19940665448275,0.0828109568438264,0.0325));
#12313=CARTESIAN_POINT('',(-0.19940665448275,0.0847627305820822,0.0325));
#12314=CARTESIAN_POINT('',(-0.19940665448275,0.0867145043203379,0.0325));
#12315=CARTESIAN_POINT('',(-0.19940665448275,0.0867145043203379,0.0325));
#12316=CARTESIAN_POINT('',(-0.199098979031711,0.082805558898184,0.0325));
#12317=CARTESIAN_POINT('',(-0.19879130358067,0.0828001609525415,0.0325));
#12318=CARTESIAN_POINT('',(-0.19879130358067,0.0828001609525415,0.0325));
#12319=CARTESIAN_POINT('',(-0.199098979031711,0.082805558898184,0.0325));
#12320=CARTESIAN_POINT('',(-0.19879130358067,0.0841063618864636,0.0325));
#12321=CARTESIAN_POINT('',(-0.19879130358067,0.0854125628203858,0.0325));
#12322=CARTESIAN_POINT('',(-0.19879130358067,0.0854125628203858,0.0325));
#12323=CARTESIAN_POINT('',(-0.19879130358067,0.0841063618864636,0.0325));
#12324=CARTESIAN_POINT('',(-0.198208344077735,0.0841132352862291,0.0325));
#12325=CARTESIAN_POINT('',(-0.197625384574799,0.0828139077520724,0.0325));
#12326=CARTESIAN_POINT('',(-0.197625384574799,0.0828139077520724,0.0325));
#12327=CARTESIAN_POINT('',(-0.198208344077735,0.0841132352862291,0.0325));
#12328=CARTESIAN_POINT('',(-0.197141000939665,0.0828139077520724,0.0325));
#12329=CARTESIAN_POINT('',(-0.196656617304531,0.0828139077520724,0.0325));
#12330=CARTESIAN_POINT('',(-0.196656617304531,0.0828139077520724,0.0325));
#12331=CARTESIAN_POINT('',(-0.197141000939665,0.0828139077520724,0.0325));
#12332=CARTESIAN_POINT('',(-0.196056279989919,0.0841132352862291,0.0325));
#12333=CARTESIAN_POINT('',(-0.195455942675308,0.0854125628203858,0.0325));
#12334=CARTESIAN_POINT('',(-0.195455942675308,0.0854125628203858,0.0325));
#12335=CARTESIAN_POINT('',(-0.196056279989919,0.0841132352862291,0.0325));
#12336=CARTESIAN_POINT('',(-0.195461100219447,0.0841127879081064,0.0325));
#12337=CARTESIAN_POINT('',(-0.195466257763586,0.0828130129958269,0.0325));
#12338=CARTESIAN_POINT('',(-0.195466257763586,0.0828130129958269,0.0325));
#12339=CARTESIAN_POINT('',(-0.195461100219447,0.0841127879081064,0.0325));
#12340=CARTESIAN_POINT('',(-0.195214921302297,0.0828120156855385,0.0325));
#12341=CARTESIAN_POINT('',(-0.194963584841009,0.08281101837525,0.0325));
#12342=CARTESIAN_POINT('',(-0.194963584841009,0.08281101837525,0.0325));
#12343=CARTESIAN_POINT('',(-0.195214921302297,0.0828120156855385,0.0325));
#12344=CARTESIAN_POINT('',(-0.194955845283097,0.0847614976992956,0.0325));
#12345=CARTESIAN_POINT('',(-0.194948105725186,0.0867119770233411,0.0325));
#12346=CARTESIAN_POINT('',(-0.194948105725186,0.0867119770233411,0.0325));
#12347=CARTESIAN_POINT('',(-0.194955845283097,0.0847614976992956,0.0325));
#12348=CARTESIAN_POINT('',(-0.195266563225888,0.0867132406718395,0.0325));
#12349=CARTESIAN_POINT('',(-0.19558502072659,0.0867145043203379,0.0325));
#12350=CARTESIAN_POINT('',(-0.19558502072659,0.0867145043203379,0.0325));
#12351=CARTESIAN_POINT('',(-0.195266563225888,0.0867132406718395,0.0325));
#12352=CARTESIAN_POINT('',(-0.196319057315772,0.0851258075523871,0.0325));
#12353=CARTESIAN_POINT('',(-0.197053093904955,0.0835371107844363,0.0325));
#12354=CARTESIAN_POINT('',(-0.197053093904955,0.0835371107844363,0.0325));
#12355=CARTESIAN_POINT('',(-0.196319057315772,0.0851258075523871,0.0325));
#12356=CARTESIAN_POINT('',(-0.197144916922039,0.083535685345552,0.0325));
#12357=CARTESIAN_POINT('',(-0.197236739939122,0.0835342599066677,0.0325));
#12358=CARTESIAN_POINT('',(-0.197236739939122,0.0835342599066677,0.0325));
#12359=CARTESIAN_POINT('',(-0.197144916922039,0.083535685345552,0.0325));
#12360=CARTESIAN_POINT('',(-0.197960121795153,0.0851201434965399,0.0325));
#12361=CARTESIAN_POINT('',(-0.198683503651185,0.086706027086412,0.0325));
#12362=CARTESIAN_POINT('',(-0.198683503651185,0.086706027086412,0.0325));
#12363=CARTESIAN_POINT('',(-0.197960121795153,0.0851201434965399,0.0325));
#12364=CARTESIAN_POINT('',(-0.199045079066968,0.086710265703375,0.0325));
#12365=CARTESIAN_POINT('',(-0.199045079066968,0.086710265703375,0.0325));
#12366=CARTESIAN_POINT('',(-0.208705983851011,0.0517598578400772,0.0325));
#12367=CARTESIAN_POINT('',(-0.204810255700971,0.0847597796738362,0.0325));
#12368=CARTESIAN_POINT('',(-0.204810255700971,0.0828080059355805,0.0325));
#12369=CARTESIAN_POINT('',(-0.204810255700971,0.0828080059355805,0.0325));
#12370=CARTESIAN_POINT('',(-0.204810255700971,0.0847597796738362,0.0325));
#12371=CARTESIAN_POINT('',(-0.204810255700971,0.0867115534120919,0.0325));
#12372=CARTESIAN_POINT('',(-0.204810255700971,0.0867115534120919,0.0325));
#12373=CARTESIAN_POINT('',(-0.204502580249931,0.082802607989938,0.0325));
#12374=CARTESIAN_POINT('',(-0.204194904798891,0.0827972100442956,0.0325));
#12375=CARTESIAN_POINT('',(-0.204194904798891,0.0827972100442956,0.0325));
#12376=CARTESIAN_POINT('',(-0.204502580249931,0.082802607989938,0.0325));
#12377=CARTESIAN_POINT('',(-0.204194904798891,0.0841034109782177,0.0325));
#12378=CARTESIAN_POINT('',(-0.204194904798891,0.0854096119121398,0.0325));
#12379=CARTESIAN_POINT('',(-0.204194904798891,0.0854096119121398,0.0325));
#12380=CARTESIAN_POINT('',(-0.204194904798891,0.0841034109782177,0.0325));
#12381=CARTESIAN_POINT('',(-0.203611945295955,0.0841102843779831,0.0325));
#12382=CARTESIAN_POINT('',(-0.20302898579302,0.0828109568438264,0.0325));
#12383=CARTESIAN_POINT('',(-0.20302898579302,0.0828109568438264,0.0325));
#12384=CARTESIAN_POINT('',(-0.203611945295955,0.0841102843779831,0.0325));
#12385=CARTESIAN_POINT('',(-0.202544602157886,0.0828109568438263,0.0325));
#12386=CARTESIAN_POINT('',(-0.202060218522752,0.0828109568438263,0.0325));
#12387=CARTESIAN_POINT('',(-0.202060218522752,0.0828109568438263,0.0325));
#12388=CARTESIAN_POINT('',(-0.202544602157886,0.0828109568438263,0.0325));
#12389=CARTESIAN_POINT('',(-0.20145988120814,0.084110284377983,0.0325));
#12390=CARTESIAN_POINT('',(-0.200859543893529,0.0854096119121399,0.0325));
#12391=CARTESIAN_POINT('',(-0.200859543893529,0.0854096119121399,0.0325));
#12392=CARTESIAN_POINT('',(-0.20145988120814,0.084110284377983,0.0325));
#12393=CARTESIAN_POINT('',(-0.200864701437668,0.0841098369998604,0.0325));
#12394=CARTESIAN_POINT('',(-0.200869858981806,0.082810062087581,0.0325));
#12395=CARTESIAN_POINT('',(-0.200869858981806,0.082810062087581,0.0325));
#12396=CARTESIAN_POINT('',(-0.200864701437668,0.0841098369998604,0.0325));
#12397=CARTESIAN_POINT('',(-0.200618522520518,0.0828090647772925,0.0325));
#12398=CARTESIAN_POINT('',(-0.200367186059229,0.082808067467004,0.0325));
#12399=CARTESIAN_POINT('',(-0.200367186059229,0.082808067467004,0.0325));
#12400=CARTESIAN_POINT('',(-0.200618522520518,0.0828090647772925,0.0325));
#12401=CARTESIAN_POINT('',(-0.200359446501318,0.0847585467910496,0.0325));
#12402=CARTESIAN_POINT('',(-0.200351706943407,0.0867090261150952,0.0325));
#12403=CARTESIAN_POINT('',(-0.200351706943407,0.0867090261150952,0.0325));
#12404=CARTESIAN_POINT('',(-0.200359446501318,0.0847585467910496,0.0325));
#12405=CARTESIAN_POINT('',(-0.200670164444108,0.0867102897635936,0.0325));
#12406=CARTESIAN_POINT('',(-0.20098862194481,0.0867115534120919,0.0325));
#12407=CARTESIAN_POINT('',(-0.20098862194481,0.0867115534120919,0.0325));
#12408=CARTESIAN_POINT('',(-0.200670164444108,0.0867102897635936,0.0325));
#12409=CARTESIAN_POINT('',(-0.201722658533994,0.0851228566441411,0.0325));
#12410=CARTESIAN_POINT('',(-0.202456695123176,0.0835341598761902,0.0325));
#12411=CARTESIAN_POINT('',(-0.202456695123176,0.0835341598761902,0.0325));
#12412=CARTESIAN_POINT('',(-0.201722658533994,0.0851228566441411,0.0325));
#12413=CARTESIAN_POINT('',(-0.202548518140259,0.0835327344373061,0.0325));
#12414=CARTESIAN_POINT('',(-0.202640341157343,0.0835313089984218,0.0325));
#12415=CARTESIAN_POINT('',(-0.202640341157343,0.0835313089984218,0.0325));
#12416=CARTESIAN_POINT('',(-0.202548518140259,0.0835327344373061,0.0325));
#12417=CARTESIAN_POINT('',(-0.203363723013374,0.0851171925882939,0.0325));
#12418=CARTESIAN_POINT('',(-0.204087104869406,0.0867030761781661,0.0325));
#12419=CARTESIAN_POINT('',(-0.204087104869406,0.0867030761781661,0.0325));
#12420=CARTESIAN_POINT('',(-0.203363723013374,0.0851171925882939,0.0325));
#12421=CARTESIAN_POINT('',(-0.204448680285189,0.086707314795129,0.0325));
#12422=CARTESIAN_POINT('',(-0.204448680285189,0.086707314795129,0.0325));
#12423=CARTESIAN_POINT('',(-0.208705983851011,0.0517598578400772,0.0325));
#12424=CARTESIAN_POINT('',(-0.207515244866039,0.083412538128973,0.0325));
#12425=CARTESIAN_POINT('',(-0.208196090096857,0.083412538128973,0.0325));
#12426=CARTESIAN_POINT('',(-0.208196090096857,0.083412538128973,0.0325));
#12427=CARTESIAN_POINT('',(-0.207515244866039,0.083412538128973,0.0325));
#12428=CARTESIAN_POINT('',(-0.206834399635221,0.083412538128973,0.0325));
#12429=CARTESIAN_POINT('',(-0.206834399635221,0.083412538128973,0.0325));
#12430=CARTESIAN_POINT('',(-0.20748314832255,0.0847809974139771,0.0325));
#12431=CARTESIAN_POINT('',(-0.206770206548243,0.0861494566989811,0.0325));
#12432=CARTESIAN_POINT('',(-0.206770206548243,0.0861494566989811,0.0325));
#12433=CARTESIAN_POINT('',(-0.20748314832255,0.0847809974139771,0.0325));
#12434=CARTESIAN_POINT('',(-0.206561060742584,0.0861494566989811,0.0325));
#12435=CARTESIAN_POINT('',(-0.206351914936925,0.0861494566989811,0.0325));
#12436=CARTESIAN_POINT('',(-0.206351914936925,0.0861494566989811,0.0325));
#12437=CARTESIAN_POINT('',(-0.206561060742584,0.0861494566989811,0.0325));
#12438=CARTESIAN_POINT('',(-0.206299716169264,0.0860904499924025,0.0325));
#12439=CARTESIAN_POINT('',(-0.206247517401601,0.0860314432858238,0.0325));
#12440=CARTESIAN_POINT('',(-0.206247517401601,0.0860314432858238,0.0325));
#12441=CARTESIAN_POINT('',(-0.206299716169264,0.0860904499924025,0.0325));
#12442=CARTESIAN_POINT('',(-0.206223072046663,0.0844567379309545,0.0325));
#12443=CARTESIAN_POINT('',(-0.206198626691724,0.0828820325760851,0.0325));
#12444=CARTESIAN_POINT('',(-0.206198626691724,0.0828820325760851,0.0325));
#12445=CARTESIAN_POINT('',(-0.206223072046663,0.0844567379309545,0.0325));
#12446=CARTESIAN_POINT('',(-0.205986441606905,0.0828820325760851,0.0325));
#12447=CARTESIAN_POINT('',(-0.205774256522085,0.0828820325760851,0.0325));
#12448=CARTESIAN_POINT('',(-0.205774256522085,0.0828820325760851,0.0325));
#12449=CARTESIAN_POINT('',(-0.205986441606905,0.0828820325760851,0.0325));
#12450=CARTESIAN_POINT('',(-0.205774256522085,0.0846497033118019,0.0325));
#12451=CARTESIAN_POINT('',(-0.205774256522085,0.0864173740475187,0.0325));
#12452=CARTESIAN_POINT('',(-0.205774256522085,0.0864173740475187,0.0325));
#12453=CARTESIAN_POINT('',(-0.205774256522085,0.0846497033118019,0.0325));
#12454=CARTESIAN_POINT('',(-0.205944286221887,0.0865644637298053,0.0325));
#12455=CARTESIAN_POINT('',(-0.20611431592169,0.0867115534120919,0.0325));
#12456=CARTESIAN_POINT('',(-0.20611431592169,0.0867115534120919,0.0325));
#12457=CARTESIAN_POINT('',(-0.205944286221887,0.0865644637298053,0.0325));
#12458=CARTESIAN_POINT('',(-0.206521847779181,0.0867115534120919,0.0325));
#12459=CARTESIAN_POINT('',(-0.206929379636671,0.0867115534120919,0.0325));
#12460=CARTESIAN_POINT('',(-0.206929379636671,0.0867115534120919,0.0325));
#12461=CARTESIAN_POINT('',(-0.206521847779181,0.0867115534120919,0.0325));
#12462=CARTESIAN_POINT('',(-0.206770206548243,0.086170726281568,0.0325));
#12463=CARTESIAN_POINT('',(-0.207261332804586,0.0864475385961803,0.0325));
#12464=CARTESIAN_POINT('',(-0.207261332804586,0.0864475385961803,0.0325));
#12465=CARTESIAN_POINT('',(-0.206770206548243,0.086170726281568,0.0325));
#12466=CARTESIAN_POINT('',(-0.208105524078507,0.0849497566041508,0.0325));
#12467=CARTESIAN_POINT('',(-0.208949715352429,0.0834519746121213,0.0325));
#12468=CARTESIAN_POINT('',(-0.208949715352429,0.0834519746121213,0.0325));
#12469=CARTESIAN_POINT('',(-0.208105524078507,0.0849497566041508,0.0325));
#12470=CARTESIAN_POINT('',(-0.208604597980405,0.0832437131020424,0.0325));
#12471=CARTESIAN_POINT('',(-0.208604597980405,0.082840626440079,0.0325));
#12472=CARTESIAN_POINT('',(-0.208604597980405,0.082840626440079,0.0325));
#12473=CARTESIAN_POINT('',(-0.208604597980405,0.0832437131020424,0.0325));
#12474=CARTESIAN_POINT('',(-0.207719498807814,0.082840626440079,0.0325));
#12475=CARTESIAN_POINT('',(-0.206834399635221,0.082840626440079,0.0325));
#12476=CARTESIAN_POINT('',(-0.206834399635221,0.082840626440079,0.0325));
#12477=CARTESIAN_POINT('',(-0.207719498807814,0.082840626440079,0.0325));
#12478=CARTESIAN_POINT('',(-0.206834399635221,0.083126582284526,0.0325));
#12479=CARTESIAN_POINT('',(-0.206834399635221,0.083126582284526,0.0325));
#12480=CARTESIAN_POINT('',(-0.208705983851011,0.0517598578400772,0.0325));
#12481=CARTESIAN_POINT('',(-0.190321433387601,0.08046866978126,0.0325));
#12482=CARTESIAN_POINT('',(-0.190321433387601,0.0814284972303613,0.0325));
#12483=CARTESIAN_POINT('',(-0.190321433387601,0.0814284972303613,0.0325));
#12484=CARTESIAN_POINT('',(-0.190321433387601,0.08046866978126,0.0325));
#12485=CARTESIAN_POINT('',(-0.190321433387601,0.0795088423321586,0.0325));
#12486=CARTESIAN_POINT('',(-0.190321433387601,0.0795088423321586,0.0325));
#12487=CARTESIAN_POINT('',(-0.19043751992978,0.0814284972303613,0.0325));
#12488=CARTESIAN_POINT('',(-0.190553606471959,0.0814284972303613,0.0325));
#12489=CARTESIAN_POINT('',(-0.190553606471959,0.0814284972303613,0.0325));
#12490=CARTESIAN_POINT('',(-0.19043751992978,0.0814284972303613,0.0325));
#12491=CARTESIAN_POINT('',(-0.190553606471959,0.08046866978126,0.0325));
#12492=CARTESIAN_POINT('',(-0.190553606471959,0.0795088423321586,0.0325));
#12493=CARTESIAN_POINT('',(-0.190553606471959,0.0795088423321586,0.0325));
#12494=CARTESIAN_POINT('',(-0.190553606471959,0.08046866978126,0.0325));
#12495=CARTESIAN_POINT('',(-0.19043751992978,0.0795088423321586,0.0325));
#12496=CARTESIAN_POINT('',(-0.19043751992978,0.0795088423321586,0.0325));
#12497=CARTESIAN_POINT('',(-0.208705983851011,0.0517598578400772,0.0325));
#12498=CARTESIAN_POINT('',(-0.187685877113828,0.0808284762041777,0.0325));
#12499=CARTESIAN_POINT('',(-0.187569843136582,0.0808284762041777,0.0325));
#12500=CARTESIAN_POINT('',(-0.187569843136582,0.0808284762041777,0.0325));
#12501=CARTESIAN_POINT('',(-0.187685877113828,0.0808284762041777,0.0325));
#12502=CARTESIAN_POINT('',(-0.187802366733113,0.0808284762041777,0.0325));
#12503=CARTESIAN_POINT('',(-0.187802366733113,0.0808284762041777,0.0325));
#12504=CARTESIAN_POINT('',(-0.188332178126336,0.0807024602212479,0.0325));
#12505=CARTESIAN_POINT('',(-0.187665257834577,0.081092196785789,0.0325));
#12506=CARTESIAN_POINT('',(-0.187665188910296,0.0810922363767751,0.0325));
#12507=CARTESIAN_POINT('',(-0.188332178126336,0.0807024602212479,0.0325));
#12508=CARTESIAN_POINT('',(-0.188282283569083,0.0807263725213819,0.0325));
#12509=CARTESIAN_POINT('',(-0.187837635009109,0.0812891109026293,0.0325));
#12510=CARTESIAN_POINT('',(-0.187837622583219,0.0812891266455156,0.0325));
#12511=CARTESIAN_POINT('',(-0.188282283569083,0.0807263725213819,0.0325));
#12512=CARTESIAN_POINT('',(-0.188299227457082,0.0807018952768852,0.0325));
#12513=CARTESIAN_POINT('',(-0.188068570936713,0.0814124141925461,0.0325));
#12514=CARTESIAN_POINT('',(-0.188068559332575,0.0814124506699785,0.0325));
#12515=CARTESIAN_POINT('',(-0.188299227457082,0.0807018952768852,0.0325));
#12516=CARTESIAN_POINT('',(-0.188334908339226,0.0805846346704497,0.0325));
#12517=CARTESIAN_POINT('',(-0.188341982579572,0.0814544775222167,0.0325));
#12518=CARTESIAN_POINT('',(-0.188341985698785,0.0814541837038647,0.0325));
#12519=CARTESIAN_POINT('',(-0.188334908339226,0.0805846346704497,0.0325));
#12520=CARTESIAN_POINT('',(-0.188357594014077,0.080650817214434,0.0325));
#12521=CARTESIAN_POINT('',(-0.1887784927213,0.08133447331698,0.0325));
#12522=CARTESIAN_POINT('',(-0.188778604295162,0.0813346524612014,0.0325));
#12523=CARTESIAN_POINT('',(-0.188357594014077,0.080650817214434,0.0325));
#12524=CARTESIAN_POINT('',(-0.188333899074978,0.0806415653845345,0.0325));
#12525=CARTESIAN_POINT('',(-0.189079328005562,0.08099343043818,0.0325));
#12526=CARTESIAN_POINT('',(-0.189079328005562,0.08099343043818,0.0325));
#12527=CARTESIAN_POINT('',(-0.188333899074978,0.0806415653845345,0.0325));
#12528=CARTESIAN_POINT('',(-0.189189022571174,0.0804684635884675,0.0325));
#12529=CARTESIAN_POINT('',(-0.189189022571174,0.0804684635884675,0.033));
#12530=CARTESIAN_POINT('',(-0.189189022571174,0.0806710823725671,0.0325));
#12531=CARTESIAN_POINT('',(-0.189189022571174,0.0806710823725671,0.033));
#12532=CARTESIAN_POINT('',(-0.18915245771597,0.0808460713224713,0.0325));
#12533=CARTESIAN_POINT('',(-0.18915245771597,0.0808460713224713,0.033));
#12534=CARTESIAN_POINT('',(-0.189079328005562,0.08099343043818,0.0325));
#12535=CARTESIAN_POINT('',(-0.189079328005562,0.08099343043818,0.033));
#12536=CARTESIAN_POINT('',(-0.189189022571174,0.0804684635884675,0.0325));
#12537=CARTESIAN_POINT('',(-0.189189022571174,0.0804684635884675,0.0325));
#12538=CARTESIAN_POINT('',(-0.189189022571174,0.0804684635884675,0.0325));
#12539=CARTESIAN_POINT('',(-0.189189022571174,0.0807723917646169,0.0325));
#12540=CARTESIAN_POINT('',(-0.189079328005562,0.08099343043818,0.0325));
#12541=CARTESIAN_POINT('',(-0.189079328005562,0.0799437029315474,0.0325));
#12542=CARTESIAN_POINT('',(-0.189079328005562,0.0799437029315474,0.033));
#12543=CARTESIAN_POINT('',(-0.18915245771597,0.0800911995091179,0.0325));
#12544=CARTESIAN_POINT('',(-0.18915245771597,0.0800911995091179,0.033));
#12545=CARTESIAN_POINT('',(-0.189189022571174,0.0802661197280912,0.0325));
#12546=CARTESIAN_POINT('',(-0.189189022571174,0.0802661197280912,0.033));
#12547=CARTESIAN_POINT('',(-0.189189022571174,0.0804684635884675,0.0325));
#12548=CARTESIAN_POINT('',(-0.189189022571174,0.0804684635884675,0.033));
#12549=CARTESIAN_POINT('',(-0.189079328005562,0.0799437029315474,0.0325));
#12550=CARTESIAN_POINT('',(-0.189079328005562,0.0799437029315474,0.0325));
#12551=CARTESIAN_POINT('',(-0.189079328005562,0.0799437029315474,0.0325));
#12552=CARTESIAN_POINT('',(-0.189189022571174,0.0801649477979031,0.0325));
#12553=CARTESIAN_POINT('',(-0.189189022571174,0.0804684635884675,0.0325));
#12554=CARTESIAN_POINT('',(-0.188333943051888,0.0802950878050004,0.0325));
#12555=CARTESIAN_POINT('',(-0.1887784927213,0.079602453859955,0.0325));
#12556=CARTESIAN_POINT('',(-0.18877860726926,0.0796022737726255,0.0325));
#12557=CARTESIAN_POINT('',(-0.188333943051888,0.0802950878050004,0.0325));
#12558=CARTESIAN_POINT('',(-0.188357594014077,0.0802861099625009,0.0325));
#12559=CARTESIAN_POINT('',(-0.188341982579572,0.0794824496547183,0.0325));
#12560=CARTESIAN_POINT('',(-0.188341989749418,0.0794827435417229,0.0325));
#12561=CARTESIAN_POINT('',(-0.188357594014077,0.0802861099625009,0.0325));
#12562=CARTESIAN_POINT('',(-0.188334934678212,0.0803483905392393,0.0325));
#12563=CARTESIAN_POINT('',(-0.188068570936713,0.0795247191771814,0.0325));
#12564=CARTESIAN_POINT('',(-0.188068559699239,0.0795246838742744,0.0325));
#12565=CARTESIAN_POINT('',(-0.188334934678212,0.0803483905392393,0.0325));
#12566=CARTESIAN_POINT('',(-0.18830200797657,0.080240480712961,0.0325));
#12567=CARTESIAN_POINT('',(-0.187837635009109,0.0796480224670982,0.0325));
#12568=CARTESIAN_POINT('',(-0.187837619330847,0.0796480025108325,0.0325));
#12569=CARTESIAN_POINT('',(-0.18830200797657,0.080240480712961,0.0325));
#12570=CARTESIAN_POINT('',(-0.188278079869642,0.0802062485389518,0.0325));
#12571=CARTESIAN_POINT('',(-0.187665257834577,0.0798453489695235,0.0325));
#12572=CARTESIAN_POINT('',(-0.187665204092446,0.0798453179791539,0.0325));
#12573=CARTESIAN_POINT('',(-0.188278079869642,0.0802062485389518,0.0325));
#12574=CARTESIAN_POINT('',(-0.188337983945731,0.0802374167429026,0.0325));
#12575=CARTESIAN_POINT('',(-0.18756982036263,0.0801088633583423,0.0325));
#12576=CARTESIAN_POINT('',(-0.18756982036263,0.0801088633583423,0.0325));
#12577=CARTESIAN_POINT('',(-0.188337983945731,0.0802374167429026,0.0325));
#12578=CARTESIAN_POINT('',(-0.187685877113828,0.0801088633583423,0.0325));
#12579=CARTESIAN_POINT('',(-0.187802342441191,0.0801088633583423,0.0325));
#12580=CARTESIAN_POINT('',(-0.187802342441191,0.0801088633583423,0.0325));
#12581=CARTESIAN_POINT('',(-0.187685877113828,0.0801088633583423,0.0325));
#12582=CARTESIAN_POINT('',(-0.188288952826415,0.0802034970111812,0.0325));
#12583=CARTESIAN_POINT('',(-0.187873718747797,0.0799329809063373,0.0325));
#12584=CARTESIAN_POINT('',(-0.187873677326651,0.0799329543256774,0.0325));
#12585=CARTESIAN_POINT('',(-0.188288952826415,0.0802034970111812,0.0325));
#12586=CARTESIAN_POINT('',(-0.188282233983333,0.0802023156797896,0.0325));
#12587=CARTESIAN_POINT('',(-0.187997434423299,0.0798045227966079,0.0325));
#12588=CARTESIAN_POINT('',(-0.187997426320113,0.0798045114630854,0.0325));
#12589=CARTESIAN_POINT('',(-0.188282233983333,0.0802023156797896,0.0325));
#12590=CARTESIAN_POINT('',(-0.188309998205877,0.0802436991800834,0.0325));
#12591=CARTESIAN_POINT('',(-0.188158264801452,0.0797263757282493,0.0325));
#12592=CARTESIAN_POINT('',(-0.188158264891411,0.0797263761534577,0.0325));
#12593=CARTESIAN_POINT('',(-0.188309998205877,0.0802436991800834,0.0325));
#12594=CARTESIAN_POINT('',(-0.188339290302077,0.0803411703684723,0.0325));
#12595=CARTESIAN_POINT('',(-0.188341982579572,0.0797001892436014,0.0325));
#12596=CARTESIAN_POINT('',(-0.188341983781975,0.0797003227143787,0.0325));
#12597=CARTESIAN_POINT('',(-0.188339290302077,0.0803411703684723,0.0325));
#12598=CARTESIAN_POINT('',(-0.188349759609128,0.080282644746842,0.0325));
#12599=CARTESIAN_POINT('',(-0.188657045166516,0.0797882335660002,0.0325));
#12600=CARTESIAN_POINT('',(-0.188657191495015,0.0797880059154024,0.0325));
#12601=CARTESIAN_POINT('',(-0.188349759609128,0.080282644746842,0.0325));
#12602=CARTESIAN_POINT('',(-0.188324877521401,0.0802987354102821,0.0325));
#12603=CARTESIAN_POINT('',(-0.188881176731967,0.0800478302917614,0.0325));
#12604=CARTESIAN_POINT('',(-0.188881176731967,0.0800478302917614,0.0325));
#12605=CARTESIAN_POINT('',(-0.188324877521401,0.0802987354102821,0.0325));
#12606=CARTESIAN_POINT('',(-0.188964272427346,0.0804684635884675,0.0325));
#12607=CARTESIAN_POINT('',(-0.188964272427346,0.0804684635884675,0.033));
#12608=CARTESIAN_POINT('',(-0.188964272427346,0.0803024096595718,0.0325));
#12609=CARTESIAN_POINT('',(-0.188964272427346,0.0803024096595718,0.033));
#12610=CARTESIAN_POINT('',(-0.18893657386222,0.0801621985606697,0.0325));
#12611=CARTESIAN_POINT('',(-0.18893657386222,0.0801621985606697,0.033));
#12612=CARTESIAN_POINT('',(-0.188881176731967,0.0800478302917614,0.0325));
#12613=CARTESIAN_POINT('',(-0.188881176731967,0.0800478302917614,0.033));
#12614=CARTESIAN_POINT('',(-0.188964272427346,0.0804684635884675,0.0325));
#12615=CARTESIAN_POINT('',(-0.188964272427346,0.0804684635884675,0.0325));
#12616=CARTESIAN_POINT('',(-0.188964272427346,0.0804684635884675,0.0325));
#12617=CARTESIAN_POINT('',(-0.188964272427346,0.0802193826951239,0.0325));
#12618=CARTESIAN_POINT('',(-0.188881176731967,0.0800478302917614,0.0325));
#12619=CARTESIAN_POINT('',(-0.188881176731967,0.0808895092707585,0.0325));
#12620=CARTESIAN_POINT('',(-0.188881176731967,0.0808895092707585,0.033));
#12621=CARTESIAN_POINT('',(-0.18893657386222,0.0807751410018502,0.0325));
#12622=CARTESIAN_POINT('',(-0.18893657386222,0.0807751410018502,0.033));
#12623=CARTESIAN_POINT('',(-0.188964272427346,0.0806347924410866,0.0325));
#12624=CARTESIAN_POINT('',(-0.188964272427346,0.0806347924410866,0.033));
#12625=CARTESIAN_POINT('',(-0.188964272427346,0.0804684635884675,0.0325));
#12626=CARTESIAN_POINT('',(-0.188964272427346,0.0804684635884675,0.033));
#12627=CARTESIAN_POINT('',(-0.188881176731967,0.0808895092707585,0.0325));
#12628=CARTESIAN_POINT('',(-0.188881176731967,0.0808895092707585,0.0325));
#12629=CARTESIAN_POINT('',(-0.188881176731967,0.0808895092707585,0.0325));
#12630=CARTESIAN_POINT('',(-0.188964272427346,0.0807179568673961,0.0325));
#12631=CARTESIAN_POINT('',(-0.188964272427346,0.0804684635884675,0.0325));
#12632=CARTESIAN_POINT('',(-0.188324877521401,0.080638604152241,0.0325));
#12633=CARTESIAN_POINT('',(-0.188657045166516,0.0811491059965198,0.0325));
#12634=CARTESIAN_POINT('',(-0.188657193887524,0.0811493321784254,0.0325));
#12635=CARTESIAN_POINT('',(-0.188324877521401,0.080638604152241,0.0325));
#12636=CARTESIAN_POINT('',(-0.188349759609128,0.080654694815678,0.0325));
#12637=CARTESIAN_POINT('',(-0.188341982579572,0.0812371503189186,0.0325));
#12638=CARTESIAN_POINT('',(-0.188341984953673,0.0812370168381288,0.0325));
#12639=CARTESIAN_POINT('',(-0.188349759609128,0.080654694815678,0.0325));
#12640=CARTESIAN_POINT('',(-0.188339290302077,0.0805961691940479,0.0325));
#12641=CARTESIAN_POINT('',(-0.188158264801452,0.0812109638342707,0.0325));
#12642=CARTESIAN_POINT('',(-0.188158264704516,0.0812109640573488,0.0325));
#12643=CARTESIAN_POINT('',(-0.188339290302077,0.0805961691940479,0.0325));
#12644=CARTESIAN_POINT('',(-0.1883092594382,0.0806963354851836,0.0325));
#12645=CARTESIAN_POINT('',(-0.187997434423299,0.0811326105731196,0.0325));
#12646=CARTESIAN_POINT('',(-0.187997427247628,0.0811326206072495,0.0325));
#12647=CARTESIAN_POINT('',(-0.1883092594382,0.0806963354851836,0.0325));
#12648=CARTESIAN_POINT('',(-0.188286697515745,0.0807295603949487,0.0325));
#12649=CARTESIAN_POINT('',(-0.187873718747797,0.0810045648489752,0.0325));
#12650=CARTESIAN_POINT('',(-0.187873662519025,0.0810046013529264,0.0325));
#12651=CARTESIAN_POINT('',(-0.188286697515745,0.0807295603949487,0.0325));
#12652=CARTESIAN_POINT('',(-0.188283376020897,0.0807365501728211,0.0325));
#12653=CARTESIAN_POINT('',(-0.188283376020897,0.0807365501728211,0.0325));
#12654=CARTESIAN_POINT('',(-0.208705983851011,0.0517598578400772,0.0325));
#12655=CARTESIAN_POINT('',(-0.185694656221566,0.0809204082357603,0.0325));
#12656=CARTESIAN_POINT('',(-0.185402739262402,0.0809484804094144,0.0325));
#12657=CARTESIAN_POINT('',(-0.185402739262402,0.0809484804094144,0.0325));
#12658=CARTESIAN_POINT('',(-0.185694656221566,0.0809204082357603,0.0325));
#12659=CARTESIAN_POINT('',(-0.185539287584987,0.0811697205405801,0.03250000025));
#12660=CARTESIAN_POINT('',(-0.185539410143871,0.0811695190829776,0.0325));
#12661=CARTESIAN_POINT('',(-0.185289916864943,0.0809484804094144,0.0325));
#12662=CARTESIAN_POINT('',(-0.185177494087983,0.0809484804094144,0.0325));
#12663=CARTESIAN_POINT('',(-0.185177494087983,0.0809484804094144,0.0325));
#12664=CARTESIAN_POINT('',(-0.185289916864943,0.0809484804094144,0.0325));
#12665=CARTESIAN_POINT('',(-0.18562876084081,0.0809380682064428,0.0325));
#12666=CARTESIAN_POINT('',(-0.185267029464975,0.0812080771351756,0.0325));
#12667=CARTESIAN_POINT('',(-0.185266904192124,0.0812081724789863,0.0325));
#12668=CARTESIAN_POINT('',(-0.18562876084081,0.0809380682064428,0.0325));
#12669=CARTESIAN_POINT('',(-0.185725538693292,0.0808592366936947,0.0325));
#12670=CARTESIAN_POINT('',(-0.185496109657446,0.0813884958286157,0.0325));
#12671=CARTESIAN_POINT('',(-0.185496093995985,0.0813885314355391,0.0325));
#12672=CARTESIAN_POINT('',(-0.185725538693292,0.0808592366936947,0.0325));
#12673=CARTESIAN_POINT('',(-0.185809556503954,0.0806671289729988,0.0325));
#12674=CARTESIAN_POINT('',(-0.18582601812545,0.0814544775222167,0.0325));
#12675=CARTESIAN_POINT('',(-0.185826012689552,0.0814542190479325,0.0325));
#12676=CARTESIAN_POINT('',(-0.185809556503954,0.0806671289729988,0.0325));
#12677=CARTESIAN_POINT('',(-0.185839518325754,0.0806543877538549,0.0325));
#12678=CARTESIAN_POINT('',(-0.186158400906966,0.0813874648646532,0.0325));
#12679=CARTESIAN_POINT('',(-0.186158401002181,0.081387462197192,0.0325));
#12680=CARTESIAN_POINT('',(-0.185839518325754,0.0806543877538549,0.0325));
#12681=CARTESIAN_POINT('',(-0.185929131524412,0.0808542949888149,0.0325));
#12682=CARTESIAN_POINT('',(-0.186394198643824,0.0812008790233054,0.0325));
#12683=CARTESIAN_POINT('',(-0.186394198643824,0.0812008790233054,0.0325));
#12684=CARTESIAN_POINT('',(-0.185929131524412,0.0808542949888149,0.0325));
#12685=CARTESIAN_POINT('',(-0.186016338263233,0.0809290698050102,0.0325));
#12686=CARTESIAN_POINT('',(-0.186482123591195,0.080918376261709,0.0325));
#12687=CARTESIAN_POINT('',(-0.186481677094696,0.0809183721360933,0.0325));
#12688=CARTESIAN_POINT('',(-0.186016338263233,0.0809290698050102,0.0325));
#12689=CARTESIAN_POINT('',(-0.186076973366002,0.0809017507454257,0.0325));
#12690=CARTESIAN_POINT('',(-0.186350984975163,0.0806045508315194,0.0325));
#12691=CARTESIAN_POINT('',(-0.186350984975163,0.0806045508315194,0.0325));
#12692=CARTESIAN_POINT('',(-0.186076973366002,0.0809017507454257,0.0325));
#12693=CARTESIAN_POINT('',(-0.185994683829718,0.0804198020894368,0.0325));
#12694=CARTESIAN_POINT('',(-0.185994683829718,0.0804198020894368,0.033));
#12695=CARTESIAN_POINT('',(-0.18614479218266,0.0804629651140007,0.0325));
#12696=CARTESIAN_POINT('',(-0.18614479218266,0.0804629651140007,0.033));
#12697=CARTESIAN_POINT('',(-0.186263559231142,0.0805245480280283,0.0325));
#12698=CARTESIAN_POINT('',(-0.186263559231142,0.0805245480280283,0.033));
#12699=CARTESIAN_POINT('',(-0.186350984975163,0.0806045508315194,0.0325));
#12700=CARTESIAN_POINT('',(-0.186350984975163,0.0806045508315194,0.033));
#12701=CARTESIAN_POINT('',(-0.185994683829718,0.0804198020894368,0.0325));
#12702=CARTESIAN_POINT('',(-0.185994683829718,0.0804198020894368,0.0325));
#12703=CARTESIAN_POINT('',(-0.185994683829718,0.0804198020894368,0.0325));
#12704=CARTESIAN_POINT('',(-0.186219846359131,0.0804845466262827,0.0325));
#12705=CARTESIAN_POINT('',(-0.186350984975163,0.0806045508315194,0.0325));
#12706=CARTESIAN_POINT('',(-0.185876741552406,0.0803859864714663,0.0325));
#12707=CARTESIAN_POINT('',(-0.185758799275094,0.0803521708534958,0.0325));
#12708=CARTESIAN_POINT('',(-0.185758807030354,0.0803521423558538,0.0325));
#12709=CARTESIAN_POINT('',(-0.185876741552406,0.0803859864714663,0.0325));
#12710=CARTESIAN_POINT('',(-0.186143718774871,0.0789377374843719,0.0325));
#12711=CARTESIAN_POINT('',(-0.185570132869954,0.0802866015454799,0.0325));
#12712=CARTESIAN_POINT('',(-0.185570174542391,0.0802864960780925,0.0325));
#12713=CARTESIAN_POINT('',(-0.186143718774871,0.0789377374843719,0.0325));
#12714=CARTESIAN_POINT('',(-0.185717833027798,0.0799206751362519,0.0325));
#12715=CARTESIAN_POINT('',(-0.185429509385467,0.0801892785474185,0.0325));
#12716=CARTESIAN_POINT('',(-0.185429342363141,0.0801894273519249,0.0325));
#12717=CARTESIAN_POINT('',(-0.185717833027798,0.0799206751362519,0.0325));
#12718=CARTESIAN_POINT('',(-0.185601396965073,0.0800448165729733,0.0325));
#12719=CARTESIAN_POINT('',(-0.185376105452209,0.0800338091818712,0.0325));
#12720=CARTESIAN_POINT('',(-0.185376395778765,0.0800338301035404,0.0325));
#12721=CARTESIAN_POINT('',(-0.185601396965073,0.0800448165729733,0.0325));
#12722=CARTESIAN_POINT('',(-0.185662474300866,0.0800278362631264,0.0325));
#12723=CARTESIAN_POINT('',(-0.18543796328996,0.0798505037893361,0.0325));
#12724=CARTESIAN_POINT('',(-0.185437843557943,0.0798504066697689,0.0325));
#12725=CARTESIAN_POINT('',(-0.185662474300866,0.0800278362631264,0.0325));
#12726=CARTESIAN_POINT('',(-0.185751813809283,0.0801084969848461,0.0325));
#12727=CARTESIAN_POINT('',(-0.185605804223058,0.0797286438489668,0.0325));
#12728=CARTESIAN_POINT('',(-0.185605812868795,0.0797286714142235,0.0325));
#12729=CARTESIAN_POINT('',(-0.185751813809283,0.0801084969848461,0.0325));
#12730=CARTESIAN_POINT('',(-0.185833756096952,0.0803086257810943,0.0325));
#12731=CARTESIAN_POINT('',(-0.185844987862361,0.0796849309769562,0.0325));
#12732=CARTESIAN_POINT('',(-0.185844984828406,0.0796850920927779,0.0325));
#12733=CARTESIAN_POINT('',(-0.185833756096952,0.0803086257810943,0.0325));
#12734=CARTESIAN_POINT('',(-0.18585118038665,0.0803314959307633,0.0325));
#12735=CARTESIAN_POINT('',(-0.186057985017017,0.0797191589805117,0.0325));
#12736=CARTESIAN_POINT('',(-0.186057971451974,0.0797192032016217,0.0325));
#12737=CARTESIAN_POINT('',(-0.18585118038665,0.0803314959307633,0.0325));
#12738=CARTESIAN_POINT('',(-0.185937303258836,0.0800873504269807,0.0325));
#12739=CARTESIAN_POINT('',(-0.186221083515886,0.0798241111118957,0.0325));
#12740=CARTESIAN_POINT('',(-0.186221209465489,0.0798239976299552,0.0325));
#12741=CARTESIAN_POINT('',(-0.185937303258836,0.0800873504269807,0.0325));
#12742=CARTESIAN_POINT('',(-0.185997964219973,0.0800194614679821,0.0325));
#12743=CARTESIAN_POINT('',(-0.186294438289679,0.0800037050341658,0.0325));
#12744=CARTESIAN_POINT('',(-0.186294438289679,0.0800037050341658,0.0325));
#12745=CARTESIAN_POINT('',(-0.185997964219973,0.0800194614679821,0.0325));
#12746=CARTESIAN_POINT('',(-0.186414698548047,0.0800037050341658,0.0325));
#12747=CARTESIAN_POINT('',(-0.186534157216354,0.0800037050341658,0.0325));
#12748=CARTESIAN_POINT('',(-0.186534157216354,0.0800037050341658,0.0325));
#12749=CARTESIAN_POINT('',(-0.186414698548047,0.0800037050341658,0.0325));
#12750=CARTESIAN_POINT('',(-0.186009071965297,0.0800315720083457,0.0325));
#12751=CARTESIAN_POINT('',(-0.186437585948015,0.0797272004994193,0.0325));
#12752=CARTESIAN_POINT('',(-0.186437733416289,0.0797270936394967,0.0325));
#12753=CARTESIAN_POINT('',(-0.186009071965297,0.0800315720083457,0.0325));
#12754=CARTESIAN_POINT('',(-0.185983432927588,0.0800645391430213,0.0325));
#12755=CARTESIAN_POINT('',(-0.186201495200599,0.0795416269861666,0.0325));
#12756=CARTESIAN_POINT('',(-0.18620154793532,0.0795414939579143,0.0325));
#12757=CARTESIAN_POINT('',(-0.185983432927588,0.0800645391430213,0.0325));
#12758=CARTESIAN_POINT('',(-0.185868776826239,0.0803549083790506,0.0325));
#12759=CARTESIAN_POINT('',(-0.185844987862361,0.0794750267141882,0.0325));
#12760=CARTESIAN_POINT('',(-0.185844993497182,0.0794754982980107,0.0325));
#12761=CARTESIAN_POINT('',(-0.185868776826239,0.0803549083790506,0.0325));
#12762=CARTESIAN_POINT('',(-0.185817046792527,0.0803498430491796,0.0325));
#12763=CARTESIAN_POINT('',(-0.185468479823251,0.0795490499266967,0.0325));
#12764=CARTESIAN_POINT('',(-0.185468410899335,0.0795488857559465,0.0325));
#12765=CARTESIAN_POINT('',(-0.185817046792527,0.0803498430491796,0.0325));
#12766=CARTESIAN_POINT('',(-0.185695819428743,0.0800604410613775,0.0325));
#12767=CARTESIAN_POINT('',(-0.185232389075835,0.0797486445498396,0.0325));
#12768=CARTESIAN_POINT('',(-0.185232185630911,0.0797485060814406,0.0325));
#12769=CARTESIAN_POINT('',(-0.185695819428743,0.0800604410613775,0.0325));
#12770=CARTESIAN_POINT('',(-0.185658940280573,0.08002325389909,0.0325));
#12771=CARTESIAN_POINT('',(-0.185151355308381,0.0800300977116062,0.0325));
#12772=CARTESIAN_POINT('',(-0.185151679191511,0.0800301030560077,0.0325));
#12773=CARTESIAN_POINT('',(-0.185658940280573,0.08002325389909,0.0325));
#12774=CARTESIAN_POINT('',(-0.18559144125021,0.0800462234495275,0.0325));
#12775=CARTESIAN_POINT('',(-0.185206614976772,0.0802577345545295,0.0325));
#12776=CARTESIAN_POINT('',(-0.185206388067097,0.0802578530260276,0.0325));
#12777=CARTESIAN_POINT('',(-0.18559144125021,0.0800462234495275,0.0325));
#12778=CARTESIAN_POINT('',(-0.185629504812218,0.080010204196516,0.0325));
#12779=CARTESIAN_POINT('',(-0.185346619882882,0.0804101110281891,0.0325));
#12780=CARTESIAN_POINT('',(-0.185346618914711,0.0804101124952079,0.0325));
#12781=CARTESIAN_POINT('',(-0.185629504812218,0.080010204196516,0.0325));
#12782=CARTESIAN_POINT('',(-0.185803101581495,0.0797665610910627,0.0325));
#12783=CARTESIAN_POINT('',(-0.185523739491641,0.080504341134363,0.0325));
#12784=CARTESIAN_POINT('',(-0.185523746662118,0.0805043227422103,0.0325));
#12785=CARTESIAN_POINT('',(-0.185803101581495,0.0797665610910627,0.0325));
#12786=CARTESIAN_POINT('',(-0.186126543047538,0.0789284254851078,0.0325));
#12787=CARTESIAN_POINT('',(-0.185691168039154,0.0805583636459988,0.0325));
#12788=CARTESIAN_POINT('',(-0.18569115540075,0.0805584109611118,0.03250000025));
#12789=CARTESIAN_POINT('',(-0.186126543047538,0.0789284254851078,0.0325));
#12790=CARTESIAN_POINT('',(-0.185788697230007,0.0805847563234392,0.0325));
#12791=CARTESIAN_POINT('',(-0.185886226420862,0.0806111490008795,0.0325));
#12792=CARTESIAN_POINT('',(-0.185886232697124,0.0806111257357328,0.0325));
#12793=CARTESIAN_POINT('',(-0.185788697230007,0.0805847563234392,0.0325));
#12794=CARTESIAN_POINT('',(-0.185515269111601,0.0819862311563891,0.0325));
#12795=CARTESIAN_POINT('',(-0.18600313773421,0.0806480575107376,0.0325));
#12796=CARTESIAN_POINT('',(-0.186003130851472,0.0806480760729312,0.0325));
#12797=CARTESIAN_POINT('',(-0.185515269111601,0.0819862311563891,0.0325));
#12798=CARTESIAN_POINT('',(-0.185785765165819,0.0812524933581622,0.0325));
#12799=CARTESIAN_POINT('',(-0.18612499767458,0.0807070286493934,0.0325));
#12800=CARTESIAN_POINT('',(-0.18612498384676,0.080707051244909,0.0325));
#12801=CARTESIAN_POINT('',(-0.18612616060193,0.0807077503241672,0.0325));
#12802=CARTESIAN_POINT('',(-0.186125579138255,0.0807073894867803,0.0325));
#12803=CARTESIAN_POINT('',(-0.18612499767458,0.0807070286493934,0.0325));
#12804=CARTESIAN_POINT('',(-0.186066851307094,0.0806709449107054,0.0325));
#12805=CARTESIAN_POINT('',(-0.18600313773421,0.0806480575107376,0.0325));
#12806=CARTESIAN_POINT('',(-0.185962205628622,0.0809732140366976,0.0325));
#12807=CARTESIAN_POINT('',(-0.186220258744717,0.0807979596708872,0.0325));
#12808=CARTESIAN_POINT('',(-0.186220362272194,0.0807978922712043,0.0325));
#12809=CARTESIAN_POINT('',(-0.185962205628622,0.0809732140366976,0.0325));
#12810=CARTESIAN_POINT('',(-0.186027798607168,0.0809223039463654,0.0325));
#12811=CARTESIAN_POINT('',(-0.186257373447367,0.0809295106725041,0.0325));
#12812=CARTESIAN_POINT('',(-0.186257219850277,0.0809295054593961,0.0325));
#12813=CARTESIAN_POINT('',(-0.186027798607168,0.0809223039463654,0.0325));
#12814=CARTESIAN_POINT('',(-0.185987452154979,0.0809332096887249,0.0325));
#12815=CARTESIAN_POINT('',(-0.186204381899694,0.0810936401353365,0.0325));
#12816=CARTESIAN_POINT('',(-0.186204503155817,0.0810937329119629,0.0325));
#12817=CARTESIAN_POINT('',(-0.185987452154979,0.0809332096887249,0.0325));
#12818=CARTESIAN_POINT('',(-0.185924430959232,0.0808792102955118,0.0325));
#12819=CARTESIAN_POINT('',(-0.186056129281884,0.0812070461712131,0.0325));
#12820=CARTESIAN_POINT('',(-0.186056139827539,0.0812070712712254,0.0325));
#12821=CARTESIAN_POINT('',(-0.185924430959232,0.0808792102955118,0.0325));
#12822=CARTESIAN_POINT('',(-0.185847087543014,0.0806888553793756,0.0325));
#12823=CARTESIAN_POINT('',(-0.185833441065981,0.0812482847297137,0.0325));
#12824=CARTESIAN_POINT('',(-0.18583343855502,0.0812478700620377,0.0325));
#12825=CARTESIAN_POINT('',(-0.185847087543014,0.0806888553793756,0.0325));
#12826=CARTESIAN_POINT('',(-0.185814091300343,0.0807218959789418,0.0325));
#12827=CARTESIAN_POINT('',(-0.185814091300343,0.0807218959789418,0.0325));
#12828=CARTESIAN_POINT('',(-0.208705983851011,0.0517598578400772,0.0325));
#12829=CARTESIAN_POINT('',(-0.211772957379248,0.0866964102822456,0.0325));
#12830=CARTESIAN_POINT('',(-0.212036216194059,0.0866964102822456,0.0325));
#12831=CARTESIAN_POINT('',(-0.212036216194059,0.0866964102822456,0.0325));
#12832=CARTESIAN_POINT('',(-0.211772957379248,0.0866964102822456,0.0325));
#12833=CARTESIAN_POINT('',(-0.211509698564436,0.0866964102822456,0.0325));
#12834=CARTESIAN_POINT('',(-0.211509698564436,0.0866964102822456,0.0325));
#12835=CARTESIAN_POINT('',(-0.212026672000314,0.0850518881556503,0.0325));
#12836=CARTESIAN_POINT('',(-0.21201712780657,0.0834073660290549,0.0325));
#12837=CARTESIAN_POINT('',(-0.21201712780657,0.0834073660290549,0.0325));
#12838=CARTESIAN_POINT('',(-0.212026672000314,0.0850518881556503,0.0325));
#12839=CARTESIAN_POINT('',(-0.211532184416677,0.0833592919367795,0.0325));
#12840=CARTESIAN_POINT('',(-0.211532184416677,0.0828719714983115,0.0325));
#12841=CARTESIAN_POINT('',(-0.211532184416677,0.0828719714983115,0.0325));
#12842=CARTESIAN_POINT('',(-0.211532184416677,0.0833592919367795,0.0325));
#12843=CARTESIAN_POINT('',(-0.210434520179655,0.0828719714983115,0.0325));
#12844=CARTESIAN_POINT('',(-0.209336855942633,0.0828719714983115,0.0325));
#12845=CARTESIAN_POINT('',(-0.209336855942633,0.0828719714983115,0.0325));
#12846=CARTESIAN_POINT('',(-0.210434520179655,0.0828719714983115,0.0325));
#12847=CARTESIAN_POINT('',(-0.209336855942633,0.0831415729691023,0.0325));
#12848=CARTESIAN_POINT('',(-0.209336855942633,0.0834111744398931,0.0325));
#12849=CARTESIAN_POINT('',(-0.209336855942633,0.0834111744398931,0.0325));
#12850=CARTESIAN_POINT('',(-0.209336855942633,0.0831415729691023,0.0325));
#12851=CARTESIAN_POINT('',(-0.210423277253534,0.0834111744398931,0.0325));
#12852=CARTESIAN_POINT('',(-0.211509698564436,0.0834111744398931,0.0325));
#12853=CARTESIAN_POINT('',(-0.211509698564436,0.0834111744398931,0.0325));
#12854=CARTESIAN_POINT('',(-0.210423277253534,0.0834111744398931,0.0325));
#12855=CARTESIAN_POINT('',(-0.211509698564436,0.0850537923610694,0.0325));
#12856=CARTESIAN_POINT('',(-0.211509698564436,0.0850537923610694,0.0325));
#12857=CARTESIAN_POINT('',(-0.208705983851011,0.0517598578400772,0.0325));
#12858=CARTESIAN_POINT('',(-0.197951849014989,0.0517598578400772,0.033));
#12859=CARTESIAN_POINT('',(-0.197951849014989,0.0517598578400772,0.033));
#12860=CARTESIAN_POINT('',(-0.148351849014988,0.0517598578400772,0.016375));
#12861=CARTESIAN_POINT('',(-0.148351849014988,0.0458098578400772,0.0205));
#12862=CARTESIAN_POINT('',(-0.148351849014988,0.0458098578400772,0.03075));
#12863=CARTESIAN_POINT('',(-0.148351849014988,0.0354598578400772,0.03075));
#12864=CARTESIAN_POINT('',(-0.148351849014988,0.0251098578400772,0.03075));
#12865=CARTESIAN_POINT('',(-0.148351849014988,0.0251098578400772,0.0205));
#12866=CARTESIAN_POINT('',(-0.148351849014988,0.0354598578400772,0.03075));
#12867=CARTESIAN_POINT('',(-0.145451849014988,0.0231098578400772,0.03075));
#12868=CARTESIAN_POINT('',(-0.147451849014988,0.0251098578400772,0.03075));
#12869=CARTESIAN_POINT('',(-0.148351849014988,0.0251098578400772,0.03075));
#12870=CARTESIAN_POINT('',(-0.148351849014988,0.0458098578400772,0.03075));
#12871=CARTESIAN_POINT('',(-0.147451849014988,0.0458098578400772,0.03075));
#12872=CARTESIAN_POINT('',(-0.147451849014988,0.0458098578400772,0.03075));
#12873=CARTESIAN_POINT('',(-0.148351849014988,0.0251098578400772,0.0205));
#12874=CARTESIAN_POINT('',(-0.147451849014988,0.0251098578400772,0.0205));
#12875=CARTESIAN_POINT('',(-0.148351849014988,0.0458098578400772,0.0205));
#12876=CARTESIAN_POINT('',(-0.147451849014988,0.0458098578400772,0.03075));
#12877=CARTESIAN_POINT('',(-0.246451849014989,0.0172598578400772,0.033));
#12878=CARTESIAN_POINT('',(-0.246451849014989,0.0172598578400772,0.031));
#12879=CARTESIAN_POINT('',(-0.247651849014989,0.0172598578400772,0.031));
#12880=CARTESIAN_POINT('',(-0.244251849014989,0.0172598578400772,0.031));
#12881=CARTESIAN_POINT('',(-0.246451849014989,0.0172598578400772,0.031));
#12882=CARTESIAN_POINT('',(-0.248651849014989,0.0172598578400772,0.031));
#12883=CARTESIAN_POINT('',(-0.246451849014989,0.0172598578400772,0.033));
#12884=CARTESIAN_POINT('',(-0.149451849014988,0.0172598578400772,0.033));
#12885=CARTESIAN_POINT('',(-0.149451849014988,0.0172598578400772,0.031));
#12886=CARTESIAN_POINT('',(-0.150651849014988,0.0172598578400772,0.031));
#12887=CARTESIAN_POINT('',(-0.147251849014988,0.0172598578400772,0.031));
#12888=CARTESIAN_POINT('',(-0.149451849014988,0.0172598578400772,0.031));
#12889=CARTESIAN_POINT('',(-0.151651849014988,0.0172598578400772,0.031));
#12890=CARTESIAN_POINT('',(-0.149451849014988,0.0172598578400772,0.033));
#12891=CARTESIAN_POINT('',(-0.149451849014988,0.0862598578400772,0.033));
#12892=CARTESIAN_POINT('',(-0.149451849014988,0.0862598578400772,0.031));
#12893=CARTESIAN_POINT('',(-0.150651849014988,0.0862598578400772,0.031));
#12894=CARTESIAN_POINT('',(-0.147251849014988,0.0862598578400772,0.031));
#12895=CARTESIAN_POINT('',(-0.149451849014988,0.0862598578400772,0.031));
#12896=CARTESIAN_POINT('',(-0.151651849014988,0.0862598578400772,0.031));
#12897=CARTESIAN_POINT('',(-0.149451849014988,0.0862598578400772,0.033));
#12898=CARTESIAN_POINT('',(-0.246451849014989,0.0862598578400772,0.033));
#12899=CARTESIAN_POINT('',(-0.246451849014989,0.0862598578400772,0.031));
#12900=CARTESIAN_POINT('',(-0.247651849014989,0.0862598578400772,0.031));
#12901=CARTESIAN_POINT('',(-0.244251849014989,0.0862598578400772,0.031));
#12902=CARTESIAN_POINT('',(-0.246451849014989,0.0862598578400772,0.031));
#12903=CARTESIAN_POINT('',(-0.248651849014989,0.0862598578400772,0.031));
#12904=CARTESIAN_POINT('',(-0.246451849014989,0.0862598578400772,0.033));
#12905=CARTESIAN_POINT('',(-0.149451849014988,0.0172598578400772,0.0315));
#12906=CARTESIAN_POINT('',(-0.149451849014988,0.0147598578400772,0.0315));
#12907=CARTESIAN_POINT('',(-0.146951849014988,0.0172598578400772,0.0315));
#12908=CARTESIAN_POINT('',(-0.146951849014988,0.0517598578400772,0.0315));
#12909=CARTESIAN_POINT('',(-0.146951849014988,0.0862598578400772,0.0315));
#12910=CARTESIAN_POINT('',(-0.197951849014989,0.0147598578400772,0.0315));
#12911=CARTESIAN_POINT('',(-0.246451849014989,0.0147598578400772,0.0315));
#12912=CARTESIAN_POINT('',(-0.149451849014988,0.0862598578400772,0.0315));
#12913=CARTESIAN_POINT('',(-0.149451849014988,0.0887598578400772,0.0315));
#12914=CARTESIAN_POINT('',(-0.246451849014989,0.0172598578400772,0.0315));
#12915=CARTESIAN_POINT('',(-0.248951849014989,0.0172598578400772,0.0315));
#12916=CARTESIAN_POINT('',(-0.197951849014989,0.0887598578400772,0.0315));
#12917=CARTESIAN_POINT('',(-0.246451849014989,0.0887598578400772,0.0315));
#12918=CARTESIAN_POINT('',(-0.248951849014989,0.0517598578400772,0.0315));
#12919=CARTESIAN_POINT('',(-0.248951849014989,0.0862598578400772,0.0315));
#12920=CARTESIAN_POINT('',(-0.246451849014989,0.0862598578400772,0.0315));
#12921=CARTESIAN_POINT('',(-0.147451849014988,0.0458098578400772,0.0205));
#12922=CARTESIAN_POINT('',(-0.145451849014988,0.0231098578400772,0.024));
#12923=CARTESIAN_POINT('',(-0.19265,0.0454836407542229,0.0305));
#12924=CARTESIAN_POINT('',(-0.192648893826967,0.0454836407542228,0.023));
#12925=CARTESIAN_POINT('',(-0.19265,0.0209836407542229,0.0305));
#12926=CARTESIAN_POINT('',(-0.19265,0.0209836407542229,0.023));
#12927=CARTESIAN_POINT('',(-0.1619,0.0332336407542228,0.023));
#12928=CARTESIAN_POINT('',(-0.1619,0.0184836407542228,0.023));
#12929=CARTESIAN_POINT('',(-0.1619,0.0184836407542228,0.023));
#12930=CARTESIAN_POINT('',(-0.1619,0.0332336407542228,0.023));
#12931=CARTESIAN_POINT('',(-0.1619,0.0479836407542228,0.023));
#12932=CARTESIAN_POINT('',(-0.1619,0.0479836407542228,0.023));
#12933=CARTESIAN_POINT('',(-0.19265,0.0184836407542228,0.023));
#12934=CARTESIAN_POINT('',(-0.2234,0.0184836407542228,0.023));
#12935=CARTESIAN_POINT('',(-0.2234,0.0184836407542228,0.023));
#12936=CARTESIAN_POINT('',(-0.19265,0.0184836407542228,0.023));
#12937=CARTESIAN_POINT('',(-0.2234,0.0334836407542228,0.023));
#12938=CARTESIAN_POINT('',(-0.2234,0.0479836407542228,0.023));
#12939=CARTESIAN_POINT('',(-0.2234,0.0479836407542228,0.023));
#12940=CARTESIAN_POINT('',(-0.2234,0.0334836407542228,0.023));
#12941=CARTESIAN_POINT('',(-0.192648893826967,0.0479836407542228,0.023));
#12942=CARTESIAN_POINT('',(-0.192648893826967,0.0479836407542228,0.023));
#12943=CARTESIAN_POINT('',(0.,0.,0.023));
#12944=CARTESIAN_POINT('',(-0.1644,0.0282336407542228,0.0266));
#12945=CARTESIAN_POINT('',(-0.162733333333334,0.0299003074208895,0.0249333333333333));
#12946=CARTESIAN_POINT('',(-0.1634,0.0292336407542228,0.0256));
#12947=CARTESIAN_POINT('',(-0.163733333333334,0.0289003074208895,0.0252666666666667));
#12948=CARTESIAN_POINT('',(-0.16396066017178,0.028672980582443,0.0250393398282201));
#12949=CARTESIAN_POINT('',(-0.1629,0.0297336407542228,0.0239786796564403));
#12950=CARTESIAN_POINT('',(-0.1644,0.0332336407542228,0.0266));
#12951=CARTESIAN_POINT('',(-0.1634,0.0332336407542228,0.0256));
#12952=CARTESIAN_POINT('',(-0.1634,0.0372336407542228,0.0256));
#12953=CARTESIAN_POINT('',(-0.162733333333334,0.0365669740875562,0.0249333333333333));
#12954=CARTESIAN_POINT('',(-0.1644,0.0382336407542229,0.0266));
#12955=CARTESIAN_POINT('',(-0.1629,0.0367336407542228,0.0239786796564403));
#12956=CARTESIAN_POINT('',(-0.16396066017178,0.0377943009260027,0.0250393398282201));
#12957=CARTESIAN_POINT('',(-0.163733333333334,0.0375669740875562,0.0252666666666667));
#12958=CARTESIAN_POINT('',(-0.1644,0.0332336407542228,0.0246));
#12959=CARTESIAN_POINT('',(-0.16396066017178,0.0282336407542228,0.0250393398282202));
#12960=CARTESIAN_POINT('',(-0.2209,0.0382336407542229,0.0266));
#12961=CARTESIAN_POINT('',(-0.222566666666666,0.0365669740875562,0.0249333333333333));
#12962=CARTESIAN_POINT('',(-0.2219,0.0372336407542228,0.0256));
#12963=CARTESIAN_POINT('',(-0.221566666666666,0.0375669740875562,0.0252666666666667));
#12964=CARTESIAN_POINT('',(-0.22133933982822,0.0377943009260027,0.0250393398282201));
#12965=CARTESIAN_POINT('',(-0.2224,0.0367336407542228,0.0239786796564403));
#12966=CARTESIAN_POINT('',(-0.2209,0.0332336407542228,0.0266));
#12967=CARTESIAN_POINT('',(-0.2219,0.0332336407542228,0.0256));
#12968=CARTESIAN_POINT('',(-0.2219,0.0292336407542228,0.0256));
#12969=CARTESIAN_POINT('',(-0.222566666666666,0.0299003074208895,0.0249333333333333));
#12970=CARTESIAN_POINT('',(-0.2209,0.0282336407542228,0.0266));
#12971=CARTESIAN_POINT('',(-0.2224,0.0297336407542228,0.0239786796564403));
#12972=CARTESIAN_POINT('',(-0.22133933982822,0.028672980582443,0.0250393398282201));
#12973=CARTESIAN_POINT('',(-0.221566666666666,0.0289003074208895,0.0252666666666667));
#12974=CARTESIAN_POINT('',(-0.2209,0.0332336407542228,0.0246));
#12975=CARTESIAN_POINT('',(-0.22133933982822,0.0332336407542228,0.0250393398282202));
#12976=CARTESIAN_POINT('',(-0.2224,0.0332336407542228,0.0239786796564403));
#12977=CARTESIAN_POINT('',(-0.1629,0.0332336407542228,0.0239786796564403));
#12978=MECHANICAL_DESIGN_GEOMETRIC_PRESENTATION_REPRESENTATION('',(#7701),#12979);
#12979=(
GEOMETRIC_REPRESENTATION_CONTEXT(3)
GLOBAL_UNCERTAINTY_ASSIGNED_CONTEXT((#12980))
GLOBAL_UNIT_ASSIGNED_CONTEXT((#12983,#12982,#12981))
REPRESENTATION_CONTEXT('CaseLid','TOP_LEVEL_ASSEMBLY_PART')
);
#12980=UNCERTAINTY_MEASURE_WITH_UNIT(LENGTH_MEASURE(2.E-05),#12983,'DISTANCE_ACCURACY_VALUE','Maximum Tolerance applied to model');
#12981=(
NAMED_UNIT(*)
SI_UNIT($,.STERADIAN.)
SOLID_ANGLE_UNIT()
);
#12982=(
NAMED_UNIT(*)
PLANE_ANGLE_UNIT()
SI_UNIT($,.RADIAN.)
);
#12983=(
LENGTH_UNIT()
NAMED_UNIT(*)
SI_UNIT($,.METRE.)
);
#12984=PRODUCT_DEFINITION_SHAPE('','',#12985);
#12985=PRODUCT_DEFINITION('','',#12987,#12986);
#12986=PRODUCT_DEFINITION_CONTEXT('',#12993,'design');
#12987=PRODUCT_DEFINITION_FORMATION_WITH_SPECIFIED_SOURCE('','',#12989,.NOT_KNOWN.);
#12988=PRODUCT_RELATED_PRODUCT_CATEGORY('','',(#12989));
#12989=PRODUCT('CaseLid','CaseLid','CaseLid',(#12991));
#12990=PRODUCT_CATEGORY('','');
#12991=PRODUCT_CONTEXT('',#12993,'mechanical');
#12992=APPLICATION_PROTOCOL_DEFINITION('international standard','ap242_managed_model_based_3d_engineering',2020,#12993);
#12993=APPLICATION_CONTEXT('managed model based 3d engineering');
#12994=COMPOSITE_SHAPE_ASPECT('hole_callout.FmEFpeGB89tbTMe_390.RDBD.4',$,#12984,$);
#12995=SHAPE_ASPECT('hole_callout.FmEFpeGB89tbTMe_390.RDBD.4',$,#12984,.T.);
#12996=GEOMETRIC_ITEM_SPECIFIC_USAGE('','',#12995,#11,#7672);
#12997=SHAPE_ASPECT_RELATIONSHIP('','',#12994,#12995);
#12998=SHAPE_ASPECT('hole_callout.FmEFpeGB89tbTMe_390.RDBD.4',$,#12984,.T.);
#12999=GEOMETRIC_ITEM_SPECIFIC_USAGE('','',#12998,#11,#7670);
#13000=SHAPE_ASPECT_RELATIONSHIP('','',#12994,#12998);
#13001=SHAPE_ASPECT('hole_callout.FmEFpeGB89tbTMe_390.RDBD.4',$,#12984,.T.);
#13002=GEOMETRIC_ITEM_SPECIFIC_USAGE('','',#13001,#11,#7671);
#13003=SHAPE_ASPECT_RELATIONSHIP('','',#12994,#13001);
#13004=SHAPE_ASPECT('hole_callout.FmEFpeGB89tbTMe_390.RDBD.4',$,#12984,.T.);
#13005=GEOMETRIC_ITEM_SPECIFIC_USAGE('','',#13004,#11,#7669);
#13006=SHAPE_ASPECT_RELATIONSHIP('','',#12994,#13004);
#13007=SHAPE_ASPECT('hole_callout.FmEFpeGB89tbTMe_390.RDBD.4',$,#12984,.T.);
#13008=GEOMETRIC_ITEM_SPECIFIC_USAGE('','',#13007,#11,#7667);
#13009=SHAPE_ASPECT_RELATIONSHIP('','',#12994,#13007);
#13010=SHAPE_ASPECT('hole_callout.FmEFpeGB89tbTMe_390.RDBD.4',$,#12984,.T.);
#13011=GEOMETRIC_ITEM_SPECIFIC_USAGE('','',#13010,#11,#7668);
#13012=SHAPE_ASPECT_RELATIONSHIP('','',#12994,#13010);
#13013=SHAPE_ASPECT('hole_callout.FmEFpeGB89tbTMe_390.RDBD.4',$,#12984,.T.);
#13014=GEOMETRIC_ITEM_SPECIFIC_USAGE('','',#13013,#11,#7663);
#13015=SHAPE_ASPECT_RELATIONSHIP('','',#12994,#13013);
#13016=SHAPE_ASPECT('hole_callout.FmEFpeGB89tbTMe_390.RDBD.4',$,#12984,.T.);
#13017=GEOMETRIC_ITEM_SPECIFIC_USAGE('','',#13016,#11,#7661);
#13018=SHAPE_ASPECT_RELATIONSHIP('','',#12994,#13016);
#13019=SHAPE_ASPECT('hole_callout.FmEFpeGB89tbTMe_390.RDBD.4',$,#12984,.T.);
#13020=GEOMETRIC_ITEM_SPECIFIC_USAGE('','',#13019,#11,#7662);
#13021=SHAPE_ASPECT_RELATIONSHIP('','',#12994,#13019);
#13022=SHAPE_ASPECT('hole_callout.FmEFpeGB89tbTMe_390.RDBD.4',$,#12984,.T.);
#13023=GEOMETRIC_ITEM_SPECIFIC_USAGE('','',#13022,#11,#7664);
#13024=SHAPE_ASPECT_RELATIONSHIP('','',#12994,#13022);
#13025=SHAPE_ASPECT('hole_callout.FmEFpeGB89tbTMe_390.RDBD.4',$,#12984,.T.);
#13026=GEOMETRIC_ITEM_SPECIFIC_USAGE('','',#13025,#11,#7666);
#13027=SHAPE_ASPECT_RELATIONSHIP('','',#12994,#13025);
#13028=SHAPE_ASPECT('hole_callout.FmEFpeGB89tbTMe_390.RDBD.4',$,#12984,.T.);
#13029=GEOMETRIC_ITEM_SPECIFIC_USAGE('','',#13028,#11,#7665);
#13030=SHAPE_ASPECT_RELATIONSHIP('','',#12994,#13028);
#13031=DIMENSIONAL_SIZE(#12994,'diameter');
#13032=(
LENGTH_UNIT()
NAMED_UNIT(*)
SI_UNIT(.MILLI.,.METRE.)
);
#13034=PRECISION_QUALIFIER(3);
#13033=(
LENGTH_MEASURE_WITH_UNIT()
MEASURE_REPRESENTATION_ITEM()
MEASURE_WITH_UNIT(POSITIVE_LENGTH_MEASURE(2.4),#13032)
QUALIFIED_REPRESENTATION_ITEM((#13034))
REPRESENTATION_ITEM('nominal value')
);
#13035=COMPOUND_REPRESENTATION_ITEM('modifiers',SET_REPRESENTATION_ITEM((#13036)));
#13036=DESCRIPTIVE_REPRESENTATION_ITEM('dimensional note','diameter');
#13037=SHAPE_DIMENSION_REPRESENTATION('',(#13033,#13035),#12979);
#13038=DIMENSIONAL_CHARACTERISTIC_REPRESENTATION(#13031,#13037);
#13039=DIMENSIONAL_SIZE(#12994,'depth');
#13040=(
LENGTH_UNIT()
NAMED_UNIT(*)
SI_UNIT(.MILLI.,.METRE.)
);
#13042=PRECISION_QUALIFIER(3);
#13041=(
LENGTH_MEASURE_WITH_UNIT()
MEASURE_REPRESENTATION_ITEM()
MEASURE_WITH_UNIT(POSITIVE_LENGTH_MEASURE(2.),#13040)
QUALIFIED_REPRESENTATION_ITEM((#13042))
REPRESENTATION_ITEM('nominal value')
);
#13043=COMPOUND_REPRESENTATION_ITEM('modifiers',SET_REPRESENTATION_ITEM((#13044)));
#13044=DESCRIPTIVE_REPRESENTATION_ITEM('dimensional note','depth');
#13045=SHAPE_DIMENSION_REPRESENTATION('',(#13041,#13043),#12979);
#13046=DIMENSIONAL_CHARACTERISTIC_REPRESENTATION(#13039,#13045);
#13047=DIMENSIONAL_SIZE(#12994,'diameter');
#13048=(
LENGTH_UNIT()
NAMED_UNIT(*)
SI_UNIT(.MILLI.,.METRE.)
);
#13050=PRECISION_QUALIFIER(3);
#13049=(
LENGTH_MEASURE_WITH_UNIT()
MEASURE_REPRESENTATION_ITEM()
MEASURE_WITH_UNIT(POSITIVE_LENGTH_MEASURE(4.4),#13048)
QUALIFIED_REPRESENTATION_ITEM((#13050))
REPRESENTATION_ITEM('nominal value')
);
#13051=COMPOUND_REPRESENTATION_ITEM('modifiers',SET_REPRESENTATION_ITEM((#13052,#13053)));
#13052=DESCRIPTIVE_REPRESENTATION_ITEM('dimensional note','counterbore');
#13053=DESCRIPTIVE_REPRESENTATION_ITEM('dimensional note','diameter');
#13054=SHAPE_DIMENSION_REPRESENTATION('',(#13049,#13051),#12979);
#13055=DIMENSIONAL_CHARACTERISTIC_REPRESENTATION(#13047,#13054);
#13056=PRESENTATION_STYLE_ASSIGNMENT((NULL_STYLE(.NULL.)));
#13057=CARTESIAN_POINT('',(-0.246451849014988,0.0862598578400772,0.033));
#13058=DIRECTION('',(0.,0.,1.));
#13059=DIRECTION('',(1.,0.,0.));
#13060=AXIS2_PLACEMENT_3D('',#13057,#13058,#13059);
#13061=PLANE('',#13060);
#13062=ANNOTATION_PLANE('',(#13056),#13061,(#13089));
#13063=CARTESIAN_POINT('',(0.,0.,0.));
#13064=DIRECTION('',(0.,0.,1.));
#13065=DIRECTION('',(1.,0.,0.));
#13066=AXIS2_PLACEMENT_3D('',#13063,#13064,#13065);
#13067=CARTESIAN_POINT('',(0.,0.,0.));
#13068=DIRECTION('',(0.,0.,1.));
#13069=DIRECTION('',(1.,0.,0.));
#13070=AXIS2_PLACEMENT_3D('',#13067,#13068,#13069);
#13071=SHAPE_REPRESENTATION('',(#13070,#7709),#12979);
#13072=REPRESENTATION_MAP(#13066,#13071);
#13073=MAPPED_ITEM('',#13072,#13066);
#13074=PRESENTATION_STYLE_ASSIGNMENT((NULL_STYLE(.NULL.)));
#13075=STYLED_ITEM('',(#13074),#13073);
#13076=DRAUGHTING_MODEL('',(#13062,#13066,#13073,#13075),#12979);
#13077=DRAUGHTING_PRE_DEFINED_CURVE_FONT('continuous');
#13078=COLOUR_RGB('',0.,0.,0.);
#13079=CURVE_STYLE('',#13077,POSITIVE_LENGTH_MEASURE(0.02),#13078);
#13080=PRESENTATION_STYLE_ASSIGNMENT((#13079));
#13081=COORDINATES_LIST('coordinates',3075,((-0.2448962,0.0878155,0.0330000),(-0.2434820,0.0906439,0.0330000),(-0.2420678,0.0892297,0.0330000),(-0.2328634,0.0973532,0.0330000),(-0.2328634,0.1007664,0.0330000),(-0.2328795,0.1008481,0.0330000),(-0.2328634,0.0973532,0.0330000),(-0.2328795,0.1008481,0.0330000),(-0.2329279,0.1009177,0.0330000),(-0.2328634,0.0973532,0.0330000),(-0.2329279,0.1009177,0.0330000),(-0.2329978,0.1009653,0.0330000),(-0.2328634,0.0973532,0.0330000),(-0.2329978,0.1009653,0.0330000),(-0.2330803,0.1009812,0.0330000),(-0.2328634,0.0973532,0.0330000),(-0.2330803,0.1009812,0.0330000),(-0.2331629,0.1009653,0.0330000),(-0.2328634,0.0973532,0.0330000),(-0.2331629,0.1009653,0.0330000),(-0.2332327,0.1009177,0.0330000),(-0.2328634,0.0973532,0.0330000),(-0.2332327,0.1009177,0.0330000),(-0.2332803,0.1008481,0.0330000),(-0.2328634,0.0973532,0.0330000),(-0.2332803,0.1008481,0.0330000),(-0.2332962,0.1007664,0.0330000),(-0.2328634,0.0973532,0.0330000),(-0.2332962,0.1007664,0.0330000),(-0.2332962,0.0971384,0.0330000),(-0.2260413,0.0973532,0.0330000),(-0.2328634,0.0973532,0.0330000),(-0.2332962,0.0971384,0.0330000),(-0.2260413,0.0973532,0.0330000),(-0.2332962,0.0971384,0.0330000),(-0.2332806,0.0970535,0.0330000),(-0.2260413,0.0973532,0.0330000),(-0.2332806,0.0970535,0.0330000),(-0.2332338,0.0969849,0.0330000),(-0.2260413,0.0973532,0.0330000),(-0.2332338,0.0969849,0.0330000),(-0.2331639,0.0969389,0.0330000),(-0.2260413,0.0973532,0.0330000),(-0.2331639,0.0969389,0.0330000),(-0.2330793,0.0969235,0.0330000),(-0.2260413,0.0973532,0.0330000),(-0.2330793,0.0969235,0.0330000),(-0.2258254,0.0969235,0.0330000),(-0.2260413,0.0973532,0.0330000),(-0.2258254,0.0969235,0.0330000),(-0.2257410,0.0969389,0.0330000),(-0.2260413,0.0973532,0.0330000),(-0.2257410,0.0969389,0.0330000),(-0.2256720,0.0969849,0.0330000),(-0.2260413,0.0973532,0.0330000),(-0.2256720,0.0969849,0.0330000),(-0.2256259,0.0970535,0.0330000),(-0.2260413,0.0973532,0.0330000),(-0.2256259,0.0970535,0.0330000),(-0.2256106,0.0971384,0.0330000),(-0.2260413,0.0973532,0.0330000),(-0.2256106,0.0971384,0.0330000),(-0.2256106,0.1007664,0.0330000),(-0.2260413,0.0973532,0.0330000),(-0.2256106,0.1007664,0.0330000),(-0.2256265,0.1008481,0.0330000),(-0.2260413,0.0973532,0.0330000),(-0.2256265,0.1008481,0.0330000),(-0.2256741,0.1009177,0.0330000),(-0.2260413,0.0973532,0.0330000),(-0.2256741,0.1009177,0.0330000),(-0.2257437,0.1009653,0.0330000),(-0.2260413,0.0973532,0.0330000),(-0.2257437,0.1009653,0.0330000),(-0.2258254,0.1009812,0.0330000),(-0.2260413,0.0973532,0.0330000),(-0.2258254,0.1009812,0.0330000),(-0.2259075,0.1009653,0.0330000),(-0.2260413,0.0973532,0.0330000),(-0.2259075,0.1009653,0.0330000),(-0.2259778,0.1009177,0.0330000),(-0.2260413,0.0973532,0.0330000),(-0.2259778,0.1009177,0.0330000),(-0.2260255,0.1008481,0.0330000),(-0.2260413,0.0973532,0.0330000),(-0.2260255,0.1008481,0.0330000),(-0.2260413,0.1007664,0.0330000),(-0.2237546,0.0970992,0.0330000),(-0.2236575,0.0970585,0.0330000),(-0.2235595,0.0970233,0.0330000),(-0.2237546,0.0970992,0.0330000),(-0.2235595,0.0970233,0.0330000),(-0.2234605,0.0969935,0.0330000),(-0.2237546,0.0970992,0.0330000),(-0.2234605,0.0969935,0.0330000),(-0.2233606,0.0969691,0.0330000),(-0.2237546,0.0970992,0.0330000),(-0.2233606,0.0969691,0.0330000),(-0.2232597,0.0969501,0.0330000),(-0.2237546,0.0970992,0.0330000),(-0.2232597,0.0969501,0.0330000),(-0.2231579,0.0969365,0.0330000),(-0.2237546,0.0970992,0.0330000),(-0.2231579,0.0969365,0.0330000),(-0.2230551,0.0969284,0.0330000),(-0.2237546,0.0970992,0.0330000),(-0.2230551,0.0969284,0.0330000),(-0.2229513,0.0969257,0.0330000),(-0.2237546,0.0970992,0.0330000),(-0.2229513,0.0969257,0.0330000),(-0.2228155,0.0969300,0.0330000),(-0.2237546,0.0970992,0.0330000),(-0.2228155,0.0969300,0.0330000),(-0.2226823,0.0969429,0.0330000),(-0.2237546,0.0970992,0.0330000),(-0.2226823,0.0969429,0.0330000),(-0.2225516,0.0969645,0.0330000),(-0.2237546,0.0970992,0.0330000),(-0.2225516,0.0969645,0.0330000),(-0.2224235,0.0969947,0.0330000),(-0.2237546,0.0970992,0.0330000),(-0.2224235,0.0969947,0.0330000),(-0.2222979,0.0970336,0.0330000),(-0.2237546,0.0970992,0.0330000),(-0.2222979,0.0970336,0.0330000),(-0.2221748,0.0970810,0.0330000),(-0.2237546,0.0970992,0.0330000),(-0.2221748,0.0970810,0.0330000),(-0.2220543,0.0971371,0.0330000),(-0.2237546,0.0970992,0.0330000),(-0.2220543,0.0971371,0.0330000),(-0.2219364,0.0972019,0.0330000),(-0.2237546,0.0970992,0.0330000),(-0.2219364,0.0972019,0.0330000),(-0.2218228,0.0972743,0.0330000),(-0.2237546,0.0970992,0.0330000),(-0.2218228,0.0972743,0.0330000),(-0.2217154,0.0973528,0.0330000),(-0.2237546,0.0970992,0.0330000),(-0.2217154,0.0973528,0.0330000),(-0.2216143,0.0974375,0.0330000),(-0.2237546,0.0970992,0.0330000),(-0.2216143,0.0974375,0.0330000),(-0.2215194,0.0975284,0.0330000),(-0.2237546,0.0970992,0.0330000),(-0.2215194,0.0975284,0.0330000),(-0.2214307,0.0976254,0.0330000),(-0.2214307,0.0976254,0.0330000),(-0.2213482,0.0977285,0.0330000),(-0.2212719,0.0978378,0.0330000),(-0.2214307,0.0976254,0.0330000),(-0.2212719,0.0978378,0.0330000),(-0.2212019,0.0979533,0.0330000),(-0.2214307,0.0976254,0.0330000),(-0.2212019,0.0979533,0.0330000),(-0.2211389,0.0980731,0.0330000),(-0.2214307,0.0976254,0.0330000),(-0.2211389,0.0980731,0.0330000),(-0.2210843,0.0981953,0.0330000),(-0.2214307,0.0976254,0.0330000),(-0.2210843,0.0981953,0.0330000),(-0.2210381,0.0983201,0.0330000),(-0.2214307,0.0976254,0.0330000),(-0.2210381,0.0983201,0.0330000),(-0.2210003,0.0984473,0.0330000),(-0.2214307,0.0976254,0.0330000),(-0.2210003,0.0984473,0.0330000),(-0.2209709,0.0985770,0.0330000),(-0.2214307,0.0976254,0.0330000),(-0.2209709,0.0985770,0.0330000),(-0.2209499,0.0987091,0.0330000),(-0.2214307,0.0976254,0.0330000),(-0.2209499,0.0987091,0.0330000),(-0.2209373,0.0988438,0.0330000),(-0.2214307,0.0976254,0.0330000),(-0.2209373,0.0988438,0.0330000),(-0.2209331,0.0989809,0.0330000),(-0.2214307,0.0976254,0.0330000),(-0.2209331,0.0989809,0.0330000),(-0.2209373,0.0991126,0.0330000),(-0.2214307,0.0976254,0.0330000),(-0.2209373,0.0991126,0.0330000),(-0.2209499,0.0992434,0.0330000),(-0.2214307,0.0976254,0.0330000),(-0.2209499,0.0992434,0.0330000),(-0.2209709,0.0993735,0.0330000),(-0.2214307,0.0976254,0.0330000),(-0.2209709,0.0993735,0.0330000),(-0.2210003,0.0995027,0.0330000),(-0.2214307,0.0976254,0.0330000),(-0.2210003,0.0995027,0.0330000),(-0.2210381,0.0996312,0.0330000),(-0.2214307,0.0976254,0.0330000),(-0.2210381,0.0996312,0.0330000),(-0.2210843,0.0997588,0.0330000),(-0.2210843,0.0997588,0.0330000),(-0.2214760,0.0996173,0.0330000),(-0.2214395,0.0995195,0.0330000),(-0.2210843,0.0997588,0.0330000),(-0.2214395,0.0995195,0.0330000),(-0.2214096,0.0994183,0.0330000),(-0.2210843,0.0997588,0.0330000),(-0.2214096,0.0994183,0.0330000),(-0.2213863,0.0993139,0.0330000),(-0.2210843,0.0997588,0.0330000),(-0.2213863,0.0993139,0.0330000),(-0.2213697,0.0992062,0.0330000),(-0.2210843,0.0997588,0.0330000),(-0.2213697,0.0992062,0.0330000),(-0.2213597,0.0990952,0.0330000),(-0.2210843,0.0997588,0.0330000),(-0.2213597,0.0990952,0.0330000),(-0.2213564,0.0989809,0.0330000),(-0.2210843,0.0997588,0.0330000),(-0.2213564,0.0989809,0.0330000),(-0.2213597,0.0988709,0.0330000),(-0.2214307,0.0976254,0.0330000),(-0.2210843,0.0997588,0.0330000),(-0.2213597,0.0988709,0.0330000),(-0.2214307,0.0976254,0.0330000),(-0.2213597,0.0988709,0.0330000),(-0.2213698,0.0987631,0.0330000),(-0.2214307,0.0976254,0.0330000),(-0.2213698,0.0987631,0.0330000),(-0.2213866,0.0986574,0.0330000),(-0.2214307,0.0976254,0.0330000),(-0.2213866,0.0986574,0.0330000),(-0.2214101,0.0985539,0.0330000),(-0.2214307,0.0976254,0.0330000),(-0.2214101,0.0985539,0.0330000),(-0.2214403,0.0984526,0.0330000),(-0.2214307,0.0976254,0.0330000),(-0.2214403,0.0984526,0.0330000),(-0.2214772,0.0983535,0.0330000),(-0.2214307,0.0976254,0.0330000),(-0.2214772,0.0983535,0.0330000),(-0.2215209,0.0982565,0.0330000),(-0.2214307,0.0976254,0.0330000),(-0.2215209,0.0982565,0.0330000),(-0.2215712,0.0981618,0.0330000),(-0.2214307,0.0976254,0.0330000),(-0.2215712,0.0981618,0.0330000),(-0.2216271,0.0980706,0.0330000),(-0.2214307,0.0976254,0.0330000),(-0.2216271,0.0980706,0.0330000),(-0.2216877,0.0979843,0.0330000),(-0.2214307,0.0976254,0.0330000),(-0.2216877,0.0979843,0.0330000),(-0.2217531,0.0979028,0.0330000),(-0.2214307,0.0976254,0.0330000),(-0.2217531,0.0979028,0.0330000),(-0.2218234,0.0978263,0.0330000),(-0.2214307,0.0976254,0.0330000),(-0.2218234,0.0978263,0.0330000),(-0.2218984,0.0977547,0.0330000),(-0.2214307,0.0976254,0.0330000),(-0.2218984,0.0977547,0.0330000),(-0.2219782,0.0976879,0.0330000),(-0.2214307,0.0976254,0.0330000),(-0.2219782,0.0976879,0.0330000),(-0.2220628,0.0976261,0.0330000),(-0.2214307,0.0976254,0.0330000),(-0.2220628,0.0976261,0.0330000),(-0.2221523,0.0975691,0.0330000),(-0.2214307,0.0976254,0.0330000),(-0.2221523,0.0975691,0.0330000),(-0.2222448,0.0975180,0.0330000),(-0.2214307,0.0976254,0.0330000),(-0.2222448,0.0975180,0.0330000),(-0.2223395,0.0974737,0.0330000),(-0.2214307,0.0976254,0.0330000),(-0.2223395,0.0974737,0.0330000),(-0.2224363,0.0974363,0.0330000),(-0.2214307,0.0976254,0.0330000),(-0.2224363,0.0974363,0.0330000),(-0.2225351,0.0974056,0.0330000),(-0.2237546,0.0970992,0.0330000),(-0.2214307,0.0976254,0.0330000),(-0.2225351,0.0974056,0.0330000),(-0.2237546,0.0970992,0.0330000),(-0.2225351,0.0974056,0.0330000),(-0.2226360,0.0973818,0.0330000),(-0.2237546,0.0970992,0.0330000),(-0.2226360,0.0973818,0.0330000),(-0.2227390,0.0973647,0.0330000),(-0.2237546,0.0970992,0.0330000),(-0.2227390,0.0973647,0.0330000),(-0.2228441,0.0973545,0.0330000),(-0.2237546,0.0970992,0.0330000),(-0.2228441,0.0973545,0.0330000),(-0.2229513,0.0973511,0.0330000),(-0.2237546,0.0970992,0.0330000),(-0.2229513,0.0973511,0.0330000),(-0.2231049,0.0973582,0.0330000),(-0.2237546,0.0970992,0.0330000),(-0.2231049,0.0973582,0.0330000),(-0.2232545,0.0973794,0.0330000),(-0.2237546,0.0970992,0.0330000),(-0.2232545,0.0973794,0.0330000),(-0.2234002,0.0974148,0.0330000),(-0.2237546,0.0970992,0.0330000),(-0.2234002,0.0974148,0.0330000),(-0.2235418,0.0974644,0.0330000),(-0.2237546,0.0970992,0.0330000),(-0.2235418,0.0974644,0.0330000),(-0.2219448,0.1002478,0.0330000),(-0.2243155,0.0961245,0.0330000),(-0.2237546,0.0970992,0.0330000),(-0.2219448,0.1002478,0.0330000),(-0.2215193,0.0997119,0.0330000),(-0.2214760,0.0996173,0.0330000),(-0.2210843,0.0997588,0.0330000),(-0.2215691,0.0998033,0.0330000),(-0.2215193,0.0997119,0.0330000),(-0.2210843,0.0997588,0.0330000),(-0.2216370,0.0999072,0.0330000),(-0.2215691,0.0998033,0.0330000),(-0.2210843,0.0997588,0.0330000),(-0.2217223,0.1000160,0.0330000),(-0.2216370,0.0999072,0.0330000),(-0.2210843,0.0997588,0.0330000),(-0.2217714,0.1000722,0.0330000),(-0.2217223,0.1000160,0.0330000),(-0.2210843,0.0997588,0.0330000),(-0.2218249,0.1001295,0.0330000),(-0.2217714,0.1000722,0.0330000),(-0.2210843,0.0997588,0.0330000),(-0.2218827,0.1001880,0.0330000),(-0.2218249,0.1001295,0.0330000),(-0.2210843,0.0997588,0.0330000),(-0.2219448,0.1002478,0.0330000),(-0.2218827,0.1001880,0.0330000),(-0.2210843,0.0997588,0.0330000),(-0.2219448,0.1002478,0.0330000),(-0.2210843,0.0997588,0.0330000),(-0.2211389,0.0998857,0.0330000),(-0.2219448,0.1002478,0.0330000),(-0.2211389,0.0998857,0.0330000),(-0.2212019,0.1000118,0.0330000),(-0.2219448,0.1002478,0.0330000),(-0.2212019,0.1000118,0.0330000),(-0.2212521,0.1000985,0.0330000),(-0.2219448,0.1002478,0.0330000),(-0.2212521,0.1000985,0.0330000),(-0.2213068,0.1001819,0.0330000),(-0.2219448,0.1002478,0.0330000),(-0.2213068,0.1001819,0.0330000),(-0.2213662,0.1002620,0.0330000),(-0.2219448,0.1002478,0.0330000),(-0.2213662,0.1002620,0.0330000),(-0.2214302,0.1003388,0.0330000),(-0.2219448,0.1002478,0.0330000),(-0.2214302,0.1003388,0.0330000),(-0.2214988,0.1004123,0.0330000),(-0.2219448,0.1002478,0.0330000),(-0.2214988,0.1004123,0.0330000),(-0.2215720,0.1004825,0.0330000),(-0.2219448,0.1002478,0.0330000),(-0.2215720,0.1004825,0.0330000),(-0.2216497,0.1005493,0.0330000),(-0.2219448,0.1002478,0.0330000),(-0.2216497,0.1005493,0.0330000),(-0.2217321,0.1006129,0.0330000),(-0.2219448,0.1002478,0.0330000),(-0.2217321,0.1006129,0.0330000),(-0.2211902,0.1015654,0.0330000),(-0.2243155,0.0961245,0.0330000),(-0.2219448,0.1002478,0.0330000),(-0.2211902,0.1015654,0.0330000),(-0.2243155,0.0961245,0.0330000),(-0.2211902,0.1015654,0.0330000),(-0.2211617,0.1016691,0.0330000),(-0.2243155,0.0961245,0.0330000),(-0.2211617,0.1016691,0.0330000),(-0.2211691,0.1017294,0.0330000),(-0.2243155,0.0961245,0.0330000),(-0.2211691,0.1017294,0.0330000),(-0.2212077,0.1018046,0.0330000),(-0.2243155,0.0961245,0.0330000),(-0.2212077,0.1018046,0.0330000),(-0.2212728,0.1018586,0.0330000),(-0.2243155,0.0961245,0.0330000),(-0.2212728,0.1018586,0.0330000),(-0.2213754,0.1018892,0.0330000),(-0.2243155,0.0961245,0.0330000),(-0.2213754,0.1018892,0.0330000),(-0.2214358,0.1018818,0.0330000),(-0.2243155,0.0961245,0.0330000),(-0.2214358,0.1018818,0.0330000),(-0.2215114,0.1018432,0.0330000),(-0.2243155,0.0961245,0.0330000),(-0.2215114,0.1018432,0.0330000),(-0.2215670,0.1017781,0.0330000),(-0.2243155,0.0961245,0.0330000),(-0.2215670,0.1017781,0.0330000),(-0.2221025,0.1008500,0.0330000),(-0.2221025,0.1008500,0.0330000),(-0.2222031,0.1008944,0.0330000),(-0.2223070,0.1009328,0.0330000),(-0.2221025,0.1008500,0.0330000),(-0.2223070,0.1009328,0.0330000),(-0.2224143,0.1009654,0.0330000),(-0.2221025,0.1008500,0.0330000),(-0.2224143,0.1009654,0.0330000),(-0.2225248,0.1009920,0.0330000),(-0.2221025,0.1008500,0.0330000),(-0.2225248,0.1009920,0.0330000),(-0.2226386,0.1010128,0.0330000),(-0.2221025,0.1008500,0.0330000),(-0.2226386,0.1010128,0.0330000),(-0.2227558,0.1010276,0.0330000),(-0.2221025,0.1008500,0.0330000),(-0.2227558,0.1010276,0.0330000),(-0.2228762,0.1010364,0.0330000),(-0.2221025,0.1008500,0.0330000),(-0.2228762,0.1010364,0.0330000),(-0.2230000,0.1010394,0.0330000),(-0.2221025,0.1008500,0.0330000),(-0.2230000,0.1010394,0.0330000),(-0.2231246,0.1010351,0.0330000),(-0.2221025,0.1008500,0.0330000),(-0.2231246,0.1010351,0.0330000),(-0.2232481,0.1010221,0.0330000),(-0.2221025,0.1008500,0.0330000),(-0.2232481,0.1010221,0.0330000),(-0.2233705,0.1010004,0.0330000),(-0.2221025,0.1008500,0.0330000),(-0.2233705,0.1010004,0.0330000),(-0.2234918,0.1009701,0.0330000),(-0.2221025,0.1008500,0.0330000),(-0.2234918,0.1009701,0.0330000),(-0.2236121,0.1009311,0.0330000),(-0.2221025,0.1008500,0.0330000),(-0.2236121,0.1009311,0.0330000),(-0.2237312,0.1008834,0.0330000),(-0.2221025,0.1008500,0.0330000),(-0.2237312,0.1008834,0.0330000),(-0.2238493,0.1008271,0.0330000),(-0.2221025,0.1008500,0.0330000),(-0.2238493,0.1008271,0.0330000),(-0.2239662,0.1007621,0.0330000),(-0.2221025,0.1008500,0.0330000),(-0.2239662,0.1007621,0.0330000),(-0.2240793,0.1006900,0.0330000),(-0.2221025,0.1008500,0.0330000),(-0.2240793,0.1006900,0.0330000),(-0.2241864,0.1006116,0.0330000),(-0.2221025,0.1008500,0.0330000),(-0.2241864,0.1006116,0.0330000),(-0.2242873,0.1005270,0.0330000),(-0.2221025,0.1008500,0.0330000),(-0.2242873,0.1005270,0.0330000),(-0.2243822,0.1004362,0.0330000),(-0.2221025,0.1008500,0.0330000),(-0.2243822,0.1004362,0.0330000),(-0.2244709,0.1003391,0.0330000),(-0.2244709,0.1003391,0.0330000),(-0.2245536,0.1002359,0.0330000),(-0.2246302,0.1001264,0.0330000),(-0.2244709,0.1003391,0.0330000),(-0.2246302,0.1001264,0.0330000),(-0.2247007,0.1000107,0.0330000),(-0.2244709,0.1003391,0.0330000),(-0.2247007,0.1000107,0.0330000),(-0.2247640,0.0998909,0.0330000),(-0.2244709,0.1003391,0.0330000),(-0.2247640,0.0998909,0.0330000),(-0.2248188,0.0997685,0.0330000),(-0.2244709,0.1003391,0.0330000),(-0.2248188,0.0997685,0.0330000),(-0.2248652,0.0996436,0.0330000),(-0.2244709,0.1003391,0.0330000),(-0.2248652,0.0996436,0.0330000),(-0.2249031,0.0995162,0.0330000),(-0.2244709,0.1003391,0.0330000),(-0.2249031,0.0995162,0.0330000),(-0.2249326,0.0993862,0.0330000),(-0.2244709,0.1003391,0.0330000),(-0.2249326,0.0993862,0.0330000),(-0.2249537,0.0992537,0.0330000),(-0.2244709,0.1003391,0.0330000),(-0.2249537,0.0992537,0.0330000),(-0.2249664,0.0991186,0.0330000),(-0.2244709,0.1003391,0.0330000),(-0.2249664,0.0991186,0.0330000),(-0.2249706,0.0989809,0.0330000),(-0.2244709,0.1003391,0.0330000),(-0.2249706,0.0989809,0.0330000),(-0.2249664,0.0988429,0.0330000),(-0.2244709,0.1003391,0.0330000),(-0.2249664,0.0988429,0.0330000),(-0.2249538,0.0987076,0.0330000),(-0.2244709,0.1003391,0.0330000),(-0.2249538,0.0987076,0.0330000),(-0.2249328,0.0985750,0.0330000),(-0.2244709,0.1003391,0.0330000),(-0.2249328,0.0985750,0.0330000),(-0.2249034,0.0984452,0.0330000),(-0.2244709,0.1003391,0.0330000),(-0.2249034,0.0984452,0.0330000),(-0.2248656,0.0983181,0.0330000),(-0.2244709,0.1003391,0.0330000),(-0.2248656,0.0983181,0.0330000),(-0.2248194,0.0981937,0.0330000),(-0.2244709,0.1003391,0.0330000),(-0.2248194,0.0981937,0.0330000),(-0.2247648,0.0980721,0.0330000),(-0.2244709,0.1003391,0.0330000),(-0.2247648,0.0980721,0.0330000),(-0.2247018,0.0979533,0.0330000),(-0.2247018,0.0979533,0.0330000),(-0.2243335,0.0981618,0.0330000),(-0.2243828,0.0982565,0.0330000),(-0.2247018,0.0979533,0.0330000),(-0.2243828,0.0982565,0.0330000),(-0.2244256,0.0983534,0.0330000),(-0.2247018,0.0979533,0.0330000),(-0.2244256,0.0983534,0.0330000),(-0.2244618,0.0984525,0.0330000),(-0.2247018,0.0979533,0.0330000),(-0.2244618,0.0984525,0.0330000),(-0.2244914,0.0985536,0.0330000),(-0.2247018,0.0979533,0.0330000),(-0.2244914,0.0985536,0.0330000),(-0.2245145,0.0986570,0.0330000),(-0.2247018,0.0979533,0.0330000),(-0.2245145,0.0986570,0.0330000),(-0.2245309,0.0987625,0.0330000),(-0.2247018,0.0979533,0.0330000),(-0.2245309,0.0987625,0.0330000),(-0.2245408,0.0988701,0.0330000),(-0.2247018,0.0979533,0.0330000),(-0.2245408,0.0988701,0.0330000),(-0.2245441,0.0989799,0.0330000),(-0.2247018,0.0979533,0.0330000),(-0.2245441,0.0989799,0.0330000),(-0.2245407,0.0990897,0.0330000),(-0.2244709,0.1003391,0.0330000),(-0.2247018,0.0979533,0.0330000),(-0.2245407,0.0990897,0.0330000),(-0.2244709,0.1003391,0.0330000),(-0.2245407,0.0990897,0.0330000),(-0.2245307,0.0991974,0.0330000),(-0.2244709,0.1003391,0.0330000),(-0.2245307,0.0991974,0.0330000),(-0.2245140,0.0993031,0.0330000),(-0.2244709,0.1003391,0.0330000),(-0.2245140,0.0993031,0.0330000),(-0.2244906,0.0994067,0.0330000),(-0.2244709,0.1003391,0.0330000),(-0.2244906,0.0994067,0.0330000),(-0.2244606,0.0995081,0.0330000),(-0.2244709,0.1003391,0.0330000),(-0.2244606,0.0995081,0.0330000),(-0.2244238,0.0996075,0.0330000),(-0.2244709,0.1003391,0.0330000),(-0.2244238,0.0996075,0.0330000),(-0.2243804,0.0997049,0.0330000),(-0.2244709,0.1003391,0.0330000),(-0.2243804,0.0997049,0.0330000),(-0.2243303,0.0998001,0.0330000),(-0.2244709,0.1003391,0.0330000),(-0.2243303,0.0998001,0.0330000),(-0.2242745,0.0998920,0.0330000),(-0.2244709,0.1003391,0.0330000),(-0.2242745,0.0998920,0.0330000),(-0.2242138,0.0999790,0.0330000),(-0.2244709,0.1003391,0.0330000),(-0.2242138,0.0999790,0.0330000),(-0.2241484,0.1000608,0.0330000),(-0.2244709,0.1003391,0.0330000),(-0.2241484,0.1000608,0.0330000),(-0.2240782,0.1001377,0.0330000),(-0.2244709,0.1003391,0.0330000),(-0.2240782,0.1001377,0.0330000),(-0.2240031,0.1002095,0.0330000),(-0.2244709,0.1003391,0.0330000),(-0.2240031,0.1002095,0.0330000),(-0.2239233,0.1002763,0.0330000),(-0.2244709,0.1003391,0.0330000),(-0.2239233,0.1002763,0.0330000),(-0.2238387,0.1003381,0.0330000),(-0.2244709,0.1003391,0.0330000),(-0.2238387,0.1003381,0.0330000),(-0.2237493,0.1003949,0.0330000),(-0.2244709,0.1003391,0.0330000),(-0.2237493,0.1003949,0.0330000),(-0.2236572,0.1004460,0.0330000),(-0.2244709,0.1003391,0.0330000),(-0.2236572,0.1004460,0.0330000),(-0.2235646,0.1004903,0.0330000),(-0.2244709,0.1003391,0.0330000),(-0.2235646,0.1004903,0.0330000),(-0.2234715,0.1005277,0.0330000),(-0.2244709,0.1003391,0.0330000),(-0.2234715,0.1005277,0.0330000),(-0.2233778,0.1005584,0.0330000),(-0.2244709,0.1003391,0.0330000),(-0.2233778,0.1005584,0.0330000),(-0.2232836,0.1005822,0.0330000),(-0.2221025,0.1008500,0.0330000),(-0.2244709,0.1003391,0.0330000),(-0.2232836,0.1005822,0.0330000),(-0.2221025,0.1008500,0.0330000),(-0.2232836,0.1005822,0.0330000),(-0.2231889,0.1005993,0.0330000),(-0.2221025,0.1008500,0.0330000),(-0.2231889,0.1005993,0.0330000),(-0.2230936,0.1006095,0.0330000),(-0.2221025,0.1008500,0.0330000),(-0.2230936,0.1006095,0.0330000),(-0.2229979,0.1006129,0.0330000),(-0.2221025,0.1008500,0.0330000),(-0.2229979,0.1006129,0.0330000),(-0.2229915,0.1006129,0.0330000),(-0.2221025,0.1008500,0.0330000),(-0.2229915,0.1006129,0.0330000),(-0.2228978,0.1006108,0.0330000),(-0.2221025,0.1008500,0.0330000),(-0.2228978,0.1006108,0.0330000),(-0.2228066,0.1006046,0.0330000),(-0.2221025,0.1008500,0.0330000),(-0.2228066,0.1006046,0.0330000),(-0.2227180,0.1005941,0.0330000),(-0.2221025,0.1008500,0.0330000),(-0.2227180,0.1005941,0.0330000),(-0.2226319,0.1005796,0.0330000),(-0.2221025,0.1008500,0.0330000),(-0.2226319,0.1005796,0.0330000),(-0.2225484,0.1005608,0.0330000),(-0.2221025,0.1008500,0.0330000),(-0.2225484,0.1005608,0.0330000),(-0.2224674,0.1005379,0.0330000),(-0.2221025,0.1008500,0.0330000),(-0.2224674,0.1005379,0.0330000),(-0.2223890,0.1005108,0.0330000),(-0.2221025,0.1008500,0.0330000),(-0.2223890,0.1005108,0.0330000),(-0.2223131,0.1004795,0.0330000),(-0.2243155,0.0961245,0.0330000),(-0.2221025,0.1008500,0.0330000),(-0.2223131,0.1004795,0.0330000),(-0.2243155,0.0961245,0.0330000),(-0.2223131,0.1004795,0.0330000),(-0.2239176,0.0976845,0.0330000),(-0.2243155,0.0961245,0.0330000),(-0.2239176,0.0976845,0.0330000),(-0.2240380,0.0977873,0.0330000),(-0.2242911,0.0980925,0.0330000),(-0.2243335,0.0981618,0.0330000),(-0.2247018,0.0979533,0.0330000),(-0.2242460,0.0980260,0.0330000),(-0.2242911,0.0980925,0.0330000),(-0.2247018,0.0979533,0.0330000),(-0.2241475,0.0979012,0.0330000),(-0.2242460,0.0980260,0.0330000),(-0.2247018,0.0979533,0.0330000),(-0.2240380,0.0977873,0.0330000),(-0.2241475,0.0979012,0.0330000),(-0.2247018,0.0979533,0.0330000),(-0.2240380,0.0977873,0.0330000),(-0.2247018,0.0979533,0.0330000),(-0.2246438,0.0978582,0.0330000),(-0.2240380,0.0977873,0.0330000),(-0.2246438,0.0978582,0.0330000),(-0.2245822,0.0977673,0.0330000),(-0.2240380,0.0977873,0.0330000),(-0.2245822,0.0977673,0.0330000),(-0.2245168,0.0976804,0.0330000),(-0.2240380,0.0977873,0.0330000),(-0.2245168,0.0976804,0.0330000),(-0.2244478,0.0975977,0.0330000),(-0.2240380,0.0977873,0.0330000),(-0.2244478,0.0975977,0.0330000),(-0.2243750,0.0975191,0.0330000),(-0.2240380,0.0977873,0.0330000),(-0.2243750,0.0975191,0.0330000),(-0.2242986,0.0974445,0.0330000),(-0.2240380,0.0977873,0.0330000),(-0.2242986,0.0974445,0.0330000),(-0.2242184,0.0973741,0.0330000),(-0.2240380,0.0977873,0.0330000),(-0.2242184,0.0973741,0.0330000),(-0.2241345,0.0973077,0.0330000),(-0.2243155,0.0961245,0.0330000),(-0.2240380,0.0977873,0.0330000),(-0.2241345,0.0973077,0.0330000),(-0.2243155,0.0961245,0.0330000),(-0.2241345,0.0973077,0.0330000),(-0.2246901,0.0963372,0.0330000),(-0.2243155,0.0961245,0.0330000),(-0.2246901,0.0963372,0.0330000),(-0.2247177,0.0962356,0.0330000),(-0.2243155,0.0961245,0.0330000),(-0.2247177,0.0962356,0.0330000),(-0.2247113,0.0961753,0.0330000),(-0.2243155,0.0961245,0.0330000),(-0.2247113,0.0961753,0.0330000),(-0.2246721,0.0960983,0.0330000),(-0.2243155,0.0961245,0.0330000),(-0.2246721,0.0960983,0.0330000),(-0.2246097,0.0960430,0.0330000),(-0.2243155,0.0961245,0.0330000),(-0.2246097,0.0960430,0.0330000),(-0.2245049,0.0960155,0.0330000),(-0.2243155,0.0961245,0.0330000),(-0.2245049,0.0960155,0.0330000),(-0.2244446,0.0960229,0.0330000),(-0.2243155,0.0961245,0.0330000),(-0.2244446,0.0960229,0.0330000),(-0.2243721,0.0960584,0.0330000),(-0.2187635,0.0986476,0.0330000),(-0.2191688,0.0986476,0.0330000),(-0.2198588,0.0986338,0.0330000),(-0.2185211,0.0986476,0.0330000),(-0.2187635,0.0986476,0.0330000),(-0.2198588,0.0986338,0.0330000),(-0.2191688,0.0999832,0.0330000),(-0.2191688,0.0986476,0.0330000),(-0.2187635,0.0986476,0.0330000),(-0.2191688,0.0999832,0.0330000),(-0.2187635,0.0986476,0.0330000),(-0.2187635,0.1008351,0.0330000),(-0.2198588,0.0986338,0.0330000),(-0.2191688,0.0999832,0.0330000),(-0.2187635,0.1008351,0.0330000),(-0.2198588,0.0986338,0.0330000),(-0.2187635,0.1008351,0.0330000),(-0.2187733,0.1009100,0.0330000),(-0.2198588,0.0986338,0.0330000),(-0.2187733,0.1009100,0.0330000),(-0.2188026,0.1009674,0.0330000),(-0.2198588,0.0986338,0.0330000),(-0.2188026,0.1009674,0.0330000),(-0.2189116,0.1010415,0.0330000),(-0.2198588,0.0986338,0.0330000),(-0.2189116,0.1010415,0.0330000),(-0.2189720,0.1010489,0.0330000),(-0.2198588,0.0986338,0.0330000),(-0.2189720,0.1010489,0.0330000),(-0.2190482,0.1010394,0.0330000),(-0.2198588,0.0986338,0.0330000),(-0.2190482,0.1010394,0.0330000),(-0.2191551,0.1009558,0.0330000),(-0.2198588,0.0986338,0.0330000),(-0.2191551,0.1009558,0.0330000),(-0.2204325,0.0985364,0.0330000),(-0.2185211,0.0986476,0.0330000),(-0.2198588,0.0986338,0.0330000),(-0.2204325,0.0985364,0.0330000),(-0.2185211,0.0986476,0.0330000),(-0.2204325,0.0985364,0.0330000),(-0.2204674,0.0984094,0.0330000),(-0.2185211,0.0986476,0.0330000),(-0.2204674,0.0984094,0.0330000),(-0.2204420,0.0983216,0.0330000),(-0.2185211,0.0986476,0.0330000),(-0.2204420,0.0983216,0.0330000),(-0.2203650,0.0982470,0.0330000),(-0.2185211,0.0986476,0.0330000),(-0.2203650,0.0982470,0.0330000),(-0.2202547,0.0982221,0.0330000),(-0.2185211,0.0986476,0.0330000),(-0.2202547,0.0982221,0.0330000),(-0.2191900,0.0982221,0.0330000),(-0.2191900,0.0982221,0.0330000),(-0.2191900,0.0972104,0.0330000),(-0.2191744,0.0971270,0.0330000),(-0.2191900,0.0982221,0.0330000),(-0.2191744,0.0971270,0.0330000),(-0.2191275,0.0970590,0.0330000),(-0.2191900,0.0982221,0.0330000),(-0.2191275,0.0970590,0.0330000),(-0.2190587,0.0970130,0.0330000),(-0.2191900,0.0982221,0.0330000),(-0.2190587,0.0970130,0.0330000),(-0.2189773,0.0969976,0.0330000),(-0.2191900,0.0982221,0.0330000),(-0.2189773,0.0969976,0.0330000),(-0.2188950,0.0970130,0.0330000),(-0.2191900,0.0982221,0.0330000),(-0.2188950,0.0970130,0.0330000),(-0.2188259,0.0970590,0.0330000),(-0.2191900,0.0982221,0.0330000),(-0.2188259,0.0970590,0.0330000),(-0.2187791,0.0971270,0.0330000),(-0.2191900,0.0982221,0.0330000),(-0.2187791,0.0971270,0.0330000),(-0.2187635,0.0972104,0.0330000),(-0.2191900,0.0982221,0.0330000),(-0.2187635,0.0972104,0.0330000),(-0.2187635,0.0982221,0.0330000),(-0.2185211,0.0986476,0.0330000),(-0.2191900,0.0982221,0.0330000),(-0.2187635,0.0982221,0.0330000),(-0.2185211,0.0986476,0.0330000),(-0.2187635,0.0982221,0.0330000),(-0.2185211,0.0982221,0.0330000),(-0.2185211,0.0986476,0.0330000),(-0.2185211,0.0982221,0.0330000),(-0.2184375,0.0982377,0.0330000),(-0.2185211,0.0986476,0.0330000),(-0.2184375,0.0982377,0.0330000),(-0.2183687,0.0982846,0.0330000),(-0.2185211,0.0986476,0.0330000),(-0.2183687,0.0982846,0.0330000),(-0.2183227,0.0983534,0.0330000),(-0.2185211,0.0986476,0.0330000),(-0.2183227,0.0983534,0.0330000),(-0.2183073,0.0984348,0.0330000),(-0.2185211,0.0986476,0.0330000),(-0.2183073,0.0984348,0.0330000),(-0.2183227,0.0985163,0.0330000),(-0.2185211,0.0986476,0.0330000),(-0.2183227,0.0985163,0.0330000),(-0.2183687,0.0985851,0.0330000),(-0.2185211,0.0986476,0.0330000),(-0.2183687,0.0985851,0.0330000),(-0.2184375,0.0986320,0.0330000),(-0.2151736,0.0986476,0.0330000),(-0.2155789,0.0986476,0.0330000),(-0.2162690,0.0986338,0.0330000),(-0.2149312,0.0986476,0.0330000),(-0.2151736,0.0986476,0.0330000),(-0.2162690,0.0986338,0.0330000),(-0.2155789,0.0999832,0.0330000),(-0.2155789,0.0986476,0.0330000),(-0.2151736,0.0986476,0.0330000),(-0.2155789,0.0999832,0.0330000),(-0.2151736,0.0986476,0.0330000),(-0.2151736,0.1008351,0.0330000),(-0.2162690,0.0986338,0.0330000),(-0.2155789,0.0999832,0.0330000),(-0.2151736,0.1008351,0.0330000),(-0.2162690,0.0986338,0.0330000),(-0.2151736,0.1008351,0.0330000),(-0.2151834,0.1009100,0.0330000),(-0.2162690,0.0986338,0.0330000),(-0.2151834,0.1009100,0.0330000),(-0.2152128,0.1009674,0.0330000),(-0.2162690,0.0986338,0.0330000),(-0.2152128,0.1009674,0.0330000),(-0.2153218,0.1010415,0.0330000),(-0.2162690,0.0986338,0.0330000),(-0.2153218,0.1010415,0.0330000),(-0.2153821,0.1010489,0.0330000),(-0.2162690,0.0986338,0.0330000),(-0.2153821,0.1010489,0.0330000),(-0.2154583,0.1010394,0.0330000),(-0.2162690,0.0986338,0.0330000),(-0.2154583,0.1010394,0.0330000),(-0.2155652,0.1009558,0.0330000),(-0.2162690,0.0986338,0.0330000),(-0.2155652,0.1009558,0.0330000),(-0.2168426,0.0985364,0.0330000),(-0.2149312,0.0986476,0.0330000),(-0.2162690,0.0986338,0.0330000),(-0.2168426,0.0985364,0.0330000),(-0.2149312,0.0986476,0.0330000),(-0.2168426,0.0985364,0.0330000),(-0.2168775,0.0984094,0.0330000),(-0.2149312,0.0986476,0.0330000),(-0.2168775,0.0984094,0.0330000),(-0.2168521,0.0983216,0.0330000),(-0.2149312,0.0986476,0.0330000),(-0.2168521,0.0983216,0.0330000),(-0.2167751,0.0982470,0.0330000),(-0.2149312,0.0986476,0.0330000),(-0.2167751,0.0982470,0.0330000),(-0.2166648,0.0982221,0.0330000),(-0.2149312,0.0986476,0.0330000),(-0.2166648,0.0982221,0.0330000),(-0.2156001,0.0982221,0.0330000),(-0.2156001,0.0982221,0.0330000),(-0.2156001,0.0972104,0.0330000),(-0.2155845,0.0971270,0.0330000),(-0.2156001,0.0982221,0.0330000),(-0.2155845,0.0971270,0.0330000),(-0.2155377,0.0970590,0.0330000),(-0.2156001,0.0982221,0.0330000),(-0.2155377,0.0970590,0.0330000),(-0.2154689,0.0970130,0.0330000),(-0.2156001,0.0982221,0.0330000),(-0.2154689,0.0970130,0.0330000),(-0.2153874,0.0969976,0.0330000),(-0.2156001,0.0982221,0.0330000),(-0.2153874,0.0969976,0.0330000),(-0.2153051,0.0970130,0.0330000),(-0.2156001,0.0982221,0.0330000),(-0.2153051,0.0970130,0.0330000),(-0.2152360,0.0970590,0.0330000),(-0.2156001,0.0982221,0.0330000),(-0.2152360,0.0970590,0.0330000),(-0.2151892,0.0971270,0.0330000),(-0.2156001,0.0982221,0.0330000),(-0.2151892,0.0971270,0.0330000),(-0.2151736,0.0972104,0.0330000),(-0.2156001,0.0982221,0.0330000),(-0.2151736,0.0972104,0.0330000),(-0.2151736,0.0982221,0.0330000),(-0.2149312,0.0986476,0.0330000),(-0.2156001,0.0982221,0.0330000),(-0.2151736,0.0982221,0.0330000),(-0.2149312,0.0986476,0.0330000),(-0.2151736,0.0982221,0.0330000),(-0.2149312,0.0982221,0.0330000),(-0.2149312,0.0986476,0.0330000),(-0.2149312,0.0982221,0.0330000),(-0.2148476,0.0982377,0.0330000),(-0.2149312,0.0986476,0.0330000),(-0.2148476,0.0982377,0.0330000),(-0.2147788,0.0982846,0.0330000),(-0.2149312,0.0986476,0.0330000),(-0.2147788,0.0982846,0.0330000),(-0.2147328,0.0983534,0.0330000),(-0.2149312,0.0986476,0.0330000),(-0.2147328,0.0983534,0.0330000),(-0.2147175,0.0984348,0.0330000),(-0.2149312,0.0986476,0.0330000),(-0.2147175,0.0984348,0.0330000),(-0.2147328,0.0985163,0.0330000),(-0.2149312,0.0986476,0.0330000),(-0.2147328,0.0985163,0.0330000),(-0.2147788,0.0985851,0.0330000),(-0.2149312,0.0986476,0.0330000),(-0.2147788,0.0985851,0.0330000),(-0.2148476,0.0986320,0.0330000),(-0.2178893,0.0970132,0.0330000),(-0.2178163,0.0969066,0.0330000),(-0.2177096,0.0968336,0.0330000),(-0.2178893,0.0970132,0.0330000),(-0.2177096,0.0968336,0.0330000),(-0.2175845,0.0968092,0.0330000),(-0.2178893,0.0970132,0.0330000),(-0.2175845,0.0968092,0.0330000),(-0.2174596,0.0968336,0.0330000),(-0.2178893,0.0970132,0.0330000),(-0.2174596,0.0968336,0.0330000),(-0.2173538,0.0969066,0.0330000),(-0.2178893,0.0970132,0.0330000),(-0.2173538,0.0969066,0.0330000),(-0.2172807,0.0970132,0.0330000),(-0.2178893,0.0970132,0.0330000),(-0.2172807,0.0970132,0.0330000),(-0.2172564,0.0971384,0.0330000),(-0.2178893,0.0970132,0.0330000),(-0.2172564,0.0971384,0.0330000),(-0.2172807,0.0972635,0.0330000),(-0.2178893,0.0970132,0.0330000),(-0.2172807,0.0972635,0.0330000),(-0.2173538,0.0973702,0.0330000),(-0.2178893,0.0970132,0.0330000),(-0.2173538,0.0973702,0.0330000),(-0.2174596,0.0974432,0.0330000),(-0.2178893,0.0970132,0.0330000),(-0.2174596,0.0974432,0.0330000),(-0.2175845,0.0974675,0.0330000),(-0.2178893,0.0970132,0.0330000),(-0.2175845,0.0974675,0.0330000),(-0.2177096,0.0974432,0.0330000),(-0.2178893,0.0970132,0.0330000),(-0.2177096,0.0974432,0.0330000),(-0.2178163,0.0973702,0.0330000),(-0.2178893,0.0970132,0.0330000),(-0.2178163,0.0973702,0.0330000),(-0.2178893,0.0972635,0.0330000),(-0.2178893,0.0970132,0.0330000),(-0.2178893,0.0972635,0.0330000),(-0.2179136,0.0971384,0.0330000),(-0.2109845,0.0970310,0.0330000),(-0.2108851,0.0969220,0.0330000),(-0.2107718,0.0968944,0.0330000),(-0.2109845,0.0970310,0.0330000),(-0.2107718,0.0968944,0.0330000),(-0.2106707,0.0969198,0.0330000),(-0.2109845,0.0970310,0.0330000),(-0.2106707,0.0969198,0.0330000),(-0.2105940,0.0969960,0.0330000),(-0.2109845,0.0970310,0.0330000),(-0.2105940,0.0969960,0.0330000),(-0.2105866,0.0970024,0.0330000),(-0.2109845,0.0970310,0.0330000),(-0.2105866,0.0970024,0.0330000),(-0.2093409,0.0991699,0.0330000),(-0.2109845,0.0970310,0.0330000),(-0.2093409,0.0991699,0.0330000),(-0.2093134,0.0992767,0.0330000),(-0.2109845,0.0970310,0.0330000),(-0.2093134,0.0992767,0.0330000),(-0.2093412,0.0993860,0.0330000),(-0.2109845,0.0970310,0.0330000),(-0.2093412,0.0993860,0.0330000),(-0.2094246,0.0994641,0.0330000),(-0.2109845,0.0970310,0.0330000),(-0.2094246,0.0994641,0.0330000),(-0.2095314,0.0994937,0.0330000),(-0.2109845,0.0970310,0.0330000),(-0.2095314,0.0994937,0.0330000),(-0.2096402,0.0994659,0.0330000),(-0.2109845,0.0970310,0.0330000),(-0.2096402,0.0994659,0.0330000),(-0.2097167,0.0993826,0.0330000),(-0.2109845,0.0970310,0.0330000),(-0.2097167,0.0993826,0.0330000),(-0.2105591,0.0979168,0.0330000),(-0.2109845,0.0970310,0.0330000),(-0.2105591,0.0979168,0.0330000),(-0.2105591,0.1005245,0.0330000),(-0.2105591,0.1005245,0.0330000),(-0.2089726,0.1005245,0.0330000),(-0.2088877,0.1005404,0.0330000),(-0.2105591,0.1005245,0.0330000),(-0.2088877,0.1005404,0.0330000),(-0.2088171,0.1005880,0.0330000),(-0.2105591,0.1005245,0.0330000),(-0.2088171,0.1005880,0.0330000),(-0.2087694,0.1006576,0.0330000),(-0.2105591,0.1005245,0.0330000),(-0.2087694,0.1006576,0.0330000),(-0.2087536,0.1007394,0.0330000),(-0.2105591,0.1005245,0.0330000),(-0.2087536,0.1007394,0.0330000),(-0.2087694,0.1008214,0.0330000),(-0.2105591,0.1005245,0.0330000),(-0.2087694,0.1008214,0.0330000),(-0.2088171,0.1008918,0.0330000),(-0.2105591,0.1005245,0.0330000),(-0.2088171,0.1008918,0.0330000),(-0.2088877,0.1009410,0.0330000),(-0.2105591,0.1005245,0.0330000),(-0.2088877,0.1009410,0.0330000),(-0.2089726,0.1009574,0.0330000),(-0.2105591,0.1005245,0.0330000),(-0.2089726,0.1009574,0.0330000),(-0.2107792,0.1009574,0.0330000),(-0.2109845,0.0970310,0.0330000),(-0.2105591,0.1005245,0.0330000),(-0.2107792,0.1009574,0.0330000),(-0.2107792,0.1009574,0.0330000),(-0.2125847,0.1009574,0.0330000),(-0.2126676,0.1009410,0.0330000),(-0.2107792,0.1009574,0.0330000),(-0.2126676,0.1009410,0.0330000),(-0.2127361,0.1008918,0.0330000),(-0.2107792,0.1009574,0.0330000),(-0.2127361,0.1008918,0.0330000),(-0.2127821,0.1008214,0.0330000),(-0.2107792,0.1009574,0.0330000),(-0.2127821,0.1008214,0.0330000),(-0.2127975,0.1007394,0.0330000),(-0.2107792,0.1009574,0.0330000),(-0.2127975,0.1007394,0.0330000),(-0.2127821,0.1006576,0.0330000),(-0.2107792,0.1009574,0.0330000),(-0.2127821,0.1006576,0.0330000),(-0.2127361,0.1005880,0.0330000),(-0.2107792,0.1009574,0.0330000),(-0.2127361,0.1005880,0.0330000),(-0.2126676,0.1005404,0.0330000),(-0.2107792,0.1009574,0.0330000),(-0.2126676,0.1005404,0.0330000),(-0.2125847,0.1005245,0.0330000),(-0.2107792,0.1009574,0.0330000),(-0.2125847,0.1005245,0.0330000),(-0.2109919,0.1005245,0.0330000),(-0.2109845,0.0970310,0.0330000),(-0.2107792,0.1009574,0.0330000),(-0.2109919,0.1005245,0.0330000),(-0.2109845,0.0970310,0.0330000),(-0.2109919,0.1005245,0.0330000),(-0.2109919,0.0979126,0.0330000),(-0.2109845,0.0970310,0.0330000),(-0.2109919,0.0979126,0.0330000),(-0.2118481,0.0994016,0.0330000),(-0.2109845,0.0970310,0.0330000),(-0.2118481,0.0994016,0.0330000),(-0.2119278,0.0994810,0.0330000),(-0.2109845,0.0970310,0.0330000),(-0.2119278,0.0994810,0.0330000),(-0.2120355,0.0995075,0.0330000),(-0.2109845,0.0970310,0.0330000),(-0.2120355,0.0995075,0.0330000),(-0.2121466,0.0994799,0.0330000),(-0.2109845,0.0970310,0.0330000),(-0.2121466,0.0994799,0.0330000),(-0.2122283,0.0994003,0.0330000),(-0.2109845,0.0970310,0.0330000),(-0.2122283,0.0994003,0.0330000),(-0.2122556,0.0992905,0.0330000),(-0.2109845,0.0970310,0.0330000),(-0.2122556,0.0992905,0.0330000),(-0.2122238,0.0991815,0.0330000),(-0.2071269,0.0973781,0.0330000),(-0.2059553,0.0989688,0.0330000),(-0.2058908,0.0990625,0.0330000),(-0.2071269,0.0973781,0.0330000),(-0.2058908,0.0990625,0.0330000),(-0.2058350,0.0991601,0.0330000),(-0.2071269,0.0973781,0.0330000),(-0.2058350,0.0991601,0.0330000),(-0.2057877,0.0992616,0.0330000),(-0.2071269,0.0973781,0.0330000),(-0.2057877,0.0992616,0.0330000),(-0.2057490,0.0993670,0.0330000),(-0.2071269,0.0973781,0.0330000),(-0.2057490,0.0993670,0.0330000),(-0.2057189,0.0994762,0.0330000),(-0.2071269,0.0973781,0.0330000),(-0.2057189,0.0994762,0.0330000),(-0.2056974,0.0995893,0.0330000),(-0.2071269,0.0973781,0.0330000),(-0.2056974,0.0995893,0.0330000),(-0.2056845,0.0997062,0.0330000),(-0.2071269,0.0973781,0.0330000),(-0.2056845,0.0997062,0.0330000),(-0.2056802,0.0998271,0.0330000),(-0.2071269,0.0973781,0.0330000),(-0.2056802,0.0998271,0.0330000),(-0.2056853,0.0999520,0.0330000),(-0.2071269,0.0973781,0.0330000),(-0.2056853,0.0999520,0.0330000),(-0.2057007,0.1000724,0.0330000),(-0.2071269,0.0973781,0.0330000),(-0.2057007,0.1000724,0.0330000),(-0.2057263,0.1001882,0.0330000),(-0.2071269,0.0973781,0.0330000),(-0.2057263,0.1001882,0.0330000),(-0.2057622,0.1002994,0.0330000),(-0.2057622,0.1002994,0.0330000),(-0.2058083,0.1004059,0.0330000),(-0.2058647,0.1005079,0.0330000),(-0.2057622,0.1002994,0.0330000),(-0.2058647,0.1005079,0.0330000),(-0.2059314,0.1006053,0.0330000),(-0.2057622,0.1002994,0.0330000),(-0.2059314,0.1006053,0.0330000),(-0.2060083,0.1006981,0.0330000),(-0.2057622,0.1002994,0.0330000),(-0.2060083,0.1006981,0.0330000),(-0.2060811,0.1007713,0.0330000),(-0.2057622,0.1002994,0.0330000),(-0.2060811,0.1007713,0.0330000),(-0.2061585,0.1008347,0.0330000),(-0.2057622,0.1002994,0.0330000),(-0.2061585,0.1008347,0.0330000),(-0.2062404,0.1008883,0.0330000),(-0.2057622,0.1002994,0.0330000),(-0.2062404,0.1008883,0.0330000),(-0.2063268,0.1009322,0.0330000),(-0.2057622,0.1002994,0.0330000),(-0.2063268,0.1009322,0.0330000),(-0.2064177,0.1009664,0.0330000),(-0.2057622,0.1002994,0.0330000),(-0.2064177,0.1009664,0.0330000),(-0.2065131,0.1009908,0.0330000),(-0.2057622,0.1002994,0.0330000),(-0.2065131,0.1009908,0.0330000),(-0.2066130,0.1010054,0.0330000),(-0.2057622,0.1002994,0.0330000),(-0.2066130,0.1010054,0.0330000),(-0.2067173,0.1010103,0.0330000),(-0.2057622,0.1002994,0.0330000),(-0.2067173,0.1010103,0.0330000),(-0.2068158,0.1010055,0.0330000),(-0.2057622,0.1002994,0.0330000),(-0.2068158,0.1010055,0.0330000),(-0.2069113,0.1009912,0.0330000),(-0.2057622,0.1002994,0.0330000),(-0.2069113,0.1009912,0.0330000),(-0.2070038,0.1009673,0.0330000),(-0.2057622,0.1002994,0.0330000),(-0.2070038,0.1009673,0.0330000),(-0.2070933,0.1009338,0.0330000),(-0.2057622,0.1002994,0.0330000),(-0.2070933,0.1009338,0.0330000),(-0.2071798,0.1008908,0.0330000),(-0.2057622,0.1002994,0.0330000),(-0.2071798,0.1008908,0.0330000),(-0.2072632,0.1008383,0.0330000),(-0.2072632,0.1008383,0.0330000),(-0.2073437,0.1007761,0.0330000),(-0.2074211,0.1007044,0.0330000),(-0.2072632,0.1008383,0.0330000),(-0.2074211,0.1007044,0.0330000),(-0.2075003,0.1006179,0.0330000),(-0.2072632,0.1008383,0.0330000),(-0.2075003,0.1006179,0.0330000),(-0.2075688,0.1005251,0.0330000),(-0.2072632,0.1008383,0.0330000),(-0.2075688,0.1005251,0.0330000),(-0.2076269,0.1004258,0.0330000),(-0.2072632,0.1008383,0.0330000),(-0.2076269,0.1004258,0.0330000),(-0.2076743,0.1003203,0.0330000),(-0.2072632,0.1008383,0.0330000),(-0.2076743,0.1003203,0.0330000),(-0.2077113,0.1002083,0.0330000),(-0.2072632,0.1008383,0.0330000),(-0.2077113,0.1002083,0.0330000),(-0.2077376,0.1000901,0.0330000),(-0.2072632,0.1008383,0.0330000),(-0.2077376,0.1000901,0.0330000),(-0.2077535,0.0999655,0.0330000),(-0.2072632,0.1008383,0.0330000),(-0.2077535,0.0999655,0.0330000),(-0.2077587,0.0998345,0.0330000),(-0.2072632,0.1008383,0.0330000),(-0.2077587,0.0998345,0.0330000),(-0.2077587,0.0998292,0.0330000),(-0.2072632,0.1008383,0.0330000),(-0.2077587,0.0998292,0.0330000),(-0.2077431,0.0997477,0.0330000),(-0.2072632,0.1008383,0.0330000),(-0.2077431,0.0997477,0.0330000),(-0.2076963,0.0996789,0.0330000),(-0.2072632,0.1008383,0.0330000),(-0.2076963,0.0996789,0.0330000),(-0.2076275,0.0996321,0.0330000),(-0.2072632,0.1008383,0.0330000),(-0.2076275,0.0996321,0.0330000),(-0.2075460,0.0996165,0.0330000),(-0.2072632,0.1008383,0.0330000),(-0.2075460,0.0996165,0.0330000),(-0.2074645,0.0996321,0.0330000),(-0.2072632,0.1008383,0.0330000),(-0.2074645,0.0996321,0.0330000),(-0.2073957,0.0996789,0.0330000),(-0.2072632,0.1008383,0.0330000),(-0.2073957,0.0996789,0.0330000),(-0.2073481,0.0997477,0.0330000),(-0.2073481,0.0997477,0.0330000),(-0.2073322,0.0998292,0.0330000),(-0.2073322,0.0998345,0.0330000),(-0.2073481,0.0997477,0.0330000),(-0.2073322,0.0998345,0.0330000),(-0.2073289,0.0999214,0.0330000),(-0.2072632,0.1008383,0.0330000),(-0.2073481,0.0997477,0.0330000),(-0.2073289,0.0999214,0.0330000),(-0.2072632,0.1008383,0.0330000),(-0.2073289,0.0999214,0.0330000),(-0.2073189,0.1000038,0.0330000),(-0.2072632,0.1008383,0.0330000),(-0.2073189,0.1000038,0.0330000),(-0.2073023,0.1000817,0.0330000),(-0.2072632,0.1008383,0.0330000),(-0.2073023,0.1000817,0.0330000),(-0.2072790,0.1001552,0.0330000),(-0.2072632,0.1008383,0.0330000),(-0.2072790,0.1001552,0.0330000),(-0.2072126,0.1002885,0.0330000),(-0.2072632,0.1008383,0.0330000),(-0.2072126,0.1002885,0.0330000),(-0.2071195,0.1004039,0.0330000),(-0.2072632,0.1008383,0.0330000),(-0.2071195,0.1004039,0.0330000),(-0.2070286,0.1004826,0.0330000),(-0.2072632,0.1008383,0.0330000),(-0.2070286,0.1004826,0.0330000),(-0.2069317,0.1005388,0.0330000),(-0.2072632,0.1008383,0.0330000),(-0.2069317,0.1005388,0.0330000),(-0.2068286,0.1005725,0.0330000),(-0.2072632,0.1008383,0.0330000),(-0.2068286,0.1005725,0.0330000),(-0.2067195,0.1005838,0.0330000),(-0.2072632,0.1008383,0.0330000),(-0.2067195,0.1005838,0.0330000),(-0.2066062,0.1005729,0.0330000),(-0.2072632,0.1008383,0.0330000),(-0.2066062,0.1005729,0.0330000),(-0.2065025,0.1005404,0.0330000),(-0.2057622,0.1002994,0.0330000),(-0.2072632,0.1008383,0.0330000),(-0.2065025,0.1005404,0.0330000),(-0.2057622,0.1002994,0.0330000),(-0.2065025,0.1005404,0.0330000),(-0.2064083,0.1004862,0.0330000),(-0.2057622,0.1002994,0.0330000),(-0.2064083,0.1004862,0.0330000),(-0.2063236,0.1004102,0.0330000),(-0.2057622,0.1002994,0.0330000),(-0.2063236,0.1004102,0.0330000),(-0.2062720,0.1003491,0.0330000),(-0.2057622,0.1002994,0.0330000),(-0.2062720,0.1003491,0.0330000),(-0.2062273,0.1002846,0.0330000),(-0.2057622,0.1002994,0.0330000),(-0.2062273,0.1002846,0.0330000),(-0.2061585,0.1001459,0.0330000),(-0.2057622,0.1002994,0.0330000),(-0.2061585,0.1001459,0.0330000),(-0.2061173,0.0999941,0.0330000),(-0.2057622,0.1002994,0.0330000),(-0.2061173,0.0999941,0.0330000),(-0.2061069,0.0999133,0.0330000),(-0.2057622,0.1002994,0.0330000),(-0.2061069,0.0999133,0.0330000),(-0.2061035,0.0998292,0.0330000),(-0.2057622,0.1002994,0.0330000),(-0.2061035,0.0998292,0.0330000),(-0.2061064,0.0997425,0.0330000),(-0.2057622,0.1002994,0.0330000),(-0.2061064,0.0997425,0.0330000),(-0.2061152,0.0996591,0.0330000),(-0.2057622,0.1002994,0.0330000),(-0.2061152,0.0996591,0.0330000),(-0.2061298,0.0995790,0.0330000),(-0.2057622,0.1002994,0.0330000),(-0.2061298,0.0995790,0.0330000),(-0.2061503,0.0995022,0.0330000),(-0.2057622,0.1002994,0.0330000),(-0.2061503,0.0995022,0.0330000),(-0.2062089,0.0993585,0.0330000),(-0.2071269,0.0973781,0.0330000),(-0.2057622,0.1002994,0.0330000),(-0.2062089,0.0993585,0.0330000),(-0.2071269,0.0973781,0.0330000),(-0.2062089,0.0993585,0.0330000),(-0.2062908,0.0992281,0.0330000),(-0.2071269,0.0973781,0.0330000),(-0.2062908,0.0992281,0.0330000),(-0.2077143,0.0972945,0.0330000),(-0.2058908,0.0973781,0.0330000),(-0.2071269,0.0973781,0.0330000),(-0.2077143,0.0972945,0.0330000),(-0.2058908,0.0973781,0.0330000),(-0.2077143,0.0972945,0.0330000),(-0.2077609,0.0971696,0.0330000),(-0.2058908,0.0973781,0.0330000),(-0.2077609,0.0971696,0.0330000),(-0.2077587,0.0971347,0.0330000),(-0.2058908,0.0973781,0.0330000),(-0.2077587,0.0971347,0.0330000),(-0.2077323,0.0970561,0.0330000),(-0.2058908,0.0973781,0.0330000),(-0.2077323,0.0970561,0.0330000),(-0.2076804,0.0970003,0.0330000),(-0.2058908,0.0973781,0.0330000),(-0.2076804,0.0970003,0.0330000),(-0.2076119,0.0969653,0.0330000),(-0.2058908,0.0973781,0.0330000),(-0.2076119,0.0969653,0.0330000),(-0.2075460,0.0969537,0.0330000),(-0.2058908,0.0973781,0.0330000),(-0.2075460,0.0969537,0.0330000),(-0.2058908,0.0969537,0.0330000),(-0.2058908,0.0973781,0.0330000),(-0.2058908,0.0969537,0.0330000),(-0.2058074,0.0969688,0.0330000),(-0.2058908,0.0973781,0.0330000),(-0.2058074,0.0969688,0.0330000),(-0.2057394,0.0970140,0.0330000),(-0.2058908,0.0973781,0.0330000),(-0.2057394,0.0970140,0.0330000),(-0.2056950,0.0970820,0.0330000),(-0.2058908,0.0973781,0.0330000),(-0.2056950,0.0970820,0.0330000),(-0.2056802,0.0971654,0.0330000),(-0.2058908,0.0973781,0.0330000),(-0.2056802,0.0971654,0.0330000),(-0.2056950,0.0972495,0.0330000),(-0.2058908,0.0973781,0.0330000),(-0.2056950,0.0972495,0.0330000),(-0.2057394,0.0973178,0.0330000),(-0.2058908,0.0973781,0.0330000),(-0.2057394,0.0973178,0.0330000),(-0.2058053,0.0973630,0.0330000),(-0.2309470,0.1037730,0.0330000),(-0.2308500,0.1037323,0.0330000),(-0.2307519,0.1036970,0.0330000),(-0.2309470,0.1037730,0.0330000),(-0.2307519,0.1036970,0.0330000),(-0.2306530,0.1036672,0.0330000),(-0.2309470,0.1037730,0.0330000),(-0.2306530,0.1036672,0.0330000),(-0.2305530,0.1036428,0.0330000),(-0.2309470,0.1037730,0.0330000),(-0.2305530,0.1036428,0.0330000),(-0.2304522,0.1036238,0.0330000),(-0.2309470,0.1037730,0.0330000),(-0.2304522,0.1036238,0.0330000),(-0.2303503,0.1036103,0.0330000),(-0.2309470,0.1037730,0.0330000),(-0.2303503,0.1036103,0.0330000),(-0.2302475,0.1036021,0.0330000),(-0.2309470,0.1037730,0.0330000),(-0.2302475,0.1036021,0.0330000),(-0.2301437,0.1035994,0.0330000),(-0.2309470,0.1037730,0.0330000),(-0.2301437,0.1035994,0.0330000),(-0.2300079,0.1036037,0.0330000),(-0.2309470,0.1037730,0.0330000),(-0.2300079,0.1036037,0.0330000),(-0.2298747,0.1036167,0.0330000),(-0.2309470,0.1037730,0.0330000),(-0.2298747,0.1036167,0.0330000),(-0.2297440,0.1036383,0.0330000),(-0.2309470,0.1037730,0.0330000),(-0.2297440,0.1036383,0.0330000),(-0.2296159,0.1036685,0.0330000),(-0.2309470,0.1037730,0.0330000),(-0.2296159,0.1036685,0.0330000),(-0.2294903,0.1037073,0.0330000),(-0.2309470,0.1037730,0.0330000),(-0.2294903,0.1037073,0.0330000),(-0.2293672,0.1037548,0.0330000),(-0.2309470,0.1037730,0.0330000),(-0.2293672,0.1037548,0.0330000),(-0.2292467,0.1038109,0.0330000),(-0.2309470,0.1037730,0.0330000),(-0.2292467,0.1038109,0.0330000),(-0.2291288,0.1038756,0.0330000),(-0.2309470,0.1037730,0.0330000),(-0.2291288,0.1038756,0.0330000),(-0.2290152,0.1039480,0.0330000),(-0.2309470,0.1037730,0.0330000),(-0.2290152,0.1039480,0.0330000),(-0.2289079,0.1040266,0.0330000),(-0.2309470,0.1037730,0.0330000),(-0.2289079,0.1040266,0.0330000),(-0.2288067,0.1041113,0.0330000),(-0.2309470,0.1037730,0.0330000),(-0.2288067,0.1041113,0.0330000),(-0.2287118,0.1042021,0.0330000),(-0.2309470,0.1037730,0.0330000),(-0.2287118,0.1042021,0.0330000),(-0.2286231,0.1042991,0.0330000),(-0.2286231,0.1042991,0.0330000),(-0.2285406,0.1044023,0.0330000),(-0.2284644,0.1045116,0.0330000),(-0.2286231,0.1042991,0.0330000),(-0.2284644,0.1045116,0.0330000),(-0.2283943,0.1046271,0.0330000),(-0.2286231,0.1042991,0.0330000),(-0.2283943,0.1046271,0.0330000),(-0.2283313,0.1047468,0.0330000),(-0.2286231,0.1042991,0.0330000),(-0.2283313,0.1047468,0.0330000),(-0.2282767,0.1048691,0.0330000),(-0.2286231,0.1042991,0.0330000),(-0.2282767,0.1048691,0.0330000),(-0.2282305,0.1049938,0.0330000),(-0.2286231,0.1042991,0.0330000),(-0.2282305,0.1049938,0.0330000),(-0.2281927,0.1051210,0.0330000),(-0.2286231,0.1042991,0.0330000),(-0.2281927,0.1051210,0.0330000),(-0.2281633,0.1052507,0.0330000),(-0.2286231,0.1042991,0.0330000),(-0.2281633,0.1052507,0.0330000),(-0.2281423,0.1053829,0.0330000),(-0.2286231,0.1042991,0.0330000),(-0.2281423,0.1053829,0.0330000),(-0.2281297,0.1055176,0.0330000),(-0.2286231,0.1042991,0.0330000),(-0.2281297,0.1055176,0.0330000),(-0.2281255,0.1056547,0.0330000),(-0.2286231,0.1042991,0.0330000),(-0.2281255,0.1056547,0.0330000),(-0.2281297,0.1057863,0.0330000),(-0.2286231,0.1042991,0.0330000),(-0.2281297,0.1057863,0.0330000),(-0.2281423,0.1059172,0.0330000),(-0.2286231,0.1042991,0.0330000),(-0.2281423,0.1059172,0.0330000),(-0.2281633,0.1060472,0.0330000),(-0.2286231,0.1042991,0.0330000),(-0.2281633,0.1060472,0.0330000),(-0.2281927,0.1061765,0.0330000),(-0.2286231,0.1042991,0.0330000),(-0.2281927,0.1061765,0.0330000),(-0.2282305,0.1063049,0.0330000),(-0.2286231,0.1042991,0.0330000),(-0.2282305,0.1063049,0.0330000),(-0.2282767,0.1064326,0.0330000),(-0.2282767,0.1064326,0.0330000),(-0.2286685,0.1062911,0.0330000),(-0.2286319,0.1061932,0.0330000),(-0.2282767,0.1064326,0.0330000),(-0.2286319,0.1061932,0.0330000),(-0.2286020,0.1060920,0.0330000),(-0.2282767,0.1064326,0.0330000),(-0.2286020,0.1060920,0.0330000),(-0.2285787,0.1059876,0.0330000),(-0.2282767,0.1064326,0.0330000),(-0.2285787,0.1059876,0.0330000),(-0.2285621,0.1058799,0.0330000),(-0.2282767,0.1064326,0.0330000),(-0.2285621,0.1058799,0.0330000),(-0.2285521,0.1057689,0.0330000),(-0.2282767,0.1064326,0.0330000),(-0.2285521,0.1057689,0.0330000),(-0.2285488,0.1056547,0.0330000),(-0.2282767,0.1064326,0.0330000),(-0.2285488,0.1056547,0.0330000),(-0.2285522,0.1055447,0.0330000),(-0.2286231,0.1042991,0.0330000),(-0.2282767,0.1064326,0.0330000),(-0.2285522,0.1055447,0.0330000),(-0.2286231,0.1042991,0.0330000),(-0.2285522,0.1055447,0.0330000),(-0.2285623,0.1054368,0.0330000),(-0.2286231,0.1042991,0.0330000),(-0.2285623,0.1054368,0.0330000),(-0.2285790,0.1053311,0.0330000),(-0.2286231,0.1042991,0.0330000),(-0.2285790,0.1053311,0.0330000),(-0.2286025,0.1052277,0.0330000),(-0.2286231,0.1042991,0.0330000),(-0.2286025,0.1052277,0.0330000),(-0.2286327,0.1051264,0.0330000),(-0.2286231,0.1042991,0.0330000),(-0.2286327,0.1051264,0.0330000),(-0.2286697,0.1050272,0.0330000),(-0.2286231,0.1042991,0.0330000),(-0.2286697,0.1050272,0.0330000),(-0.2287133,0.1049303,0.0330000),(-0.2286231,0.1042991,0.0330000),(-0.2287133,0.1049303,0.0330000),(-0.2287637,0.1048355,0.0330000),(-0.2286231,0.1042991,0.0330000),(-0.2287637,0.1048355,0.0330000),(-0.2288195,0.1047443,0.0330000),(-0.2286231,0.1042991,0.0330000),(-0.2288195,0.1047443,0.0330000),(-0.2288801,0.1046580,0.0330000),(-0.2286231,0.1042991,0.0330000),(-0.2288801,0.1046580,0.0330000),(-0.2289456,0.1045766,0.0330000),(-0.2286231,0.1042991,0.0330000),(-0.2289456,0.1045766,0.0330000),(-0.2290158,0.1045001,0.0330000),(-0.2286231,0.1042991,0.0330000),(-0.2290158,0.1045001,0.0330000),(-0.2290908,0.1044284,0.0330000),(-0.2286231,0.1042991,0.0330000),(-0.2290908,0.1044284,0.0330000),(-0.2291707,0.1043617,0.0330000),(-0.2286231,0.1042991,0.0330000),(-0.2291707,0.1043617,0.0330000),(-0.2292553,0.1042998,0.0330000),(-0.2286231,0.1042991,0.0330000),(-0.2292553,0.1042998,0.0330000),(-0.2293447,0.1042429,0.0330000),(-0.2286231,0.1042991,0.0330000),(-0.2293447,0.1042429,0.0330000),(-0.2294373,0.1041918,0.0330000),(-0.2286231,0.1042991,0.0330000),(-0.2294373,0.1041918,0.0330000),(-0.2295319,0.1041475,0.0330000),(-0.2286231,0.1042991,0.0330000),(-0.2295319,0.1041475,0.0330000),(-0.2296287,0.1041100,0.0330000),(-0.2286231,0.1042991,0.0330000),(-0.2296287,0.1041100,0.0330000),(-0.2297275,0.1040794,0.0330000),(-0.2309470,0.1037730,0.0330000),(-0.2286231,0.1042991,0.0330000),(-0.2297275,0.1040794,0.0330000),(-0.2309470,0.1037730,0.0330000),(-0.2297275,0.1040794,0.0330000),(-0.2298285,0.1040555,0.0330000),(-0.2309470,0.1037730,0.0330000),(-0.2298285,0.1040555,0.0330000),(-0.2299315,0.1040385,0.0330000),(-0.2309470,0.1037730,0.0330000),(-0.2299315,0.1040385,0.0330000),(-0.2300366,0.1040283,0.0330000),(-0.2309470,0.1037730,0.0330000),(-0.2300366,0.1040283,0.0330000),(-0.2301437,0.1040249,0.0330000),(-0.2309470,0.1037730,0.0330000),(-0.2301437,0.1040249,0.0330000),(-0.2302973,0.1040319,0.0330000),(-0.2309470,0.1037730,0.0330000),(-0.2302973,0.1040319,0.0330000),(-0.2304469,0.1040532,0.0330000),(-0.2309470,0.1037730,0.0330000),(-0.2304469,0.1040532,0.0330000),(-0.2305926,0.1040886,0.0330000),(-0.2309470,0.1037730,0.0330000),(-0.2305926,0.1040886,0.0330000),(-0.2307343,0.1041381,0.0330000),(-0.2309470,0.1037730,0.0330000),(-0.2307343,0.1041381,0.0330000),(-0.2291373,0.1069215,0.0330000),(-0.2315079,0.1027983,0.0330000),(-0.2309470,0.1037730,0.0330000),(-0.2291373,0.1069215,0.0330000),(-0.2287117,0.1063857,0.0330000),(-0.2286685,0.1062911,0.0330000),(-0.2282767,0.1064326,0.0330000),(-0.2287615,0.1064770,0.0330000),(-0.2287117,0.1063857,0.0330000),(-0.2282767,0.1064326,0.0330000),(-0.2288295,0.1065810,0.0330000),(-0.2287615,0.1064770,0.0330000),(-0.2282767,0.1064326,0.0330000),(-0.2289147,0.1066897,0.0330000),(-0.2288295,0.1065810,0.0330000),(-0.2282767,0.1064326,0.0330000),(-0.2289639,0.1067459,0.0330000),(-0.2289147,0.1066897,0.0330000),(-0.2282767,0.1064326,0.0330000),(-0.2290173,0.1068032,0.0330000),(-0.2289639,0.1067459,0.0330000),(-0.2282767,0.1064326,0.0330000),(-0.2290751,0.1068618,0.0330000),(-0.2290173,0.1068032,0.0330000),(-0.2282767,0.1064326,0.0330000),(-0.2291373,0.1069215,0.0330000),(-0.2290751,0.1068618,0.0330000),(-0.2282767,0.1064326,0.0330000),(-0.2291373,0.1069215,0.0330000),(-0.2282767,0.1064326,0.0330000),(-0.2283313,0.1065594,0.0330000),(-0.2291373,0.1069215,0.0330000),(-0.2283313,0.1065594,0.0330000),(-0.2283943,0.1066855,0.0330000),(-0.2291373,0.1069215,0.0330000),(-0.2283943,0.1066855,0.0330000),(-0.2284445,0.1067722,0.0330000),(-0.2291373,0.1069215,0.0330000),(-0.2284445,0.1067722,0.0330000),(-0.2284993,0.1068556,0.0330000),(-0.2291373,0.1069215,0.0330000),(-0.2284993,0.1068556,0.0330000),(-0.2285587,0.1069357,0.0330000),(-0.2291373,0.1069215,0.0330000),(-0.2285587,0.1069357,0.0330000),(-0.2286226,0.1070125,0.0330000),(-0.2291373,0.1069215,0.0330000),(-0.2286226,0.1070125,0.0330000),(-0.2286912,0.1070860,0.0330000),(-0.2291373,0.1069215,0.0330000),(-0.2286912,0.1070860,0.0330000),(-0.2287644,0.1071562,0.0330000),(-0.2291373,0.1069215,0.0330000),(-0.2287644,0.1071562,0.0330000),(-0.2288422,0.1072231,0.0330000),(-0.2291373,0.1069215,0.0330000),(-0.2288422,0.1072231,0.0330000),(-0.2289245,0.1072866,0.0330000),(-0.2291373,0.1069215,0.0330000),(-0.2289245,0.1072866,0.0330000),(-0.2283827,0.1082391,0.0330000),(-0.2315079,0.1027983,0.0330000),(-0.2291373,0.1069215,0.0330000),(-0.2283827,0.1082391,0.0330000),(-0.2315079,0.1027983,0.0330000),(-0.2283827,0.1082391,0.0330000),(-0.2283541,0.1083429,0.0330000),(-0.2315079,0.1027983,0.0330000),(-0.2283541,0.1083429,0.0330000),(-0.2283615,0.1084032,0.0330000),(-0.2315079,0.1027983,0.0330000),(-0.2283615,0.1084032,0.0330000),(-0.2284001,0.1084783,0.0330000),(-0.2315079,0.1027983,0.0330000),(-0.2284001,0.1084783,0.0330000),(-0.2284652,0.1085323,0.0330000),(-0.2315079,0.1027983,0.0330000),(-0.2284652,0.1085323,0.0330000),(-0.2285679,0.1085630,0.0330000),(-0.2315079,0.1027983,0.0330000),(-0.2285679,0.1085630,0.0330000),(-0.2286282,0.1085556,0.0330000),(-0.2315079,0.1027983,0.0330000),(-0.2286282,0.1085556,0.0330000),(-0.2287039,0.1085170,0.0330000),(-0.2315079,0.1027983,0.0330000),(-0.2287039,0.1085170,0.0330000),(-0.2287594,0.1084519,0.0330000),(-0.2315079,0.1027983,0.0330000),(-0.2287594,0.1084519,0.0330000),(-0.2292949,0.1075237,0.0330000),(-0.2292949,0.1075237,0.0330000),(-0.2293956,0.1075681,0.0330000),(-0.2294995,0.1076066,0.0330000),(-0.2292949,0.1075237,0.0330000),(-0.2294995,0.1076066,0.0330000),(-0.2296067,0.1076392,0.0330000),(-0.2292949,0.1075237,0.0330000),(-0.2296067,0.1076392,0.0330000),(-0.2297172,0.1076658,0.0330000),(-0.2292949,0.1075237,0.0330000),(-0.2297172,0.1076658,0.0330000),(-0.2298311,0.1076865,0.0330000),(-0.2292949,0.1075237,0.0330000),(-0.2298311,0.1076865,0.0330000),(-0.2299482,0.1077013,0.0330000),(-0.2292949,0.1075237,0.0330000),(-0.2299482,0.1077013,0.0330000),(-0.2300687,0.1077102,0.0330000),(-0.2292949,0.1075237,0.0330000),(-0.2300687,0.1077102,0.0330000),(-0.2301924,0.1077132,0.0330000),(-0.2292949,0.1075237,0.0330000),(-0.2301924,0.1077132,0.0330000),(-0.2303170,0.1077088,0.0330000),(-0.2292949,0.1075237,0.0330000),(-0.2303170,0.1077088,0.0330000),(-0.2304405,0.1076958,0.0330000),(-0.2292949,0.1075237,0.0330000),(-0.2304405,0.1076958,0.0330000),(-0.2305629,0.1076742,0.0330000),(-0.2292949,0.1075237,0.0330000),(-0.2305629,0.1076742,0.0330000),(-0.2306843,0.1076438,0.0330000),(-0.2292949,0.1075237,0.0330000),(-0.2306843,0.1076438,0.0330000),(-0.2308045,0.1076048,0.0330000),(-0.2292949,0.1075237,0.0330000),(-0.2308045,0.1076048,0.0330000),(-0.2309237,0.1075572,0.0330000),(-0.2292949,0.1075237,0.0330000),(-0.2309237,0.1075572,0.0330000),(-0.2310417,0.1075009,0.0330000),(-0.2292949,0.1075237,0.0330000),(-0.2310417,0.1075009,0.0330000),(-0.2311587,0.1074359,0.0330000),(-0.2292949,0.1075237,0.0330000),(-0.2311587,0.1074359,0.0330000),(-0.2312718,0.1073637,0.0330000),(-0.2292949,0.1075237,0.0330000),(-0.2312718,0.1073637,0.0330000),(-0.2313788,0.1072853,0.0330000),(-0.2292949,0.1075237,0.0330000),(-0.2313788,0.1072853,0.0330000),(-0.2314797,0.1072007,0.0330000),(-0.2292949,0.1075237,0.0330000),(-0.2314797,0.1072007,0.0330000),(-0.2315746,0.1071099,0.0330000),(-0.2292949,0.1075237,0.0330000),(-0.2315746,0.1071099,0.0330000),(-0.2316634,0.1070129,0.0330000),(-0.2316634,0.1070129,0.0330000),(-0.2317460,0.1069096,0.0330000),(-0.2318226,0.1068001,0.0330000),(-0.2316634,0.1070129,0.0330000),(-0.2318226,0.1068001,0.0330000),(-0.2318932,0.1066845,0.0330000),(-0.2316634,0.1070129,0.0330000),(-0.2318932,0.1066845,0.0330000),(-0.2319564,0.1065646,0.0330000),(-0.2316634,0.1070129,0.0330000),(-0.2319564,0.1065646,0.0330000),(-0.2320112,0.1064423,0.0330000),(-0.2316634,0.1070129,0.0330000),(-0.2320112,0.1064423,0.0330000),(-0.2320576,0.1063174,0.0330000),(-0.2316634,0.1070129,0.0330000),(-0.2320576,0.1063174,0.0330000),(-0.2320956,0.1061899,0.0330000),(-0.2316634,0.1070129,0.0330000),(-0.2320956,0.1061899,0.0330000),(-0.2321251,0.1060600,0.0330000),(-0.2316634,0.1070129,0.0330000),(-0.2321251,0.1060600,0.0330000),(-0.2321462,0.1059274,0.0330000),(-0.2316634,0.1070129,0.0330000),(-0.2321462,0.1059274,0.0330000),(-0.2321588,0.1057923,0.0330000),(-0.2316634,0.1070129,0.0330000),(-0.2321588,0.1057923,0.0330000),(-0.2321630,0.1056547,0.0330000),(-0.2316634,0.1070129,0.0330000),(-0.2321630,0.1056547,0.0330000),(-0.2321588,0.1055166,0.0330000),(-0.2316634,0.1070129,0.0330000),(-0.2321588,0.1055166,0.0330000),(-0.2321462,0.1053813,0.0330000),(-0.2316634,0.1070129,0.0330000),(-0.2321462,0.1053813,0.0330000),(-0.2321252,0.1052487,0.0330000),(-0.2316634,0.1070129,0.0330000),(-0.2321252,0.1052487,0.0330000),(-0.2320958,0.1051189,0.0330000),(-0.2316634,0.1070129,0.0330000),(-0.2320958,0.1051189,0.0330000),(-0.2320580,0.1049918,0.0330000),(-0.2316634,0.1070129,0.0330000),(-0.2320580,0.1049918,0.0330000),(-0.2320118,0.1048675,0.0330000),(-0.2316634,0.1070129,0.0330000),(-0.2320118,0.1048675,0.0330000),(-0.2319572,0.1047459,0.0330000),(-0.2316634,0.1070129,0.0330000),(-0.2319572,0.1047459,0.0330000),(-0.2318942,0.1046271,0.0330000),(-0.2318942,0.1046271,0.0330000),(-0.2315259,0.1048355,0.0330000),(-0.2315753,0.1049303,0.0330000),(-0.2318942,0.1046271,0.0330000),(-0.2315753,0.1049303,0.0330000),(-0.2316181,0.1050272,0.0330000),(-0.2318942,0.1046271,0.0330000),(-0.2316181,0.1050272,0.0330000),(-0.2316543,0.1051262,0.0330000),(-0.2318942,0.1046271,0.0330000),(-0.2316543,0.1051262,0.0330000),(-0.2316839,0.1052274,0.0330000),(-0.2318942,0.1046271,0.0330000),(-0.2316839,0.1052274,0.0330000),(-0.2317069,0.1053307,0.0330000),(-0.2318942,0.1046271,0.0330000),(-0.2317069,0.1053307,0.0330000),(-0.2317234,0.1054362,0.0330000),(-0.2318942,0.1046271,0.0330000),(-0.2317234,0.1054362,0.0330000),(-0.2317332,0.1055438,0.0330000),(-0.2318942,0.1046271,0.0330000),(-0.2317332,0.1055438,0.0330000),(-0.2317365,0.1056536,0.0330000),(-0.2318942,0.1046271,0.0330000),(-0.2317365,0.1056536,0.0330000),(-0.2317332,0.1057635,0.0330000),(-0.2316634,0.1070129,0.0330000),(-0.2318942,0.1046271,0.0330000),(-0.2317332,0.1057635,0.0330000),(-0.2316634,0.1070129,0.0330000),(-0.2317332,0.1057635,0.0330000),(-0.2317232,0.1058712,0.0330000),(-0.2316634,0.1070129,0.0330000),(-0.2317232,0.1058712,0.0330000),(-0.2317065,0.1059768,0.0330000),(-0.2316634,0.1070129,0.0330000),(-0.2317065,0.1059768,0.0330000),(-0.2316831,0.1060804,0.0330000),(-0.2316634,0.1070129,0.0330000),(-0.2316831,0.1060804,0.0330000),(-0.2316530,0.1061819,0.0330000),(-0.2316634,0.1070129,0.0330000),(-0.2316530,0.1061819,0.0330000),(-0.2316163,0.1062813,0.0330000),(-0.2316634,0.1070129,0.0330000),(-0.2316163,0.1062813,0.0330000),(-0.2315728,0.1063786,0.0330000),(-0.2316634,0.1070129,0.0330000),(-0.2315728,0.1063786,0.0330000),(-0.2315227,0.1064738,0.0330000),(-0.2316634,0.1070129,0.0330000),(-0.2315227,0.1064738,0.0330000),(-0.2314669,0.1065658,0.0330000),(-0.2316634,0.1070129,0.0330000),(-0.2314669,0.1065658,0.0330000),(-0.2314063,0.1066527,0.0330000),(-0.2316634,0.1070129,0.0330000),(-0.2314063,0.1066527,0.0330000),(-0.2313408,0.1067346,0.0330000),(-0.2316634,0.1070129,0.0330000),(-0.2313408,0.1067346,0.0330000),(-0.2312706,0.1068115,0.0330000),(-0.2316634,0.1070129,0.0330000),(-0.2312706,0.1068115,0.0330000),(-0.2311956,0.1068833,0.0330000),(-0.2316634,0.1070129,0.0330000),(-0.2311956,0.1068833,0.0330000),(-0.2311157,0.1069501,0.0330000),(-0.2316634,0.1070129,0.0330000),(-0.2311157,0.1069501,0.0330000),(-0.2310311,0.1070119,0.0330000),(-0.2316634,0.1070129,0.0330000),(-0.2310311,0.1070119,0.0330000),(-0.2309417,0.1070686,0.0330000),(-0.2316634,0.1070129,0.0330000),(-0.2309417,0.1070686,0.0330000),(-0.2308496,0.1071197,0.0330000),(-0.2316634,0.1070129,0.0330000),(-0.2308496,0.1071197,0.0330000),(-0.2307570,0.1071640,0.0330000),(-0.2316634,0.1070129,0.0330000),(-0.2307570,0.1071640,0.0330000),(-0.2306639,0.1072015,0.0330000),(-0.2316634,0.1070129,0.0330000),(-0.2306639,0.1072015,0.0330000),(-0.2305702,0.1072321,0.0330000),(-0.2316634,0.1070129,0.0330000),(-0.2305702,0.1072321,0.0330000),(-0.2304760,0.1072560,0.0330000),(-0.2292949,0.1075237,0.0330000),(-0.2316634,0.1070129,0.0330000),(-0.2304760,0.1072560,0.0330000),(-0.2292949,0.1075237,0.0330000),(-0.2304760,0.1072560,0.0330000),(-0.2303813,0.1072730,0.0330000),(-0.2292949,0.1075237,0.0330000),(-0.2303813,0.1072730,0.0330000),(-0.2302861,0.1072832,0.0330000),(-0.2292949,0.1075237,0.0330000),(-0.2302861,0.1072832,0.0330000),(-0.2301903,0.1072866,0.0330000),(-0.2292949,0.1075237,0.0330000),(-0.2301903,0.1072866,0.0330000),(-0.2301839,0.1072866,0.0330000),(-0.2292949,0.1075237,0.0330000),(-0.2301839,0.1072866,0.0330000),(-0.2300902,0.1072846,0.0330000),(-0.2292949,0.1075237,0.0330000),(-0.2300902,0.1072846,0.0330000),(-0.2299991,0.1072783,0.0330000),(-0.2292949,0.1075237,0.0330000),(-0.2299991,0.1072783,0.0330000),(-0.2299105,0.1072679,0.0330000),(-0.2292949,0.1075237,0.0330000),(-0.2299105,0.1072679,0.0330000),(-0.2298244,0.1072533,0.0330000),(-0.2292949,0.1075237,0.0330000),(-0.2298244,0.1072533,0.0330000),(-0.2297409,0.1072346,0.0330000),(-0.2292949,0.1075237,0.0330000),(-0.2297409,0.1072346,0.0330000),(-0.2296599,0.1072116,0.0330000),(-0.2292949,0.1075237,0.0330000),(-0.2296599,0.1072116,0.0330000),(-0.2295814,0.1071845,0.0330000),(-0.2292949,0.1075237,0.0330000),(-0.2295814,0.1071845,0.0330000),(-0.2295056,0.1071533,0.0330000),(-0.2315079,0.1027983,0.0330000),(-0.2292949,0.1075237,0.0330000),(-0.2295056,0.1071533,0.0330000),(-0.2315079,0.1027983,0.0330000),(-0.2295056,0.1071533,0.0330000),(-0.2311100,0.1043582,0.0330000),(-0.2315079,0.1027983,0.0330000),(-0.2311100,0.1043582,0.0330000),(-0.2312304,0.1044611,0.0330000),(-0.2314835,0.1047663,0.0330000),(-0.2315259,0.1048355,0.0330000),(-0.2318942,0.1046271,0.0330000),(-0.2314384,0.1046997,0.0330000),(-0.2314835,0.1047663,0.0330000),(-0.2318942,0.1046271,0.0330000),(-0.2313399,0.1045749,0.0330000),(-0.2314384,0.1046997,0.0330000),(-0.2318942,0.1046271,0.0330000),(-0.2312304,0.1044611,0.0330000),(-0.2313399,0.1045749,0.0330000),(-0.2318942,0.1046271,0.0330000),(-0.2312304,0.1044611,0.0330000),(-0.2318942,0.1046271,0.0330000),(-0.2318363,0.1045320,0.0330000),(-0.2312304,0.1044611,0.0330000),(-0.2318363,0.1045320,0.0330000),(-0.2317746,0.1044410,0.0330000),(-0.2312304,0.1044611,0.0330000),(-0.2317746,0.1044410,0.0330000),(-0.2317093,0.1043542,0.0330000),(-0.2312304,0.1044611,0.0330000),(-0.2317093,0.1043542,0.0330000),(-0.2316402,0.1042715,0.0330000),(-0.2312304,0.1044611,0.0330000),(-0.2316402,0.1042715,0.0330000),(-0.2315675,0.1041928,0.0330000),(-0.2312304,0.1044611,0.0330000),(-0.2315675,0.1041928,0.0330000),(-0.2314910,0.1041183,0.0330000),(-0.2312304,0.1044611,0.0330000),(-0.2314910,0.1041183,0.0330000),(-0.2314108,0.1040478,0.0330000),(-0.2312304,0.1044611,0.0330000),(-0.2314108,0.1040478,0.0330000),(-0.2313269,0.1039815,0.0330000),(-0.2315079,0.1027983,0.0330000),(-0.2312304,0.1044611,0.0330000),(-0.2313269,0.1039815,0.0330000),(-0.2315079,0.1027983,0.0330000),(-0.2313269,0.1039815,0.0330000),(-0.2318826,0.1030110,0.0330000),(-0.2315079,0.1027983,0.0330000),(-0.2318826,0.1030110,0.0330000),(-0.2319101,0.1029094,0.0330000),(-0.2315079,0.1027983,0.0330000),(-0.2319101,0.1029094,0.0330000),(-0.2319037,0.1028491,0.0330000),(-0.2315079,0.1027983,0.0330000),(-0.2319037,0.1028491,0.0330000),(-0.2318646,0.1027721,0.0330000),(-0.2315079,0.1027983,0.0330000),(-0.2318646,0.1027721,0.0330000),(-0.2318021,0.1027168,0.0330000),(-0.2315079,0.1027983,0.0330000),(-0.2318021,0.1027168,0.0330000),(-0.2316974,0.1026892,0.0330000),(-0.2315079,0.1027983,0.0330000),(-0.2316974,0.1026892,0.0330000),(-0.2316370,0.1026967,0.0330000),(-0.2315079,0.1027983,0.0330000),(-0.2316370,0.1026967,0.0330000),(-0.2315645,0.1027321,0.0330000),(-0.2223660,0.1053213,0.0330000),(-0.2227714,0.1053213,0.0330000),(-0.2234614,0.1053076,0.0330000),(-0.2221237,0.1053213,0.0330000),(-0.2223660,0.1053213,0.0330000),(-0.2234614,0.1053076,0.0330000),(-0.2227714,0.1066569,0.0330000),(-0.2227714,0.1053213,0.0330000),(-0.2223660,0.1053213,0.0330000),(-0.2227714,0.1066569,0.0330000),(-0.2223660,0.1053213,0.0330000),(-0.2223660,0.1075089,0.0330000),(-0.2234614,0.1053076,0.0330000),(-0.2227714,0.1066569,0.0330000),(-0.2223660,0.1075089,0.0330000),(-0.2234614,0.1053076,0.0330000),(-0.2223660,0.1075089,0.0330000),(-0.2223758,0.1075838,0.0330000),(-0.2234614,0.1053076,0.0330000),(-0.2223758,0.1075838,0.0330000),(-0.2224052,0.1076412,0.0330000),(-0.2234614,0.1053076,0.0330000),(-0.2224052,0.1076412,0.0330000),(-0.2225142,0.1077153,0.0330000),(-0.2234614,0.1053076,0.0330000),(-0.2225142,0.1077153,0.0330000),(-0.2225745,0.1077227,0.0330000),(-0.2234614,0.1053076,0.0330000),(-0.2225745,0.1077227,0.0330000),(-0.2226507,0.1077132,0.0330000),(-0.2234614,0.1053076,0.0330000),(-0.2226507,0.1077132,0.0330000),(-0.2227576,0.1076295,0.0330000),(-0.2234614,0.1053076,0.0330000),(-0.2227576,0.1076295,0.0330000),(-0.2240350,0.1052102,0.0330000),(-0.2221237,0.1053213,0.0330000),(-0.2234614,0.1053076,0.0330000),(-0.2240350,0.1052102,0.0330000),(-0.2221237,0.1053213,0.0330000),(-0.2240350,0.1052102,0.0330000),(-0.2240700,0.1050832,0.0330000),(-0.2221237,0.1053213,0.0330000),(-0.2240700,0.1050832,0.0330000),(-0.2240446,0.1049954,0.0330000),(-0.2221237,0.1053213,0.0330000),(-0.2240446,0.1049954,0.0330000),(-0.2239676,0.1049207,0.0330000),(-0.2221237,0.1053213,0.0330000),(-0.2239676,0.1049207,0.0330000),(-0.2238572,0.1048959,0.0330000),(-0.2221237,0.1053213,0.0330000),(-0.2238572,0.1048959,0.0330000),(-0.2227925,0.1048959,0.0330000),(-0.2227925,0.1048959,0.0330000),(-0.2227925,0.1038841,0.0330000),(-0.2227769,0.1038008,0.0330000),(-0.2227925,0.1048959,0.0330000),(-0.2227769,0.1038008,0.0330000),(-0.2227301,0.1037328,0.0330000),(-0.2227925,0.1048959,0.0330000),(-0.2227301,0.1037328,0.0330000),(-0.2226613,0.1036867,0.0330000),(-0.2227925,0.1048959,0.0330000),(-0.2226613,0.1036867,0.0330000),(-0.2225798,0.1036714,0.0330000),(-0.2227925,0.1048959,0.0330000),(-0.2225798,0.1036714,0.0330000),(-0.2224975,0.1036867,0.0330000),(-0.2227925,0.1048959,0.0330000),(-0.2224975,0.1036867,0.0330000),(-0.2224285,0.1037328,0.0330000),(-0.2227925,0.1048959,0.0330000),(-0.2224285,0.1037328,0.0330000),(-0.2223816,0.1038008,0.0330000),(-0.2227925,0.1048959,0.0330000),(-0.2223816,0.1038008,0.0330000),(-0.2223660,0.1038841,0.0330000),(-0.2227925,0.1048959,0.0330000),(-0.2223660,0.1038841,0.0330000),(-0.2223660,0.1048959,0.0330000),(-0.2221237,0.1053213,0.0330000),(-0.2227925,0.1048959,0.0330000),(-0.2223660,0.1048959,0.0330000),(-0.2221237,0.1053213,0.0330000),(-0.2223660,0.1048959,0.0330000),(-0.2221237,0.1048959,0.0330000),(-0.2221237,0.1053213,0.0330000),(-0.2221237,0.1048959,0.0330000),(-0.2220401,0.1049115,0.0330000),(-0.2221237,0.1053213,0.0330000),(-0.2220401,0.1049115,0.0330000),(-0.2219713,0.1049583,0.0330000),(-0.2221237,0.1053213,0.0330000),(-0.2219713,0.1049583,0.0330000),(-0.2219252,0.1050271,0.0330000),(-0.2221237,0.1053213,0.0330000),(-0.2219252,0.1050271,0.0330000),(-0.2219099,0.1051086,0.0330000),(-0.2221237,0.1053213,0.0330000),(-0.2219099,0.1051086,0.0330000),(-0.2219252,0.1051901,0.0330000),(-0.2221237,0.1053213,0.0330000),(-0.2219252,0.1051901,0.0330000),(-0.2219713,0.1052589,0.0330000),(-0.2221237,0.1053213,0.0330000),(-0.2219713,0.1052589,0.0330000),(-0.2220401,0.1053057,0.0330000),(-0.2269867,0.1040810,0.0330000),(-0.2258151,0.1056716,0.0330000),(-0.2257507,0.1057654,0.0330000),(-0.2269867,0.1040810,0.0330000),(-0.2257507,0.1057654,0.0330000),(-0.2256948,0.1058630,0.0330000),(-0.2269867,0.1040810,0.0330000),(-0.2256948,0.1058630,0.0330000),(-0.2256475,0.1059645,0.0330000),(-0.2269867,0.1040810,0.0330000),(-0.2256475,0.1059645,0.0330000),(-0.2256088,0.1060698,0.0330000),(-0.2269867,0.1040810,0.0330000),(-0.2256088,0.1060698,0.0330000),(-0.2255787,0.1061790,0.0330000),(-0.2269867,0.1040810,0.0330000),(-0.2255787,0.1061790,0.0330000),(-0.2255572,0.1062921,0.0330000),(-0.2269867,0.1040810,0.0330000),(-0.2255572,0.1062921,0.0330000),(-0.2255443,0.1064091,0.0330000),(-0.2269867,0.1040810,0.0330000),(-0.2255443,0.1064091,0.0330000),(-0.2255400,0.1065299,0.0330000),(-0.2269867,0.1040810,0.0330000),(-0.2255400,0.1065299,0.0330000),(-0.2255451,0.1066549,0.0330000),(-0.2269867,0.1040810,0.0330000),(-0.2255451,0.1066549,0.0330000),(-0.2255605,0.1067753,0.0330000),(-0.2269867,0.1040810,0.0330000),(-0.2255605,0.1067753,0.0330000),(-0.2255861,0.1068910,0.0330000),(-0.2269867,0.1040810,0.0330000),(-0.2255861,0.1068910,0.0330000),(-0.2256220,0.1070022,0.0330000),(-0.2256220,0.1070022,0.0330000),(-0.2256681,0.1071088,0.0330000),(-0.2257245,0.1072108,0.0330000),(-0.2256220,0.1070022,0.0330000),(-0.2257245,0.1072108,0.0330000),(-0.2257912,0.1073082,0.0330000),(-0.2256220,0.1070022,0.0330000),(-0.2257912,0.1073082,0.0330000),(-0.2258681,0.1074009,0.0330000),(-0.2256220,0.1070022,0.0330000),(-0.2258681,0.1074009,0.0330000),(-0.2259410,0.1074741,0.0330000),(-0.2256220,0.1070022,0.0330000),(-0.2259410,0.1074741,0.0330000),(-0.2260183,0.1075375,0.0330000),(-0.2256220,0.1070022,0.0330000),(-0.2260183,0.1075375,0.0330000),(-0.2261002,0.1075912,0.0330000),(-0.2256220,0.1070022,0.0330000),(-0.2261002,0.1075912,0.0330000),(-0.2261866,0.1076351,0.0330000),(-0.2256220,0.1070022,0.0330000),(-0.2261866,0.1076351,0.0330000),(-0.2262775,0.1076692,0.0330000),(-0.2256220,0.1070022,0.0330000),(-0.2262775,0.1076692,0.0330000),(-0.2263729,0.1076936,0.0330000),(-0.2256220,0.1070022,0.0330000),(-0.2263729,0.1076936,0.0330000),(-0.2264728,0.1077083,0.0330000),(-0.2256220,0.1070022,0.0330000),(-0.2264728,0.1077083,0.0330000),(-0.2265771,0.1077132,0.0330000),(-0.2256220,0.1070022,0.0330000),(-0.2265771,0.1077132,0.0330000),(-0.2266757,0.1077084,0.0330000),(-0.2256220,0.1070022,0.0330000),(-0.2266757,0.1077084,0.0330000),(-0.2267712,0.1076940,0.0330000),(-0.2256220,0.1070022,0.0330000),(-0.2267712,0.1076940,0.0330000),(-0.2268636,0.1076701,0.0330000),(-0.2256220,0.1070022,0.0330000),(-0.2268636,0.1076701,0.0330000),(-0.2269531,0.1076367,0.0330000),(-0.2256220,0.1070022,0.0330000),(-0.2269531,0.1076367,0.0330000),(-0.2270396,0.1075937,0.0330000),(-0.2256220,0.1070022,0.0330000),(-0.2270396,0.1075937,0.0330000),(-0.2271230,0.1075411,0.0330000),(-0.2271230,0.1075411,0.0330000),(-0.2272035,0.1074790,0.0330000),(-0.2272809,0.1074073,0.0330000),(-0.2271230,0.1075411,0.0330000),(-0.2272809,0.1074073,0.0330000),(-0.2273601,0.1073208,0.0330000),(-0.2271230,0.1075411,0.0330000),(-0.2273601,0.1073208,0.0330000),(-0.2274286,0.1072279,0.0330000),(-0.2271230,0.1075411,0.0330000),(-0.2274286,0.1072279,0.0330000),(-0.2274867,0.1071287,0.0330000),(-0.2271230,0.1075411,0.0330000),(-0.2274867,0.1071287,0.0330000),(-0.2275341,0.1070231,0.0330000),(-0.2271230,0.1075411,0.0330000),(-0.2275341,0.1070231,0.0330000),(-0.2275711,0.1069112,0.0330000),(-0.2271230,0.1075411,0.0330000),(-0.2275711,0.1069112,0.0330000),(-0.2275974,0.1067929,0.0330000),(-0.2271230,0.1075411,0.0330000),(-0.2275974,0.1067929,0.0330000),(-0.2276133,0.1066683,0.0330000),(-0.2271230,0.1075411,0.0330000),(-0.2276133,0.1066683,0.0330000),(-0.2276185,0.1065373,0.0330000),(-0.2271230,0.1075411,0.0330000),(-0.2276185,0.1065373,0.0330000),(-0.2276185,0.1065321,0.0330000),(-0.2271230,0.1075411,0.0330000),(-0.2276185,0.1065321,0.0330000),(-0.2276029,0.1064506,0.0330000),(-0.2271230,0.1075411,0.0330000),(-0.2276029,0.1064506,0.0330000),(-0.2275561,0.1063818,0.0330000),(-0.2271230,0.1075411,0.0330000),(-0.2275561,0.1063818,0.0330000),(-0.2274873,0.1063349,0.0330000),(-0.2271230,0.1075411,0.0330000),(-0.2274873,0.1063349,0.0330000),(-0.2274058,0.1063193,0.0330000),(-0.2271230,0.1075411,0.0330000),(-0.2274058,0.1063193,0.0330000),(-0.2273243,0.1063349,0.0330000),(-0.2271230,0.1075411,0.0330000),(-0.2273243,0.1063349,0.0330000),(-0.2272555,0.1063818,0.0330000),(-0.2271230,0.1075411,0.0330000),(-0.2272555,0.1063818,0.0330000),(-0.2272079,0.1064506,0.0330000),(-0.2272079,0.1064506,0.0330000),(-0.2271920,0.1065321,0.0330000),(-0.2271920,0.1065373,0.0330000),(-0.2272079,0.1064506,0.0330000),(-0.2271920,0.1065373,0.0330000),(-0.2271887,0.1066243,0.0330000),(-0.2271230,0.1075411,0.0330000),(-0.2272079,0.1064506,0.0330000),(-0.2271887,0.1066243,0.0330000),(-0.2271230,0.1075411,0.0330000),(-0.2271887,0.1066243,0.0330000),(-0.2271787,0.1067067,0.0330000),(-0.2271230,0.1075411,0.0330000),(-0.2271787,0.1067067,0.0330000),(-0.2271621,0.1067846,0.0330000),(-0.2271230,0.1075411,0.0330000),(-0.2271621,0.1067846,0.0330000),(-0.2271389,0.1068580,0.0330000),(-0.2271230,0.1075411,0.0330000),(-0.2271389,0.1068580,0.0330000),(-0.2270724,0.1069914,0.0330000),(-0.2271230,0.1075411,0.0330000),(-0.2270724,0.1069914,0.0330000),(-0.2269793,0.1071067,0.0330000),(-0.2271230,0.1075411,0.0330000),(-0.2269793,0.1071067,0.0330000),(-0.2268884,0.1071854,0.0330000),(-0.2271230,0.1075411,0.0330000),(-0.2268884,0.1071854,0.0330000),(-0.2267915,0.1072417,0.0330000),(-0.2271230,0.1075411,0.0330000),(-0.2267915,0.1072417,0.0330000),(-0.2266884,0.1072754,0.0330000),(-0.2271230,0.1075411,0.0330000),(-0.2266884,0.1072754,0.0330000),(-0.2265793,0.1072866,0.0330000),(-0.2271230,0.1075411,0.0330000),(-0.2265793,0.1072866,0.0330000),(-0.2264660,0.1072758,0.0330000),(-0.2271230,0.1075411,0.0330000),(-0.2264660,0.1072758,0.0330000),(-0.2263623,0.1072433,0.0330000),(-0.2256220,0.1070022,0.0330000),(-0.2271230,0.1075411,0.0330000),(-0.2263623,0.1072433,0.0330000),(-0.2256220,0.1070022,0.0330000),(-0.2263623,0.1072433,0.0330000),(-0.2262681,0.1071890,0.0330000),(-0.2256220,0.1070022,0.0330000),(-0.2262681,0.1071890,0.0330000),(-0.2261834,0.1071131,0.0330000),(-0.2256220,0.1070022,0.0330000),(-0.2261834,0.1071131,0.0330000),(-0.2261319,0.1070519,0.0330000),(-0.2256220,0.1070022,0.0330000),(-0.2261319,0.1070519,0.0330000),(-0.2260871,0.1069875,0.0330000),(-0.2256220,0.1070022,0.0330000),(-0.2260871,0.1069875,0.0330000),(-0.2260183,0.1068488,0.0330000),(-0.2256220,0.1070022,0.0330000),(-0.2260183,0.1068488,0.0330000),(-0.2259771,0.1066970,0.0330000),(-0.2256220,0.1070022,0.0330000),(-0.2259771,0.1066970,0.0330000),(-0.2259668,0.1066161,0.0330000),(-0.2256220,0.1070022,0.0330000),(-0.2259668,0.1066161,0.0330000),(-0.2259633,0.1065321,0.0330000),(-0.2256220,0.1070022,0.0330000),(-0.2259633,0.1065321,0.0330000),(-0.2259662,0.1064453,0.0330000),(-0.2256220,0.1070022,0.0330000),(-0.2259662,0.1064453,0.0330000),(-0.2259750,0.1063619,0.0330000),(-0.2256220,0.1070022,0.0330000),(-0.2259750,0.1063619,0.0330000),(-0.2259897,0.1062818,0.0330000),(-0.2256220,0.1070022,0.0330000),(-0.2259897,0.1062818,0.0330000),(-0.2260101,0.1062050,0.0330000),(-0.2256220,0.1070022,0.0330000),(-0.2260101,0.1062050,0.0330000),(-0.2260687,0.1060614,0.0330000),(-0.2269867,0.1040810,0.0330000),(-0.2256220,0.1070022,0.0330000),(-0.2260687,0.1060614,0.0330000),(-0.2269867,0.1040810,0.0330000),(-0.2260687,0.1060614,0.0330000),(-0.2261506,0.1059309,0.0330000),(-0.2269867,0.1040810,0.0330000),(-0.2261506,0.1059309,0.0330000),(-0.2275741,0.1039973,0.0330000),(-0.2257506,0.1040810,0.0330000),(-0.2269867,0.1040810,0.0330000),(-0.2275741,0.1039973,0.0330000),(-0.2257506,0.1040810,0.0330000),(-0.2275741,0.1039973,0.0330000),(-0.2276207,0.1038725,0.0330000),(-0.2257506,0.1040810,0.0330000),(-0.2276207,0.1038725,0.0330000),(-0.2276185,0.1038375,0.0330000),(-0.2257506,0.1040810,0.0330000),(-0.2276185,0.1038375,0.0330000),(-0.2275921,0.1037590,0.0330000),(-0.2257506,0.1040810,0.0330000),(-0.2275921,0.1037590,0.0330000),(-0.2275402,0.1037031,0.0330000),(-0.2257506,0.1040810,0.0330000),(-0.2275402,0.1037031,0.0330000),(-0.2274717,0.1036682,0.0330000),(-0.2257506,0.1040810,0.0330000),(-0.2274717,0.1036682,0.0330000),(-0.2274058,0.1036566,0.0330000),(-0.2257506,0.1040810,0.0330000),(-0.2274058,0.1036566,0.0330000),(-0.2257506,0.1036566,0.0330000),(-0.2257506,0.1040810,0.0330000),(-0.2257506,0.1036566,0.0330000),(-0.2256672,0.1036716,0.0330000),(-0.2257506,0.1040810,0.0330000),(-0.2256672,0.1036716,0.0330000),(-0.2255992,0.1037169,0.0330000),(-0.2257506,0.1040810,0.0330000),(-0.2255992,0.1037169,0.0330000),(-0.2255548,0.1037849,0.0330000),(-0.2257506,0.1040810,0.0330000),(-0.2255548,0.1037849,0.0330000),(-0.2255400,0.1038682,0.0330000),(-0.2257506,0.1040810,0.0330000),(-0.2255400,0.1038682,0.0330000),(-0.2255548,0.1039524,0.0330000),(-0.2257506,0.1040810,0.0330000),(-0.2255548,0.1039524,0.0330000),(-0.2255992,0.1040206,0.0330000),(-0.2257506,0.1040810,0.0330000),(-0.2255992,0.1040206,0.0330000),(-0.2256651,0.1040659,0.0330000),(-0.2250817,0.1036870,0.0330000),(-0.2250087,0.1035804,0.0330000),(-0.2249021,0.1035073,0.0330000),(-0.2250817,0.1036870,0.0330000),(-0.2249021,0.1035073,0.0330000),(-0.2247769,0.1034830,0.0330000),(-0.2250817,0.1036870,0.0330000),(-0.2247769,0.1034830,0.0330000),(-0.2246520,0.1035073,0.0330000),(-0.2250817,0.1036870,0.0330000),(-0.2246520,0.1035073,0.0330000),(-0.2245462,0.1035804,0.0330000),(-0.2250817,0.1036870,0.0330000),(-0.2245462,0.1035804,0.0330000),(-0.2244732,0.1036870,0.0330000),(-0.2250817,0.1036870,0.0330000),(-0.2244732,0.1036870,0.0330000),(-0.2244488,0.1038121,0.0330000),(-0.2250817,0.1036870,0.0330000),(-0.2244488,0.1038121,0.0330000),(-0.2244732,0.1039373,0.0330000),(-0.2250817,0.1036870,0.0330000),(-0.2244732,0.1039373,0.0330000),(-0.2245462,0.1040439,0.0330000),(-0.2250817,0.1036870,0.0330000),(-0.2245462,0.1040439,0.0330000),(-0.2246520,0.1041169,0.0330000),(-0.2250817,0.1036870,0.0330000),(-0.2246520,0.1041169,0.0330000),(-0.2247769,0.1041413,0.0330000),(-0.2250817,0.1036870,0.0330000),(-0.2247769,0.1041413,0.0330000),(-0.2249021,0.1041169,0.0330000),(-0.2250817,0.1036870,0.0330000),(-0.2249021,0.1041169,0.0330000),(-0.2250087,0.1040439,0.0330000),(-0.2250817,0.1036870,0.0330000),(-0.2250087,0.1040439,0.0330000),(-0.2250817,0.1039373,0.0330000),(-0.2250817,0.1036870,0.0330000),(-0.2250817,0.1039373,0.0330000),(-0.2251061,0.1038121,0.0330000),(-0.2115222,0.1054393,0.0330000),(-0.2101400,0.1036497,0.0330000),(-0.2100678,0.1035878,0.0330000),(-0.2115222,0.1054393,0.0330000),(-0.2100678,0.1035878,0.0330000),(-0.2099759,0.1035671,0.0330000),(-0.2115222,0.1054393,0.0330000),(-0.2099759,0.1035671,0.0330000),(-0.2098437,0.1036126,0.0330000),(-0.2115222,0.1054393,0.0330000),(-0.2098437,0.1036126,0.0330000),(-0.2097794,0.1036862,0.0330000),(-0.2115222,0.1054393,0.0330000),(-0.2097794,0.1036862,0.0330000),(-0.2097579,0.1037820,0.0330000),(-0.2115222,0.1054393,0.0330000),(-0.2097579,0.1037820,0.0330000),(-0.2098024,0.1039143,0.0330000),(-0.2115222,0.1054393,0.0330000),(-0.2098024,0.1039143,0.0330000),(-0.2109782,0.1054393,0.0330000),(-0.2109782,0.1054393,0.0330000),(-0.2108925,0.1054393,0.0330000),(-0.2107732,0.1054444,0.0330000),(-0.2115222,0.1054393,0.0330000),(-0.2109782,0.1054393,0.0330000),(-0.2107732,0.1054444,0.0330000),(-0.2123858,0.1054393,0.0330000),(-0.2115222,0.1054393,0.0330000),(-0.2107732,0.1054444,0.0330000),(-0.2123858,0.1054393,0.0330000),(-0.2107732,0.1054444,0.0330000),(-0.2106594,0.1054598,0.0330000),(-0.2123858,0.1054393,0.0330000),(-0.2106594,0.1054598,0.0330000),(-0.2105511,0.1054853,0.0330000),(-0.2123858,0.1054393,0.0330000),(-0.2105511,0.1054853,0.0330000),(-0.2104482,0.1055211,0.0330000),(-0.2123858,0.1054393,0.0330000),(-0.2104482,0.1055211,0.0330000),(-0.2103508,0.1055671,0.0330000),(-0.2123858,0.1054393,0.0330000),(-0.2103508,0.1055671,0.0330000),(-0.2102589,0.1056233,0.0330000),(-0.2123858,0.1054393,0.0330000),(-0.2102589,0.1056233,0.0330000),(-0.2101724,0.1056897,0.0330000),(-0.2123858,0.1054393,0.0330000),(-0.2101724,0.1056897,0.0330000),(-0.2100913,0.1057663,0.0330000),(-0.2123858,0.1054393,0.0330000),(-0.2100913,0.1057663,0.0330000),(-0.2100149,0.1058561,0.0330000),(-0.2123858,0.1054393,0.0330000),(-0.2100149,0.1058561,0.0330000),(-0.2099487,0.1059485,0.0330000),(-0.2123858,0.1054393,0.0330000),(-0.2099487,0.1059485,0.0330000),(-0.2098927,0.1060437,0.0330000),(-0.2098927,0.1060437,0.0330000),(-0.2098468,0.1061415,0.0330000),(-0.2102424,0.1062908,0.0330000),(-0.2098927,0.1060437,0.0330000),(-0.2102424,0.1062908,0.0330000),(-0.2103069,0.1061731,0.0330000),(-0.2098927,0.1060437,0.0330000),(-0.2103069,0.1061731,0.0330000),(-0.2103972,0.1060669,0.0330000),(-0.2098927,0.1060437,0.0330000),(-0.2103972,0.1060669,0.0330000),(-0.2105071,0.1059789,0.0330000),(-0.2098927,0.1060437,0.0330000),(-0.2105071,0.1059789,0.0330000),(-0.2106263,0.1059161,0.0330000),(-0.2098927,0.1060437,0.0330000),(-0.2106263,0.1059161,0.0330000),(-0.2107547,0.1058784,0.0330000),(-0.2123858,0.1054393,0.0330000),(-0.2098927,0.1060437,0.0330000),(-0.2107547,0.1058784,0.0330000),(-0.2123858,0.1054393,0.0330000),(-0.2107547,0.1058784,0.0330000),(-0.2108925,0.1058658,0.0330000),(-0.2123858,0.1054393,0.0330000),(-0.2108925,0.1058658,0.0330000),(-0.2123858,0.1058658,0.0330000),(-0.2102037,0.1064197,0.0330000),(-0.2102424,0.1062908,0.0330000),(-0.2098468,0.1061415,0.0330000),(-0.2101908,0.1065601,0.0330000),(-0.2102037,0.1064197,0.0330000),(-0.2098468,0.1061415,0.0330000),(-0.2102037,0.1066991,0.0330000),(-0.2101908,0.1065601,0.0330000),(-0.2098468,0.1061415,0.0330000),(-0.2102424,0.1068273,0.0330000),(-0.2102037,0.1066991,0.0330000),(-0.2098468,0.1061415,0.0330000),(-0.2103069,0.1069447,0.0330000),(-0.2102424,0.1068273,0.0330000),(-0.2098468,0.1061415,0.0330000),(-0.2103069,0.1069447,0.0330000),(-0.2098468,0.1061415,0.0330000),(-0.2098112,0.1062421,0.0330000),(-0.2103069,0.1069447,0.0330000),(-0.2098112,0.1062421,0.0330000),(-0.2097857,0.1063454,0.0330000),(-0.2103972,0.1070512,0.0330000),(-0.2103069,0.1069447,0.0330000),(-0.2097857,0.1063454,0.0330000),(-0.2103972,0.1070512,0.0330000),(-0.2097857,0.1063454,0.0330000),(-0.2097704,0.1064514,0.0330000),(-0.2103972,0.1070512,0.0330000),(-0.2097704,0.1064514,0.0330000),(-0.2097653,0.1065601,0.0330000),(-0.2105043,0.1071391,0.0330000),(-0.2103972,0.1070512,0.0330000),(-0.2097653,0.1065601,0.0330000),(-0.2105043,0.1071391,0.0330000),(-0.2097653,0.1065601,0.0330000),(-0.2097704,0.1066727,0.0330000),(-0.2105043,0.1071391,0.0330000),(-0.2097704,0.1066727,0.0330000),(-0.2097857,0.1067814,0.0330000),(-0.2106215,0.1072020,0.0330000),(-0.2105043,0.1071391,0.0330000),(-0.2097857,0.1067814,0.0330000),(-0.2106215,0.1072020,0.0330000),(-0.2097857,0.1067814,0.0330000),(-0.2098112,0.1068862,0.0330000),(-0.2106215,0.1072020,0.0330000),(-0.2098112,0.1068862,0.0330000),(-0.2098468,0.1069871,0.0330000),(-0.2107488,0.1072397,0.0330000),(-0.2106215,0.1072020,0.0330000),(-0.2098468,0.1069871,0.0330000),(-0.2107488,0.1072397,0.0330000),(-0.2098468,0.1069871,0.0330000),(-0.2098927,0.1070841,0.0330000),(-0.2107488,0.1072397,0.0330000),(-0.2098927,0.1070841,0.0330000),(-0.2099487,0.1071772,0.0330000),(-0.2108861,0.1072522,0.0330000),(-0.2107488,0.1072397,0.0330000),(-0.2099487,0.1071772,0.0330000),(-0.2108861,0.1072522,0.0330000),(-0.2099487,0.1071772,0.0330000),(-0.2100149,0.1072664,0.0330000),(-0.2123858,0.1072522,0.0330000),(-0.2108861,0.1072522,0.0330000),(-0.2100149,0.1072664,0.0330000),(-0.2123858,0.1072522,0.0330000),(-0.2100149,0.1072664,0.0330000),(-0.2100913,0.1073517,0.0330000),(-0.2123858,0.1072522,0.0330000),(-0.2100913,0.1073517,0.0330000),(-0.2101784,0.1074299,0.0330000),(-0.2123858,0.1072522,0.0330000),(-0.2101784,0.1074299,0.0330000),(-0.2102692,0.1074976,0.0330000),(-0.2123858,0.1072522,0.0330000),(-0.2102692,0.1074976,0.0330000),(-0.2103637,0.1075549,0.0330000),(-0.2123858,0.1072522,0.0330000),(-0.2103637,0.1075549,0.0330000),(-0.2104620,0.1076018,0.0330000),(-0.2123858,0.1072522,0.0330000),(-0.2104620,0.1076018,0.0330000),(-0.2105640,0.1076382,0.0330000),(-0.2123858,0.1072522,0.0330000),(-0.2105640,0.1076382,0.0330000),(-0.2106698,0.1076643,0.0330000),(-0.2123858,0.1072522,0.0330000),(-0.2106698,0.1076643,0.0330000),(-0.2107792,0.1076799,0.0330000),(-0.2123858,0.1072522,0.0330000),(-0.2107792,0.1076799,0.0330000),(-0.2108925,0.1076851,0.0330000),(-0.2123858,0.1072522,0.0330000),(-0.2108925,0.1076851,0.0330000),(-0.2125985,0.1076851,0.0330000),(-0.2123858,0.1058658,0.0330000),(-0.2123858,0.1072522,0.0330000),(-0.2125985,0.1076851,0.0330000),(-0.2123858,0.1054393,0.0330000),(-0.2123858,0.1058658,0.0330000),(-0.2125985,0.1076851,0.0330000),(-0.2123858,0.1054393,0.0330000),(-0.2125985,0.1076851,0.0330000),(-0.2126845,0.1076684,0.0330000),(-0.2123858,0.1054393,0.0330000),(-0.2126845,0.1076684,0.0330000),(-0.2127562,0.1076184,0.0330000),(-0.2123858,0.1054393,0.0330000),(-0.2127562,0.1076184,0.0330000),(-0.2127983,0.1075441,0.0330000),(-0.2123858,0.1054393,0.0330000),(-0.2127983,0.1075441,0.0330000),(-0.2128123,0.1074650,0.0330000),(-0.2123858,0.1054393,0.0330000),(-0.2128123,0.1074650,0.0330000),(-0.2128123,0.1038381,0.0330000),(-0.2123858,0.1054393,0.0330000),(-0.2128123,0.1038381,0.0330000),(-0.2127894,0.1037547,0.0330000),(-0.2123858,0.1054393,0.0330000),(-0.2127894,0.1037547,0.0330000),(-0.2127461,0.1036952,0.0330000),(-0.2123858,0.1054393,0.0330000),(-0.2127461,0.1036952,0.0330000),(-0.2125985,0.1036476,0.0330000),(-0.2123858,0.1054393,0.0330000),(-0.2125985,0.1036476,0.0330000),(-0.2125245,0.1036595,0.0330000),(-0.2123858,0.1054393,0.0330000),(-0.2125245,0.1036595,0.0330000),(-0.2124644,0.1036952,0.0330000),(-0.2123858,0.1054393,0.0330000),(-0.2124644,0.1036952,0.0330000),(-0.2123858,0.1038381,0.0330000),(-0.2137743,0.1054446,0.0330000),(-0.2137764,0.1038381,0.0330000),(-0.2137603,0.1037560,0.0330000),(-0.2137743,0.1054446,0.0330000),(-0.2137603,0.1037560,0.0330000),(-0.2137119,0.1036878,0.0330000),(-0.2137743,0.1054446,0.0330000),(-0.2137119,0.1036878,0.0330000),(-0.2136431,0.1036417,0.0330000),(-0.2137743,0.1054446,0.0330000),(-0.2136431,0.1036417,0.0330000),(-0.2135658,0.1036264,0.0330000),(-0.2137743,0.1054446,0.0330000),(-0.2135658,0.1036264,0.0330000),(-0.2134830,0.1036417,0.0330000),(-0.2137743,0.1054446,0.0330000),(-0.2134830,0.1036417,0.0330000),(-0.2134145,0.1036878,0.0330000),(-0.2137743,0.1054446,0.0330000),(-0.2134145,0.1036878,0.0330000),(-0.2133684,0.1037560,0.0330000),(-0.2137743,0.1054446,0.0330000),(-0.2133684,0.1037560,0.0330000),(-0.2133531,0.1038381,0.0330000),(-0.2137743,0.1054446,0.0330000),(-0.2133531,0.1038381,0.0330000),(-0.2133531,0.1074650,0.0330000),(-0.2137743,0.1054446,0.0330000),(-0.2133531,0.1074650,0.0330000),(-0.2133684,0.1075465,0.0330000),(-0.2137743,0.1054446,0.0330000),(-0.2133684,0.1075465,0.0330000),(-0.2134145,0.1076153,0.0330000),(-0.2137743,0.1054446,0.0330000),(-0.2134145,0.1076153,0.0330000),(-0.2134819,0.1076629,0.0330000),(-0.2137743,0.1054446,0.0330000),(-0.2134819,0.1076629,0.0330000),(-0.2135616,0.1076788,0.0330000),(-0.2137743,0.1054446,0.0330000),(-0.2135616,0.1076788,0.0330000),(-0.2136436,0.1076624,0.0330000),(-0.2137743,0.1054446,0.0330000),(-0.2136436,0.1076624,0.0330000),(-0.2137140,0.1076131,0.0330000),(-0.2137743,0.1054446,0.0330000),(-0.2137140,0.1076131,0.0330000),(-0.2137608,0.1075486,0.0330000),(-0.2137743,0.1054446,0.0330000),(-0.2137608,0.1075486,0.0330000),(-0.2137764,0.1074650,0.0330000),(-0.2137743,0.1054446,0.0330000),(-0.2137764,0.1074650,0.0330000),(-0.2137764,0.1058658,0.0330000),(-0.2159756,0.1054446,0.0330000),(-0.2137743,0.1054446,0.0330000),(-0.2137764,0.1058658,0.0330000),(-0.2159756,0.1054446,0.0330000),(-0.2137764,0.1058658,0.0330000),(-0.2159693,0.1058658,0.0330000),(-0.2159756,0.1054446,0.0330000),(-0.2159693,0.1058658,0.0330000),(-0.2159693,0.1074650,0.0330000),(-0.2159756,0.1054446,0.0330000),(-0.2159693,0.1074650,0.0330000),(-0.2159857,0.1075465,0.0330000),(-0.2159756,0.1054446,0.0330000),(-0.2159857,0.1075465,0.0330000),(-0.2160349,0.1076153,0.0330000),(-0.2159756,0.1054446,0.0330000),(-0.2160349,0.1076153,0.0330000),(-0.2161045,0.1076629,0.0330000),(-0.2159756,0.1054446,0.0330000),(-0.2161045,0.1076629,0.0330000),(-0.2161820,0.1076788,0.0330000),(-0.2159756,0.1054446,0.0330000),(-0.2161820,0.1076788,0.0330000),(-0.2162643,0.1076629,0.0330000),(-0.2159756,0.1054446,0.0330000),(-0.2162643,0.1076629,0.0330000),(-0.2163355,0.1076153,0.0330000),(-0.2159756,0.1054446,0.0330000),(-0.2163355,0.1076153,0.0330000),(-0.2163839,0.1075465,0.0330000),(-0.2159756,0.1054446,0.0330000),(-0.2163839,0.1075465,0.0330000),(-0.2164000,0.1074650,0.0330000),(-0.2159756,0.1054446,0.0330000),(-0.2164000,0.1074650,0.0330000),(-0.2164000,0.1038381,0.0330000),(-0.2159756,0.1054446,0.0330000),(-0.2164000,0.1038381,0.0330000),(-0.2163844,0.1037560,0.0330000),(-0.2159756,0.1054446,0.0330000),(-0.2163844,0.1037560,0.0330000),(-0.2163376,0.1036878,0.0330000),(-0.2159756,0.1054446,0.0330000),(-0.2163376,0.1036878,0.0330000),(-0.2162680,0.1036417,0.0330000),(-0.2159756,0.1054446,0.0330000),(-0.2162680,0.1036417,0.0330000),(-0.2161862,0.1036264,0.0330000),(-0.2159756,0.1054446,0.0330000),(-0.2161862,0.1036264,0.0330000),(-0.2161085,0.1036415,0.0330000),(-0.2159756,0.1054446,0.0330000),(-0.2161085,0.1036415,0.0330000),(-0.2160360,0.1036867,0.0330000),(-0.2159756,0.1054446,0.0330000),(-0.2160360,0.1036867,0.0330000),(-0.2159907,0.1037515,0.0330000),(-0.2159756,0.1054446,0.0330000),(-0.2159907,0.1037515,0.0330000),(-0.2159756,0.1038381,0.0330000),(-0.2087938,0.1051567,0.0330000),(-0.2087938,0.1074650,0.0330000),(-0.2088091,0.1075465,0.0330000),(-0.2087938,0.1051567,0.0330000),(-0.2088091,0.1075465,0.0330000),(-0.2088552,0.1076153,0.0330000),(-0.2087938,0.1051567,0.0330000),(-0.2088552,0.1076153,0.0330000),(-0.2089226,0.1076629,0.0330000),(-0.2087888,0.1050443,0.0330000),(-0.2087938,0.1051567,0.0330000),(-0.2089226,0.1076629,0.0330000),(-0.2087888,0.1050443,0.0330000),(-0.2089226,0.1076629,0.0330000),(-0.2090023,0.1076788,0.0330000),(-0.2087888,0.1050443,0.0330000),(-0.2090023,0.1076788,0.0330000),(-0.2090856,0.1076624,0.0330000),(-0.2087888,0.1050443,0.0330000),(-0.2090856,0.1076624,0.0330000),(-0.2091600,0.1076131,0.0330000),(-0.2087888,0.1050443,0.0330000),(-0.2091600,0.1076131,0.0330000),(-0.2092052,0.1075486,0.0330000),(-0.2087888,0.1050443,0.0330000),(-0.2092052,0.1075486,0.0330000),(-0.2092203,0.1074650,0.0330000),(-0.2087888,0.1050443,0.0330000),(-0.2092203,0.1074650,0.0330000),(-0.2092203,0.1051567,0.0330000),(-0.2087888,0.1050443,0.0330000),(-0.2092203,0.1051567,0.0330000),(-0.2092134,0.1050017,0.0330000),(-0.2087888,0.1050443,0.0330000),(-0.2092134,0.1050017,0.0330000),(-0.2091925,0.1048523,0.0330000),(-0.2087888,0.1050443,0.0330000),(-0.2091925,0.1048523,0.0330000),(-0.2091578,0.1047086,0.0330000),(-0.2087888,0.1050443,0.0330000),(-0.2091578,0.1047086,0.0330000),(-0.2091092,0.1045707,0.0330000),(-0.2087888,0.1050443,0.0330000),(-0.2091092,0.1045707,0.0330000),(-0.2090467,0.1044385,0.0330000),(-0.2087888,0.1050443,0.0330000),(-0.2090467,0.1044385,0.0330000),(-0.2089703,0.1043120,0.0330000),(-0.2087888,0.1050443,0.0330000),(-0.2089703,0.1043120,0.0330000),(-0.2088800,0.1041912,0.0330000),(-0.2087888,0.1050443,0.0330000),(-0.2088800,0.1041912,0.0330000),(-0.2087758,0.1040762,0.0330000),(-0.2087888,0.1050443,0.0330000),(-0.2087758,0.1040762,0.0330000),(-0.2086632,0.1039708,0.0330000),(-0.2086632,0.1039708,0.0330000),(-0.2085446,0.1038794,0.0330000),(-0.2084198,0.1038021,0.0330000),(-0.2086632,0.1039708,0.0330000),(-0.2084198,0.1038021,0.0330000),(-0.2082890,0.1037388,0.0330000),(-0.2086632,0.1039708,0.0330000),(-0.2082890,0.1037388,0.0330000),(-0.2081520,0.1036896,0.0330000),(-0.2086632,0.1039708,0.0330000),(-0.2081520,0.1036896,0.0330000),(-0.2080090,0.1036545,0.0330000),(-0.2086632,0.1039708,0.0330000),(-0.2080090,0.1036545,0.0330000),(-0.2078599,0.1036334,0.0330000),(-0.2086632,0.1039708,0.0330000),(-0.2078599,0.1036334,0.0330000),(-0.2077048,0.1036264,0.0330000),(-0.2086632,0.1039708,0.0330000),(-0.2077048,0.1036264,0.0330000),(-0.2075494,0.1036334,0.0330000),(-0.2086632,0.1039708,0.0330000),(-0.2075494,0.1036334,0.0330000),(-0.2073996,0.1036545,0.0330000),(-0.2086632,0.1039708,0.0330000),(-0.2073996,0.1036545,0.0330000),(-0.2072556,0.1036896,0.0330000),(-0.2086632,0.1039708,0.0330000),(-0.2072556,0.1036896,0.0330000),(-0.2071171,0.1037388,0.0330000),(-0.2086632,0.1039708,0.0330000),(-0.2071171,0.1037388,0.0330000),(-0.2069844,0.1038021,0.0330000),(-0.2086632,0.1039708,0.0330000),(-0.2069844,0.1038021,0.0330000),(-0.2068572,0.1038794,0.0330000),(-0.2086632,0.1039708,0.0330000),(-0.2068572,0.1038794,0.0330000),(-0.2067358,0.1039708,0.0330000),(-0.2086632,0.1039708,0.0330000),(-0.2067358,0.1039708,0.0330000),(-0.2066200,0.1040762,0.0330000),(-0.2066200,0.1040762,0.0330000),(-0.2065153,0.1041899,0.0330000),(-0.2064246,0.1043098,0.0330000),(-0.2066200,0.1040762,0.0330000),(-0.2064246,0.1043098,0.0330000),(-0.2063478,0.1044360,0.0330000),(-0.2066200,0.1040762,0.0330000),(-0.2063478,0.1044360,0.0330000),(-0.2062850,0.1045683,0.0330000),(-0.2066200,0.1040762,0.0330000),(-0.2062850,0.1045683,0.0330000),(-0.2062362,0.1047069,0.0330000),(-0.2066200,0.1040762,0.0330000),(-0.2062362,0.1047069,0.0330000),(-0.2062013,0.1048517,0.0330000),(-0.2066200,0.1040762,0.0330000),(-0.2062013,0.1048517,0.0330000),(-0.2061803,0.1050027,0.0330000),(-0.2066200,0.1040762,0.0330000),(-0.2061803,0.1050027,0.0330000),(-0.2061734,0.1051599,0.0330000),(-0.2066200,0.1040762,0.0330000),(-0.2061734,0.1051599,0.0330000),(-0.2061734,0.1074650,0.0330000),(-0.2066200,0.1040762,0.0330000),(-0.2061734,0.1074650,0.0330000),(-0.2061887,0.1075465,0.0330000),(-0.2066200,0.1040762,0.0330000),(-0.2061887,0.1075465,0.0330000),(-0.2062347,0.1076153,0.0330000),(-0.2066200,0.1040762,0.0330000),(-0.2062347,0.1076153,0.0330000),(-0.2063030,0.1076629,0.0330000),(-0.2066200,0.1040762,0.0330000),(-0.2063030,0.1076629,0.0330000),(-0.2063850,0.1076788,0.0330000),(-0.2066200,0.1040762,0.0330000),(-0.2063850,0.1076788,0.0330000),(-0.2064670,0.1076629,0.0330000),(-0.2066200,0.1040762,0.0330000),(-0.2064670,0.1076629,0.0330000),(-0.2065353,0.1076153,0.0330000),(-0.2065353,0.1076153,0.0330000),(-0.2065813,0.1075465,0.0330000),(-0.2065967,0.1074650,0.0330000),(-0.2065353,0.1076153,0.0330000),(-0.2065967,0.1074650,0.0330000),(-0.2065967,0.1051599,0.0330000),(-0.2066200,0.1040762,0.0330000),(-0.2065353,0.1076153,0.0330000),(-0.2065967,0.1051599,0.0330000),(-0.2066200,0.1040762,0.0330000),(-0.2065967,0.1051599,0.0330000),(-0.2066018,0.1050479,0.0330000),(-0.2066200,0.1040762,0.0330000),(-0.2066018,0.1050479,0.0330000),(-0.2066171,0.1049399,0.0330000),(-0.2066200,0.1040762,0.0330000),(-0.2066171,0.1049399,0.0330000),(-0.2066427,0.1048360,0.0330000),(-0.2066200,0.1040762,0.0330000),(-0.2066427,0.1048360,0.0330000),(-0.2066784,0.1047361,0.0330000),(-0.2066200,0.1040762,0.0330000),(-0.2066784,0.1047361,0.0330000),(-0.2067244,0.1046402,0.0330000),(-0.2066200,0.1040762,0.0330000),(-0.2067244,0.1046402,0.0330000),(-0.2067806,0.1045483,0.0330000),(-0.2066200,0.1040762,0.0330000),(-0.2067806,0.1045483,0.0330000),(-0.2068471,0.1044605,0.0330000),(-0.2066200,0.1040762,0.0330000),(-0.2068471,0.1044605,0.0330000),(-0.2069237,0.1043768,0.0330000),(-0.2066200,0.1040762,0.0330000),(-0.2069237,0.1043768,0.0330000),(-0.2070056,0.1043004,0.0330000),(-0.2066200,0.1040762,0.0330000),(-0.2070056,0.1043004,0.0330000),(-0.2070919,0.1042341,0.0330000),(-0.2066200,0.1040762,0.0330000),(-0.2070919,0.1042341,0.0330000),(-0.2071827,0.1041781,0.0330000),(-0.2066200,0.1040762,0.0330000),(-0.2071827,0.1041781,0.0330000),(-0.2072780,0.1041323,0.0330000),(-0.2066200,0.1040762,0.0330000),(-0.2072780,0.1041323,0.0330000),(-0.2073777,0.1040966,0.0330000),(-0.2066200,0.1040762,0.0330000),(-0.2073777,0.1040966,0.0330000),(-0.2074819,0.1040712,0.0330000),(-0.2066200,0.1040762,0.0330000),(-0.2074819,0.1040712,0.0330000),(-0.2075906,0.1040559,0.0330000),(-0.2086632,0.1039708,0.0330000),(-0.2066200,0.1040762,0.0330000),(-0.2075906,0.1040559,0.0330000),(-0.2086632,0.1039708,0.0330000),(-0.2075906,0.1040559,0.0330000),(-0.2077037,0.1040508,0.0330000),(-0.2086632,0.1039708,0.0330000),(-0.2077037,0.1040508,0.0330000),(-0.2078148,0.1040558,0.0330000),(-0.2086632,0.1039708,0.0330000),(-0.2078148,0.1040558,0.0330000),(-0.2079218,0.1040710,0.0330000),(-0.2086632,0.1039708,0.0330000),(-0.2079218,0.1040710,0.0330000),(-0.2080245,0.1040963,0.0330000),(-0.2086632,0.1039708,0.0330000),(-0.2080245,0.1040963,0.0330000),(-0.2081231,0.1041318,0.0330000),(-0.2086632,0.1039708,0.0330000),(-0.2081231,0.1041318,0.0330000),(-0.2082174,0.1041773,0.0330000),(-0.2086632,0.1039708,0.0330000),(-0.2082174,0.1041773,0.0330000),(-0.2083076,0.1042330,0.0330000),(-0.2086632,0.1039708,0.0330000),(-0.2083076,0.1042330,0.0330000),(-0.2083935,0.1042987,0.0330000),(-0.2086632,0.1039708,0.0330000),(-0.2083935,0.1042987,0.0330000),(-0.2084752,0.1043746,0.0330000),(-0.2086632,0.1039708,0.0330000),(-0.2084752,0.1043746,0.0330000),(-0.2085499,0.1044577,0.0330000),(-0.2086632,0.1039708,0.0330000),(-0.2085499,0.1044577,0.0330000),(-0.2086146,0.1045450,0.0330000),(-0.2086632,0.1039708,0.0330000),(-0.2086146,0.1045450,0.0330000),(-0.2086694,0.1046364,0.0330000),(-0.2086632,0.1039708,0.0330000),(-0.2086694,0.1046364,0.0330000),(-0.2087141,0.1047321,0.0330000),(-0.2086632,0.1039708,0.0330000),(-0.2087141,0.1047321,0.0330000),(-0.2087490,0.1048320,0.0330000),(-0.2086632,0.1039708,0.0330000),(-0.2087490,0.1048320,0.0330000),(-0.2087739,0.1049360,0.0330000),(-0.2087888,0.1050443,0.0330000),(-0.2086632,0.1039708,0.0330000),(-0.2087739,0.1049360,0.0330000),(-0.2169961,0.1073054,0.0330000),(-0.2169430,0.1074650,0.0330000),(-0.2169580,0.1075449,0.0330000),(-0.2169961,0.1073054,0.0330000),(-0.2169580,0.1075449,0.0330000),(-0.2170033,0.1076131,0.0330000),(-0.2169961,0.1073054,0.0330000),(-0.2170033,0.1076131,0.0330000),(-0.2170715,0.1076624,0.0330000),(-0.2169961,0.1073054,0.0330000),(-0.2170715,0.1076624,0.0330000),(-0.2171557,0.1076788,0.0330000),(-0.2169961,0.1073054,0.0330000),(-0.2171557,0.1076788,0.0330000),(-0.2197761,0.1076788,0.0330000),(-0.2169961,0.1073054,0.0330000),(-0.2197761,0.1076788,0.0330000),(-0.2198692,0.1076584,0.0330000),(-0.2169961,0.1073054,0.0330000),(-0.2198692,0.1076584,0.0330000),(-0.2199433,0.1075973,0.0330000),(-0.2169961,0.1073054,0.0330000),(-0.2199433,0.1075973,0.0330000),(-0.2199899,0.1074650,0.0330000),(-0.2169961,0.1073054,0.0330000),(-0.2199899,0.1074650,0.0330000),(-0.2199899,0.1074491,0.0330000),(-0.2169961,0.1073054,0.0330000),(-0.2199899,0.1074491,0.0330000),(-0.2199296,0.1073200,0.0330000),(-0.2169961,0.1073054,0.0330000),(-0.2199296,0.1073200,0.0330000),(-0.2198584,0.1072692,0.0330000),(-0.2169961,0.1073054,0.0330000),(-0.2198584,0.1072692,0.0330000),(-0.2197761,0.1072522,0.0330000),(-0.2169961,0.1073054,0.0330000),(-0.2197761,0.1072522,0.0330000),(-0.2186765,0.1072522,0.0330000),(-0.2186765,0.1072522,0.0330000),(-0.2186765,0.1038381,0.0330000),(-0.2186612,0.1037560,0.0330000),(-0.2186765,0.1072522,0.0330000),(-0.2186612,0.1037560,0.0330000),(-0.2186151,0.1036878,0.0330000),(-0.2186765,0.1072522,0.0330000),(-0.2186151,0.1036878,0.0330000),(-0.2185469,0.1036417,0.0330000),(-0.2186765,0.1072522,0.0330000),(-0.2185469,0.1036417,0.0330000),(-0.2184648,0.1036264,0.0330000),(-0.2186765,0.1072522,0.0330000),(-0.2184648,0.1036264,0.0330000),(-0.2183828,0.1036417,0.0330000),(-0.2186765,0.1072522,0.0330000),(-0.2183828,0.1036417,0.0330000),(-0.2183146,0.1036878,0.0330000),(-0.2186765,0.1072522,0.0330000),(-0.2183146,0.1036878,0.0330000),(-0.2182685,0.1037560,0.0330000),(-0.2186765,0.1072522,0.0330000),(-0.2182685,0.1037560,0.0330000),(-0.2182532,0.1038381,0.0330000),(-0.2186765,0.1072522,0.0330000),(-0.2182532,0.1038381,0.0330000),(-0.2182532,0.1072522,0.0330000),(-0.2169961,0.1073054,0.0330000),(-0.2186765,0.1072522,0.0330000),(-0.2182532,0.1072522,0.0330000),(-0.2169961,0.1073054,0.0330000),(-0.2182532,0.1072522,0.0330000),(-0.2171557,0.1072522,0.0330000),(-0.2169961,0.1073054,0.0330000),(-0.2171557,0.1072522,0.0330000),(-0.2170626,0.1072655,0.0330000)));
#13082=COMPLEX_TRIANGULATED_SURFACE_SET('surface set',#13081,3075,(),(),(),((1,2,3),(4,5,6),(7,8,9),(10,11,12),(13,14,15),(16,17,18),(19,20,21),(22,23,24),(25,26,27),(28,29,30),(31,32,33),(34,35,36),(37,38,39),(40,41,42),(43,44,45),(46,47,48),(49,50,51),(52,53,54),(55,56,57),(58,59,60),(61,62,63),(64,65,66),(67,68,69),(70,71,72),(73,74,75),(76,77,78),(79,80,81),(82,83,84),(85,86,87),(88,89,90),(91,92,93),(94,95,96),(97,98,99),(100,101,102),(103,104,105),(106,107,108),(109,110,111),(112,113,114),(115,116,117),(118,119,120),(121,122,123),(124,125,126),(127,128,129),(130,131,132),(133,134,135),(136,137,138),(139,140,141),(142,143,144),(145,146,147),(148,149,150),(151,152,153),(154,155,156),(157,158,159),(160,161,162),(163,164,165),(166,167,168),(169,170,171),(172,173,174),(175,176,177),(178,179,180),(181,182,183),(184,185,186),(187,188,189),(190,191,192),(193,194,195),(196,197,198),(199,200,201),(202,203,204),(205,206,207),(208,209,210),(211,212,213),(214,215,216),(217,218,219),(220,221,222),(223,224,225),(226,227,228),(229,230,231),(232,233,234),(235,236,237),(238,239,240),(241,242,243),(244,245,246),(247,248,249),(250,251,252),(253,254,255),(256,257,258),(259,260,261),(262,263,264),(265,266,267),(268,269,270),(271,272,273),(274,275,276),(277,278,279),(280,281,282),(283,284,285),(286,287,288),(289,290,291),(292,293,294),(295,296,297),(298,299,300),(301,302,303),(304,305,306),(307,308,309),(310,311,312),(313,314,315),(316,317,318),(319,320,321),(322,323,324),(325,326,327),(328,329,330),(331,332,333),(334,335,336),(337,338,339),(340,341,342),(343,344,345),(346,347,348),(349,350,351),(352,353,354),(355,356,357),(358,359,360),(361,362,363),(364,365,366),(367,368,369),(370,371,372),(373,374,375),(376,377,378),(379,380,381),(382,383,384),(385,386,387),(388,389,390),(391,392,393),(394,395,396),(397,398,399),(400,401,402),(403,404,405),(406,407,408),(409,410,411),(412,413,414),(415,416,417),(418,419,420),(421,422,423),(424,425,426),(427,428,429),(430,431,432),(433,434,435),(436,437,438),(439,440,441),(442,443,444),(445,446,447),(448,449,450),(451,452,453),(454,455,456),(457,458,459),(460,461,462),(463,464,465),(466,467,468),(469,470,471),(472,473,474),(475,476,477),(478,479,480),(481,482,483),(484,485,486),(487,488,489),(490,491,492),(493,494,495),(496,497,498),(499,500,501),(502,503,504),(505,506,507),(508,509,510),(511,512,513),(514,515,516),(517,518,519),(520,521,522),(523,524,525),(526,527,528),(529,530,531),(532,533,534),(535,536,537),(538,539,540),(541,542,543),(544,545,546),(547,548,549),(550,551,552),(553,554,555),(556,557,558),(559,560,561),(562,563,564),(565,566,567),(568,569,570),(571,572,573),(574,575,576),(577,578,579),(580,581,582),(583,584,585),(586,587,588),(589,590,591),(592,593,594),(595,596,597),(598,599,600),(601,602,603),(604,605,606),(607,608,609),(610,611,612),(613,614,615),(616,617,618),(619,620,621),(622,623,624),(625,626,627),(628,629,630),(631,632,633),(634,635,636),(637,638,639),(640,641,642),(643,644,645),(646,647,648),(649,650,651),(652,653,654),(655,656,657),(658,659,660),(661,662,663),(664,665,666),(667,668,669),(670,671,672),(673,674,675),(676,677,678),(679,680,681),(682,683,684),(685,686,687),(688,689,690),(691,692,693),(694,695,696),(697,698,699),(700,701,702),(703,704,705),(706,707,708),(709,710,711),(712,713,714),(715,716,717),(718,719,720),(721,722,723),(724,725,726),(727,728,729),(730,731,732),(733,734,735),(736,737,738),(739,740,741),(742,743,744),(745,746,747),(748,749,750),(751,752,753),(754,755,756),(757,758,759),(760,761,762),(763,764,765),(766,767,768),(769,770,771),(772,773,774),(775,776,777),(778,779,780),(781,782,783),(784,785,786),(787,788,789),(790,791,792),(793,794,795),(796,797,798),(799,800,801),(802,803,804),(805,806,807),(808,809,810),(811,812,813),(814,815,816),(817,818,819),(820,821,822),(823,824,825),(826,827,828),(829,830,831),(832,833,834),(835,836,837),(838,839,840),(841,842,843),(844,845,846),(847,848,849),(850,851,852),(853,854,855),(856,857,858),(859,860,861),(862,863,864),(865,866,867),(868,869,870),(871,872,873),(874,875,876),(877,878,879),(880,881,882),(883,884,885),(886,887,888),(889,890,891),(892,893,894),(895,896,897),(898,899,900),(901,902,903),(904,905,906),(907,908,909),(910,911,912),(913,914,915),(916,917,918),(919,920,921),(922,923,924),(925,926,927),(928,929,930),(931,932,933),(934,935,936),(937,938,939),(940,941,942),(943,944,945),(946,947,948),(949,950,951),(952,953,954),(955,956,957),(958,959,960),(961,962,963),(964,965,966),(967,968,969),(970,971,972),(973,974,975),(976,977,978),(979,980,981),(982,983,984),(985,986,987),(988,989,990),(991,992,993),(994,995,996),(997,998,999),(1000,1001,1002),(1003,1004,1005),(1006,1007,1008),(1009,1010,1011),(1012,1013,1014),(1015,1016,1017),(1018,1019,1020),(1021,1022,1023),(1024,1025,1026),(1027,1028,1029),(1030,1031,1032),(1033,1034,1035),(1036,1037,1038),(1039,1040,1041),(1042,1043,1044),(1045,1046,1047),(1048,1049,1050),(1051,1052,1053),(1054,1055,1056),(1057,1058,1059),(1060,1061,1062),(1063,1064,1065),(1066,1067,1068),(1069,1070,1071),(1072,1073,1074),(1075,1076,1077),(1078,1079,1080),(1081,1082,1083),(1084,1085,1086),(1087,1088,1089),(1090,1091,1092),(1093,1094,1095),(1096,1097,1098),(1099,1100,1101),(1102,1103,1104),(1105,1106,1107),(1108,1109,1110),(1111,1112,1113),(1114,1115,1116),(1117,1118,1119),(1120,1121,1122),(1123,1124,1125),(1126,1127,1128),(1129,1130,1131),(1132,1133,1134),(1135,1136,1137),(1138,1139,1140),(1141,1142,1143),(1144,1145,1146),(1147,1148,1149),(1150,1151,1152),(1153,1154,1155),(1156,1157,1158),(1159,1160,1161),(1162,1163,1164),(1165,1166,1167),(1168,1169,1170),(1171,1172,1173),(1174,1175,1176),(1177,1178,1179),(1180,1181,1182),(1183,1184,1185),(1186,1187,1188),(1189,1190,1191),(1192,1193,1194),(1195,1196,1197),(1198,1199,1200),(1201,1202,1203),(1204,1205,1206),(1207,1208,1209),(1210,1211,1212),(1213,1214,1215),(1216,1217,1218),(1219,1220,1221),(1222,1223,1224),(1225,1226,1227),(1228,1229,1230),(1231,1232,1233),(1234,1235,1236),(1237,1238,1239),(1240,1241,1242),(1243,1244,1245),(1246,1247,1248),(1249,1250,1251),(1252,1253,1254),(1255,1256,1257),(1258,1259,1260),(1261,1262,1263),(1264,1265,1266),(1267,1268,1269),(1270,1271,1272),(1273,1274,1275),(1276,1277,1278),(1279,1280,1281),(1282,1283,1284),(1285,1286,1287),(1288,1289,1290),(1291,1292,1293),(1294,1295,1296),(1297,1298,1299),(1300,1301,1302),(1303,1304,1305),(1306,1307,1308),(1309,1310,1311),(1312,1313,1314),(1315,1316,1317),(1318,1319,1320),(1321,1322,1323),(1324,1325,1326),(1327,1328,1329),(1330,1331,1332),(1333,1334,1335),(1336,1337,1338),(1339,1340,1341),(1342,1343,1344),(1345,1346,1347),(1348,1349,1350),(1351,1352,1353),(1354,1355,1356),(1357,1358,1359),(1360,1361,1362),(1363,1364,1365),(1366,1367,1368),(1369,1370,1371),(1372,1373,1374),(1375,1376,1377),(1378,1379,1380),(1381,1382,1383),(1384,1385,1386),(1387,1388,1389),(1390,1391,1392),(1393,1394,1395),(1396,1397,1398),(1399,1400,1401),(1402,1403,1404),(1405,1406,1407),(1408,1409,1410),(1411,1412,1413),(1414,1415,1416),(1417,1418,1419),(1420,1421,1422),(1423,1424,1425),(1426,1427,1428),(1429,1430,1431),(1432,1433,1434),(1435,1436,1437),(1438,1439,1440),(1441,1442,1443),(1444,1445,1446),(1447,1448,1449),(1450,1451,1452),(1453,1454,1455),(1456,1457,1458),(1459,1460,1461),(1462,1463,1464),(1465,1466,1467),(1468,1469,1470),(1471,1472,1473),(1474,1475,1476),(1477,1478,1479),(1480,1481,1482),(1483,1484,1485),(1486,1487,1488),(1489,1490,1491),(1492,1493,1494),(1495,1496,1497),(1498,1499,1500),(1501,1502,1503),(1504,1505,1506),(1507,1508,1509),(1510,1511,1512),(1513,1514,1515),(1516,1517,1518),(1519,1520,1521),(1522,1523,1524),(1525,1526,1527),(1528,1529,1530),(1531,1532,1533),(1534,1535,1536),(1537,1538,1539),(1540,1541,1542),(1543,1544,1545),(1546,1547,1548),(1549,1550,1551),(1552,1553,1554),(1555,1556,1557),(1558,1559,1560),(1561,1562,1563),(1564,1565,1566),(1567,1568,1569),(1570,1571,1572),(1573,1574,1575),(1576,1577,1578),(1579,1580,1581),(1582,1583,1584),(1585,1586,1587),(1588,1589,1590),(1591,1592,1593),(1594,1595,1596),(1597,1598,1599),(1600,1601,1602),(1603,1604,1605),(1606,1607,1608),(1609,1610,1611),(1612,1613,1614),(1615,1616,1617),(1618,1619,1620),(1621,1622,1623),(1624,1625,1626),(1627,1628,1629),(1630,1631,1632),(1633,1634,1635),(1636,1637,1638),(1639,1640,1641),(1642,1643,1644),(1645,1646,1647),(1648,1649,1650),(1651,1652,1653),(1654,1655,1656),(1657,1658,1659),(1660,1661,1662),(1663,1664,1665),(1666,1667,1668),(1669,1670,1671),(1672,1673,1674),(1675,1676,1677),(1678,1679,1680),(1681,1682,1683),(1684,1685,1686),(1687,1688,1689),(1690,1691,1692),(1693,1694,1695),(1696,1697,1698),(1699,1700,1701),(1702,1703,1704),(1705,1706,1707),(1708,1709,1710),(1711,1712,1713),(1714,1715,1716),(1717,1718,1719),(1720,1721,1722),(1723,1724,1725),(1726,1727,1728),(1729,1730,1731),(1732,1733,1734),(1735,1736,1737),(1738,1739,1740),(1741,1742,1743),(1744,1745,1746),(1747,1748,1749),(1750,1751,1752),(1753,1754,1755),(1756,1757,1758),(1759,1760,1761),(1762,1763,1764),(1765,1766,1767),(1768,1769,1770),(1771,1772,1773),(1774,1775,1776),(1777,1778,1779),(1780,1781,1782),(1783,1784,1785),(1786,1787,1788),(1789,1790,1791),(1792,1793,1794),(1795,1796,1797),(1798,1799,1800),(1801,1802,1803),(1804,1805,1806),(1807,1808,1809),(1810,1811,1812),(1813,1814,1815),(1816,1817,1818),(1819,1820,1821),(1822,1823,1824),(1825,1826,1827),(1828,1829,1830),(1831,1832,1833),(1834,1835,1836),(1837,1838,1839),(1840,1841,1842),(1843,1844,1845),(1846,1847,1848),(1849,1850,1851),(1852,1853,1854),(1855,1856,1857),(1858,1859,1860),(1861,1862,1863),(1864,1865,1866),(1867,1868,1869),(1870,1871,1872),(1873,1874,1875),(1876,1877,1878),(1879,1880,1881),(1882,1883,1884),(1885,1886,1887),(1888,1889,1890),(1891,1892,1893),(1894,1895,1896),(1897,1898,1899),(1900,1901,1902),(1903,1904,1905),(1906,1907,1908),(1909,1910,1911),(1912,1913,1914),(1915,1916,1917),(1918,1919,1920),(1921,1922,1923),(1924,1925,1926),(1927,1928,1929),(1930,1931,1932),(1933,1934,1935),(1936,1937,1938),(1939,1940,1941),(1942,1943,1944),(1945,1946,1947),(1948,1949,1950),(1951,1952,1953),(1954,1955,1956),(1957,1958,1959),(1960,1961,1962),(1963,1964,1965),(1966,1967,1968),(1969,1970,1971),(1972,1973,1974),(1975,1976,1977),(1978,1979,1980),(1981,1982,1983),(1984,1985,1986),(1987,1988,1989),(1990,1991,1992),(1993,1994,1995),(1996,1997,1998),(1999,2000,2001),(2002,2003,2004),(2005,2006,2007),(2008,2009,2010),(2011,2012,2013),(2014,2015,2016),(2017,2018,2019),(2020,2021,2022),(2023,2024,2025),(2026,2027,2028),(2029,2030,2031),(2032,2033,2034),(2035,2036,2037),(2038,2039,2040),(2041,2042,2043),(2044,2045,2046),(2047,2048,2049),(2050,2051,2052),(2053,2054,2055),(2056,2057,2058),(2059,2060,2061),(2062,2063,2064),(2065,2066,2067),(2068,2069,2070),(2071,2072,2073),(2074,2075,2076),(2077,2078,2079),(2080,2081,2082),(2083,2084,2085),(2086,2087,2088),(2089,2090,2091),(2092,2093,2094),(2095,2096,2097),(2098,2099,2100),(2101,2102,2103),(2104,2105,2106),(2107,2108,2109),(2110,2111,2112),(2113,2114,2115),(2116,2117,2118),(2119,2120,2121),(2122,2123,2124),(2125,2126,2127),(2128,2129,2130),(2131,2132,2133),(2134,2135,2136),(2137,2138,2139),(2140,2141,2142),(2143,2144,2145),(2146,2147,2148),(2149,2150,2151),(2152,2153,2154),(2155,2156,2157),(2158,2159,2160),(2161,2162,2163),(2164,2165,2166),(2167,2168,2169),(2170,2171,2172),(2173,2174,2175),(2176,2177,2178),(2179,2180,2181),(2182,2183,2184),(2185,2186,2187),(2188,2189,2190),(2191,2192,2193),(2194,2195,2196),(2197,2198,2199),(2200,2201,2202),(2203,2204,2205),(2206,2207,2208),(2209,2210,2211),(2212,2213,2214),(2215,2216,2217),(2218,2219,2220),(2221,2222,2223),(2224,2225,2226),(2227,2228,2229),(2230,2231,2232),(2233,2234,2235),(2236,2237,2238),(2239,2240,2241),(2242,2243,2244),(2245,2246,2247),(2248,2249,2250),(2251,2252,2253),(2254,2255,2256),(2257,2258,2259),(2260,2261,2262),(2263,2264,2265),(2266,2267,2268),(2269,2270,2271),(2272,2273,2274),(2275,2276,2277),(2278,2279,2280),(2281,2282,2283),(2284,2285,2286),(2287,2288,2289),(2290,2291,2292),(2293,2294,2295),(2296,2297,2298),(2299,2300,2301),(2302,2303,2304),(2305,2306,2307),(2308,2309,2310),(2311,2312,2313),(2314,2315,2316),(2317,2318,2319),(2320,2321,2322),(2323,2324,2325),(2326,2327,2328),(2329,2330,2331),(2332,2333,2334),(2335,2336,2337),(2338,2339,2340),(2341,2342,2343),(2344,2345,2346),(2347,2348,2349),(2350,2351,2352),(2353,2354,2355),(2356,2357,2358),(2359,2360,2361),(2362,2363,2364),(2365,2366,2367),(2368,2369,2370),(2371,2372,2373),(2374,2375,2376),(2377,2378,2379),(2380,2381,2382),(2383,2384,2385),(2386,2387,2388),(2389,2390,2391),(2392,2393,2394),(2395,2396,2397),(2398,2399,2400),(2401,2402,2403),(2404,2405,2406),(2407,2408,2409),(2410,2411,2412),(2413,2414,2415),(2416,2417,2418),(2419,2420,2421),(2422,2423,2424),(2425,2426,2427),(2428,2429,2430),(2431,2432,2433),(2434,2435,2436),(2437,2438,2439),(2440,2441,2442),(2443,2444,2445),(2446,2447,2448),(2449,2450,2451),(2452,2453,2454),(2455,2456,2457),(2458,2459,2460),(2461,2462,2463),(2464,2465,2466),(2467,2468,2469),(2470,2471,2472),(2473,2474,2475),(2476,2477,2478),(2479,2480,2481),(2482,2483,2484),(2485,2486,2487),(2488,2489,2490),(2491,2492,2493),(2494,2495,2496),(2497,2498,2499),(2500,2501,2502),(2503,2504,2505),(2506,2507,2508),(2509,2510,2511),(2512,2513,2514),(2515,2516,2517),(2518,2519,2520),(2521,2522,2523),(2524,2525,2526),(2527,2528,2529),(2530,2531,2532),(2533,2534,2535),(2536,2537,2538),(2539,2540,2541),(2542,2543,2544),(2545,2546,2547),(2548,2549,2550),(2551,2552,2553),(2554,2555,2556),(2557,2558,2559),(2560,2561,2562),(2563,2564,2565),(2566,2567,2568),(2569,2570,2571),(2572,2573,2574),(2575,2576,2577),(2578,2579,2580),(2581,2582,2583),(2584,2585,2586),(2587,2588,2589),(2590,2591,2592),(2593,2594,2595),(2596,2597,2598),(2599,2600,2601),(2602,2603,2604),(2605,2606,2607),(2608,2609,2610),(2611,2612,2613),(2614,2615,2616),(2617,2618,2619),(2620,2621,2622),(2623,2624,2625),(2626,2627,2628),(2629,2630,2631),(2632,2633,2634),(2635,2636,2637),(2638,2639,2640),(2641,2642,2643),(2644,2645,2646),(2647,2648,2649),(2650,2651,2652),(2653,2654,2655),(2656,2657,2658),(2659,2660,2661),(2662,2663,2664),(2665,2666,2667),(2668,2669,2670),(2671,2672,2673),(2674,2675,2676),(2677,2678,2679),(2680,2681,2682),(2683,2684,2685),(2686,2687,2688),(2689,2690,2691),(2692,2693,2694),(2695,2696,2697),(2698,2699,2700),(2701,2702,2703),(2704,2705,2706),(2707,2708,2709),(2710,2711,2712),(2713,2714,2715),(2716,2717,2718),(2719,2720,2721),(2722,2723,2724),(2725,2726,2727),(2728,2729,2730),(2731,2732,2733),(2734,2735,2736),(2737,2738,2739),(2740,2741,2742),(2743,2744,2745),(2746,2747,2748),(2749,2750,2751),(2752,2753,2754),(2755,2756,2757),(2758,2759,2760),(2761,2762,2763),(2764,2765,2766),(2767,2768,2769),(2770,2771,2772),(2773,2774,2775),(2776,2777,2778),(2779,2780,2781),(2782,2783,2784),(2785,2786,2787),(2788,2789,2790),(2791,2792,2793),(2794,2795,2796),(2797,2798,2799),(2800,2801,2802),(2803,2804,2805),(2806,2807,2808),(2809,2810,2811),(2812,2813,2814),(2815,2816,2817),(2818,2819,2820),(2821,2822,2823),(2824,2825,2826),(2827,2828,2829),(2830,2831,2832),(2833,2834,2835),(2836,2837,2838),(2839,2840,2841),(2842,2843,2844),(2845,2846,2847),(2848,2849,2850),(2851,2852,2853),(2854,2855,2856),(2857,2858,2859),(2860,2861,2862),(2863,2864,2865),(2866,2867,2868),(2869,2870,2871),(2872,2873,2874),(2875,2876,2877),(2878,2879,2880),(2881,2882,2883),(2884,2885,2886),(2887,2888,2889),(2890,2891,2892),(2893,2894,2895),(2896,2897,2898),(2899,2900,2901),(2902,2903,2904),(2905,2906,2907),(2908,2909,2910),(2911,2912,2913),(2914,2915,2916),(2917,2918,2919),(2920,2921,2922),(2923,2924,2925),(2926,2927,2928),(2929,2930,2931),(2932,2933,2934),(2935,2936,2937),(2938,2939,2940),(2941,2942,2943),(2944,2945,2946),(2947,2948,2949),(2950,2951,2952),(2953,2954,2955),(2956,2957,2958),(2959,2960,2961),(2962,2963,2964),(2965,2966,2967),(2968,2969,2970),(2971,2972,2973),(2974,2975,2976),(2977,2978,2979),(2980,2981,2982),(2983,2984,2985),(2986,2987,2988),(2989,2990,2991),(2992,2993,2994),(2995,2996,2997),(2998,2999,3000),(3001,3002,3003),(3004,3005,3006),(3007,3008,3009),(3010,3011,3012),(3013,3014,3015),(3016,3017,3018),(3019,3020,3021),(3022,3023,3024),(3025,3026,3027),(3028,3029,3030),(3031,3032,3033),(3034,3035,3036),(3037,3038,3039),(3040,3041,3042),(3043,3044,3045),(3046,3047,3048),(3049,3050,3051),(3052,3053,3054),(3055,3056,3057),(3058,3059,3060),(3061,3062,3063),(3064,3065,3066),(3067,3068,3069),(3070,3071,3072),(3073,3074,3075)));
#13083=TESSELLATED_GEOMETRIC_SET('hole callout',(#13082));
#13084=COORDINATES_LIST('coordinates',5,((-0.2332962,0.0944155,0.0330000),(-0.2050402,0.0944155,0.0330000),(-0.2448962,0.0878155,0.0330000),(-0.2382962,0.0944155,0.0330000),(-0.2332962,0.0944155,0.0330000)));
#13085=TESSELLATED_CURVE_SET('curve set',#13084,((1,2),(3,4,5)));
#13086=TESSELLATED_GEOMETRIC_SET('hole callout',(#13085));
#13087=TESSELLATED_ANNOTATION_OCCURRENCE('hole callout',(#13080),#13083);
#13088=TESSELLATED_ANNOTATION_OCCURRENCE('hole callout',(#13080),#13086);
#13089=DRAUGHTING_CALLOUT('hole callout',(#13087,#13088));
#13090=DRAUGHTING_MODEL_ITEM_ASSOCIATION('','',#13031,#13076,#13089);
#13091=DRAUGHTING_MODEL_ITEM_ASSOCIATION('','',#13039,#13076,#13089);
#13092=DRAUGHTING_MODEL_ITEM_ASSOCIATION('','',#13047,#13076,#13089);
#13093=DRAUGHTING_MODEL_ITEM_ASSOCIATION('','',#12994,#13076,#13089);
ENDSEC;
END-ISO-10303-21;
