ISO-10303-21;
HEADER;
/*Generated by software containing ST-Developer
 * from STEP Tools, Inc. (www.steptools.com) 
 */
/*OPTION: using custom renumber hook */
/*description */
/*implementation_level */
FILE_DESCRIPTION(('STEP AP242 Edition 2','STEP AP242 Edition 2''CAx-IF Rec.Pracs.---Representation and Presentation of Product Manufa
cturing Information (PMI)---4.0---2014-10-13','STEP AP242 Edition 2''CAx-IF Rec.Pracs.---Representation and Presentation of Product Manufa
cturing Information (PMI)---4.0---2014-10-13''CAx-IF Rec.Pracs.---3D Tessellated Geometry---0.4---2014-09-14','STEP AP242 Edition 2''CAx-IF Rec.Pracs.---Representation and Presentation of Product Manufa
cturing Information (PMI)---4.0---2014-10-13''CAx-IF Rec.Pracs.---3D Tessellated Geometry---0.4---2014-09-14''2;1','STEP AP242 Edition 2''CAx-IF Rec.Pracs.---Representation and Presentation of Product Manufa
cturing Information (PMI)---4.0---2014-10-13''CAx-IF Rec.Pracs.---3D Tessellated Geometry---0.4---2014-09-14''2;1''CAx-IF Rec.Pracs.---User Defined Attributes---1.5---2016-08-15'),'2;1');
/*name */
/*time_stamp */
/*author */
/*organization */
/*preprocessor_version */
/*originating_system */
/*authorisation */
FILE_NAME('/vol/tmp/translate-5609560588206261774/3D_PCB_PCB_ESP32-sd-int_2026-03-29nosilk Copy 1 - CaseUIPanel.step','2026-05-03T09:34:54',(''),(''),'ST-DEVELOPER v20','ONSHAPE BY PTC INC, 1.214','  ');
FILE_SCHEMA(('AP242_MANAGED_MODEL_BASED_3D_ENGINEERING_MIM_LF { 1 0 10303 442 3 1 4 }'));
ENDSEC;
DATA;
#10=SHAPE_REPRESENTATION_RELATIONSHIP('','',#4165,#11);
#11=ADVANCED_BREP_SHAPE_REPRESENTATION('',(#4163),#7307);
#12=B_SPLINE_SURFACE_WITH_KNOTS('',3,1,((#6360,#6361),(#6362,#6363),(#6364,
#6365),(#6366,#6367)),.SURF_OF_LINEAR_EXTRUSION.,.F.,.F.,.F.,(4,4),(2,2),(0.,1.),(0.,1.),.PIECEWISE_BEZIER_KNOTS.);
#13=B_SPLINE_SURFACE_WITH_KNOTS('',3,1,((#6403,#6404),(#6405,#6406),(#6407,
#6408),(#6409,#6410)),.SURF_OF_LINEAR_EXTRUSION.,.F.,.F.,.F.,(4,4),(2,2),(0.,1.),(0.,1.),.PIECEWISE_BEZIER_KNOTS.);
#14=B_SPLINE_SURFACE_WITH_KNOTS('',3,1,((#6416,#6417),(#6418,#6419),(#6420,
#6421),(#6422,#6423)),.SURF_OF_LINEAR_EXTRUSION.,.F.,.F.,.F.,(4,4),(2,2),(0.,1.),(0.,1.),.PIECEWISE_BEZIER_KNOTS.);
#15=B_SPLINE_SURFACE_WITH_KNOTS('',3,1,((#6429,#6430),(#6431,#6432),(#6433,
#6434),(#6435,#6436)),.SURF_OF_LINEAR_EXTRUSION.,.F.,.F.,.F.,(4,4),(2,2),(0.,1.),(0.,1.),.PIECEWISE_BEZIER_KNOTS.);
#16=B_SPLINE_SURFACE_WITH_KNOTS('',3,1,((#6442,#6443),(#6444,#6445),(#6446,
#6447),(#6448,#6449)),.SURF_OF_LINEAR_EXTRUSION.,.F.,.F.,.F.,(4,4),(2,2),(0.,1.),(0.,1.),.PIECEWISE_BEZIER_KNOTS.);
#17=B_SPLINE_SURFACE_WITH_KNOTS('',3,1,((#6483,#6484),(#6485,#6486),(#6487,
#6488),(#6489,#6490)),.SURF_OF_LINEAR_EXTRUSION.,.F.,.F.,.F.,(4,4),(2,2),(0.,1.),(0.,1.),.PIECEWISE_BEZIER_KNOTS.);
#18=B_SPLINE_SURFACE_WITH_KNOTS('',3,1,((#6496,#6497),(#6498,#6499),(#6500,
#6501),(#6502,#6503)),.SURF_OF_LINEAR_EXTRUSION.,.F.,.F.,.F.,(4,4),(2,2),(0.,1.),(0.,1.),.PIECEWISE_BEZIER_KNOTS.);
#19=B_SPLINE_SURFACE_WITH_KNOTS('',3,1,((#6509,#6510),(#6511,#6512),(#6513,
#6514),(#6515,#6516)),.SURF_OF_LINEAR_EXTRUSION.,.F.,.F.,.F.,(4,4),(2,2),(0.,1.),(0.,1.),.PIECEWISE_BEZIER_KNOTS.);
#20=B_SPLINE_SURFACE_WITH_KNOTS('',3,1,((#6610,#6611),(#6612,#6613),(#6614,
#6615),(#6616,#6617)),.SURF_OF_LINEAR_EXTRUSION.,.F.,.F.,.F.,(4,4),(2,2),(0.,1.),(0.,1.),.PIECEWISE_BEZIER_KNOTS.);
#21=B_SPLINE_SURFACE_WITH_KNOTS('',3,1,((#6630,#6631),(#6632,#6633),(#6634,
#6635),(#6636,#6637)),.SURF_OF_LINEAR_EXTRUSION.,.F.,.F.,.F.,(4,4),(2,2),(0.,1.),(0.,1.),.PIECEWISE_BEZIER_KNOTS.);
#22=B_SPLINE_SURFACE_WITH_KNOTS('',3,1,((#6647,#6648),(#6649,#6650),(#6651,
#6652),(#6653,#6654)),.SURF_OF_LINEAR_EXTRUSION.,.F.,.F.,.F.,(4,4),(2,2),(0.,1.),(0.,1.),.PIECEWISE_BEZIER_KNOTS.);
#23=B_SPLINE_SURFACE_WITH_KNOTS('',3,1,((#6676,#6677),(#6678,#6679),(#6680,
#6681),(#6682,#6683)),.SURF_OF_LINEAR_EXTRUSION.,.F.,.F.,.F.,(4,4),(2,2),(0.,1.),(0.,1.),.PIECEWISE_BEZIER_KNOTS.);
#24=B_SPLINE_SURFACE_WITH_KNOTS('',3,1,((#6693,#6694),(#6695,#6696),(#6697,
#6698),(#6699,#6700)),.SURF_OF_LINEAR_EXTRUSION.,.F.,.F.,.F.,(4,4),(2,2),(0.,1.),(0.,1.),.PIECEWISE_BEZIER_KNOTS.);
#25=B_SPLINE_SURFACE_WITH_KNOTS('',3,1,((#6710,#6711),(#6712,#6713),(#6714,
#6715),(#6716,#6717)),.SURF_OF_LINEAR_EXTRUSION.,.F.,.F.,.F.,(4,4),(2,2),(0.,1.),(0.,1.),.PIECEWISE_BEZIER_KNOTS.);
#26=B_SPLINE_SURFACE_WITH_KNOTS('',3,1,((#6727,#6728),(#6729,#6730),(#6731,
#6732),(#6733,#6734)),.SURF_OF_LINEAR_EXTRUSION.,.F.,.F.,.F.,(4,4),(2,2),(0.,1.),(0.,1.),.PIECEWISE_BEZIER_KNOTS.);
#27=B_SPLINE_SURFACE_WITH_KNOTS('',3,1,((#6756,#6757),(#6758,#6759),(#6760,
#6761),(#6762,#6763)),.SURF_OF_LINEAR_EXTRUSION.,.F.,.F.,.F.,(4,4),(2,2),(0.,1.),(0.,1.),.PIECEWISE_BEZIER_KNOTS.);
#28=B_SPLINE_SURFACE_WITH_KNOTS('',3,1,((#6771,#6772),(#6773,#6774),(#6775,
#6776),(#6777,#6778)),.SURF_OF_LINEAR_EXTRUSION.,.F.,.F.,.F.,(4,4),(2,2),(0.,1.),(0.,1.),.PIECEWISE_BEZIER_KNOTS.);
#29=B_SPLINE_SURFACE_WITH_KNOTS('',3,1,((#6800,#6801),(#6802,#6803),(#6804,
#6805),(#6806,#6807)),.SURF_OF_LINEAR_EXTRUSION.,.F.,.F.,.F.,(4,4),(2,2),(0.,1.),(0.,1.),.PIECEWISE_BEZIER_KNOTS.);
#30=B_SPLINE_SURFACE_WITH_KNOTS('',3,1,((#6813,#6814),(#6815,#6816),(#6817,
#6818),(#6819,#6820)),.SURF_OF_LINEAR_EXTRUSION.,.F.,.F.,.F.,(4,4),(2,2),(0.,1.),(0.,1.),.PIECEWISE_BEZIER_KNOTS.);
#31=B_SPLINE_SURFACE_WITH_KNOTS('',3,1,((#6840,#6841),(#6842,#6843),(#6844,
#6845),(#6846,#6847)),.SURF_OF_LINEAR_EXTRUSION.,.F.,.F.,.F.,(4,4),(2,2),(0.,1.),(0.,1.),.PIECEWISE_BEZIER_KNOTS.);
#32=B_SPLINE_SURFACE_WITH_KNOTS('',3,1,((#6880,#6881),(#6882,#6883),(#6884,
#6885),(#6886,#6887)),.SURF_OF_LINEAR_EXTRUSION.,.F.,.F.,.F.,(4,4),(2,2),(0.,1.),(0.,1.),.PIECEWISE_BEZIER_KNOTS.);
#33=B_SPLINE_SURFACE_WITH_KNOTS('',3,1,((#6895,#6896),(#6897,#6898),(#6899,
#6900),(#6901,#6902)),.SURF_OF_LINEAR_EXTRUSION.,.F.,.F.,.F.,(4,4),(2,2),(0.,1.),(0.,1.),.PIECEWISE_BEZIER_KNOTS.);
#34=B_SPLINE_SURFACE_WITH_KNOTS('',3,1,((#6912,#6913),(#6914,#6915),(#6916,
#6917),(#6918,#6919)),.SURF_OF_LINEAR_EXTRUSION.,.F.,.F.,.F.,(4,4),(2,2),(0.,1.),(0.,1.),.PIECEWISE_BEZIER_KNOTS.);
#35=B_SPLINE_SURFACE_WITH_KNOTS('',3,1,((#6953,#6954),(#6955,#6956),(#6957,
#6958),(#6959,#6960)),.SURF_OF_LINEAR_EXTRUSION.,.F.,.F.,.F.,(4,4),(2,2),(0.,1.),(0.,1.),.PIECEWISE_BEZIER_KNOTS.);
#36=B_SPLINE_SURFACE_WITH_KNOTS('',3,1,((#6966,#6967),(#6968,#6969),(#6970,
#6971),(#6972,#6973)),.SURF_OF_LINEAR_EXTRUSION.,.F.,.F.,.F.,(4,4),(2,2),(0.,1.),(0.,1.),.PIECEWISE_BEZIER_KNOTS.);
#37=B_SPLINE_SURFACE_WITH_KNOTS('',3,1,((#6979,#6980),(#6981,#6982),(#6983,
#6984),(#6985,#6986)),.SURF_OF_LINEAR_EXTRUSION.,.F.,.F.,.F.,(4,4),(2,2),(0.,1.),(0.,1.),.PIECEWISE_BEZIER_KNOTS.);
#38=B_SPLINE_SURFACE_WITH_KNOTS('',3,1,((#6992,#6993),(#6994,#6995),(#6996,
#6997),(#6998,#6999)),.SURF_OF_LINEAR_EXTRUSION.,.F.,.F.,.F.,(4,4),(2,2),(0.,1.),(0.,1.),.PIECEWISE_BEZIER_KNOTS.);
#39=B_SPLINE_SURFACE_WITH_KNOTS('',3,1,((#7005,#7006),(#7007,#7008),(#7009,
#7010),(#7011,#7012)),.SURF_OF_LINEAR_EXTRUSION.,.F.,.F.,.F.,(4,4),(2,2),(0.,1.),(0.,1.),.PIECEWISE_BEZIER_KNOTS.);
#40=B_SPLINE_SURFACE_WITH_KNOTS('',3,1,((#7018,#7019),(#7020,#7021),(#7022,
#7023),(#7024,#7025)),.SURF_OF_LINEAR_EXTRUSION.,.F.,.F.,.F.,(4,4),(2,2),(0.,1.),(0.,1.),.PIECEWISE_BEZIER_KNOTS.);
#41=B_SPLINE_SURFACE_WITH_KNOTS('',3,1,((#7055,#7056),(#7057,#7058),(#7059,
#7060),(#7061,#7062)),.SURF_OF_LINEAR_EXTRUSION.,.F.,.F.,.F.,(4,4),(2,2),(0.,1.),(0.,1.),.PIECEWISE_BEZIER_KNOTS.);
#42=B_SPLINE_SURFACE_WITH_KNOTS('',3,1,((#7068,#7069),(#7070,#7071),(#7072,
#7073),(#7074,#7075)),.SURF_OF_LINEAR_EXTRUSION.,.F.,.F.,.F.,(4,4),(2,2),(0.,1.),(0.,1.),.PIECEWISE_BEZIER_KNOTS.);
#43=B_SPLINE_SURFACE_WITH_KNOTS('',3,1,((#7081,#7082),(#7083,#7084),(#7085,
#7086),(#7087,#7088)),.SURF_OF_LINEAR_EXTRUSION.,.F.,.F.,.F.,(4,4),(2,2),(0.,1.),(0.,1.),.PIECEWISE_BEZIER_KNOTS.);
#44=CYLINDRICAL_SURFACE('',#4279,0.00175);
#45=CYLINDRICAL_SURFACE('',#4281,0.00175);
#46=CYLINDRICAL_SURFACE('',#4283,0.00175);
#47=CYLINDRICAL_SURFACE('',#4288,0.00775);
#48=CYLINDRICAL_SURFACE('',#4300,0.000214265229770239);
#49=CYLINDRICAL_SURFACE('',#4303,0.00021493557179409);
#50=CYLINDRICAL_SURFACE('',#4305,0.000215760705040252);
#51=CYLINDRICAL_SURFACE('',#4307,0.000208717461691764);
#52=CYLINDRICAL_SURFACE('',#4309,0.00021846554445375);
#53=CYLINDRICAL_SURFACE('',#4312,3.07262644140301E-05);
#54=CYLINDRICAL_SURFACE('',#4315,3.04543009978272E-05);
#55=CYLINDRICAL_SURFACE('',#4318,0.000204633702944658);
#56=CYLINDRICAL_SURFACE('',#4320,0.000201387097187372);
#57=CYLINDRICAL_SURFACE('',#4322,0.000207588884680884);
#58=CYLINDRICAL_SURFACE('',#4324,0.000201536262883002);
#59=CYLINDRICAL_SURFACE('',#4327,3.07262644140343E-05);
#60=CYLINDRICAL_SURFACE('',#4330,3.07262644140271E-05);
#61=CYLINDRICAL_SURFACE('',#4333,0.000218465544448952);
#62=CYLINDRICAL_SURFACE('',#4335,0.000208717461691705);
#63=CYLINDRICAL_SURFACE('',#4337,0.000215760705040312);
#64=CYLINDRICAL_SURFACE('',#4339,0.00021493557179411);
#65=CYLINDRICAL_SURFACE('',#4342,0.000214265229770246);
#66=CYLINDRICAL_SURFACE('',#4344,0.00021576070504032);
#67=CYLINDRICAL_SURFACE('',#4347,0.000215760705028993);
#68=CYLINDRICAL_SURFACE('',#4350,0.00292225263452337);
#69=CYLINDRICAL_SURFACE('',#4352,0.000246909558259076);
#70=CYLINDRICAL_SURFACE('',#4354,0.000273252818479275);
#71=CYLINDRICAL_SURFACE('',#4357,0.000148843030673566);
#72=CYLINDRICAL_SURFACE('',#4359,0.000174694682086765);
#73=CYLINDRICAL_SURFACE('',#4361,0.00183556808305577);
#74=CYLINDRICAL_SURFACE('',#4363,0.00170346966874609);
#75=CYLINDRICAL_SURFACE('',#4365,0.000175268719447821);
#76=CYLINDRICAL_SURFACE('',#4367,0.000148626919542307);
#77=CYLINDRICAL_SURFACE('',#4370,0.000275918234076532);
#78=CYLINDRICAL_SURFACE('',#4372,0.000247465981388437);
#79=CYLINDRICAL_SURFACE('',#4374,0.00284406888475273);
#80=CYLINDRICAL_SURFACE('',#4377,0.0002177616772959);
#81=CYLINDRICAL_SURFACE('',#4380,2.93695145922149E-05);
#82=CYLINDRICAL_SURFACE('',#4383,0.000215279111429846);
#83=CYLINDRICAL_SURFACE('',#4385,0.000215279111442345);
#84=CYLINDRICAL_SURFACE('',#4388,0.000215279111429812);
#85=CYLINDRICAL_SURFACE('',#4390,0.00021527911142983);
#86=CYLINDRICAL_SURFACE('',#4393,2.93695145922206E-05);
#87=CYLINDRICAL_SURFACE('',#4396,0.000218803806406491);
#88=CYLINDRICAL_SURFACE('',#4398,0.000208262911263493);
#89=CYLINDRICAL_SURFACE('',#4401,0.000215279111442134);
#90=CYLINDRICAL_SURFACE('',#4403,0.00021527911144215);
#91=CYLINDRICAL_SURFACE('',#4406,0.000214265229758484);
#92=CYLINDRICAL_SURFACE('',#4408,0.00021576070502902);
#93=CYLINDRICAL_SURFACE('',#4411,0.000208717461691909);
#94=CYLINDRICAL_SURFACE('',#4414,0.000789145368501399);
#95=CYLINDRICAL_SURFACE('',#4417,0.000787445260186208);
#96=CYLINDRICAL_SURFACE('',#4420,0.000787445260185957);
#97=CYLINDRICAL_SURFACE('',#4423,0.000789145368467527);
#98=CYLINDRICAL_SURFACE('',#4426,0.00142527858271255);
#99=CYLINDRICAL_SURFACE('',#4428,0.00157455060254388);
#100=CYLINDRICAL_SURFACE('',#4430,0.00157651532764769);
#101=CYLINDRICAL_SURFACE('',#4432,0.00141974951361006);
#102=CYLINDRICAL_SURFACE('',#4434,0.00142694651726703);
#103=CYLINDRICAL_SURFACE('',#4436,0.00156985479113757);
#104=CYLINDRICAL_SURFACE('',#4438,0.00157232702549564);
#105=CYLINDRICAL_SURFACE('',#4440,0.00142768309778976);
#106=CYLINDRICAL_SURFACE('',#4450,0.000355915880157105);
#107=CYLINDRICAL_SURFACE('',#4452,0.0012086699703414);
#108=CYLINDRICAL_SURFACE('',#4454,0.000138058613972568);
#109=CYLINDRICAL_SURFACE('',#4456,0.000112940518688575);
#110=CYLINDRICAL_SURFACE('',#4459,0.000360553962231224);
#111=CYLINDRICAL_SURFACE('',#4461,0.000288581823823);
#112=CYLINDRICAL_SURFACE('',#4463,0.00162638888231772);
#113=CYLINDRICAL_SURFACE('',#4465,0.00165659809610771);
#114=CYLINDRICAL_SURFACE('',#4467,0.000147908131498609);
#115=CYLINDRICAL_SURFACE('',#4469,0.000129087300322515);
#116=CYLINDRICAL_SURFACE('',#4472,0.000328224542615093);
#117=CYLINDRICAL_SURFACE('',#4474,0.000269098595861672);
#118=CYLINDRICAL_SURFACE('',#4476,0.000764841786151181);
#119=CYLINDRICAL_SURFACE('',#4479,0.000214265229769892);
#120=CYLINDRICAL_SURFACE('',#4482,0.000214935571793953);
#121=CYLINDRICAL_SURFACE('',#4484,0.000215760705040134);
#122=CYLINDRICAL_SURFACE('',#4486,0.000208717461699293);
#123=CYLINDRICAL_SURFACE('',#4488,0.000218465544448828);
#124=CYLINDRICAL_SURFACE('',#4491,3.07262644139793E-05);
#125=CYLINDRICAL_SURFACE('',#4494,3.04543009892402E-05);
#126=CYLINDRICAL_SURFACE('',#4497,0.000204633702944652);
#127=CYLINDRICAL_SURFACE('',#4499,0.000201387097184146);
#128=CYLINDRICAL_SURFACE('',#4501,0.000207588884677477);
#129=CYLINDRICAL_SURFACE('',#4503,0.000201536262874774);
#130=CYLINDRICAL_SURFACE('',#4506,3.07262644230722E-05);
#131=CYLINDRICAL_SURFACE('',#4509,3.07262644230731E-05);
#132=CYLINDRICAL_SURFACE('',#4512,0.000218465544453587);
#133=CYLINDRICAL_SURFACE('',#4514,0.000208717461691675);
#134=CYLINDRICAL_SURFACE('',#4516,0.000215760705040124);
#135=CYLINDRICAL_SURFACE('',#4518,0.000214935571793965);
#136=CYLINDRICAL_SURFACE('',#4521,0.00021426522976989);
#137=CYLINDRICAL_SURFACE('',#4523,0.000215760705040147);
#138=CYLINDRICAL_SURFACE('',#4526,0.000215760705040104);
#139=CYLINDRICAL_SURFACE('',#4529,0.000208262911263318);
#140=CYLINDRICAL_SURFACE('',#4532,0.00020826291127184);
#141=CYLINDRICAL_SURFACE('',#4534,0.000218803806406524);
#142=CYLINDRICAL_SURFACE('',#4537,0.000211592472544234);
#143=CYLINDRICAL_SURFACE('',#4539,0.000211592472543983);
#144=CYLINDRICAL_SURFACE('',#4542,2.93695145921919E-05);
#145=CYLINDRICAL_SURFACE('',#4545,0.000215279111442258);
#146=CYLINDRICAL_SURFACE('',#4547,0.000215279111442019);
#147=CYLINDRICAL_SURFACE('',#4550,0.000208262911271844);
#148=CYLINDRICAL_SURFACE('',#4552,0.000218803806406508);
#149=CYLINDRICAL_SURFACE('',#4555,0.000218803806400691);
#150=B_SPLINE_CURVE_WITH_KNOTS('',2,(#5773,#5774,#5775),.UNSPECIFIED.,.F.,.F.,(3,3),(0.,1.),.PIECEWISE_BEZIER_KNOTS.);
#151=B_SPLINE_CURVE_WITH_KNOTS('',2,(#5777,#5778,#5779),.UNSPECIFIED.,.F.,.F.,(3,3),(0.,1.),.PIECEWISE_BEZIER_KNOTS.);
#152=B_SPLINE_CURVE_WITH_KNOTS('',2,(#5781,#5782,#5783),.UNSPECIFIED.,.F.,.F.,(3,3),(0.,1.),.PIECEWISE_BEZIER_KNOTS.);
#153=B_SPLINE_CURVE_WITH_KNOTS('',2,(#5785,#5786,#5787),.UNSPECIFIED.,.F.,.F.,(3,3),(0.,1.),.PIECEWISE_BEZIER_KNOTS.);
#154=B_SPLINE_CURVE_WITH_KNOTS('',2,(#5803,#5804,#5805),.UNSPECIFIED.,.F.,.F.,(3,3),(0.,1.),.PIECEWISE_BEZIER_KNOTS.);
#155=B_SPLINE_CURVE_WITH_KNOTS('',2,(#5807,#5808,#5809),.UNSPECIFIED.,.F.,.F.,(3,3),(0.,1.),.PIECEWISE_BEZIER_KNOTS.);
#156=B_SPLINE_CURVE_WITH_KNOTS('',2,(#5811,#5812,#5813),.UNSPECIFIED.,.F.,.F.,(3,3),(0.,1.),.PIECEWISE_BEZIER_KNOTS.);
#157=B_SPLINE_CURVE_WITH_KNOTS('',2,(#5815,#5816,#5817),.UNSPECIFIED.,.F.,.F.,(3,3),(0.,1.),.PIECEWISE_BEZIER_KNOTS.);
#158=B_SPLINE_CURVE_WITH_KNOTS('',2,(#5933,#5934,#5935),.UNSPECIFIED.,.F.,.F.,(3,3),(0.,1.),.PIECEWISE_BEZIER_KNOTS.);
#159=B_SPLINE_CURVE_WITH_KNOTS('',2,(#5938,#5939,#5940),.UNSPECIFIED.,.F.,.F.,(3,3),(0.,1.),.PIECEWISE_BEZIER_KNOTS.);
#160=B_SPLINE_CURVE_WITH_KNOTS('',2,(#5950,#5951,#5952),.UNSPECIFIED.,.F.,.F.,(3,3),(0.,1.),.PIECEWISE_BEZIER_KNOTS.);
#161=B_SPLINE_CURVE_WITH_KNOTS('',2,(#5954,#5955,#5956),.UNSPECIFIED.,.F.,.F.,(3,3),(0.,1.),.PIECEWISE_BEZIER_KNOTS.);
#162=B_SPLINE_CURVE_WITH_KNOTS('',2,(#5977,#5978,#5979),.UNSPECIFIED.,.F.,.F.,(3,3),(0.,1.),.PIECEWISE_BEZIER_KNOTS.);
#163=B_SPLINE_CURVE_WITH_KNOTS('',2,(#5982,#5983,#5984),.UNSPECIFIED.,.F.,.F.,(3,3),(0.,1.),.PIECEWISE_BEZIER_KNOTS.);
#164=B_SPLINE_CURVE_WITH_KNOTS('',2,(#5988,#5989,#5990),.UNSPECIFIED.,.F.,.F.,(3,3),(0.,1.),.PIECEWISE_BEZIER_KNOTS.);
#165=B_SPLINE_CURVE_WITH_KNOTS('',2,(#5992,#5993,#5994),.UNSPECIFIED.,.F.,.F.,(3,3),(0.,1.),.PIECEWISE_BEZIER_KNOTS.);
#166=B_SPLINE_CURVE_WITH_KNOTS('',2,(#5996,#5997,#5998),.UNSPECIFIED.,.F.,.F.,(3,3),(0.,1.),.PIECEWISE_BEZIER_KNOTS.);
#167=B_SPLINE_CURVE_WITH_KNOTS('',2,(#6012,#6013,#6014),.UNSPECIFIED.,.F.,.F.,(3,3),(0.,1.),.PIECEWISE_BEZIER_KNOTS.);
#168=B_SPLINE_CURVE_WITH_KNOTS('',2,(#6016,#6017,#6018),.UNSPECIFIED.,.F.,.F.,(3,3),(0.,1.),.PIECEWISE_BEZIER_KNOTS.);
#169=B_SPLINE_CURVE_WITH_KNOTS('',2,(#6020,#6021,#6022),.UNSPECIFIED.,.F.,.F.,(3,3),(0.,1.),.PIECEWISE_BEZIER_KNOTS.);
#170=B_SPLINE_CURVE_WITH_KNOTS('',2,(#6024,#6025,#6026),.UNSPECIFIED.,.F.,.F.,(3,3),(0.,1.),.PIECEWISE_BEZIER_KNOTS.);
#171=B_SPLINE_CURVE_WITH_KNOTS('',2,(#6028,#6029,#6030),.UNSPECIFIED.,.F.,.F.,(3,3),(0.,1.),.PIECEWISE_BEZIER_KNOTS.);
#172=B_SPLINE_CURVE_WITH_KNOTS('',2,(#6032,#6033,#6034),.UNSPECIFIED.,.F.,.F.,(3,3),(0.,1.),.PIECEWISE_BEZIER_KNOTS.);
#173=B_SPLINE_CURVE_WITH_KNOTS('',2,(#6050,#6051,#6052),.UNSPECIFIED.,.F.,.F.,(3,3),(0.,1.),.PIECEWISE_BEZIER_KNOTS.);
#174=B_SPLINE_CURVE_WITH_KNOTS('',2,(#6370,#6371,#6372),.UNSPECIFIED.,.F.,.F.,(3,3),(0.,1.),.PIECEWISE_BEZIER_KNOTS.);
#175=B_SPLINE_CURVE_WITH_KNOTS('',2,(#6413,#6414,#6415),.UNSPECIFIED.,.F.,.F.,(3,3),(0.,1.),.PIECEWISE_BEZIER_KNOTS.);
#176=B_SPLINE_CURVE_WITH_KNOTS('',2,(#6426,#6427,#6428),.UNSPECIFIED.,.F.,.F.,(3,3),(0.,1.),.PIECEWISE_BEZIER_KNOTS.);
#177=B_SPLINE_CURVE_WITH_KNOTS('',2,(#6439,#6440,#6441),.UNSPECIFIED.,.F.,.F.,(3,3),(0.,1.),.PIECEWISE_BEZIER_KNOTS.);
#178=B_SPLINE_CURVE_WITH_KNOTS('',2,(#6452,#6453,#6454),.UNSPECIFIED.,.F.,.F.,(3,3),(0.,1.),.PIECEWISE_BEZIER_KNOTS.);
#179=B_SPLINE_CURVE_WITH_KNOTS('',2,(#6493,#6494,#6495),.UNSPECIFIED.,.F.,.F.,(3,3),(0.,1.),.PIECEWISE_BEZIER_KNOTS.);
#180=B_SPLINE_CURVE_WITH_KNOTS('',2,(#6506,#6507,#6508),.UNSPECIFIED.,.F.,.F.,(3,3),(0.,1.),.PIECEWISE_BEZIER_KNOTS.);
#181=B_SPLINE_CURVE_WITH_KNOTS('',2,(#6517,#6518,#6519),.UNSPECIFIED.,.F.,.F.,(3,3),(0.,1.),.PIECEWISE_BEZIER_KNOTS.);
#182=B_SPLINE_CURVE_WITH_KNOTS('',2,(#6618,#6619,#6620),.UNSPECIFIED.,.F.,.F.,(3,3),(0.,1.),.PIECEWISE_BEZIER_KNOTS.);
#183=B_SPLINE_CURVE_WITH_KNOTS('',2,(#6625,#6626,#6627),.UNSPECIFIED.,.F.,.F.,(3,3),(0.,1.),.PIECEWISE_BEZIER_KNOTS.);
#184=B_SPLINE_CURVE_WITH_KNOTS('',2,(#6638,#6639,#6640),.UNSPECIFIED.,.F.,.F.,(3,3),(0.,1.),.PIECEWISE_BEZIER_KNOTS.);
#185=B_SPLINE_CURVE_WITH_KNOTS('',2,(#6644,#6645,#6646),.UNSPECIFIED.,.F.,.F.,(3,3),(0.,1.),.PIECEWISE_BEZIER_KNOTS.);
#186=B_SPLINE_CURVE_WITH_KNOTS('',2,(#6655,#6656,#6657),.UNSPECIFIED.,.F.,.F.,(3,3),(0.,1.),.PIECEWISE_BEZIER_KNOTS.);
#187=B_SPLINE_CURVE_WITH_KNOTS('',2,(#6661,#6662,#6663),.UNSPECIFIED.,.F.,.F.,(3,3),(0.,1.),.PIECEWISE_BEZIER_KNOTS.);
#188=B_SPLINE_CURVE_WITH_KNOTS('',2,(#6684,#6685,#6686),.UNSPECIFIED.,.F.,.F.,(3,3),(0.,1.),.PIECEWISE_BEZIER_KNOTS.);
#189=B_SPLINE_CURVE_WITH_KNOTS('',2,(#6690,#6691,#6692),.UNSPECIFIED.,.F.,.F.,(3,3),(0.,1.),.PIECEWISE_BEZIER_KNOTS.);
#190=B_SPLINE_CURVE_WITH_KNOTS('',2,(#6701,#6702,#6703),.UNSPECIFIED.,.F.,.F.,(3,3),(0.,1.),.PIECEWISE_BEZIER_KNOTS.);
#191=B_SPLINE_CURVE_WITH_KNOTS('',2,(#6707,#6708,#6709),.UNSPECIFIED.,.F.,.F.,(3,3),(0.,1.),.PIECEWISE_BEZIER_KNOTS.);
#192=B_SPLINE_CURVE_WITH_KNOTS('',2,(#6718,#6719,#6720),.UNSPECIFIED.,.F.,.F.,(3,3),(0.,1.),.PIECEWISE_BEZIER_KNOTS.);
#193=B_SPLINE_CURVE_WITH_KNOTS('',2,(#6724,#6725,#6726),.UNSPECIFIED.,.F.,.F.,(3,3),(0.,1.),.PIECEWISE_BEZIER_KNOTS.);
#194=B_SPLINE_CURVE_WITH_KNOTS('',2,(#6735,#6736,#6737),.UNSPECIFIED.,.F.,.F.,(3,3),(0.,1.),.PIECEWISE_BEZIER_KNOTS.);
#195=B_SPLINE_CURVE_WITH_KNOTS('',2,(#6741,#6742,#6743),.UNSPECIFIED.,.F.,.F.,(3,3),(0.,1.),.PIECEWISE_BEZIER_KNOTS.);
#196=B_SPLINE_CURVE_WITH_KNOTS('',2,(#6766,#6767,#6768),.UNSPECIFIED.,.F.,.F.,(3,3),(0.,1.),.PIECEWISE_BEZIER_KNOTS.);
#197=B_SPLINE_CURVE_WITH_KNOTS('',2,(#6781,#6782,#6783),.UNSPECIFIED.,.F.,.F.,(3,3),(0.,1.),.PIECEWISE_BEZIER_KNOTS.);
#198=B_SPLINE_CURVE_WITH_KNOTS('',2,(#6810,#6811,#6812),.UNSPECIFIED.,.F.,.F.,(3,3),(0.,1.),.PIECEWISE_BEZIER_KNOTS.);
#199=B_SPLINE_CURVE_WITH_KNOTS('',2,(#6823,#6824,#6825),.UNSPECIFIED.,.F.,.F.,(3,3),(0.,1.),.PIECEWISE_BEZIER_KNOTS.);
#200=B_SPLINE_CURVE_WITH_KNOTS('',2,(#6848,#6849,#6850),.UNSPECIFIED.,.F.,.F.,(3,3),(0.,1.),.PIECEWISE_BEZIER_KNOTS.);
#201=B_SPLINE_CURVE_WITH_KNOTS('',2,(#6851,#6852,#6853),.UNSPECIFIED.,.F.,.F.,(3,3),(0.,1.),.PIECEWISE_BEZIER_KNOTS.);
#202=B_SPLINE_CURVE_WITH_KNOTS('',2,(#6890,#6891,#6892),.UNSPECIFIED.,.F.,.F.,(3,3),(0.,1.),.PIECEWISE_BEZIER_KNOTS.);
#203=B_SPLINE_CURVE_WITH_KNOTS('',2,(#6905,#6906,#6907),.UNSPECIFIED.,.F.,.F.,(3,3),(0.,1.),.PIECEWISE_BEZIER_KNOTS.);
#204=B_SPLINE_CURVE_WITH_KNOTS('',2,(#6922,#6923,#6924),.UNSPECIFIED.,.F.,.F.,(3,3),(0.,1.),.PIECEWISE_BEZIER_KNOTS.);
#205=B_SPLINE_CURVE_WITH_KNOTS('',2,(#6963,#6964,#6965),.UNSPECIFIED.,.F.,.F.,(3,3),(0.,1.),.PIECEWISE_BEZIER_KNOTS.);
#206=B_SPLINE_CURVE_WITH_KNOTS('',2,(#6976,#6977,#6978),.UNSPECIFIED.,.F.,.F.,(3,3),(0.,1.),.PIECEWISE_BEZIER_KNOTS.);
#207=B_SPLINE_CURVE_WITH_KNOTS('',2,(#6989,#6990,#6991),.UNSPECIFIED.,.F.,.F.,(3,3),(0.,1.),.PIECEWISE_BEZIER_KNOTS.);
#208=B_SPLINE_CURVE_WITH_KNOTS('',2,(#7002,#7003,#7004),.UNSPECIFIED.,.F.,.F.,(3,3),(0.,1.),.PIECEWISE_BEZIER_KNOTS.);
#209=B_SPLINE_CURVE_WITH_KNOTS('',2,(#7015,#7016,#7017),.UNSPECIFIED.,.F.,.F.,(3,3),(0.,1.),.PIECEWISE_BEZIER_KNOTS.);
#210=B_SPLINE_CURVE_WITH_KNOTS('',2,(#7028,#7029,#7030),.UNSPECIFIED.,.F.,.F.,(3,3),(0.,1.),.PIECEWISE_BEZIER_KNOTS.);
#211=B_SPLINE_CURVE_WITH_KNOTS('',2,(#7065,#7066,#7067),.UNSPECIFIED.,.F.,.F.,(3,3),(0.,1.),.PIECEWISE_BEZIER_KNOTS.);
#212=B_SPLINE_CURVE_WITH_KNOTS('',2,(#7078,#7079,#7080),.UNSPECIFIED.,.F.,.F.,(3,3),(0.,1.),.PIECEWISE_BEZIER_KNOTS.);
#213=B_SPLINE_CURVE_WITH_KNOTS('',2,(#7091,#7092,#7093),.UNSPECIFIED.,.F.,.F.,(3,3),(0.,1.),.PIECEWISE_BEZIER_KNOTS.);
#214=CIRCLE('',#4169,0.0002177616772959);
#215=CIRCLE('',#4170,0.000208717461691909);
#216=CIRCLE('',#4171,0.00021576070502902);
#217=CIRCLE('',#4172,0.000214265229758484);
#218=CIRCLE('',#4173,0.00021527911144215);
#219=CIRCLE('',#4174,0.000215279111442134);
#220=CIRCLE('',#4175,0.000208262911263493);
#221=CIRCLE('',#4176,0.000218803806406491);
#222=CIRCLE('',#4177,2.93695145922206E-05);
#223=CIRCLE('',#4178,0.00021527911142983);
#224=CIRCLE('',#4179,0.000215279111429812);
#225=CIRCLE('',#4180,0.000215279111442345);
#226=CIRCLE('',#4181,0.000215279111429846);
#227=CIRCLE('',#4182,2.93695145922149E-05);
#228=CIRCLE('',#4183,0.00292225263452337);
#229=CIRCLE('',#4184,0.00284406888475273);
#230=CIRCLE('',#4185,0.000247465981388437);
#231=CIRCLE('',#4186,0.000275918234076532);
#232=CIRCLE('',#4187,0.000148626919542307);
#233=CIRCLE('',#4188,0.000175268719447821);
#234=CIRCLE('',#4189,0.00170346966874609);
#235=CIRCLE('',#4190,0.00183556808305577);
#236=CIRCLE('',#4191,0.000174694682086765);
#237=CIRCLE('',#4192,0.000148843030673566);
#238=CIRCLE('',#4193,0.000273252818479275);
#239=CIRCLE('',#4194,0.000246909558259076);
#240=CIRCLE('',#4195,0.000214265229770239);
#241=CIRCLE('',#4196,0.000215760705028993);
#242=CIRCLE('',#4197,0.00021576070504032);
#243=CIRCLE('',#4198,0.000214265229770246);
#244=CIRCLE('',#4199,0.00021493557179411);
#245=CIRCLE('',#4200,0.000215760705040312);
#246=CIRCLE('',#4201,0.000208717461691705);
#247=CIRCLE('',#4202,0.000218465544448952);
#248=CIRCLE('',#4203,3.07262644140271E-05);
#249=CIRCLE('',#4204,3.07262644140343E-05);
#250=CIRCLE('',#4205,0.000201536262883002);
#251=CIRCLE('',#4206,0.000207588884680884);
#252=CIRCLE('',#4207,0.000201387097187372);
#253=CIRCLE('',#4208,0.000204633702944658);
#254=CIRCLE('',#4209,3.04543009978272E-05);
#255=CIRCLE('',#4210,3.07262644140301E-05);
#256=CIRCLE('',#4211,0.00021846554445375);
#257=CIRCLE('',#4212,0.000208717461691764);
#258=CIRCLE('',#4213,0.000215760705040252);
#259=CIRCLE('',#4214,0.00021493557179409);
#260=CIRCLE('',#4215,0.00775);
#261=CIRCLE('',#4216,0.00175);
#262=CIRCLE('',#4217,0.00175);
#263=CIRCLE('',#4218,0.00175);
#264=CIRCLE('',#4219,0.00142768309778976);
#265=CIRCLE('',#4220,0.00157232702549564);
#266=CIRCLE('',#4221,0.00156985479113757);
#267=CIRCLE('',#4222,0.00142694651726703);
#268=CIRCLE('',#4223,0.00141974951361006);
#269=CIRCLE('',#4224,0.00157651532764769);
#270=CIRCLE('',#4225,0.00157455060254388);
#271=CIRCLE('',#4226,0.00142527858271255);
#272=CIRCLE('',#4227,0.000764841786151181);
#273=CIRCLE('',#4228,0.000269098595861672);
#274=CIRCLE('',#4229,0.000328224542615093);
#275=CIRCLE('',#4230,0.000129087300322515);
#276=CIRCLE('',#4231,0.000147908131498609);
#277=CIRCLE('',#4232,0.00165659809610771);
#278=CIRCLE('',#4233,0.00162638888231772);
#279=CIRCLE('',#4234,0.000288581823823);
#280=CIRCLE('',#4235,0.000360553962231224);
#281=CIRCLE('',#4236,0.000112940518688575);
#282=CIRCLE('',#4237,0.000138058613972568);
#283=CIRCLE('',#4238,0.0012086699703414);
#284=CIRCLE('',#4239,0.000355915880157105);
#285=CIRCLE('',#4240,0.000214265229769892);
#286=CIRCLE('',#4241,0.000215760705040104);
#287=CIRCLE('',#4242,0.000215760705040147);
#288=CIRCLE('',#4243,0.00021426522976989);
#289=CIRCLE('',#4244,0.000214935571793965);
#290=CIRCLE('',#4245,0.000215760705040124);
#291=CIRCLE('',#4246,0.000208717461691675);
#292=CIRCLE('',#4247,0.000218465544453587);
#293=CIRCLE('',#4248,3.07262644230731E-05);
#294=CIRCLE('',#4249,3.07262644230722E-05);
#295=CIRCLE('',#4250,0.000201536262874774);
#296=CIRCLE('',#4251,0.000207588884677477);
#297=CIRCLE('',#4252,0.000201387097184146);
#298=CIRCLE('',#4253,0.000204633702944652);
#299=CIRCLE('',#4254,3.04543009892402E-05);
#300=CIRCLE('',#4255,3.07262644139793E-05);
#301=CIRCLE('',#4256,0.000218465544448828);
#302=CIRCLE('',#4257,0.000208717461699293);
#303=CIRCLE('',#4258,0.000215760705040134);
#304=CIRCLE('',#4259,0.000214935571793953);
#305=CIRCLE('',#4260,0.000208262911263318);
#306=CIRCLE('',#4261,0.000218803806400691);
#307=CIRCLE('',#4262,0.000218803806406508);
#308=CIRCLE('',#4263,0.000208262911271844);
#309=CIRCLE('',#4264,0.000215279111442019);
#310=CIRCLE('',#4265,0.000215279111442258);
#311=CIRCLE('',#4266,2.93695145921919E-05);
#312=CIRCLE('',#4267,0.000211592472543983);
#313=CIRCLE('',#4268,0.000211592472544234);
#314=CIRCLE('',#4269,0.000218803806406524);
#315=CIRCLE('',#4270,0.00020826291127184);
#316=CIRCLE('',#4280,0.00175);
#317=CIRCLE('',#4282,0.00175);
#318=CIRCLE('',#4284,0.00175);
#319=CIRCLE('',#4289,0.00775);
#320=CIRCLE('',#4301,0.000214265229770239);
#321=CIRCLE('',#4304,0.00021493557179409);
#322=CIRCLE('',#4306,0.000215760705040252);
#323=CIRCLE('',#4308,0.000208717461691764);
#324=CIRCLE('',#4310,0.00021846554445375);
#325=CIRCLE('',#4313,3.07262644140301E-05);
#326=CIRCLE('',#4316,3.04543009978272E-05);
#327=CIRCLE('',#4319,0.000204633702944658);
#328=CIRCLE('',#4321,0.000201387097187372);
#329=CIRCLE('',#4323,0.000207588884680884);
#330=CIRCLE('',#4325,0.000201536262883002);
#331=CIRCLE('',#4328,3.07262644140343E-05);
#332=CIRCLE('',#4331,3.07262644140271E-05);
#333=CIRCLE('',#4334,0.000218465544448952);
#334=CIRCLE('',#4336,0.000208717461691705);
#335=CIRCLE('',#4338,0.000215760705040312);
#336=CIRCLE('',#4340,0.00021493557179411);
#337=CIRCLE('',#4343,0.000214265229770246);
#338=CIRCLE('',#4345,0.00021576070504032);
#339=CIRCLE('',#4348,0.000215760705028993);
#340=CIRCLE('',#4351,0.00292225263452337);
#341=CIRCLE('',#4353,0.000246909558259076);
#342=CIRCLE('',#4355,0.000273252818479275);
#343=CIRCLE('',#4358,0.000148843030673566);
#344=CIRCLE('',#4360,0.000174694682086765);
#345=CIRCLE('',#4362,0.00183556808305577);
#346=CIRCLE('',#4364,0.00170346966874609);
#347=CIRCLE('',#4366,0.000175268719447821);
#348=CIRCLE('',#4368,0.000148626919542307);
#349=CIRCLE('',#4371,0.000275918234076532);
#350=CIRCLE('',#4373,0.000247465981388437);
#351=CIRCLE('',#4375,0.00284406888475273);
#352=CIRCLE('',#4378,0.0002177616772959);
#353=CIRCLE('',#4381,2.93695145922149E-05);
#354=CIRCLE('',#4384,0.000215279111429846);
#355=CIRCLE('',#4386,0.000215279111442345);
#356=CIRCLE('',#4389,0.000215279111429812);
#357=CIRCLE('',#4391,0.00021527911142983);
#358=CIRCLE('',#4394,2.93695145922206E-05);
#359=CIRCLE('',#4397,0.000218803806406491);
#360=CIRCLE('',#4399,0.000208262911263493);
#361=CIRCLE('',#4402,0.000215279111442134);
#362=CIRCLE('',#4404,0.00021527911144215);
#363=CIRCLE('',#4407,0.000214265229758484);
#364=CIRCLE('',#4409,0.00021576070502902);
#365=CIRCLE('',#4412,0.000208717461691909);
#366=CIRCLE('',#4415,0.000789145368501399);
#367=CIRCLE('',#4416,0.000789145368501399);
#368=CIRCLE('',#4418,0.000787445260186208);
#369=CIRCLE('',#4419,0.000787445260186208);
#370=CIRCLE('',#4421,0.000787445260185957);
#371=CIRCLE('',#4422,0.000787445260185957);
#372=CIRCLE('',#4424,0.000789145368467527);
#373=CIRCLE('',#4425,0.000789145368467527);
#374=CIRCLE('',#4427,0.00142527858271255);
#375=CIRCLE('',#4429,0.00157455060254388);
#376=CIRCLE('',#4431,0.00157651532764769);
#377=CIRCLE('',#4433,0.00141974951361006);
#378=CIRCLE('',#4435,0.00142694651726703);
#379=CIRCLE('',#4437,0.00156985479113757);
#380=CIRCLE('',#4439,0.00157232702549564);
#381=CIRCLE('',#4441,0.00142768309778976);
#382=CIRCLE('',#4451,0.000355915880157105);
#383=CIRCLE('',#4453,0.0012086699703414);
#384=CIRCLE('',#4455,0.000138058613972568);
#385=CIRCLE('',#4457,0.000112940518688575);
#386=CIRCLE('',#4460,0.000360553962231224);
#387=CIRCLE('',#4462,0.000288581823823);
#388=CIRCLE('',#4464,0.00162638888231772);
#389=CIRCLE('',#4466,0.00165659809610771);
#390=CIRCLE('',#4468,0.000147908131498609);
#391=CIRCLE('',#4470,0.000129087300322515);
#392=CIRCLE('',#4473,0.000328224542615093);
#393=CIRCLE('',#4475,0.000269098595861672);
#394=CIRCLE('',#4477,0.000764841786151181);
#395=CIRCLE('',#4480,0.000214265229769892);
#396=CIRCLE('',#4483,0.000214935571793953);
#397=CIRCLE('',#4485,0.000215760705040134);
#398=CIRCLE('',#4487,0.000208717461699293);
#399=CIRCLE('',#4489,0.000218465544448828);
#400=CIRCLE('',#4492,3.07262644139793E-05);
#401=CIRCLE('',#4495,3.04543009892402E-05);
#402=CIRCLE('',#4498,0.000204633702944652);
#403=CIRCLE('',#4500,0.000201387097184146);
#404=CIRCLE('',#4502,0.000207588884677477);
#405=CIRCLE('',#4504,0.000201536262874774);
#406=CIRCLE('',#4507,3.07262644230722E-05);
#407=CIRCLE('',#4510,3.07262644230731E-05);
#408=CIRCLE('',#4513,0.000218465544453587);
#409=CIRCLE('',#4515,0.000208717461691675);
#410=CIRCLE('',#4517,0.000215760705040124);
#411=CIRCLE('',#4519,0.000214935571793965);
#412=CIRCLE('',#4522,0.00021426522976989);
#413=CIRCLE('',#4524,0.000215760705040147);
#414=CIRCLE('',#4527,0.000215760705040104);
#415=CIRCLE('',#4530,0.000208262911263318);
#416=CIRCLE('',#4533,0.00020826291127184);
#417=CIRCLE('',#4535,0.000218803806406524);
#418=CIRCLE('',#4538,0.000211592472544234);
#419=CIRCLE('',#4540,0.000211592472543983);
#420=CIRCLE('',#4543,2.93695145921919E-05);
#421=CIRCLE('',#4546,0.000215279111442258);
#422=CIRCLE('',#4548,0.000215279111442019);
#423=CIRCLE('',#4551,0.000208262911271844);
#424=CIRCLE('',#4553,0.000218803806406508);
#425=CIRCLE('',#4556,0.000218803806400691);
#426=ORIENTED_EDGE('',*,*,#1654,.T.);
#427=ORIENTED_EDGE('',*,*,#1655,.F.);
#428=ORIENTED_EDGE('',*,*,#1656,.F.);
#429=ORIENTED_EDGE('',*,*,#1657,.T.);
#430=ORIENTED_EDGE('',*,*,#1658,.F.);
#431=ORIENTED_EDGE('',*,*,#1659,.T.);
#432=ORIENTED_EDGE('',*,*,#1660,.T.);
#433=ORIENTED_EDGE('',*,*,#1661,.F.);
#434=ORIENTED_EDGE('',*,*,#1662,.T.);
#435=ORIENTED_EDGE('',*,*,#1663,.T.);
#436=ORIENTED_EDGE('',*,*,#1664,.T.);
#437=ORIENTED_EDGE('',*,*,#1665,.T.);
#438=ORIENTED_EDGE('',*,*,#1666,.T.);
#439=ORIENTED_EDGE('',*,*,#1667,.T.);
#440=ORIENTED_EDGE('',*,*,#1668,.T.);
#441=ORIENTED_EDGE('',*,*,#1669,.T.);
#442=ORIENTED_EDGE('',*,*,#1670,.T.);
#443=ORIENTED_EDGE('',*,*,#1671,.T.);
#444=ORIENTED_EDGE('',*,*,#1672,.T.);
#445=ORIENTED_EDGE('',*,*,#1673,.T.);
#446=ORIENTED_EDGE('',*,*,#1674,.T.);
#447=ORIENTED_EDGE('',*,*,#1675,.T.);
#448=ORIENTED_EDGE('',*,*,#1676,.T.);
#449=ORIENTED_EDGE('',*,*,#1677,.T.);
#450=ORIENTED_EDGE('',*,*,#1678,.T.);
#451=ORIENTED_EDGE('',*,*,#1679,.T.);
#452=ORIENTED_EDGE('',*,*,#1680,.T.);
#453=ORIENTED_EDGE('',*,*,#1681,.T.);
#454=ORIENTED_EDGE('',*,*,#1682,.T.);
#455=ORIENTED_EDGE('',*,*,#1683,.T.);
#456=ORIENTED_EDGE('',*,*,#1684,.T.);
#457=ORIENTED_EDGE('',*,*,#1685,.T.);
#458=ORIENTED_EDGE('',*,*,#1686,.T.);
#459=ORIENTED_EDGE('',*,*,#1687,.T.);
#460=ORIENTED_EDGE('',*,*,#1688,.T.);
#461=ORIENTED_EDGE('',*,*,#1689,.T.);
#462=ORIENTED_EDGE('',*,*,#1690,.T.);
#463=ORIENTED_EDGE('',*,*,#1691,.T.);
#464=ORIENTED_EDGE('',*,*,#1692,.T.);
#465=ORIENTED_EDGE('',*,*,#1693,.T.);
#466=ORIENTED_EDGE('',*,*,#1694,.T.);
#467=ORIENTED_EDGE('',*,*,#1695,.T.);
#468=ORIENTED_EDGE('',*,*,#1696,.T.);
#469=ORIENTED_EDGE('',*,*,#1697,.T.);
#470=ORIENTED_EDGE('',*,*,#1698,.T.);
#471=ORIENTED_EDGE('',*,*,#1699,.T.);
#472=ORIENTED_EDGE('',*,*,#1700,.T.);
#473=ORIENTED_EDGE('',*,*,#1701,.T.);
#474=ORIENTED_EDGE('',*,*,#1702,.T.);
#475=ORIENTED_EDGE('',*,*,#1703,.T.);
#476=ORIENTED_EDGE('',*,*,#1704,.T.);
#477=ORIENTED_EDGE('',*,*,#1705,.T.);
#478=ORIENTED_EDGE('',*,*,#1706,.T.);
#479=ORIENTED_EDGE('',*,*,#1707,.T.);
#480=ORIENTED_EDGE('',*,*,#1708,.T.);
#481=ORIENTED_EDGE('',*,*,#1709,.T.);
#482=ORIENTED_EDGE('',*,*,#1710,.T.);
#483=ORIENTED_EDGE('',*,*,#1711,.T.);
#484=ORIENTED_EDGE('',*,*,#1712,.T.);
#485=ORIENTED_EDGE('',*,*,#1713,.T.);
#486=ORIENTED_EDGE('',*,*,#1714,.T.);
#487=ORIENTED_EDGE('',*,*,#1715,.T.);
#488=ORIENTED_EDGE('',*,*,#1716,.T.);
#489=ORIENTED_EDGE('',*,*,#1717,.T.);
#490=ORIENTED_EDGE('',*,*,#1718,.T.);
#491=ORIENTED_EDGE('',*,*,#1719,.T.);
#492=ORIENTED_EDGE('',*,*,#1720,.T.);
#493=ORIENTED_EDGE('',*,*,#1721,.T.);
#494=ORIENTED_EDGE('',*,*,#1722,.T.);
#495=ORIENTED_EDGE('',*,*,#1723,.T.);
#496=ORIENTED_EDGE('',*,*,#1724,.T.);
#497=ORIENTED_EDGE('',*,*,#1725,.T.);
#498=ORIENTED_EDGE('',*,*,#1726,.T.);
#499=ORIENTED_EDGE('',*,*,#1727,.T.);
#500=ORIENTED_EDGE('',*,*,#1728,.T.);
#501=ORIENTED_EDGE('',*,*,#1729,.T.);
#502=ORIENTED_EDGE('',*,*,#1730,.T.);
#503=ORIENTED_EDGE('',*,*,#1731,.T.);
#504=ORIENTED_EDGE('',*,*,#1732,.T.);
#505=ORIENTED_EDGE('',*,*,#1733,.T.);
#506=ORIENTED_EDGE('',*,*,#1734,.T.);
#507=ORIENTED_EDGE('',*,*,#1735,.T.);
#508=ORIENTED_EDGE('',*,*,#1736,.T.);
#509=ORIENTED_EDGE('',*,*,#1737,.T.);
#510=ORIENTED_EDGE('',*,*,#1738,.T.);
#511=ORIENTED_EDGE('',*,*,#1739,.T.);
#512=ORIENTED_EDGE('',*,*,#1740,.T.);
#513=ORIENTED_EDGE('',*,*,#1741,.T.);
#514=ORIENTED_EDGE('',*,*,#1742,.T.);
#515=ORIENTED_EDGE('',*,*,#1743,.F.);
#516=ORIENTED_EDGE('',*,*,#1744,.F.);
#517=ORIENTED_EDGE('',*,*,#1745,.F.);
#518=ORIENTED_EDGE('',*,*,#1746,.F.);
#519=ORIENTED_EDGE('',*,*,#1747,.F.);
#520=ORIENTED_EDGE('',*,*,#1656,.T.);
#521=ORIENTED_EDGE('',*,*,#1748,.T.);
#522=ORIENTED_EDGE('',*,*,#1749,.F.);
#523=ORIENTED_EDGE('',*,*,#1750,.F.);
#524=ORIENTED_EDGE('',*,*,#1751,.F.);
#525=ORIENTED_EDGE('',*,*,#1752,.F.);
#526=ORIENTED_EDGE('',*,*,#1753,.F.);
#527=ORIENTED_EDGE('',*,*,#1754,.F.);
#528=ORIENTED_EDGE('',*,*,#1755,.F.);
#529=ORIENTED_EDGE('',*,*,#1756,.F.);
#530=ORIENTED_EDGE('',*,*,#1757,.F.);
#531=ORIENTED_EDGE('',*,*,#1758,.T.);
#532=ORIENTED_EDGE('',*,*,#1759,.T.);
#533=ORIENTED_EDGE('',*,*,#1760,.T.);
#534=ORIENTED_EDGE('',*,*,#1761,.T.);
#535=ORIENTED_EDGE('',*,*,#1762,.T.);
#536=ORIENTED_EDGE('',*,*,#1763,.T.);
#537=ORIENTED_EDGE('',*,*,#1764,.T.);
#538=ORIENTED_EDGE('',*,*,#1765,.T.);
#539=ORIENTED_EDGE('',*,*,#1766,.T.);
#540=ORIENTED_EDGE('',*,*,#1767,.T.);
#541=ORIENTED_EDGE('',*,*,#1768,.T.);
#542=ORIENTED_EDGE('',*,*,#1769,.T.);
#543=ORIENTED_EDGE('',*,*,#1770,.T.);
#544=ORIENTED_EDGE('',*,*,#1771,.T.);
#545=ORIENTED_EDGE('',*,*,#1772,.T.);
#546=ORIENTED_EDGE('',*,*,#1773,.T.);
#547=ORIENTED_EDGE('',*,*,#1774,.T.);
#548=ORIENTED_EDGE('',*,*,#1775,.T.);
#549=ORIENTED_EDGE('',*,*,#1776,.T.);
#550=ORIENTED_EDGE('',*,*,#1777,.T.);
#551=ORIENTED_EDGE('',*,*,#1778,.T.);
#552=ORIENTED_EDGE('',*,*,#1779,.T.);
#553=ORIENTED_EDGE('',*,*,#1780,.T.);
#554=ORIENTED_EDGE('',*,*,#1781,.T.);
#555=ORIENTED_EDGE('',*,*,#1782,.T.);
#556=ORIENTED_EDGE('',*,*,#1783,.T.);
#557=ORIENTED_EDGE('',*,*,#1784,.T.);
#558=ORIENTED_EDGE('',*,*,#1785,.T.);
#559=ORIENTED_EDGE('',*,*,#1786,.T.);
#560=ORIENTED_EDGE('',*,*,#1787,.T.);
#561=ORIENTED_EDGE('',*,*,#1788,.T.);
#562=ORIENTED_EDGE('',*,*,#1789,.T.);
#563=ORIENTED_EDGE('',*,*,#1790,.T.);
#564=ORIENTED_EDGE('',*,*,#1791,.T.);
#565=ORIENTED_EDGE('',*,*,#1792,.T.);
#566=ORIENTED_EDGE('',*,*,#1793,.T.);
#567=ORIENTED_EDGE('',*,*,#1794,.T.);
#568=ORIENTED_EDGE('',*,*,#1795,.T.);
#569=ORIENTED_EDGE('',*,*,#1796,.T.);
#570=ORIENTED_EDGE('',*,*,#1797,.T.);
#571=ORIENTED_EDGE('',*,*,#1798,.T.);
#572=ORIENTED_EDGE('',*,*,#1799,.T.);
#573=ORIENTED_EDGE('',*,*,#1800,.T.);
#574=ORIENTED_EDGE('',*,*,#1801,.T.);
#575=ORIENTED_EDGE('',*,*,#1802,.T.);
#576=ORIENTED_EDGE('',*,*,#1803,.T.);
#577=ORIENTED_EDGE('',*,*,#1804,.T.);
#578=ORIENTED_EDGE('',*,*,#1805,.T.);
#579=ORIENTED_EDGE('',*,*,#1806,.T.);
#580=ORIENTED_EDGE('',*,*,#1807,.T.);
#581=ORIENTED_EDGE('',*,*,#1808,.T.);
#582=ORIENTED_EDGE('',*,*,#1809,.T.);
#583=ORIENTED_EDGE('',*,*,#1810,.T.);
#584=ORIENTED_EDGE('',*,*,#1811,.T.);
#585=ORIENTED_EDGE('',*,*,#1812,.T.);
#586=ORIENTED_EDGE('',*,*,#1813,.T.);
#587=ORIENTED_EDGE('',*,*,#1814,.T.);
#588=ORIENTED_EDGE('',*,*,#1815,.T.);
#589=ORIENTED_EDGE('',*,*,#1816,.T.);
#590=ORIENTED_EDGE('',*,*,#1817,.T.);
#591=ORIENTED_EDGE('',*,*,#1818,.T.);
#592=ORIENTED_EDGE('',*,*,#1819,.T.);
#593=ORIENTED_EDGE('',*,*,#1820,.T.);
#594=ORIENTED_EDGE('',*,*,#1821,.T.);
#595=ORIENTED_EDGE('',*,*,#1822,.T.);
#596=ORIENTED_EDGE('',*,*,#1823,.T.);
#597=ORIENTED_EDGE('',*,*,#1824,.T.);
#598=ORIENTED_EDGE('',*,*,#1825,.T.);
#599=ORIENTED_EDGE('',*,*,#1826,.T.);
#600=ORIENTED_EDGE('',*,*,#1827,.T.);
#601=ORIENTED_EDGE('',*,*,#1828,.T.);
#602=ORIENTED_EDGE('',*,*,#1829,.T.);
#603=ORIENTED_EDGE('',*,*,#1830,.T.);
#604=ORIENTED_EDGE('',*,*,#1831,.T.);
#605=ORIENTED_EDGE('',*,*,#1832,.T.);
#606=ORIENTED_EDGE('',*,*,#1833,.T.);
#607=ORIENTED_EDGE('',*,*,#1834,.T.);
#608=ORIENTED_EDGE('',*,*,#1835,.T.);
#609=ORIENTED_EDGE('',*,*,#1836,.T.);
#610=ORIENTED_EDGE('',*,*,#1837,.T.);
#611=ORIENTED_EDGE('',*,*,#1838,.T.);
#612=ORIENTED_EDGE('',*,*,#1839,.T.);
#613=ORIENTED_EDGE('',*,*,#1840,.T.);
#614=ORIENTED_EDGE('',*,*,#1841,.T.);
#615=ORIENTED_EDGE('',*,*,#1842,.T.);
#616=ORIENTED_EDGE('',*,*,#1843,.T.);
#617=ORIENTED_EDGE('',*,*,#1844,.T.);
#618=ORIENTED_EDGE('',*,*,#1845,.T.);
#619=ORIENTED_EDGE('',*,*,#1846,.T.);
#620=ORIENTED_EDGE('',*,*,#1847,.T.);
#621=ORIENTED_EDGE('',*,*,#1848,.T.);
#622=ORIENTED_EDGE('',*,*,#1849,.F.);
#623=ORIENTED_EDGE('',*,*,#1657,.F.);
#624=ORIENTED_EDGE('',*,*,#1747,.T.);
#625=ORIENTED_EDGE('',*,*,#1850,.T.);
#626=ORIENTED_EDGE('',*,*,#1851,.T.);
#627=ORIENTED_EDGE('',*,*,#1852,.F.);
#628=ORIENTED_EDGE('',*,*,#1748,.F.);
#629=ORIENTED_EDGE('',*,*,#1655,.T.);
#630=ORIENTED_EDGE('',*,*,#1853,.F.);
#631=ORIENTED_EDGE('',*,*,#1854,.F.);
#632=ORIENTED_EDGE('',*,*,#1750,.T.);
#633=ORIENTED_EDGE('',*,*,#1855,.T.);
#634=ORIENTED_EDGE('',*,*,#1856,.F.);
#635=ORIENTED_EDGE('',*,*,#1857,.F.);
#636=ORIENTED_EDGE('',*,*,#1751,.T.);
#637=ORIENTED_EDGE('',*,*,#1854,.T.);
#638=ORIENTED_EDGE('',*,*,#1858,.F.);
#639=ORIENTED_EDGE('',*,*,#1859,.F.);
#640=ORIENTED_EDGE('',*,*,#1752,.T.);
#641=ORIENTED_EDGE('',*,*,#1857,.T.);
#642=ORIENTED_EDGE('',*,*,#1860,.F.);
#643=ORIENTED_EDGE('',*,*,#1861,.F.);
#644=ORIENTED_EDGE('',*,*,#1754,.T.);
#645=ORIENTED_EDGE('',*,*,#1862,.T.);
#646=ORIENTED_EDGE('',*,*,#1863,.F.);
#647=ORIENTED_EDGE('',*,*,#1864,.F.);
#648=ORIENTED_EDGE('',*,*,#1755,.T.);
#649=ORIENTED_EDGE('',*,*,#1861,.T.);
#650=ORIENTED_EDGE('',*,*,#1865,.F.);
#651=ORIENTED_EDGE('',*,*,#1866,.F.);
#652=ORIENTED_EDGE('',*,*,#1756,.T.);
#653=ORIENTED_EDGE('',*,*,#1864,.T.);
#654=ORIENTED_EDGE('',*,*,#1744,.T.);
#655=ORIENTED_EDGE('',*,*,#1867,.F.);
#656=ORIENTED_EDGE('',*,*,#1745,.T.);
#657=ORIENTED_EDGE('',*,*,#1868,.F.);
#658=ORIENTED_EDGE('',*,*,#1746,.T.);
#659=ORIENTED_EDGE('',*,*,#1869,.F.);
#660=ORIENTED_EDGE('',*,*,#1870,.F.);
#661=ORIENTED_EDGE('',*,*,#1871,.T.);
#662=ORIENTED_EDGE('',*,*,#1872,.T.);
#663=ORIENTED_EDGE('',*,*,#1873,.F.);
#664=ORIENTED_EDGE('',*,*,#1874,.F.);
#665=ORIENTED_EDGE('',*,*,#1850,.F.);
#666=ORIENTED_EDGE('',*,*,#1749,.T.);
#667=ORIENTED_EDGE('',*,*,#1852,.T.);
#668=ORIENTED_EDGE('',*,*,#1875,.F.);
#669=ORIENTED_EDGE('',*,*,#1855,.F.);
#670=ORIENTED_EDGE('',*,*,#1753,.T.);
#671=ORIENTED_EDGE('',*,*,#1859,.T.);
#672=ORIENTED_EDGE('',*,*,#1876,.F.);
#673=ORIENTED_EDGE('',*,*,#1862,.F.);
#674=ORIENTED_EDGE('',*,*,#1757,.T.);
#675=ORIENTED_EDGE('',*,*,#1866,.T.);
#676=ORIENTED_EDGE('',*,*,#1743,.T.);
#677=ORIENTED_EDGE('',*,*,#1877,.F.);
#678=ORIENTED_EDGE('',*,*,#1860,.T.);
#679=ORIENTED_EDGE('',*,*,#1876,.T.);
#680=ORIENTED_EDGE('',*,*,#1865,.T.);
#681=ORIENTED_EDGE('',*,*,#1863,.T.);
#682=ORIENTED_EDGE('',*,*,#1853,.T.);
#683=ORIENTED_EDGE('',*,*,#1875,.T.);
#684=ORIENTED_EDGE('',*,*,#1858,.T.);
#685=ORIENTED_EDGE('',*,*,#1856,.T.);
#686=ORIENTED_EDGE('',*,*,#1849,.T.);
#687=ORIENTED_EDGE('',*,*,#1874,.T.);
#688=ORIENTED_EDGE('',*,*,#1851,.F.);
#689=ORIENTED_EDGE('',*,*,#1654,.F.);
#690=ORIENTED_EDGE('',*,*,#1869,.T.);
#691=ORIENTED_EDGE('',*,*,#1868,.T.);
#692=ORIENTED_EDGE('',*,*,#1867,.T.);
#693=ORIENTED_EDGE('',*,*,#1877,.T.);
#694=ORIENTED_EDGE('',*,*,#1736,.F.);
#695=ORIENTED_EDGE('',*,*,#1878,.F.);
#696=ORIENTED_EDGE('',*,*,#1879,.T.);
#697=ORIENTED_EDGE('',*,*,#1880,.T.);
#698=ORIENTED_EDGE('',*,*,#1735,.F.);
#699=ORIENTED_EDGE('',*,*,#1881,.F.);
#700=ORIENTED_EDGE('',*,*,#1882,.T.);
#701=ORIENTED_EDGE('',*,*,#1878,.T.);
#702=ORIENTED_EDGE('',*,*,#1742,.F.);
#703=ORIENTED_EDGE('',*,*,#1883,.F.);
#704=ORIENTED_EDGE('',*,*,#1884,.T.);
#705=ORIENTED_EDGE('',*,*,#1881,.T.);
#706=ORIENTED_EDGE('',*,*,#1741,.F.);
#707=ORIENTED_EDGE('',*,*,#1885,.F.);
#708=ORIENTED_EDGE('',*,*,#1886,.T.);
#709=ORIENTED_EDGE('',*,*,#1883,.T.);
#710=ORIENTED_EDGE('',*,*,#1740,.F.);
#711=ORIENTED_EDGE('',*,*,#1887,.F.);
#712=ORIENTED_EDGE('',*,*,#1888,.T.);
#713=ORIENTED_EDGE('',*,*,#1885,.T.);
#714=ORIENTED_EDGE('',*,*,#1739,.F.);
#715=ORIENTED_EDGE('',*,*,#1889,.F.);
#716=ORIENTED_EDGE('',*,*,#1890,.T.);
#717=ORIENTED_EDGE('',*,*,#1887,.T.);
#718=ORIENTED_EDGE('',*,*,#1738,.F.);
#719=ORIENTED_EDGE('',*,*,#1891,.F.);
#720=ORIENTED_EDGE('',*,*,#1892,.T.);
#721=ORIENTED_EDGE('',*,*,#1889,.T.);
#722=ORIENTED_EDGE('',*,*,#1737,.F.);
#723=ORIENTED_EDGE('',*,*,#1880,.F.);
#724=ORIENTED_EDGE('',*,*,#1893,.T.);
#725=ORIENTED_EDGE('',*,*,#1891,.T.);
#726=ORIENTED_EDGE('',*,*,#1879,.F.);
#727=ORIENTED_EDGE('',*,*,#1882,.F.);
#728=ORIENTED_EDGE('',*,*,#1884,.F.);
#729=ORIENTED_EDGE('',*,*,#1886,.F.);
#730=ORIENTED_EDGE('',*,*,#1888,.F.);
#731=ORIENTED_EDGE('',*,*,#1890,.F.);
#732=ORIENTED_EDGE('',*,*,#1892,.F.);
#733=ORIENTED_EDGE('',*,*,#1893,.F.);
#734=ORIENTED_EDGE('',*,*,#1707,.F.);
#735=ORIENTED_EDGE('',*,*,#1894,.F.);
#736=ORIENTED_EDGE('',*,*,#1895,.T.);
#737=ORIENTED_EDGE('',*,*,#1896,.T.);
#738=ORIENTED_EDGE('',*,*,#1706,.F.);
#739=ORIENTED_EDGE('',*,*,#1897,.F.);
#740=ORIENTED_EDGE('',*,*,#1898,.T.);
#741=ORIENTED_EDGE('',*,*,#1894,.T.);
#742=ORIENTED_EDGE('',*,*,#1734,.F.);
#743=ORIENTED_EDGE('',*,*,#1899,.F.);
#744=ORIENTED_EDGE('',*,*,#1900,.T.);
#745=ORIENTED_EDGE('',*,*,#1897,.T.);
#746=ORIENTED_EDGE('',*,*,#1733,.F.);
#747=ORIENTED_EDGE('',*,*,#1901,.F.);
#748=ORIENTED_EDGE('',*,*,#1902,.T.);
#749=ORIENTED_EDGE('',*,*,#1899,.T.);
#750=ORIENTED_EDGE('',*,*,#1732,.F.);
#751=ORIENTED_EDGE('',*,*,#1903,.F.);
#752=ORIENTED_EDGE('',*,*,#1904,.T.);
#753=ORIENTED_EDGE('',*,*,#1901,.T.);
#754=ORIENTED_EDGE('',*,*,#1731,.F.);
#755=ORIENTED_EDGE('',*,*,#1905,.F.);
#756=ORIENTED_EDGE('',*,*,#1906,.T.);
#757=ORIENTED_EDGE('',*,*,#1903,.T.);
#758=ORIENTED_EDGE('',*,*,#1730,.F.);
#759=ORIENTED_EDGE('',*,*,#1907,.F.);
#760=ORIENTED_EDGE('',*,*,#1908,.T.);
#761=ORIENTED_EDGE('',*,*,#1905,.T.);
#762=ORIENTED_EDGE('',*,*,#1729,.F.);
#763=ORIENTED_EDGE('',*,*,#1909,.F.);
#764=ORIENTED_EDGE('',*,*,#1910,.T.);
#765=ORIENTED_EDGE('',*,*,#1907,.T.);
#766=ORIENTED_EDGE('',*,*,#1728,.F.);
#767=ORIENTED_EDGE('',*,*,#1911,.F.);
#768=ORIENTED_EDGE('',*,*,#1912,.T.);
#769=ORIENTED_EDGE('',*,*,#1909,.T.);
#770=ORIENTED_EDGE('',*,*,#1727,.F.);
#771=ORIENTED_EDGE('',*,*,#1913,.F.);
#772=ORIENTED_EDGE('',*,*,#1914,.T.);
#773=ORIENTED_EDGE('',*,*,#1911,.T.);
#774=ORIENTED_EDGE('',*,*,#1726,.F.);
#775=ORIENTED_EDGE('',*,*,#1915,.F.);
#776=ORIENTED_EDGE('',*,*,#1916,.T.);
#777=ORIENTED_EDGE('',*,*,#1913,.T.);
#778=ORIENTED_EDGE('',*,*,#1725,.F.);
#779=ORIENTED_EDGE('',*,*,#1917,.F.);
#780=ORIENTED_EDGE('',*,*,#1918,.T.);
#781=ORIENTED_EDGE('',*,*,#1915,.T.);
#782=ORIENTED_EDGE('',*,*,#1724,.F.);
#783=ORIENTED_EDGE('',*,*,#1919,.F.);
#784=ORIENTED_EDGE('',*,*,#1920,.T.);
#785=ORIENTED_EDGE('',*,*,#1917,.T.);
#786=ORIENTED_EDGE('',*,*,#1723,.F.);
#787=ORIENTED_EDGE('',*,*,#1921,.F.);
#788=ORIENTED_EDGE('',*,*,#1922,.T.);
#789=ORIENTED_EDGE('',*,*,#1919,.T.);
#790=ORIENTED_EDGE('',*,*,#1722,.F.);
#791=ORIENTED_EDGE('',*,*,#1923,.F.);
#792=ORIENTED_EDGE('',*,*,#1924,.T.);
#793=ORIENTED_EDGE('',*,*,#1921,.T.);
#794=ORIENTED_EDGE('',*,*,#1721,.F.);
#795=ORIENTED_EDGE('',*,*,#1925,.F.);
#796=ORIENTED_EDGE('',*,*,#1926,.T.);
#797=ORIENTED_EDGE('',*,*,#1923,.T.);
#798=ORIENTED_EDGE('',*,*,#1720,.F.);
#799=ORIENTED_EDGE('',*,*,#1927,.F.);
#800=ORIENTED_EDGE('',*,*,#1928,.T.);
#801=ORIENTED_EDGE('',*,*,#1925,.T.);
#802=ORIENTED_EDGE('',*,*,#1719,.F.);
#803=ORIENTED_EDGE('',*,*,#1929,.F.);
#804=ORIENTED_EDGE('',*,*,#1930,.T.);
#805=ORIENTED_EDGE('',*,*,#1927,.T.);
#806=ORIENTED_EDGE('',*,*,#1718,.F.);
#807=ORIENTED_EDGE('',*,*,#1931,.F.);
#808=ORIENTED_EDGE('',*,*,#1932,.T.);
#809=ORIENTED_EDGE('',*,*,#1929,.T.);
#810=ORIENTED_EDGE('',*,*,#1717,.F.);
#811=ORIENTED_EDGE('',*,*,#1933,.F.);
#812=ORIENTED_EDGE('',*,*,#1934,.T.);
#813=ORIENTED_EDGE('',*,*,#1931,.T.);
#814=ORIENTED_EDGE('',*,*,#1716,.F.);
#815=ORIENTED_EDGE('',*,*,#1935,.F.);
#816=ORIENTED_EDGE('',*,*,#1936,.T.);
#817=ORIENTED_EDGE('',*,*,#1933,.T.);
#818=ORIENTED_EDGE('',*,*,#1715,.F.);
#819=ORIENTED_EDGE('',*,*,#1937,.F.);
#820=ORIENTED_EDGE('',*,*,#1938,.T.);
#821=ORIENTED_EDGE('',*,*,#1935,.T.);
#822=ORIENTED_EDGE('',*,*,#1714,.F.);
#823=ORIENTED_EDGE('',*,*,#1939,.F.);
#824=ORIENTED_EDGE('',*,*,#1940,.T.);
#825=ORIENTED_EDGE('',*,*,#1937,.T.);
#826=ORIENTED_EDGE('',*,*,#1713,.F.);
#827=ORIENTED_EDGE('',*,*,#1941,.F.);
#828=ORIENTED_EDGE('',*,*,#1942,.T.);
#829=ORIENTED_EDGE('',*,*,#1939,.T.);
#830=ORIENTED_EDGE('',*,*,#1712,.F.);
#831=ORIENTED_EDGE('',*,*,#1943,.F.);
#832=ORIENTED_EDGE('',*,*,#1944,.T.);
#833=ORIENTED_EDGE('',*,*,#1941,.T.);
#834=ORIENTED_EDGE('',*,*,#1711,.F.);
#835=ORIENTED_EDGE('',*,*,#1945,.F.);
#836=ORIENTED_EDGE('',*,*,#1946,.T.);
#837=ORIENTED_EDGE('',*,*,#1943,.T.);
#838=ORIENTED_EDGE('',*,*,#1710,.F.);
#839=ORIENTED_EDGE('',*,*,#1947,.F.);
#840=ORIENTED_EDGE('',*,*,#1948,.T.);
#841=ORIENTED_EDGE('',*,*,#1945,.T.);
#842=ORIENTED_EDGE('',*,*,#1709,.F.);
#843=ORIENTED_EDGE('',*,*,#1949,.F.);
#844=ORIENTED_EDGE('',*,*,#1950,.T.);
#845=ORIENTED_EDGE('',*,*,#1947,.T.);
#846=ORIENTED_EDGE('',*,*,#1708,.F.);
#847=ORIENTED_EDGE('',*,*,#1896,.F.);
#848=ORIENTED_EDGE('',*,*,#1951,.T.);
#849=ORIENTED_EDGE('',*,*,#1949,.T.);
#850=ORIENTED_EDGE('',*,*,#1895,.F.);
#851=ORIENTED_EDGE('',*,*,#1898,.F.);
#852=ORIENTED_EDGE('',*,*,#1900,.F.);
#853=ORIENTED_EDGE('',*,*,#1902,.F.);
#854=ORIENTED_EDGE('',*,*,#1904,.F.);
#855=ORIENTED_EDGE('',*,*,#1906,.F.);
#856=ORIENTED_EDGE('',*,*,#1908,.F.);
#857=ORIENTED_EDGE('',*,*,#1910,.F.);
#858=ORIENTED_EDGE('',*,*,#1912,.F.);
#859=ORIENTED_EDGE('',*,*,#1914,.F.);
#860=ORIENTED_EDGE('',*,*,#1916,.F.);
#861=ORIENTED_EDGE('',*,*,#1918,.F.);
#862=ORIENTED_EDGE('',*,*,#1920,.F.);
#863=ORIENTED_EDGE('',*,*,#1922,.F.);
#864=ORIENTED_EDGE('',*,*,#1924,.F.);
#865=ORIENTED_EDGE('',*,*,#1926,.F.);
#866=ORIENTED_EDGE('',*,*,#1928,.F.);
#867=ORIENTED_EDGE('',*,*,#1930,.F.);
#868=ORIENTED_EDGE('',*,*,#1932,.F.);
#869=ORIENTED_EDGE('',*,*,#1934,.F.);
#870=ORIENTED_EDGE('',*,*,#1936,.F.);
#871=ORIENTED_EDGE('',*,*,#1938,.F.);
#872=ORIENTED_EDGE('',*,*,#1940,.F.);
#873=ORIENTED_EDGE('',*,*,#1942,.F.);
#874=ORIENTED_EDGE('',*,*,#1944,.F.);
#875=ORIENTED_EDGE('',*,*,#1946,.F.);
#876=ORIENTED_EDGE('',*,*,#1948,.F.);
#877=ORIENTED_EDGE('',*,*,#1950,.F.);
#878=ORIENTED_EDGE('',*,*,#1951,.F.);
#879=ORIENTED_EDGE('',*,*,#1685,.F.);
#880=ORIENTED_EDGE('',*,*,#1952,.F.);
#881=ORIENTED_EDGE('',*,*,#1953,.T.);
#882=ORIENTED_EDGE('',*,*,#1954,.T.);
#883=ORIENTED_EDGE('',*,*,#1684,.F.);
#884=ORIENTED_EDGE('',*,*,#1955,.F.);
#885=ORIENTED_EDGE('',*,*,#1956,.T.);
#886=ORIENTED_EDGE('',*,*,#1952,.T.);
#887=ORIENTED_EDGE('',*,*,#1705,.F.);
#888=ORIENTED_EDGE('',*,*,#1957,.F.);
#889=ORIENTED_EDGE('',*,*,#1958,.T.);
#890=ORIENTED_EDGE('',*,*,#1955,.T.);
#891=ORIENTED_EDGE('',*,*,#1704,.F.);
#892=ORIENTED_EDGE('',*,*,#1959,.F.);
#893=ORIENTED_EDGE('',*,*,#1960,.T.);
#894=ORIENTED_EDGE('',*,*,#1957,.T.);
#895=ORIENTED_EDGE('',*,*,#1703,.F.);
#896=ORIENTED_EDGE('',*,*,#1961,.F.);
#897=ORIENTED_EDGE('',*,*,#1962,.T.);
#898=ORIENTED_EDGE('',*,*,#1959,.T.);
#899=ORIENTED_EDGE('',*,*,#1702,.F.);
#900=ORIENTED_EDGE('',*,*,#1963,.F.);
#901=ORIENTED_EDGE('',*,*,#1964,.T.);
#902=ORIENTED_EDGE('',*,*,#1961,.T.);
#903=ORIENTED_EDGE('',*,*,#1701,.F.);
#904=ORIENTED_EDGE('',*,*,#1965,.F.);
#905=ORIENTED_EDGE('',*,*,#1966,.T.);
#906=ORIENTED_EDGE('',*,*,#1963,.T.);
#907=ORIENTED_EDGE('',*,*,#1700,.F.);
#908=ORIENTED_EDGE('',*,*,#1967,.F.);
#909=ORIENTED_EDGE('',*,*,#1968,.T.);
#910=ORIENTED_EDGE('',*,*,#1965,.T.);
#911=ORIENTED_EDGE('',*,*,#1699,.F.);
#912=ORIENTED_EDGE('',*,*,#1969,.F.);
#913=ORIENTED_EDGE('',*,*,#1970,.T.);
#914=ORIENTED_EDGE('',*,*,#1967,.T.);
#915=ORIENTED_EDGE('',*,*,#1698,.F.);
#916=ORIENTED_EDGE('',*,*,#1971,.F.);
#917=ORIENTED_EDGE('',*,*,#1972,.T.);
#918=ORIENTED_EDGE('',*,*,#1969,.T.);
#919=ORIENTED_EDGE('',*,*,#1697,.F.);
#920=ORIENTED_EDGE('',*,*,#1973,.F.);
#921=ORIENTED_EDGE('',*,*,#1974,.T.);
#922=ORIENTED_EDGE('',*,*,#1971,.T.);
#923=ORIENTED_EDGE('',*,*,#1696,.F.);
#924=ORIENTED_EDGE('',*,*,#1975,.F.);
#925=ORIENTED_EDGE('',*,*,#1976,.T.);
#926=ORIENTED_EDGE('',*,*,#1973,.T.);
#927=ORIENTED_EDGE('',*,*,#1695,.F.);
#928=ORIENTED_EDGE('',*,*,#1977,.F.);
#929=ORIENTED_EDGE('',*,*,#1978,.T.);
#930=ORIENTED_EDGE('',*,*,#1975,.T.);
#931=ORIENTED_EDGE('',*,*,#1694,.F.);
#932=ORIENTED_EDGE('',*,*,#1979,.F.);
#933=ORIENTED_EDGE('',*,*,#1980,.T.);
#934=ORIENTED_EDGE('',*,*,#1977,.T.);
#935=ORIENTED_EDGE('',*,*,#1693,.F.);
#936=ORIENTED_EDGE('',*,*,#1981,.F.);
#937=ORIENTED_EDGE('',*,*,#1982,.T.);
#938=ORIENTED_EDGE('',*,*,#1979,.T.);
#939=ORIENTED_EDGE('',*,*,#1692,.F.);
#940=ORIENTED_EDGE('',*,*,#1983,.F.);
#941=ORIENTED_EDGE('',*,*,#1984,.T.);
#942=ORIENTED_EDGE('',*,*,#1981,.T.);
#943=ORIENTED_EDGE('',*,*,#1691,.F.);
#944=ORIENTED_EDGE('',*,*,#1985,.F.);
#945=ORIENTED_EDGE('',*,*,#1986,.T.);
#946=ORIENTED_EDGE('',*,*,#1983,.T.);
#947=ORIENTED_EDGE('',*,*,#1690,.F.);
#948=ORIENTED_EDGE('',*,*,#1987,.F.);
#949=ORIENTED_EDGE('',*,*,#1988,.T.);
#950=ORIENTED_EDGE('',*,*,#1985,.T.);
#951=ORIENTED_EDGE('',*,*,#1689,.F.);
#952=ORIENTED_EDGE('',*,*,#1989,.F.);
#953=ORIENTED_EDGE('',*,*,#1990,.T.);
#954=ORIENTED_EDGE('',*,*,#1987,.T.);
#955=ORIENTED_EDGE('',*,*,#1688,.F.);
#956=ORIENTED_EDGE('',*,*,#1991,.F.);
#957=ORIENTED_EDGE('',*,*,#1992,.T.);
#958=ORIENTED_EDGE('',*,*,#1989,.T.);
#959=ORIENTED_EDGE('',*,*,#1687,.F.);
#960=ORIENTED_EDGE('',*,*,#1993,.F.);
#961=ORIENTED_EDGE('',*,*,#1994,.T.);
#962=ORIENTED_EDGE('',*,*,#1991,.T.);
#963=ORIENTED_EDGE('',*,*,#1686,.F.);
#964=ORIENTED_EDGE('',*,*,#1954,.F.);
#965=ORIENTED_EDGE('',*,*,#1995,.T.);
#966=ORIENTED_EDGE('',*,*,#1993,.T.);
#967=ORIENTED_EDGE('',*,*,#1953,.F.);
#968=ORIENTED_EDGE('',*,*,#1956,.F.);
#969=ORIENTED_EDGE('',*,*,#1958,.F.);
#970=ORIENTED_EDGE('',*,*,#1960,.F.);
#971=ORIENTED_EDGE('',*,*,#1962,.F.);
#972=ORIENTED_EDGE('',*,*,#1964,.F.);
#973=ORIENTED_EDGE('',*,*,#1966,.F.);
#974=ORIENTED_EDGE('',*,*,#1968,.F.);
#975=ORIENTED_EDGE('',*,*,#1970,.F.);
#976=ORIENTED_EDGE('',*,*,#1972,.F.);
#977=ORIENTED_EDGE('',*,*,#1974,.F.);
#978=ORIENTED_EDGE('',*,*,#1976,.F.);
#979=ORIENTED_EDGE('',*,*,#1978,.F.);
#980=ORIENTED_EDGE('',*,*,#1980,.F.);
#981=ORIENTED_EDGE('',*,*,#1982,.F.);
#982=ORIENTED_EDGE('',*,*,#1984,.F.);
#983=ORIENTED_EDGE('',*,*,#1986,.F.);
#984=ORIENTED_EDGE('',*,*,#1988,.F.);
#985=ORIENTED_EDGE('',*,*,#1990,.F.);
#986=ORIENTED_EDGE('',*,*,#1992,.F.);
#987=ORIENTED_EDGE('',*,*,#1994,.F.);
#988=ORIENTED_EDGE('',*,*,#1995,.F.);
#989=ORIENTED_EDGE('',*,*,#1663,.F.);
#990=ORIENTED_EDGE('',*,*,#1996,.F.);
#991=ORIENTED_EDGE('',*,*,#1997,.T.);
#992=ORIENTED_EDGE('',*,*,#1998,.T.);
#993=ORIENTED_EDGE('',*,*,#1662,.F.);
#994=ORIENTED_EDGE('',*,*,#1999,.F.);
#995=ORIENTED_EDGE('',*,*,#2000,.T.);
#996=ORIENTED_EDGE('',*,*,#1996,.T.);
#997=ORIENTED_EDGE('',*,*,#1683,.F.);
#998=ORIENTED_EDGE('',*,*,#2001,.F.);
#999=ORIENTED_EDGE('',*,*,#2002,.T.);
#1000=ORIENTED_EDGE('',*,*,#1999,.T.);
#1001=ORIENTED_EDGE('',*,*,#1682,.F.);
#1002=ORIENTED_EDGE('',*,*,#2003,.F.);
#1003=ORIENTED_EDGE('',*,*,#2004,.T.);
#1004=ORIENTED_EDGE('',*,*,#2001,.T.);
#1005=ORIENTED_EDGE('',*,*,#1681,.F.);
#1006=ORIENTED_EDGE('',*,*,#2005,.F.);
#1007=ORIENTED_EDGE('',*,*,#2006,.T.);
#1008=ORIENTED_EDGE('',*,*,#2003,.T.);
#1009=ORIENTED_EDGE('',*,*,#1680,.F.);
#1010=ORIENTED_EDGE('',*,*,#2007,.F.);
#1011=ORIENTED_EDGE('',*,*,#2008,.T.);
#1012=ORIENTED_EDGE('',*,*,#2005,.T.);
#1013=ORIENTED_EDGE('',*,*,#1679,.F.);
#1014=ORIENTED_EDGE('',*,*,#2009,.F.);
#1015=ORIENTED_EDGE('',*,*,#2010,.T.);
#1016=ORIENTED_EDGE('',*,*,#2007,.T.);
#1017=ORIENTED_EDGE('',*,*,#1678,.F.);
#1018=ORIENTED_EDGE('',*,*,#2011,.F.);
#1019=ORIENTED_EDGE('',*,*,#2012,.T.);
#1020=ORIENTED_EDGE('',*,*,#2009,.T.);
#1021=ORIENTED_EDGE('',*,*,#1677,.F.);
#1022=ORIENTED_EDGE('',*,*,#2013,.F.);
#1023=ORIENTED_EDGE('',*,*,#2014,.T.);
#1024=ORIENTED_EDGE('',*,*,#2011,.T.);
#1025=ORIENTED_EDGE('',*,*,#1676,.F.);
#1026=ORIENTED_EDGE('',*,*,#2015,.F.);
#1027=ORIENTED_EDGE('',*,*,#2016,.T.);
#1028=ORIENTED_EDGE('',*,*,#2013,.T.);
#1029=ORIENTED_EDGE('',*,*,#1675,.F.);
#1030=ORIENTED_EDGE('',*,*,#2017,.F.);
#1031=ORIENTED_EDGE('',*,*,#2018,.T.);
#1032=ORIENTED_EDGE('',*,*,#2015,.T.);
#1033=ORIENTED_EDGE('',*,*,#1674,.F.);
#1034=ORIENTED_EDGE('',*,*,#2019,.F.);
#1035=ORIENTED_EDGE('',*,*,#2020,.T.);
#1036=ORIENTED_EDGE('',*,*,#2017,.T.);
#1037=ORIENTED_EDGE('',*,*,#1673,.F.);
#1038=ORIENTED_EDGE('',*,*,#2021,.F.);
#1039=ORIENTED_EDGE('',*,*,#2022,.T.);
#1040=ORIENTED_EDGE('',*,*,#2019,.T.);
#1041=ORIENTED_EDGE('',*,*,#1672,.F.);
#1042=ORIENTED_EDGE('',*,*,#2023,.F.);
#1043=ORIENTED_EDGE('',*,*,#2024,.T.);
#1044=ORIENTED_EDGE('',*,*,#2021,.T.);
#1045=ORIENTED_EDGE('',*,*,#1671,.F.);
#1046=ORIENTED_EDGE('',*,*,#2025,.F.);
#1047=ORIENTED_EDGE('',*,*,#2026,.T.);
#1048=ORIENTED_EDGE('',*,*,#2023,.T.);
#1049=ORIENTED_EDGE('',*,*,#1670,.F.);
#1050=ORIENTED_EDGE('',*,*,#2027,.F.);
#1051=ORIENTED_EDGE('',*,*,#2028,.T.);
#1052=ORIENTED_EDGE('',*,*,#2025,.T.);
#1053=ORIENTED_EDGE('',*,*,#1669,.F.);
#1054=ORIENTED_EDGE('',*,*,#2029,.F.);
#1055=ORIENTED_EDGE('',*,*,#2030,.T.);
#1056=ORIENTED_EDGE('',*,*,#2027,.T.);
#1057=ORIENTED_EDGE('',*,*,#1668,.F.);
#1058=ORIENTED_EDGE('',*,*,#2031,.F.);
#1059=ORIENTED_EDGE('',*,*,#2032,.T.);
#1060=ORIENTED_EDGE('',*,*,#2029,.T.);
#1061=ORIENTED_EDGE('',*,*,#1667,.F.);
#1062=ORIENTED_EDGE('',*,*,#2033,.F.);
#1063=ORIENTED_EDGE('',*,*,#2034,.T.);
#1064=ORIENTED_EDGE('',*,*,#2031,.T.);
#1065=ORIENTED_EDGE('',*,*,#1666,.F.);
#1066=ORIENTED_EDGE('',*,*,#2035,.F.);
#1067=ORIENTED_EDGE('',*,*,#2036,.T.);
#1068=ORIENTED_EDGE('',*,*,#2033,.T.);
#1069=ORIENTED_EDGE('',*,*,#1665,.F.);
#1070=ORIENTED_EDGE('',*,*,#2037,.F.);
#1071=ORIENTED_EDGE('',*,*,#2038,.T.);
#1072=ORIENTED_EDGE('',*,*,#2035,.T.);
#1073=ORIENTED_EDGE('',*,*,#1664,.F.);
#1074=ORIENTED_EDGE('',*,*,#1998,.F.);
#1075=ORIENTED_EDGE('',*,*,#2039,.T.);
#1076=ORIENTED_EDGE('',*,*,#2037,.T.);
#1077=ORIENTED_EDGE('',*,*,#1997,.F.);
#1078=ORIENTED_EDGE('',*,*,#2000,.F.);
#1079=ORIENTED_EDGE('',*,*,#2002,.F.);
#1080=ORIENTED_EDGE('',*,*,#2004,.F.);
#1081=ORIENTED_EDGE('',*,*,#2006,.F.);
#1082=ORIENTED_EDGE('',*,*,#2008,.F.);
#1083=ORIENTED_EDGE('',*,*,#2010,.F.);
#1084=ORIENTED_EDGE('',*,*,#2012,.F.);
#1085=ORIENTED_EDGE('',*,*,#2014,.F.);
#1086=ORIENTED_EDGE('',*,*,#2016,.F.);
#1087=ORIENTED_EDGE('',*,*,#2018,.F.);
#1088=ORIENTED_EDGE('',*,*,#2020,.F.);
#1089=ORIENTED_EDGE('',*,*,#2022,.F.);
#1090=ORIENTED_EDGE('',*,*,#2024,.F.);
#1091=ORIENTED_EDGE('',*,*,#2026,.F.);
#1092=ORIENTED_EDGE('',*,*,#2028,.F.);
#1093=ORIENTED_EDGE('',*,*,#2030,.F.);
#1094=ORIENTED_EDGE('',*,*,#2032,.F.);
#1095=ORIENTED_EDGE('',*,*,#2034,.F.);
#1096=ORIENTED_EDGE('',*,*,#2036,.F.);
#1097=ORIENTED_EDGE('',*,*,#2038,.F.);
#1098=ORIENTED_EDGE('',*,*,#2039,.F.);
#1099=ORIENTED_EDGE('',*,*,#2040,.F.);
#1100=ORIENTED_EDGE('',*,*,#2041,.F.);
#1101=ORIENTED_EDGE('',*,*,#2042,.T.);
#1102=ORIENTED_EDGE('',*,*,#2043,.T.);
#1103=ORIENTED_EDGE('',*,*,#2044,.F.);
#1104=ORIENTED_EDGE('',*,*,#2045,.F.);
#1105=ORIENTED_EDGE('',*,*,#2046,.T.);
#1106=ORIENTED_EDGE('',*,*,#2041,.T.);
#1107=ORIENTED_EDGE('',*,*,#2047,.F.);
#1108=ORIENTED_EDGE('',*,*,#2048,.F.);
#1109=ORIENTED_EDGE('',*,*,#2049,.T.);
#1110=ORIENTED_EDGE('',*,*,#2045,.T.);
#1111=ORIENTED_EDGE('',*,*,#2050,.F.);
#1112=ORIENTED_EDGE('',*,*,#2051,.F.);
#1113=ORIENTED_EDGE('',*,*,#2052,.T.);
#1114=ORIENTED_EDGE('',*,*,#2048,.T.);
#1115=ORIENTED_EDGE('',*,*,#2053,.F.);
#1116=ORIENTED_EDGE('',*,*,#2054,.F.);
#1117=ORIENTED_EDGE('',*,*,#2055,.T.);
#1118=ORIENTED_EDGE('',*,*,#2051,.T.);
#1119=ORIENTED_EDGE('',*,*,#2056,.F.);
#1120=ORIENTED_EDGE('',*,*,#2057,.F.);
#1121=ORIENTED_EDGE('',*,*,#2058,.T.);
#1122=ORIENTED_EDGE('',*,*,#2054,.T.);
#1123=ORIENTED_EDGE('',*,*,#2059,.F.);
#1124=ORIENTED_EDGE('',*,*,#2060,.F.);
#1125=ORIENTED_EDGE('',*,*,#2061,.T.);
#1126=ORIENTED_EDGE('',*,*,#2057,.T.);
#1127=ORIENTED_EDGE('',*,*,#2062,.F.);
#1128=ORIENTED_EDGE('',*,*,#2063,.F.);
#1129=ORIENTED_EDGE('',*,*,#2064,.T.);
#1130=ORIENTED_EDGE('',*,*,#2060,.T.);
#1131=ORIENTED_EDGE('',*,*,#2065,.F.);
#1132=ORIENTED_EDGE('',*,*,#2066,.F.);
#1133=ORIENTED_EDGE('',*,*,#2067,.T.);
#1134=ORIENTED_EDGE('',*,*,#2063,.T.);
#1135=ORIENTED_EDGE('',*,*,#2068,.F.);
#1136=ORIENTED_EDGE('',*,*,#2069,.F.);
#1137=ORIENTED_EDGE('',*,*,#2070,.T.);
#1138=ORIENTED_EDGE('',*,*,#2066,.T.);
#1139=ORIENTED_EDGE('',*,*,#2071,.F.);
#1140=ORIENTED_EDGE('',*,*,#2072,.F.);
#1141=ORIENTED_EDGE('',*,*,#2073,.T.);
#1142=ORIENTED_EDGE('',*,*,#2069,.T.);
#1143=ORIENTED_EDGE('',*,*,#1759,.F.);
#1144=ORIENTED_EDGE('',*,*,#2074,.F.);
#1145=ORIENTED_EDGE('',*,*,#2075,.T.);
#1146=ORIENTED_EDGE('',*,*,#2076,.T.);
#1147=ORIENTED_EDGE('',*,*,#1758,.F.);
#1148=ORIENTED_EDGE('',*,*,#2077,.F.);
#1149=ORIENTED_EDGE('',*,*,#2078,.T.);
#1150=ORIENTED_EDGE('',*,*,#2074,.T.);
#1151=ORIENTED_EDGE('',*,*,#1769,.F.);
#1152=ORIENTED_EDGE('',*,*,#2079,.F.);
#1153=ORIENTED_EDGE('',*,*,#2080,.T.);
#1154=ORIENTED_EDGE('',*,*,#2077,.T.);
#1155=ORIENTED_EDGE('',*,*,#1768,.F.);
#1156=ORIENTED_EDGE('',*,*,#2081,.F.);
#1157=ORIENTED_EDGE('',*,*,#2082,.T.);
#1158=ORIENTED_EDGE('',*,*,#2079,.T.);
#1159=ORIENTED_EDGE('',*,*,#1767,.F.);
#1160=ORIENTED_EDGE('',*,*,#2083,.F.);
#1161=ORIENTED_EDGE('',*,*,#2084,.T.);
#1162=ORIENTED_EDGE('',*,*,#2081,.T.);
#1163=ORIENTED_EDGE('',*,*,#1766,.F.);
#1164=ORIENTED_EDGE('',*,*,#2085,.F.);
#1165=ORIENTED_EDGE('',*,*,#2086,.T.);
#1166=ORIENTED_EDGE('',*,*,#2083,.T.);
#1167=ORIENTED_EDGE('',*,*,#1765,.F.);
#1168=ORIENTED_EDGE('',*,*,#2087,.F.);
#1169=ORIENTED_EDGE('',*,*,#2088,.T.);
#1170=ORIENTED_EDGE('',*,*,#2085,.T.);
#1171=ORIENTED_EDGE('',*,*,#1764,.F.);
#1172=ORIENTED_EDGE('',*,*,#2089,.F.);
#1173=ORIENTED_EDGE('',*,*,#2090,.T.);
#1174=ORIENTED_EDGE('',*,*,#2087,.T.);
#1175=ORIENTED_EDGE('',*,*,#1763,.F.);
#1176=ORIENTED_EDGE('',*,*,#2091,.F.);
#1177=ORIENTED_EDGE('',*,*,#2092,.T.);
#1178=ORIENTED_EDGE('',*,*,#2089,.T.);
#1179=ORIENTED_EDGE('',*,*,#1762,.F.);
#1180=ORIENTED_EDGE('',*,*,#2093,.F.);
#1181=ORIENTED_EDGE('',*,*,#2094,.T.);
#1182=ORIENTED_EDGE('',*,*,#2091,.T.);
#1183=ORIENTED_EDGE('',*,*,#1761,.F.);
#1184=ORIENTED_EDGE('',*,*,#2095,.F.);
#1185=ORIENTED_EDGE('',*,*,#2096,.T.);
#1186=ORIENTED_EDGE('',*,*,#2093,.T.);
#1187=ORIENTED_EDGE('',*,*,#1760,.F.);
#1188=ORIENTED_EDGE('',*,*,#2076,.F.);
#1189=ORIENTED_EDGE('',*,*,#2097,.T.);
#1190=ORIENTED_EDGE('',*,*,#2095,.T.);
#1191=ORIENTED_EDGE('',*,*,#2098,.F.);
#1192=ORIENTED_EDGE('',*,*,#2043,.F.);
#1193=ORIENTED_EDGE('',*,*,#2099,.T.);
#1194=ORIENTED_EDGE('',*,*,#2072,.T.);
#1195=ORIENTED_EDGE('',*,*,#2075,.F.);
#1196=ORIENTED_EDGE('',*,*,#2078,.F.);
#1197=ORIENTED_EDGE('',*,*,#2080,.F.);
#1198=ORIENTED_EDGE('',*,*,#2082,.F.);
#1199=ORIENTED_EDGE('',*,*,#2084,.F.);
#1200=ORIENTED_EDGE('',*,*,#2086,.F.);
#1201=ORIENTED_EDGE('',*,*,#2088,.F.);
#1202=ORIENTED_EDGE('',*,*,#2090,.F.);
#1203=ORIENTED_EDGE('',*,*,#2092,.F.);
#1204=ORIENTED_EDGE('',*,*,#2094,.F.);
#1205=ORIENTED_EDGE('',*,*,#2096,.F.);
#1206=ORIENTED_EDGE('',*,*,#2097,.F.);
#1207=ORIENTED_EDGE('',*,*,#2042,.F.);
#1208=ORIENTED_EDGE('',*,*,#2046,.F.);
#1209=ORIENTED_EDGE('',*,*,#2049,.F.);
#1210=ORIENTED_EDGE('',*,*,#2052,.F.);
#1211=ORIENTED_EDGE('',*,*,#2055,.F.);
#1212=ORIENTED_EDGE('',*,*,#2058,.F.);
#1213=ORIENTED_EDGE('',*,*,#2061,.F.);
#1214=ORIENTED_EDGE('',*,*,#2064,.F.);
#1215=ORIENTED_EDGE('',*,*,#2067,.F.);
#1216=ORIENTED_EDGE('',*,*,#2070,.F.);
#1217=ORIENTED_EDGE('',*,*,#2073,.F.);
#1218=ORIENTED_EDGE('',*,*,#2099,.F.);
#1219=ORIENTED_EDGE('',*,*,#1771,.F.);
#1220=ORIENTED_EDGE('',*,*,#2100,.F.);
#1221=ORIENTED_EDGE('',*,*,#2101,.T.);
#1222=ORIENTED_EDGE('',*,*,#2102,.T.);
#1223=ORIENTED_EDGE('',*,*,#1770,.F.);
#1224=ORIENTED_EDGE('',*,*,#2103,.F.);
#1225=ORIENTED_EDGE('',*,*,#2104,.T.);
#1226=ORIENTED_EDGE('',*,*,#2100,.T.);
#1227=ORIENTED_EDGE('',*,*,#1775,.F.);
#1228=ORIENTED_EDGE('',*,*,#2105,.F.);
#1229=ORIENTED_EDGE('',*,*,#2106,.T.);
#1230=ORIENTED_EDGE('',*,*,#2103,.T.);
#1231=ORIENTED_EDGE('',*,*,#1774,.F.);
#1232=ORIENTED_EDGE('',*,*,#2107,.F.);
#1233=ORIENTED_EDGE('',*,*,#2108,.T.);
#1234=ORIENTED_EDGE('',*,*,#2105,.T.);
#1235=ORIENTED_EDGE('',*,*,#1773,.F.);
#1236=ORIENTED_EDGE('',*,*,#2109,.F.);
#1237=ORIENTED_EDGE('',*,*,#2110,.T.);
#1238=ORIENTED_EDGE('',*,*,#2107,.T.);
#1239=ORIENTED_EDGE('',*,*,#1772,.F.);
#1240=ORIENTED_EDGE('',*,*,#2102,.F.);
#1241=ORIENTED_EDGE('',*,*,#2111,.T.);
#1242=ORIENTED_EDGE('',*,*,#2109,.T.);
#1243=ORIENTED_EDGE('',*,*,#2101,.F.);
#1244=ORIENTED_EDGE('',*,*,#2104,.F.);
#1245=ORIENTED_EDGE('',*,*,#2106,.F.);
#1246=ORIENTED_EDGE('',*,*,#2108,.F.);
#1247=ORIENTED_EDGE('',*,*,#2110,.F.);
#1248=ORIENTED_EDGE('',*,*,#2111,.F.);
#1249=ORIENTED_EDGE('',*,*,#1777,.F.);
#1250=ORIENTED_EDGE('',*,*,#2112,.F.);
#1251=ORIENTED_EDGE('',*,*,#2113,.T.);
#1252=ORIENTED_EDGE('',*,*,#2114,.T.);
#1253=ORIENTED_EDGE('',*,*,#1776,.F.);
#1254=ORIENTED_EDGE('',*,*,#2115,.F.);
#1255=ORIENTED_EDGE('',*,*,#2116,.T.);
#1256=ORIENTED_EDGE('',*,*,#2112,.T.);
#1257=ORIENTED_EDGE('',*,*,#1802,.F.);
#1258=ORIENTED_EDGE('',*,*,#2117,.F.);
#1259=ORIENTED_EDGE('',*,*,#2118,.T.);
#1260=ORIENTED_EDGE('',*,*,#2115,.T.);
#1261=ORIENTED_EDGE('',*,*,#1801,.F.);
#1262=ORIENTED_EDGE('',*,*,#2119,.F.);
#1263=ORIENTED_EDGE('',*,*,#2120,.T.);
#1264=ORIENTED_EDGE('',*,*,#2117,.T.);
#1265=ORIENTED_EDGE('',*,*,#1800,.F.);
#1266=ORIENTED_EDGE('',*,*,#2121,.F.);
#1267=ORIENTED_EDGE('',*,*,#2122,.T.);
#1268=ORIENTED_EDGE('',*,*,#2119,.T.);
#1269=ORIENTED_EDGE('',*,*,#1799,.F.);
#1270=ORIENTED_EDGE('',*,*,#2123,.F.);
#1271=ORIENTED_EDGE('',*,*,#2124,.T.);
#1272=ORIENTED_EDGE('',*,*,#2121,.T.);
#1273=ORIENTED_EDGE('',*,*,#1798,.F.);
#1274=ORIENTED_EDGE('',*,*,#2125,.F.);
#1275=ORIENTED_EDGE('',*,*,#2126,.T.);
#1276=ORIENTED_EDGE('',*,*,#2123,.T.);
#1277=ORIENTED_EDGE('',*,*,#1797,.F.);
#1278=ORIENTED_EDGE('',*,*,#2127,.F.);
#1279=ORIENTED_EDGE('',*,*,#2128,.T.);
#1280=ORIENTED_EDGE('',*,*,#2125,.T.);
#1281=ORIENTED_EDGE('',*,*,#1796,.F.);
#1282=ORIENTED_EDGE('',*,*,#2129,.F.);
#1283=ORIENTED_EDGE('',*,*,#2130,.T.);
#1284=ORIENTED_EDGE('',*,*,#2127,.T.);
#1285=ORIENTED_EDGE('',*,*,#1795,.F.);
#1286=ORIENTED_EDGE('',*,*,#2131,.F.);
#1287=ORIENTED_EDGE('',*,*,#2132,.T.);
#1288=ORIENTED_EDGE('',*,*,#2129,.T.);
#1289=ORIENTED_EDGE('',*,*,#1794,.F.);
#1290=ORIENTED_EDGE('',*,*,#2133,.F.);
#1291=ORIENTED_EDGE('',*,*,#2134,.T.);
#1292=ORIENTED_EDGE('',*,*,#2131,.T.);
#1293=ORIENTED_EDGE('',*,*,#1793,.F.);
#1294=ORIENTED_EDGE('',*,*,#2135,.F.);
#1295=ORIENTED_EDGE('',*,*,#2136,.T.);
#1296=ORIENTED_EDGE('',*,*,#2133,.T.);
#1297=ORIENTED_EDGE('',*,*,#1792,.F.);
#1298=ORIENTED_EDGE('',*,*,#2137,.F.);
#1299=ORIENTED_EDGE('',*,*,#2138,.T.);
#1300=ORIENTED_EDGE('',*,*,#2135,.T.);
#1301=ORIENTED_EDGE('',*,*,#1791,.F.);
#1302=ORIENTED_EDGE('',*,*,#2139,.F.);
#1303=ORIENTED_EDGE('',*,*,#2140,.T.);
#1304=ORIENTED_EDGE('',*,*,#2137,.T.);
#1305=ORIENTED_EDGE('',*,*,#1790,.F.);
#1306=ORIENTED_EDGE('',*,*,#2141,.F.);
#1307=ORIENTED_EDGE('',*,*,#2142,.T.);
#1308=ORIENTED_EDGE('',*,*,#2139,.T.);
#1309=ORIENTED_EDGE('',*,*,#1789,.F.);
#1310=ORIENTED_EDGE('',*,*,#2143,.F.);
#1311=ORIENTED_EDGE('',*,*,#2144,.T.);
#1312=ORIENTED_EDGE('',*,*,#2141,.T.);
#1313=ORIENTED_EDGE('',*,*,#1788,.F.);
#1314=ORIENTED_EDGE('',*,*,#2145,.F.);
#1315=ORIENTED_EDGE('',*,*,#2146,.T.);
#1316=ORIENTED_EDGE('',*,*,#2143,.T.);
#1317=ORIENTED_EDGE('',*,*,#1787,.F.);
#1318=ORIENTED_EDGE('',*,*,#2147,.F.);
#1319=ORIENTED_EDGE('',*,*,#2148,.T.);
#1320=ORIENTED_EDGE('',*,*,#2145,.T.);
#1321=ORIENTED_EDGE('',*,*,#1786,.F.);
#1322=ORIENTED_EDGE('',*,*,#2149,.F.);
#1323=ORIENTED_EDGE('',*,*,#2150,.T.);
#1324=ORIENTED_EDGE('',*,*,#2147,.T.);
#1325=ORIENTED_EDGE('',*,*,#1785,.F.);
#1326=ORIENTED_EDGE('',*,*,#2151,.F.);
#1327=ORIENTED_EDGE('',*,*,#2152,.T.);
#1328=ORIENTED_EDGE('',*,*,#2149,.T.);
#1329=ORIENTED_EDGE('',*,*,#1784,.F.);
#1330=ORIENTED_EDGE('',*,*,#2153,.F.);
#1331=ORIENTED_EDGE('',*,*,#2154,.T.);
#1332=ORIENTED_EDGE('',*,*,#2151,.T.);
#1333=ORIENTED_EDGE('',*,*,#1783,.F.);
#1334=ORIENTED_EDGE('',*,*,#2155,.F.);
#1335=ORIENTED_EDGE('',*,*,#2156,.T.);
#1336=ORIENTED_EDGE('',*,*,#2153,.T.);
#1337=ORIENTED_EDGE('',*,*,#1782,.F.);
#1338=ORIENTED_EDGE('',*,*,#2157,.F.);
#1339=ORIENTED_EDGE('',*,*,#2158,.T.);
#1340=ORIENTED_EDGE('',*,*,#2155,.T.);
#1341=ORIENTED_EDGE('',*,*,#1781,.F.);
#1342=ORIENTED_EDGE('',*,*,#2159,.F.);
#1343=ORIENTED_EDGE('',*,*,#2160,.T.);
#1344=ORIENTED_EDGE('',*,*,#2157,.T.);
#1345=ORIENTED_EDGE('',*,*,#1780,.F.);
#1346=ORIENTED_EDGE('',*,*,#2161,.F.);
#1347=ORIENTED_EDGE('',*,*,#2162,.T.);
#1348=ORIENTED_EDGE('',*,*,#2159,.T.);
#1349=ORIENTED_EDGE('',*,*,#1779,.F.);
#1350=ORIENTED_EDGE('',*,*,#2163,.F.);
#1351=ORIENTED_EDGE('',*,*,#2164,.T.);
#1352=ORIENTED_EDGE('',*,*,#2161,.T.);
#1353=ORIENTED_EDGE('',*,*,#1778,.F.);
#1354=ORIENTED_EDGE('',*,*,#2114,.F.);
#1355=ORIENTED_EDGE('',*,*,#2165,.T.);
#1356=ORIENTED_EDGE('',*,*,#2163,.T.);
#1357=ORIENTED_EDGE('',*,*,#2113,.F.);
#1358=ORIENTED_EDGE('',*,*,#2116,.F.);
#1359=ORIENTED_EDGE('',*,*,#2118,.F.);
#1360=ORIENTED_EDGE('',*,*,#2120,.F.);
#1361=ORIENTED_EDGE('',*,*,#2122,.F.);
#1362=ORIENTED_EDGE('',*,*,#2124,.F.);
#1363=ORIENTED_EDGE('',*,*,#2126,.F.);
#1364=ORIENTED_EDGE('',*,*,#2128,.F.);
#1365=ORIENTED_EDGE('',*,*,#2130,.F.);
#1366=ORIENTED_EDGE('',*,*,#2132,.F.);
#1367=ORIENTED_EDGE('',*,*,#2134,.F.);
#1368=ORIENTED_EDGE('',*,*,#2136,.F.);
#1369=ORIENTED_EDGE('',*,*,#2138,.F.);
#1370=ORIENTED_EDGE('',*,*,#2140,.F.);
#1371=ORIENTED_EDGE('',*,*,#2142,.F.);
#1372=ORIENTED_EDGE('',*,*,#2144,.F.);
#1373=ORIENTED_EDGE('',*,*,#2146,.F.);
#1374=ORIENTED_EDGE('',*,*,#2148,.F.);
#1375=ORIENTED_EDGE('',*,*,#2150,.F.);
#1376=ORIENTED_EDGE('',*,*,#2152,.F.);
#1377=ORIENTED_EDGE('',*,*,#2154,.F.);
#1378=ORIENTED_EDGE('',*,*,#2156,.F.);
#1379=ORIENTED_EDGE('',*,*,#2158,.F.);
#1380=ORIENTED_EDGE('',*,*,#2160,.F.);
#1381=ORIENTED_EDGE('',*,*,#2162,.F.);
#1382=ORIENTED_EDGE('',*,*,#2164,.F.);
#1383=ORIENTED_EDGE('',*,*,#2165,.F.);
#1384=ORIENTED_EDGE('',*,*,#1804,.F.);
#1385=ORIENTED_EDGE('',*,*,#2166,.F.);
#1386=ORIENTED_EDGE('',*,*,#2167,.T.);
#1387=ORIENTED_EDGE('',*,*,#2168,.T.);
#1388=ORIENTED_EDGE('',*,*,#1803,.F.);
#1389=ORIENTED_EDGE('',*,*,#2169,.F.);
#1390=ORIENTED_EDGE('',*,*,#2170,.T.);
#1391=ORIENTED_EDGE('',*,*,#2166,.T.);
#1392=ORIENTED_EDGE('',*,*,#1831,.F.);
#1393=ORIENTED_EDGE('',*,*,#2171,.F.);
#1394=ORIENTED_EDGE('',*,*,#2172,.T.);
#1395=ORIENTED_EDGE('',*,*,#2169,.T.);
#1396=ORIENTED_EDGE('',*,*,#1830,.F.);
#1397=ORIENTED_EDGE('',*,*,#2173,.F.);
#1398=ORIENTED_EDGE('',*,*,#2174,.T.);
#1399=ORIENTED_EDGE('',*,*,#2171,.T.);
#1400=ORIENTED_EDGE('',*,*,#1829,.F.);
#1401=ORIENTED_EDGE('',*,*,#2175,.F.);
#1402=ORIENTED_EDGE('',*,*,#2176,.T.);
#1403=ORIENTED_EDGE('',*,*,#2173,.T.);
#1404=ORIENTED_EDGE('',*,*,#1828,.F.);
#1405=ORIENTED_EDGE('',*,*,#2177,.F.);
#1406=ORIENTED_EDGE('',*,*,#2178,.T.);
#1407=ORIENTED_EDGE('',*,*,#2175,.T.);
#1408=ORIENTED_EDGE('',*,*,#1827,.F.);
#1409=ORIENTED_EDGE('',*,*,#2179,.F.);
#1410=ORIENTED_EDGE('',*,*,#2180,.T.);
#1411=ORIENTED_EDGE('',*,*,#2177,.T.);
#1412=ORIENTED_EDGE('',*,*,#1826,.F.);
#1413=ORIENTED_EDGE('',*,*,#2181,.F.);
#1414=ORIENTED_EDGE('',*,*,#2182,.T.);
#1415=ORIENTED_EDGE('',*,*,#2179,.T.);
#1416=ORIENTED_EDGE('',*,*,#1825,.F.);
#1417=ORIENTED_EDGE('',*,*,#2183,.F.);
#1418=ORIENTED_EDGE('',*,*,#2184,.T.);
#1419=ORIENTED_EDGE('',*,*,#2181,.T.);
#1420=ORIENTED_EDGE('',*,*,#1824,.F.);
#1421=ORIENTED_EDGE('',*,*,#2185,.F.);
#1422=ORIENTED_EDGE('',*,*,#2186,.T.);
#1423=ORIENTED_EDGE('',*,*,#2183,.T.);
#1424=ORIENTED_EDGE('',*,*,#1823,.F.);
#1425=ORIENTED_EDGE('',*,*,#2187,.F.);
#1426=ORIENTED_EDGE('',*,*,#2188,.T.);
#1427=ORIENTED_EDGE('',*,*,#2185,.T.);
#1428=ORIENTED_EDGE('',*,*,#1822,.F.);
#1429=ORIENTED_EDGE('',*,*,#2189,.F.);
#1430=ORIENTED_EDGE('',*,*,#2190,.T.);
#1431=ORIENTED_EDGE('',*,*,#2187,.T.);
#1432=ORIENTED_EDGE('',*,*,#1821,.F.);
#1433=ORIENTED_EDGE('',*,*,#2191,.F.);
#1434=ORIENTED_EDGE('',*,*,#2192,.T.);
#1435=ORIENTED_EDGE('',*,*,#2189,.T.);
#1436=ORIENTED_EDGE('',*,*,#1820,.F.);
#1437=ORIENTED_EDGE('',*,*,#2193,.F.);
#1438=ORIENTED_EDGE('',*,*,#2194,.T.);
#1439=ORIENTED_EDGE('',*,*,#2191,.T.);
#1440=ORIENTED_EDGE('',*,*,#1819,.F.);
#1441=ORIENTED_EDGE('',*,*,#2195,.F.);
#1442=ORIENTED_EDGE('',*,*,#2196,.T.);
#1443=ORIENTED_EDGE('',*,*,#2193,.T.);
#1444=ORIENTED_EDGE('',*,*,#1818,.F.);
#1445=ORIENTED_EDGE('',*,*,#2197,.F.);
#1446=ORIENTED_EDGE('',*,*,#2198,.T.);
#1447=ORIENTED_EDGE('',*,*,#2195,.T.);
#1448=ORIENTED_EDGE('',*,*,#1817,.F.);
#1449=ORIENTED_EDGE('',*,*,#2199,.F.);
#1450=ORIENTED_EDGE('',*,*,#2200,.T.);
#1451=ORIENTED_EDGE('',*,*,#2197,.T.);
#1452=ORIENTED_EDGE('',*,*,#1816,.F.);
#1453=ORIENTED_EDGE('',*,*,#2201,.F.);
#1454=ORIENTED_EDGE('',*,*,#2202,.T.);
#1455=ORIENTED_EDGE('',*,*,#2199,.T.);
#1456=ORIENTED_EDGE('',*,*,#1815,.F.);
#1457=ORIENTED_EDGE('',*,*,#2203,.F.);
#1458=ORIENTED_EDGE('',*,*,#2204,.T.);
#1459=ORIENTED_EDGE('',*,*,#2201,.T.);
#1460=ORIENTED_EDGE('',*,*,#1814,.F.);
#1461=ORIENTED_EDGE('',*,*,#2205,.F.);
#1462=ORIENTED_EDGE('',*,*,#2206,.T.);
#1463=ORIENTED_EDGE('',*,*,#2203,.T.);
#1464=ORIENTED_EDGE('',*,*,#1813,.F.);
#1465=ORIENTED_EDGE('',*,*,#2207,.F.);
#1466=ORIENTED_EDGE('',*,*,#2208,.T.);
#1467=ORIENTED_EDGE('',*,*,#2205,.T.);
#1468=ORIENTED_EDGE('',*,*,#1812,.F.);
#1469=ORIENTED_EDGE('',*,*,#2209,.F.);
#1470=ORIENTED_EDGE('',*,*,#2210,.T.);
#1471=ORIENTED_EDGE('',*,*,#2207,.T.);
#1472=ORIENTED_EDGE('',*,*,#1811,.F.);
#1473=ORIENTED_EDGE('',*,*,#2211,.F.);
#1474=ORIENTED_EDGE('',*,*,#2212,.T.);
#1475=ORIENTED_EDGE('',*,*,#2209,.T.);
#1476=ORIENTED_EDGE('',*,*,#1810,.F.);
#1477=ORIENTED_EDGE('',*,*,#2213,.F.);
#1478=ORIENTED_EDGE('',*,*,#2214,.T.);
#1479=ORIENTED_EDGE('',*,*,#2211,.T.);
#1480=ORIENTED_EDGE('',*,*,#1809,.F.);
#1481=ORIENTED_EDGE('',*,*,#2215,.F.);
#1482=ORIENTED_EDGE('',*,*,#2216,.T.);
#1483=ORIENTED_EDGE('',*,*,#2213,.T.);
#1484=ORIENTED_EDGE('',*,*,#1808,.F.);
#1485=ORIENTED_EDGE('',*,*,#2217,.F.);
#1486=ORIENTED_EDGE('',*,*,#2218,.T.);
#1487=ORIENTED_EDGE('',*,*,#2215,.T.);
#1488=ORIENTED_EDGE('',*,*,#1807,.F.);
#1489=ORIENTED_EDGE('',*,*,#2219,.F.);
#1490=ORIENTED_EDGE('',*,*,#2220,.T.);
#1491=ORIENTED_EDGE('',*,*,#2217,.T.);
#1492=ORIENTED_EDGE('',*,*,#1806,.F.);
#1493=ORIENTED_EDGE('',*,*,#2221,.F.);
#1494=ORIENTED_EDGE('',*,*,#2222,.T.);
#1495=ORIENTED_EDGE('',*,*,#2219,.T.);
#1496=ORIENTED_EDGE('',*,*,#1805,.F.);
#1497=ORIENTED_EDGE('',*,*,#2168,.F.);
#1498=ORIENTED_EDGE('',*,*,#2223,.T.);
#1499=ORIENTED_EDGE('',*,*,#2221,.T.);
#1500=ORIENTED_EDGE('',*,*,#2167,.F.);
#1501=ORIENTED_EDGE('',*,*,#2170,.F.);
#1502=ORIENTED_EDGE('',*,*,#2172,.F.);
#1503=ORIENTED_EDGE('',*,*,#2174,.F.);
#1504=ORIENTED_EDGE('',*,*,#2176,.F.);
#1505=ORIENTED_EDGE('',*,*,#2178,.F.);
#1506=ORIENTED_EDGE('',*,*,#2180,.F.);
#1507=ORIENTED_EDGE('',*,*,#2182,.F.);
#1508=ORIENTED_EDGE('',*,*,#2184,.F.);
#1509=ORIENTED_EDGE('',*,*,#2186,.F.);
#1510=ORIENTED_EDGE('',*,*,#2188,.F.);
#1511=ORIENTED_EDGE('',*,*,#2190,.F.);
#1512=ORIENTED_EDGE('',*,*,#2192,.F.);
#1513=ORIENTED_EDGE('',*,*,#2194,.F.);
#1514=ORIENTED_EDGE('',*,*,#2196,.F.);
#1515=ORIENTED_EDGE('',*,*,#2198,.F.);
#1516=ORIENTED_EDGE('',*,*,#2200,.F.);
#1517=ORIENTED_EDGE('',*,*,#2202,.F.);
#1518=ORIENTED_EDGE('',*,*,#2204,.F.);
#1519=ORIENTED_EDGE('',*,*,#2206,.F.);
#1520=ORIENTED_EDGE('',*,*,#2208,.F.);
#1521=ORIENTED_EDGE('',*,*,#2210,.F.);
#1522=ORIENTED_EDGE('',*,*,#2212,.F.);
#1523=ORIENTED_EDGE('',*,*,#2214,.F.);
#1524=ORIENTED_EDGE('',*,*,#2216,.F.);
#1525=ORIENTED_EDGE('',*,*,#2218,.F.);
#1526=ORIENTED_EDGE('',*,*,#2220,.F.);
#1527=ORIENTED_EDGE('',*,*,#2222,.F.);
#1528=ORIENTED_EDGE('',*,*,#2223,.F.);
#1529=ORIENTED_EDGE('',*,*,#1833,.F.);
#1530=ORIENTED_EDGE('',*,*,#2224,.F.);
#1531=ORIENTED_EDGE('',*,*,#2225,.T.);
#1532=ORIENTED_EDGE('',*,*,#2226,.T.);
#1533=ORIENTED_EDGE('',*,*,#1832,.F.);
#1534=ORIENTED_EDGE('',*,*,#2227,.F.);
#1535=ORIENTED_EDGE('',*,*,#2228,.T.);
#1536=ORIENTED_EDGE('',*,*,#2224,.T.);
#1537=ORIENTED_EDGE('',*,*,#1848,.F.);
#1538=ORIENTED_EDGE('',*,*,#2229,.F.);
#1539=ORIENTED_EDGE('',*,*,#2230,.T.);
#1540=ORIENTED_EDGE('',*,*,#2227,.T.);
#1541=ORIENTED_EDGE('',*,*,#1847,.F.);
#1542=ORIENTED_EDGE('',*,*,#2231,.F.);
#1543=ORIENTED_EDGE('',*,*,#2232,.T.);
#1544=ORIENTED_EDGE('',*,*,#2229,.T.);
#1545=ORIENTED_EDGE('',*,*,#1846,.F.);
#1546=ORIENTED_EDGE('',*,*,#2233,.F.);
#1547=ORIENTED_EDGE('',*,*,#2234,.T.);
#1548=ORIENTED_EDGE('',*,*,#2231,.T.);
#1549=ORIENTED_EDGE('',*,*,#1845,.F.);
#1550=ORIENTED_EDGE('',*,*,#2235,.F.);
#1551=ORIENTED_EDGE('',*,*,#2236,.T.);
#1552=ORIENTED_EDGE('',*,*,#2233,.T.);
#1553=ORIENTED_EDGE('',*,*,#1844,.F.);
#1554=ORIENTED_EDGE('',*,*,#2237,.F.);
#1555=ORIENTED_EDGE('',*,*,#2238,.T.);
#1556=ORIENTED_EDGE('',*,*,#2235,.T.);
#1557=ORIENTED_EDGE('',*,*,#1843,.F.);
#1558=ORIENTED_EDGE('',*,*,#2239,.F.);
#1559=ORIENTED_EDGE('',*,*,#2240,.T.);
#1560=ORIENTED_EDGE('',*,*,#2237,.T.);
#1561=ORIENTED_EDGE('',*,*,#1842,.F.);
#1562=ORIENTED_EDGE('',*,*,#2241,.F.);
#1563=ORIENTED_EDGE('',*,*,#2242,.T.);
#1564=ORIENTED_EDGE('',*,*,#2239,.T.);
#1565=ORIENTED_EDGE('',*,*,#1841,.F.);
#1566=ORIENTED_EDGE('',*,*,#2243,.F.);
#1567=ORIENTED_EDGE('',*,*,#2244,.T.);
#1568=ORIENTED_EDGE('',*,*,#2241,.T.);
#1569=ORIENTED_EDGE('',*,*,#1840,.F.);
#1570=ORIENTED_EDGE('',*,*,#2245,.F.);
#1571=ORIENTED_EDGE('',*,*,#2246,.T.);
#1572=ORIENTED_EDGE('',*,*,#2243,.T.);
#1573=ORIENTED_EDGE('',*,*,#1839,.F.);
#1574=ORIENTED_EDGE('',*,*,#2247,.F.);
#1575=ORIENTED_EDGE('',*,*,#2248,.T.);
#1576=ORIENTED_EDGE('',*,*,#2245,.T.);
#1577=ORIENTED_EDGE('',*,*,#1838,.F.);
#1578=ORIENTED_EDGE('',*,*,#2249,.F.);
#1579=ORIENTED_EDGE('',*,*,#2250,.T.);
#1580=ORIENTED_EDGE('',*,*,#2247,.T.);
#1581=ORIENTED_EDGE('',*,*,#1837,.F.);
#1582=ORIENTED_EDGE('',*,*,#2251,.F.);
#1583=ORIENTED_EDGE('',*,*,#2252,.T.);
#1584=ORIENTED_EDGE('',*,*,#2249,.T.);
#1585=ORIENTED_EDGE('',*,*,#1836,.F.);
#1586=ORIENTED_EDGE('',*,*,#2253,.F.);
#1587=ORIENTED_EDGE('',*,*,#2254,.T.);
#1588=ORIENTED_EDGE('',*,*,#2251,.T.);
#1589=ORIENTED_EDGE('',*,*,#1835,.F.);
#1590=ORIENTED_EDGE('',*,*,#2255,.F.);
#1591=ORIENTED_EDGE('',*,*,#2256,.T.);
#1592=ORIENTED_EDGE('',*,*,#2253,.T.);
#1593=ORIENTED_EDGE('',*,*,#1834,.F.);
#1594=ORIENTED_EDGE('',*,*,#2226,.F.);
#1595=ORIENTED_EDGE('',*,*,#2257,.T.);
#1596=ORIENTED_EDGE('',*,*,#2255,.T.);
#1597=ORIENTED_EDGE('',*,*,#2225,.F.);
#1598=ORIENTED_EDGE('',*,*,#2228,.F.);
#1599=ORIENTED_EDGE('',*,*,#2230,.F.);
#1600=ORIENTED_EDGE('',*,*,#2232,.F.);
#1601=ORIENTED_EDGE('',*,*,#2234,.F.);
#1602=ORIENTED_EDGE('',*,*,#2236,.F.);
#1603=ORIENTED_EDGE('',*,*,#2238,.F.);
#1604=ORIENTED_EDGE('',*,*,#2240,.F.);
#1605=ORIENTED_EDGE('',*,*,#2242,.F.);
#1606=ORIENTED_EDGE('',*,*,#2244,.F.);
#1607=ORIENTED_EDGE('',*,*,#2246,.F.);
#1608=ORIENTED_EDGE('',*,*,#2248,.F.);
#1609=ORIENTED_EDGE('',*,*,#2250,.F.);
#1610=ORIENTED_EDGE('',*,*,#2252,.F.);
#1611=ORIENTED_EDGE('',*,*,#2254,.F.);
#1612=ORIENTED_EDGE('',*,*,#2256,.F.);
#1613=ORIENTED_EDGE('',*,*,#2257,.F.);
#1614=ORIENTED_EDGE('',*,*,#2044,.T.);
#1615=ORIENTED_EDGE('',*,*,#2040,.T.);
#1616=ORIENTED_EDGE('',*,*,#2098,.T.);
#1617=ORIENTED_EDGE('',*,*,#2071,.T.);
#1618=ORIENTED_EDGE('',*,*,#2068,.T.);
#1619=ORIENTED_EDGE('',*,*,#2065,.T.);
#1620=ORIENTED_EDGE('',*,*,#2062,.T.);
#1621=ORIENTED_EDGE('',*,*,#2059,.T.);
#1622=ORIENTED_EDGE('',*,*,#2056,.T.);
#1623=ORIENTED_EDGE('',*,*,#2053,.T.);
#1624=ORIENTED_EDGE('',*,*,#2050,.T.);
#1625=ORIENTED_EDGE('',*,*,#2047,.T.);
#1626=ORIENTED_EDGE('',*,*,#1658,.T.);
#1627=ORIENTED_EDGE('',*,*,#2258,.F.);
#1628=ORIENTED_EDGE('',*,*,#2259,.T.);
#1629=ORIENTED_EDGE('',*,*,#2260,.F.);
#1630=ORIENTED_EDGE('',*,*,#2258,.T.);
#1631=ORIENTED_EDGE('',*,*,#1661,.T.);
#1632=ORIENTED_EDGE('',*,*,#2261,.F.);
#1633=ORIENTED_EDGE('',*,*,#1660,.F.);
#1634=ORIENTED_EDGE('',*,*,#2262,.F.);
#1635=ORIENTED_EDGE('',*,*,#2261,.T.);
#1636=ORIENTED_EDGE('',*,*,#2259,.F.);
#1637=ORIENTED_EDGE('',*,*,#2260,.T.);
#1638=ORIENTED_EDGE('',*,*,#2262,.T.);
#1639=ORIENTED_EDGE('',*,*,#1659,.F.);
#1640=ORIENTED_EDGE('',*,*,#2263,.F.);
#1641=ORIENTED_EDGE('',*,*,#2264,.T.);
#1642=ORIENTED_EDGE('',*,*,#2265,.T.);
#1643=ORIENTED_EDGE('',*,*,#1870,.T.);
#1644=ORIENTED_EDGE('',*,*,#1873,.T.);
#1645=ORIENTED_EDGE('',*,*,#2266,.F.);
#1646=ORIENTED_EDGE('',*,*,#2263,.T.);
#1647=ORIENTED_EDGE('',*,*,#2264,.F.);
#1648=ORIENTED_EDGE('',*,*,#2266,.T.);
#1649=ORIENTED_EDGE('',*,*,#1872,.F.);
#1650=ORIENTED_EDGE('',*,*,#2267,.F.);
#1651=ORIENTED_EDGE('',*,*,#1871,.F.);
#1652=ORIENTED_EDGE('',*,*,#2265,.F.);
#1653=ORIENTED_EDGE('',*,*,#2267,.T.);
#1654=EDGE_CURVE('',#2268,#2269,#2680,.T.);
#1655=EDGE_CURVE('',#2270,#2269,#2681,.T.);
#1656=EDGE_CURVE('',#2271,#2270,#2682,.T.);
#1657=EDGE_CURVE('',#2271,#2268,#2683,.T.);
#1658=EDGE_CURVE('',#2272,#2273,#2684,.F.);
#1659=EDGE_CURVE('',#2272,#2274,#2685,.T.);
#1660=EDGE_CURVE('',#2274,#2275,#2686,.T.);
#1661=EDGE_CURVE('',#2273,#2275,#2687,.F.);
#1662=EDGE_CURVE('',#2276,#2277,#2688,.T.);
#1663=EDGE_CURVE('',#2277,#2278,#214,.F.);
#1664=EDGE_CURVE('',#2278,#2279,#215,.F.);
#1665=EDGE_CURVE('',#2279,#2280,#2689,.T.);
#1666=EDGE_CURVE('',#2280,#2281,#216,.F.);
#1667=EDGE_CURVE('',#2281,#2282,#217,.F.);
#1668=EDGE_CURVE('',#2282,#2283,#2690,.T.);
#1669=EDGE_CURVE('',#2283,#2284,#218,.F.);
#1670=EDGE_CURVE('',#2284,#2285,#219,.F.);
#1671=EDGE_CURVE('',#2285,#2286,#2691,.T.);
#1672=EDGE_CURVE('',#2286,#2287,#220,.F.);
#1673=EDGE_CURVE('',#2287,#2288,#221,.F.);
#1674=EDGE_CURVE('',#2288,#2289,#2692,.T.);
#1675=EDGE_CURVE('',#2289,#2290,#222,.T.);
#1676=EDGE_CURVE('',#2290,#2291,#2693,.T.);
#1677=EDGE_CURVE('',#2291,#2292,#223,.F.);
#1678=EDGE_CURVE('',#2292,#2293,#224,.F.);
#1679=EDGE_CURVE('',#2293,#2294,#2694,.T.);
#1680=EDGE_CURVE('',#2294,#2295,#225,.F.);
#1681=EDGE_CURVE('',#2295,#2296,#226,.F.);
#1682=EDGE_CURVE('',#2296,#2297,#2695,.T.);
#1683=EDGE_CURVE('',#2297,#2276,#227,.T.);
#1684=EDGE_CURVE('',#2298,#2299,#228,.F.);
#1685=EDGE_CURVE('',#2299,#2300,#150,.T.);
#1686=EDGE_CURVE('',#2300,#2301,#151,.T.);
#1687=EDGE_CURVE('',#2301,#2302,#152,.T.);
#1688=EDGE_CURVE('',#2302,#2303,#153,.T.);
#1689=EDGE_CURVE('',#2303,#2304,#229,.F.);
#1690=EDGE_CURVE('',#2304,#2305,#230,.F.);
#1691=EDGE_CURVE('',#2305,#2306,#231,.F.);
#1692=EDGE_CURVE('',#2306,#2307,#2696,.T.);
#1693=EDGE_CURVE('',#2307,#2308,#232,.F.);
#1694=EDGE_CURVE('',#2308,#2309,#233,.F.);
#1695=EDGE_CURVE('',#2309,#2310,#234,.T.);
#1696=EDGE_CURVE('',#2310,#2311,#154,.T.);
#1697=EDGE_CURVE('',#2311,#2312,#155,.T.);
#1698=EDGE_CURVE('',#2312,#2313,#156,.T.);
#1699=EDGE_CURVE('',#2313,#2314,#157,.T.);
#1700=EDGE_CURVE('',#2314,#2315,#235,.T.);
#1701=EDGE_CURVE('',#2315,#2316,#236,.F.);
#1702=EDGE_CURVE('',#2316,#2317,#237,.F.);
#1703=EDGE_CURVE('',#2317,#2318,#2697,.T.);
#1704=EDGE_CURVE('',#2318,#2319,#238,.F.);
#1705=EDGE_CURVE('',#2319,#2298,#239,.F.);
#1706=EDGE_CURVE('',#2320,#2321,#2698,.T.);
#1707=EDGE_CURVE('',#2321,#2322,#240,.F.);
#1708=EDGE_CURVE('',#2322,#2323,#241,.F.);
#1709=EDGE_CURVE('',#2323,#2324,#2699,.T.);
#1710=EDGE_CURVE('',#2324,#2325,#242,.F.);
#1711=EDGE_CURVE('',#2325,#2326,#243,.F.);
#1712=EDGE_CURVE('',#2326,#2327,#2700,.T.);
#1713=EDGE_CURVE('',#2327,#2328,#244,.F.);
#1714=EDGE_CURVE('',#2328,#2329,#245,.F.);
#1715=EDGE_CURVE('',#2329,#2330,#246,.F.);
#1716=EDGE_CURVE('',#2330,#2331,#247,.F.);
#1717=EDGE_CURVE('',#2331,#2332,#2701,.T.);
#1718=EDGE_CURVE('',#2332,#2333,#248,.T.);
#1719=EDGE_CURVE('',#2333,#2334,#2702,.T.);
#1720=EDGE_CURVE('',#2334,#2335,#249,.T.);
#1721=EDGE_CURVE('',#2335,#2336,#2703,.T.);
#1722=EDGE_CURVE('',#2336,#2337,#250,.F.);
#1723=EDGE_CURVE('',#2337,#2338,#251,.F.);
#1724=EDGE_CURVE('',#2338,#2339,#252,.F.);
#1725=EDGE_CURVE('',#2339,#2340,#253,.F.);
#1726=EDGE_CURVE('',#2340,#2341,#2704,.T.);
#1727=EDGE_CURVE('',#2341,#2342,#254,.T.);
#1728=EDGE_CURVE('',#2342,#2343,#2705,.T.);
#1729=EDGE_CURVE('',#2343,#2344,#255,.T.);
#1730=EDGE_CURVE('',#2344,#2345,#2706,.T.);
#1731=EDGE_CURVE('',#2345,#2346,#256,.F.);
#1732=EDGE_CURVE('',#2346,#2347,#257,.F.);
#1733=EDGE_CURVE('',#2347,#2348,#258,.F.);
#1734=EDGE_CURVE('',#2348,#2320,#259,.F.);
#1735=EDGE_CURVE('',#2349,#2350,#2707,.T.);
#1736=EDGE_CURVE('',#2350,#2351,#2708,.T.);
#1737=EDGE_CURVE('',#2351,#2352,#2709,.T.);
#1738=EDGE_CURVE('',#2352,#2353,#2710,.T.);
#1739=EDGE_CURVE('',#2353,#2354,#2711,.T.);
#1740=EDGE_CURVE('',#2354,#2355,#2712,.T.);
#1741=EDGE_CURVE('',#2355,#2356,#2713,.T.);
#1742=EDGE_CURVE('',#2356,#2349,#2714,.T.);
#1743=EDGE_CURVE('',#2357,#2357,#260,.T.);
#1744=EDGE_CURVE('',#2358,#2358,#261,.T.);
#1745=EDGE_CURVE('',#2359,#2359,#262,.T.);
#1746=EDGE_CURVE('',#2360,#2360,#263,.T.);
#1747=EDGE_CURVE('',#2271,#2361,#2715,.T.);
#1748=EDGE_CURVE('',#2270,#2362,#2716,.T.);
#1749=EDGE_CURVE('',#2361,#2362,#2717,.T.);
#1750=EDGE_CURVE('',#2363,#2364,#2718,.T.);
#1751=EDGE_CURVE('',#2365,#2363,#2719,.T.);
#1752=EDGE_CURVE('',#2366,#2365,#2720,.T.);
#1753=EDGE_CURVE('',#2364,#2366,#2721,.T.);
#1754=EDGE_CURVE('',#2367,#2368,#2722,.T.);
#1755=EDGE_CURVE('',#2369,#2367,#2723,.T.);
#1756=EDGE_CURVE('',#2370,#2369,#2724,.T.);
#1757=EDGE_CURVE('',#2368,#2370,#2725,.T.);
#1758=EDGE_CURVE('',#2371,#2372,#158,.T.);
#1759=EDGE_CURVE('',#2372,#2373,#159,.T.);
#1760=EDGE_CURVE('',#2373,#2374,#264,.F.);
#1761=EDGE_CURVE('',#2374,#2375,#265,.F.);
#1762=EDGE_CURVE('',#2375,#2376,#266,.F.);
#1763=EDGE_CURVE('',#2376,#2377,#267,.F.);
#1764=EDGE_CURVE('',#2377,#2378,#160,.T.);
#1765=EDGE_CURVE('',#2378,#2379,#161,.T.);
#1766=EDGE_CURVE('',#2379,#2380,#268,.F.);
#1767=EDGE_CURVE('',#2380,#2381,#269,.F.);
#1768=EDGE_CURVE('',#2381,#2382,#270,.F.);
#1769=EDGE_CURVE('',#2382,#2371,#271,.F.);
#1770=EDGE_CURVE('',#2383,#2384,#2726,.T.);
#1771=EDGE_CURVE('',#2384,#2385,#2727,.T.);
#1772=EDGE_CURVE('',#2385,#2386,#2728,.T.);
#1773=EDGE_CURVE('',#2386,#2387,#2729,.T.);
#1774=EDGE_CURVE('',#2387,#2388,#2730,.T.);
#1775=EDGE_CURVE('',#2388,#2383,#2731,.T.);
#1776=EDGE_CURVE('',#2389,#2390,#162,.T.);
#1777=EDGE_CURVE('',#2390,#2391,#163,.T.);
#1778=EDGE_CURVE('',#2391,#2392,#272,.F.);
#1779=EDGE_CURVE('',#2392,#2393,#164,.T.);
#1780=EDGE_CURVE('',#2393,#2394,#165,.T.);
#1781=EDGE_CURVE('',#2394,#2395,#166,.T.);
#1782=EDGE_CURVE('',#2395,#2396,#273,.F.);
#1783=EDGE_CURVE('',#2396,#2397,#274,.F.);
#1784=EDGE_CURVE('',#2397,#2398,#2732,.T.);
#1785=EDGE_CURVE('',#2398,#2399,#275,.F.);
#1786=EDGE_CURVE('',#2399,#2400,#276,.F.);
#1787=EDGE_CURVE('',#2400,#2401,#277,.T.);
#1788=EDGE_CURVE('',#2401,#2402,#167,.T.);
#1789=EDGE_CURVE('',#2402,#2403,#168,.T.);
#1790=EDGE_CURVE('',#2403,#2404,#169,.T.);
#1791=EDGE_CURVE('',#2404,#2405,#170,.T.);
#1792=EDGE_CURVE('',#2405,#2406,#171,.T.);
#1793=EDGE_CURVE('',#2406,#2407,#172,.T.);
#1794=EDGE_CURVE('',#2407,#2408,#278,.F.);
#1795=EDGE_CURVE('',#2408,#2409,#279,.F.);
#1796=EDGE_CURVE('',#2409,#2410,#280,.F.);
#1797=EDGE_CURVE('',#2410,#2411,#2733,.T.);
#1798=EDGE_CURVE('',#2411,#2412,#281,.F.);
#1799=EDGE_CURVE('',#2412,#2413,#282,.F.);
#1800=EDGE_CURVE('',#2413,#2414,#283,.T.);
#1801=EDGE_CURVE('',#2414,#2415,#173,.T.);
#1802=EDGE_CURVE('',#2415,#2389,#284,.T.);
#1803=EDGE_CURVE('',#2416,#2417,#2734,.T.);
#1804=EDGE_CURVE('',#2417,#2418,#285,.F.);
#1805=EDGE_CURVE('',#2418,#2419,#286,.F.);
#1806=EDGE_CURVE('',#2419,#2420,#2735,.T.);
#1807=EDGE_CURVE('',#2420,#2421,#287,.F.);
#1808=EDGE_CURVE('',#2421,#2422,#288,.F.);
#1809=EDGE_CURVE('',#2422,#2423,#2736,.T.);
#1810=EDGE_CURVE('',#2423,#2424,#289,.F.);
#1811=EDGE_CURVE('',#2424,#2425,#290,.F.);
#1812=EDGE_CURVE('',#2425,#2426,#291,.F.);
#1813=EDGE_CURVE('',#2426,#2427,#292,.F.);
#1814=EDGE_CURVE('',#2427,#2428,#2737,.T.);
#1815=EDGE_CURVE('',#2428,#2429,#293,.T.);
#1816=EDGE_CURVE('',#2429,#2430,#2738,.T.);
#1817=EDGE_CURVE('',#2430,#2431,#294,.T.);
#1818=EDGE_CURVE('',#2431,#2432,#2739,.T.);
#1819=EDGE_CURVE('',#2432,#2433,#295,.F.);
#1820=EDGE_CURVE('',#2433,#2434,#296,.F.);
#1821=EDGE_CURVE('',#2434,#2435,#297,.F.);
#1822=EDGE_CURVE('',#2435,#2436,#298,.F.);
#1823=EDGE_CURVE('',#2436,#2437,#2740,.T.);
#1824=EDGE_CURVE('',#2437,#2438,#299,.T.);
#1825=EDGE_CURVE('',#2438,#2439,#2741,.T.);
#1826=EDGE_CURVE('',#2439,#2440,#300,.T.);
#1827=EDGE_CURVE('',#2440,#2441,#2742,.T.);
#1828=EDGE_CURVE('',#2441,#2442,#301,.F.);
#1829=EDGE_CURVE('',#2442,#2443,#302,.F.);
#1830=EDGE_CURVE('',#2443,#2444,#303,.F.);
#1831=EDGE_CURVE('',#2444,#2416,#304,.F.);
#1832=EDGE_CURVE('',#2445,#2446,#2743,.T.);
#1833=EDGE_CURVE('',#2446,#2447,#305,.F.);
#1834=EDGE_CURVE('',#2447,#2448,#306,.F.);
#1835=EDGE_CURVE('',#2448,#2449,#2744,.T.);
#1836=EDGE_CURVE('',#2449,#2450,#307,.F.);
#1837=EDGE_CURVE('',#2450,#2451,#308,.F.);
#1838=EDGE_CURVE('',#2451,#2452,#2745,.T.);
#1839=EDGE_CURVE('',#2452,#2453,#309,.F.);
#1840=EDGE_CURVE('',#2453,#2454,#310,.F.);
#1841=EDGE_CURVE('',#2454,#2455,#2746,.T.);
#1842=EDGE_CURVE('',#2455,#2456,#311,.T.);
#1843=EDGE_CURVE('',#2456,#2457,#2747,.T.);
#1844=EDGE_CURVE('',#2457,#2458,#312,.F.);
#1845=EDGE_CURVE('',#2458,#2459,#313,.F.);
#1846=EDGE_CURVE('',#2459,#2460,#2748,.T.);
#1847=EDGE_CURVE('',#2460,#2461,#314,.F.);
#1848=EDGE_CURVE('',#2461,#2445,#315,.F.);
#1849=EDGE_CURVE('',#2268,#2462,#2749,.T.);
#1850=EDGE_CURVE('',#2361,#2462,#2750,.T.);
#1851=EDGE_CURVE('',#2269,#2463,#2751,.T.);
#1852=EDGE_CURVE('',#2362,#2463,#2752,.T.);
#1853=EDGE_CURVE('',#2464,#2465,#2753,.T.);
#1854=EDGE_CURVE('',#2363,#2464,#2754,.T.);
#1855=EDGE_CURVE('',#2364,#2465,#2755,.T.);
#1856=EDGE_CURVE('',#2466,#2464,#2756,.T.);
#1857=EDGE_CURVE('',#2365,#2466,#2757,.T.);
#1858=EDGE_CURVE('',#2467,#2466,#2758,.T.);
#1859=EDGE_CURVE('',#2366,#2467,#2759,.T.);
#1860=EDGE_CURVE('',#2468,#2469,#2760,.T.);
#1861=EDGE_CURVE('',#2367,#2468,#2761,.T.);
#1862=EDGE_CURVE('',#2368,#2469,#2762,.T.);
#1863=EDGE_CURVE('',#2470,#2468,#2763,.T.);
#1864=EDGE_CURVE('',#2369,#2470,#2764,.T.);
#1865=EDGE_CURVE('',#2471,#2470,#2765,.T.);
#1866=EDGE_CURVE('',#2370,#2471,#2766,.T.);
#1867=EDGE_CURVE('',#2472,#2472,#316,.T.);
#1868=EDGE_CURVE('',#2473,#2473,#317,.T.);
#1869=EDGE_CURVE('',#2474,#2474,#318,.T.);
#1870=EDGE_CURVE('',#2475,#2476,#2767,.F.);
#1871=EDGE_CURVE('',#2475,#2477,#2768,.T.);
#1872=EDGE_CURVE('',#2477,#2478,#2769,.T.);
#1873=EDGE_CURVE('',#2476,#2478,#2770,.F.);
#1874=EDGE_CURVE('',#2462,#2463,#2771,.T.);
#1875=EDGE_CURVE('',#2465,#2467,#2772,.T.);
#1876=EDGE_CURVE('',#2469,#2471,#2773,.T.);
#1877=EDGE_CURVE('',#2479,#2479,#319,.T.);
#1878=EDGE_CURVE('',#2480,#2350,#2774,.T.);
#1879=EDGE_CURVE('',#2480,#2481,#2775,.T.);
#1880=EDGE_CURVE('',#2481,#2351,#2776,.T.);
#1881=EDGE_CURVE('',#2482,#2349,#2777,.T.);
#1882=EDGE_CURVE('',#2482,#2480,#2778,.T.);
#1883=EDGE_CURVE('',#2483,#2356,#2779,.T.);
#1884=EDGE_CURVE('',#2483,#2482,#2780,.T.);
#1885=EDGE_CURVE('',#2484,#2355,#2781,.T.);
#1886=EDGE_CURVE('',#2484,#2483,#2782,.T.);
#1887=EDGE_CURVE('',#2485,#2354,#2783,.T.);
#1888=EDGE_CURVE('',#2485,#2484,#2784,.T.);
#1889=EDGE_CURVE('',#2486,#2353,#2785,.T.);
#1890=EDGE_CURVE('',#2486,#2485,#2786,.T.);
#1891=EDGE_CURVE('',#2487,#2352,#2787,.T.);
#1892=EDGE_CURVE('',#2487,#2486,#2788,.T.);
#1893=EDGE_CURVE('',#2481,#2487,#2789,.T.);
#1894=EDGE_CURVE('',#2488,#2321,#2790,.T.);
#1895=EDGE_CURVE('',#2488,#2489,#320,.F.);
#1896=EDGE_CURVE('',#2489,#2322,#2791,.T.);
#1897=EDGE_CURVE('',#2490,#2320,#2792,.T.);
#1898=EDGE_CURVE('',#2490,#2488,#2793,.T.);
#1899=EDGE_CURVE('',#2491,#2348,#2794,.T.);
#1900=EDGE_CURVE('',#2491,#2490,#321,.F.);
#1901=EDGE_CURVE('',#2492,#2347,#2795,.T.);
#1902=EDGE_CURVE('',#2492,#2491,#322,.F.);
#1903=EDGE_CURVE('',#2493,#2346,#2796,.T.);
#1904=EDGE_CURVE('',#2493,#2492,#323,.F.);
#1905=EDGE_CURVE('',#2494,#2345,#2797,.T.);
#1906=EDGE_CURVE('',#2494,#2493,#324,.F.);
#1907=EDGE_CURVE('',#2495,#2344,#2798,.T.);
#1908=EDGE_CURVE('',#2495,#2494,#2799,.T.);
#1909=EDGE_CURVE('',#2496,#2343,#2800,.T.);
#1910=EDGE_CURVE('',#2496,#2495,#325,.T.);
#1911=EDGE_CURVE('',#2497,#2342,#2801,.T.);
#1912=EDGE_CURVE('',#2497,#2496,#2802,.T.);
#1913=EDGE_CURVE('',#2498,#2341,#2803,.T.);
#1914=EDGE_CURVE('',#2498,#2497,#326,.T.);
#1915=EDGE_CURVE('',#2499,#2340,#2804,.T.);
#1916=EDGE_CURVE('',#2499,#2498,#2805,.T.);
#1917=EDGE_CURVE('',#2500,#2339,#2806,.T.);
#1918=EDGE_CURVE('',#2500,#2499,#327,.F.);
#1919=EDGE_CURVE('',#2501,#2338,#2807,.T.);
#1920=EDGE_CURVE('',#2501,#2500,#328,.F.);
#1921=EDGE_CURVE('',#2502,#2337,#2808,.T.);
#1922=EDGE_CURVE('',#2502,#2501,#329,.F.);
#1923=EDGE_CURVE('',#2503,#2336,#2809,.T.);
#1924=EDGE_CURVE('',#2503,#2502,#330,.F.);
#1925=EDGE_CURVE('',#2504,#2335,#2810,.T.);
#1926=EDGE_CURVE('',#2504,#2503,#2811,.T.);
#1927=EDGE_CURVE('',#2505,#2334,#2812,.T.);
#1928=EDGE_CURVE('',#2505,#2504,#331,.T.);
#1929=EDGE_CURVE('',#2506,#2333,#2813,.T.);
#1930=EDGE_CURVE('',#2506,#2505,#2814,.T.);
#1931=EDGE_CURVE('',#2507,#2332,#2815,.T.);
#1932=EDGE_CURVE('',#2507,#2506,#332,.T.);
#1933=EDGE_CURVE('',#2508,#2331,#2816,.T.);
#1934=EDGE_CURVE('',#2508,#2507,#2817,.T.);
#1935=EDGE_CURVE('',#2509,#2330,#2818,.T.);
#1936=EDGE_CURVE('',#2509,#2508,#333,.F.);
#1937=EDGE_CURVE('',#2510,#2329,#2819,.T.);
#1938=EDGE_CURVE('',#2510,#2509,#334,.F.);
#1939=EDGE_CURVE('',#2511,#2328,#2820,.T.);
#1940=EDGE_CURVE('',#2511,#2510,#335,.F.);
#1941=EDGE_CURVE('',#2512,#2327,#2821,.T.);
#1942=EDGE_CURVE('',#2512,#2511,#336,.F.);
#1943=EDGE_CURVE('',#2513,#2326,#2822,.T.);
#1944=EDGE_CURVE('',#2513,#2512,#2823,.T.);
#1945=EDGE_CURVE('',#2514,#2325,#2824,.T.);
#1946=EDGE_CURVE('',#2514,#2513,#337,.F.);
#1947=EDGE_CURVE('',#2515,#2324,#2825,.T.);
#1948=EDGE_CURVE('',#2515,#2514,#338,.F.);
#1949=EDGE_CURVE('',#2516,#2323,#2826,.T.);
#1950=EDGE_CURVE('',#2516,#2515,#2827,.T.);
#1951=EDGE_CURVE('',#2489,#2516,#339,.F.);
#1952=EDGE_CURVE('',#2517,#2299,#2828,.T.);
#1953=EDGE_CURVE('',#2517,#2518,#174,.T.);
#1954=EDGE_CURVE('',#2518,#2300,#2829,.T.);
#1955=EDGE_CURVE('',#2519,#2298,#2830,.T.);
#1956=EDGE_CURVE('',#2519,#2517,#340,.F.);
#1957=EDGE_CURVE('',#2520,#2319,#2831,.T.);
#1958=EDGE_CURVE('',#2520,#2519,#341,.F.);
#1959=EDGE_CURVE('',#2521,#2318,#2832,.T.);
#1960=EDGE_CURVE('',#2521,#2520,#342,.F.);
#1961=EDGE_CURVE('',#2522,#2317,#2833,.T.);
#1962=EDGE_CURVE('',#2522,#2521,#2834,.T.);
#1963=EDGE_CURVE('',#2523,#2316,#2835,.T.);
#1964=EDGE_CURVE('',#2523,#2522,#343,.F.);
#1965=EDGE_CURVE('',#2524,#2315,#2836,.T.);
#1966=EDGE_CURVE('',#2524,#2523,#344,.F.);
#1967=EDGE_CURVE('',#2525,#2314,#2837,.T.);
#1968=EDGE_CURVE('',#2525,#2524,#345,.T.);
#1969=EDGE_CURVE('',#2526,#2313,#2838,.T.);
#1970=EDGE_CURVE('',#2526,#2525,#175,.T.);
#1971=EDGE_CURVE('',#2527,#2312,#2839,.T.);
#1972=EDGE_CURVE('',#2527,#2526,#176,.T.);
#1973=EDGE_CURVE('',#2528,#2311,#2840,.T.);
#1974=EDGE_CURVE('',#2528,#2527,#177,.T.);
#1975=EDGE_CURVE('',#2529,#2310,#2841,.T.);
#1976=EDGE_CURVE('',#2529,#2528,#178,.T.);
#1977=EDGE_CURVE('',#2530,#2309,#2842,.T.);
#1978=EDGE_CURVE('',#2530,#2529,#346,.T.);
#1979=EDGE_CURVE('',#2531,#2308,#2843,.T.);
#1980=EDGE_CURVE('',#2531,#2530,#347,.F.);
#1981=EDGE_CURVE('',#2532,#2307,#2844,.T.);
#1982=EDGE_CURVE('',#2532,#2531,#348,.F.);
#1983=EDGE_CURVE('',#2533,#2306,#2845,.T.);
#1984=EDGE_CURVE('',#2533,#2532,#2846,.T.);
#1985=EDGE_CURVE('',#2534,#2305,#2847,.T.);
#1986=EDGE_CURVE('',#2534,#2533,#349,.F.);
#1987=EDGE_CURVE('',#2535,#2304,#2848,.T.);
#1988=EDGE_CURVE('',#2535,#2534,#350,.F.);
#1989=EDGE_CURVE('',#2536,#2303,#2849,.T.);
#1990=EDGE_CURVE('',#2536,#2535,#351,.F.);
#1991=EDGE_CURVE('',#2537,#2302,#2850,.T.);
#1992=EDGE_CURVE('',#2537,#2536,#179,.T.);
#1993=EDGE_CURVE('',#2538,#2301,#2851,.T.);
#1994=EDGE_CURVE('',#2538,#2537,#180,.T.);
#1995=EDGE_CURVE('',#2518,#2538,#181,.T.);
#1996=EDGE_CURVE('',#2539,#2277,#2852,.T.);
#1997=EDGE_CURVE('',#2539,#2540,#352,.F.);
#1998=EDGE_CURVE('',#2540,#2278,#2853,.T.);
#1999=EDGE_CURVE('',#2541,#2276,#2854,.T.);
#2000=EDGE_CURVE('',#2541,#2539,#2855,.T.);
#2001=EDGE_CURVE('',#2542,#2297,#2856,.T.);
#2002=EDGE_CURVE('',#2542,#2541,#353,.T.);
#2003=EDGE_CURVE('',#2543,#2296,#2857,.T.);
#2004=EDGE_CURVE('',#2543,#2542,#2858,.T.);
#2005=EDGE_CURVE('',#2544,#2295,#2859,.T.);
#2006=EDGE_CURVE('',#2544,#2543,#354,.F.);
#2007=EDGE_CURVE('',#2545,#2294,#2860,.T.);
#2008=EDGE_CURVE('',#2545,#2544,#355,.F.);
#2009=EDGE_CURVE('',#2546,#2293,#2861,.T.);
#2010=EDGE_CURVE('',#2546,#2545,#2862,.T.);
#2011=EDGE_CURVE('',#2547,#2292,#2863,.T.);
#2012=EDGE_CURVE('',#2547,#2546,#356,.F.);
#2013=EDGE_CURVE('',#2548,#2291,#2864,.T.);
#2014=EDGE_CURVE('',#2548,#2547,#357,.F.);
#2015=EDGE_CURVE('',#2549,#2290,#2865,.T.);
#2016=EDGE_CURVE('',#2549,#2548,#2866,.T.);
#2017=EDGE_CURVE('',#2550,#2289,#2867,.T.);
#2018=EDGE_CURVE('',#2550,#2549,#358,.T.);
#2019=EDGE_CURVE('',#2551,#2288,#2868,.T.);
#2020=EDGE_CURVE('',#2551,#2550,#2869,.T.);
#2021=EDGE_CURVE('',#2552,#2287,#2870,.T.);
#2022=EDGE_CURVE('',#2552,#2551,#359,.F.);
#2023=EDGE_CURVE('',#2553,#2286,#2871,.T.);
#2024=EDGE_CURVE('',#2553,#2552,#360,.F.);
#2025=EDGE_CURVE('',#2554,#2285,#2872,.T.);
#2026=EDGE_CURVE('',#2554,#2553,#2873,.T.);
#2027=EDGE_CURVE('',#2555,#2284,#2874,.T.);
#2028=EDGE_CURVE('',#2555,#2554,#361,.F.);
#2029=EDGE_CURVE('',#2556,#2283,#2875,.T.);
#2030=EDGE_CURVE('',#2556,#2555,#362,.F.);
#2031=EDGE_CURVE('',#2557,#2282,#2876,.T.);
#2032=EDGE_CURVE('',#2557,#2556,#2877,.T.);
#2033=EDGE_CURVE('',#2558,#2281,#2878,.T.);
#2034=EDGE_CURVE('',#2558,#2557,#363,.F.);
#2035=EDGE_CURVE('',#2559,#2280,#2879,.T.);
#2036=EDGE_CURVE('',#2559,#2558,#364,.F.);
#2037=EDGE_CURVE('',#2560,#2279,#2880,.T.);
#2038=EDGE_CURVE('',#2560,#2559,#2881,.T.);
#2039=EDGE_CURVE('',#2540,#2560,#365,.F.);
#2040=EDGE_CURVE('',#2561,#2562,#182,.T.);
#2041=EDGE_CURVE('',#2563,#2561,#2882,.T.);
#2042=EDGE_CURVE('',#2563,#2564,#183,.T.);
#2043=EDGE_CURVE('',#2564,#2562,#2883,.T.);
#2044=EDGE_CURVE('',#2565,#2561,#184,.T.);
#2045=EDGE_CURVE('',#2566,#2565,#2884,.T.);
#2046=EDGE_CURVE('',#2566,#2563,#185,.T.);
#2047=EDGE_CURVE('',#2567,#2565,#186,.T.);
#2048=EDGE_CURVE('',#2568,#2567,#2885,.T.);
#2049=EDGE_CURVE('',#2568,#2566,#187,.T.);
#2050=EDGE_CURVE('',#2569,#2567,#366,.T.);
#2051=EDGE_CURVE('',#2570,#2569,#2886,.T.);
#2052=EDGE_CURVE('',#2570,#2568,#367,.T.);
#2053=EDGE_CURVE('',#2571,#2569,#368,.T.);
#2054=EDGE_CURVE('',#2572,#2571,#2887,.T.);
#2055=EDGE_CURVE('',#2572,#2570,#369,.T.);
#2056=EDGE_CURVE('',#2573,#2571,#188,.T.);
#2057=EDGE_CURVE('',#2574,#2573,#2888,.T.);
#2058=EDGE_CURVE('',#2574,#2572,#189,.T.);
#2059=EDGE_CURVE('',#2575,#2573,#190,.T.);
#2060=EDGE_CURVE('',#2576,#2575,#2889,.T.);
#2061=EDGE_CURVE('',#2576,#2574,#191,.T.);
#2062=EDGE_CURVE('',#2577,#2575,#192,.T.);
#2063=EDGE_CURVE('',#2578,#2577,#2890,.T.);
#2064=EDGE_CURVE('',#2578,#2576,#193,.T.);
#2065=EDGE_CURVE('',#2579,#2577,#194,.T.);
#2066=EDGE_CURVE('',#2580,#2579,#2891,.T.);
#2067=EDGE_CURVE('',#2580,#2578,#195,.T.);
#2068=EDGE_CURVE('',#2581,#2579,#370,.T.);
#2069=EDGE_CURVE('',#2582,#2581,#2892,.T.);
#2070=EDGE_CURVE('',#2582,#2580,#371,.T.);
#2071=EDGE_CURVE('',#2583,#2581,#372,.T.);
#2072=EDGE_CURVE('',#2584,#2583,#2893,.T.);
#2073=EDGE_CURVE('',#2584,#2582,#373,.T.);
#2074=EDGE_CURVE('',#2585,#2372,#2894,.T.);
#2075=EDGE_CURVE('',#2585,#2586,#196,.T.);
#2076=EDGE_CURVE('',#2586,#2373,#2895,.T.);
#2077=EDGE_CURVE('',#2587,#2371,#2896,.T.);
#2078=EDGE_CURVE('',#2587,#2585,#197,.T.);
#2079=EDGE_CURVE('',#2588,#2382,#2897,.T.);
#2080=EDGE_CURVE('',#2588,#2587,#374,.F.);
#2081=EDGE_CURVE('',#2589,#2381,#2898,.T.);
#2082=EDGE_CURVE('',#2589,#2588,#375,.F.);
#2083=EDGE_CURVE('',#2590,#2380,#2899,.T.);
#2084=EDGE_CURVE('',#2590,#2589,#376,.F.);
#2085=EDGE_CURVE('',#2591,#2379,#2900,.T.);
#2086=EDGE_CURVE('',#2591,#2590,#377,.F.);
#2087=EDGE_CURVE('',#2592,#2378,#2901,.T.);
#2088=EDGE_CURVE('',#2592,#2591,#198,.T.);
#2089=EDGE_CURVE('',#2593,#2377,#2902,.T.);
#2090=EDGE_CURVE('',#2593,#2592,#199,.T.);
#2091=EDGE_CURVE('',#2594,#2376,#2903,.T.);
#2092=EDGE_CURVE('',#2594,#2593,#378,.F.);
#2093=EDGE_CURVE('',#2595,#2375,#2904,.T.);
#2094=EDGE_CURVE('',#2595,#2594,#379,.F.);
#2095=EDGE_CURVE('',#2596,#2374,#2905,.T.);
#2096=EDGE_CURVE('',#2596,#2595,#380,.F.);
#2097=EDGE_CURVE('',#2586,#2596,#381,.F.);
#2098=EDGE_CURVE('',#2562,#2583,#200,.T.);
#2099=EDGE_CURVE('',#2564,#2584,#201,.T.);
#2100=EDGE_CURVE('',#2597,#2384,#2906,.T.);
#2101=EDGE_CURVE('',#2597,#2598,#2907,.T.);
#2102=EDGE_CURVE('',#2598,#2385,#2908,.T.);
#2103=EDGE_CURVE('',#2599,#2383,#2909,.T.);
#2104=EDGE_CURVE('',#2599,#2597,#2910,.T.);
#2105=EDGE_CURVE('',#2600,#2388,#2911,.T.);
#2106=EDGE_CURVE('',#2600,#2599,#2912,.T.);
#2107=EDGE_CURVE('',#2601,#2387,#2913,.T.);
#2108=EDGE_CURVE('',#2601,#2600,#2914,.T.);
#2109=EDGE_CURVE('',#2602,#2386,#2915,.T.);
#2110=EDGE_CURVE('',#2602,#2601,#2916,.T.);
#2111=EDGE_CURVE('',#2598,#2602,#2917,.T.);
#2112=EDGE_CURVE('',#2603,#2390,#2918,.T.);
#2113=EDGE_CURVE('',#2603,#2604,#202,.T.);
#2114=EDGE_CURVE('',#2604,#2391,#2919,.T.);
#2115=EDGE_CURVE('',#2605,#2389,#2920,.T.);
#2116=EDGE_CURVE('',#2605,#2603,#203,.T.);
#2117=EDGE_CURVE('',#2606,#2415,#2921,.T.);
#2118=EDGE_CURVE('',#2606,#2605,#382,.T.);
#2119=EDGE_CURVE('',#2607,#2414,#2922,.T.);
#2120=EDGE_CURVE('',#2607,#2606,#204,.T.);
#2121=EDGE_CURVE('',#2608,#2413,#2923,.T.);
#2122=EDGE_CURVE('',#2608,#2607,#383,.T.);
#2123=EDGE_CURVE('',#2609,#2412,#2924,.T.);
#2124=EDGE_CURVE('',#2609,#2608,#384,.F.);
#2125=EDGE_CURVE('',#2610,#2411,#2925,.T.);
#2126=EDGE_CURVE('',#2610,#2609,#385,.F.);
#2127=EDGE_CURVE('',#2611,#2410,#2926,.T.);
#2128=EDGE_CURVE('',#2611,#2610,#2927,.T.);
#2129=EDGE_CURVE('',#2612,#2409,#2928,.T.);
#2130=EDGE_CURVE('',#2612,#2611,#386,.F.);
#2131=EDGE_CURVE('',#2613,#2408,#2929,.T.);
#2132=EDGE_CURVE('',#2613,#2612,#387,.F.);
#2133=EDGE_CURVE('',#2614,#2407,#2930,.T.);
#2134=EDGE_CURVE('',#2614,#2613,#388,.F.);
#2135=EDGE_CURVE('',#2615,#2406,#2931,.T.);
#2136=EDGE_CURVE('',#2615,#2614,#205,.T.);
#2137=EDGE_CURVE('',#2616,#2405,#2932,.T.);
#2138=EDGE_CURVE('',#2616,#2615,#206,.T.);
#2139=EDGE_CURVE('',#2617,#2404,#2933,.T.);
#2140=EDGE_CURVE('',#2617,#2616,#207,.T.);
#2141=EDGE_CURVE('',#2618,#2403,#2934,.T.);
#2142=EDGE_CURVE('',#2618,#2617,#208,.T.);
#2143=EDGE_CURVE('',#2619,#2402,#2935,.T.);
#2144=EDGE_CURVE('',#2619,#2618,#209,.T.);
#2145=EDGE_CURVE('',#2620,#2401,#2936,.T.);
#2146=EDGE_CURVE('',#2620,#2619,#210,.T.);
#2147=EDGE_CURVE('',#2621,#2400,#2937,.T.);
#2148=EDGE_CURVE('',#2621,#2620,#389,.T.);
#2149=EDGE_CURVE('',#2622,#2399,#2938,.T.);
#2150=EDGE_CURVE('',#2622,#2621,#390,.F.);
#2151=EDGE_CURVE('',#2623,#2398,#2939,.T.);
#2152=EDGE_CURVE('',#2623,#2622,#391,.F.);
#2153=EDGE_CURVE('',#2624,#2397,#2940,.T.);
#2154=EDGE_CURVE('',#2624,#2623,#2941,.T.);
#2155=EDGE_CURVE('',#2625,#2396,#2942,.T.);
#2156=EDGE_CURVE('',#2625,#2624,#392,.F.);
#2157=EDGE_CURVE('',#2626,#2395,#2943,.T.);
#2158=EDGE_CURVE('',#2626,#2625,#393,.F.);
#2159=EDGE_CURVE('',#2627,#2394,#2944,.T.);
#2160=EDGE_CURVE('',#2627,#2626,#211,.T.);
#2161=EDGE_CURVE('',#2628,#2393,#2945,.T.);
#2162=EDGE_CURVE('',#2628,#2627,#212,.T.);
#2163=EDGE_CURVE('',#2629,#2392,#2946,.T.);
#2164=EDGE_CURVE('',#2629,#2628,#213,.T.);
#2165=EDGE_CURVE('',#2604,#2629,#394,.F.);
#2166=EDGE_CURVE('',#2630,#2417,#2947,.T.);
#2167=EDGE_CURVE('',#2630,#2631,#395,.F.);
#2168=EDGE_CURVE('',#2631,#2418,#2948,.T.);
#2169=EDGE_CURVE('',#2632,#2416,#2949,.T.);
#2170=EDGE_CURVE('',#2632,#2630,#2950,.T.);
#2171=EDGE_CURVE('',#2633,#2444,#2951,.T.);
#2172=EDGE_CURVE('',#2633,#2632,#396,.F.);
#2173=EDGE_CURVE('',#2634,#2443,#2952,.T.);
#2174=EDGE_CURVE('',#2634,#2633,#397,.F.);
#2175=EDGE_CURVE('',#2635,#2442,#2953,.T.);
#2176=EDGE_CURVE('',#2635,#2634,#398,.F.);
#2177=EDGE_CURVE('',#2636,#2441,#2954,.T.);
#2178=EDGE_CURVE('',#2636,#2635,#399,.F.);
#2179=EDGE_CURVE('',#2637,#2440,#2955,.T.);
#2180=EDGE_CURVE('',#2637,#2636,#2956,.T.);
#2181=EDGE_CURVE('',#2638,#2439,#2957,.T.);
#2182=EDGE_CURVE('',#2638,#2637,#400,.T.);
#2183=EDGE_CURVE('',#2639,#2438,#2958,.T.);
#2184=EDGE_CURVE('',#2639,#2638,#2959,.T.);
#2185=EDGE_CURVE('',#2640,#2437,#2960,.T.);
#2186=EDGE_CURVE('',#2640,#2639,#401,.T.);
#2187=EDGE_CURVE('',#2641,#2436,#2961,.T.);
#2188=EDGE_CURVE('',#2641,#2640,#2962,.T.);
#2189=EDGE_CURVE('',#2642,#2435,#2963,.T.);
#2190=EDGE_CURVE('',#2642,#2641,#402,.F.);
#2191=EDGE_CURVE('',#2643,#2434,#2964,.T.);
#2192=EDGE_CURVE('',#2643,#2642,#403,.F.);
#2193=EDGE_CURVE('',#2644,#2433,#2965,.T.);
#2194=EDGE_CURVE('',#2644,#2643,#404,.F.);
#2195=EDGE_CURVE('',#2645,#2432,#2966,.T.);
#2196=EDGE_CURVE('',#2645,#2644,#405,.F.);
#2197=EDGE_CURVE('',#2646,#2431,#2967,.T.);
#2198=EDGE_CURVE('',#2646,#2645,#2968,.T.);
#2199=EDGE_CURVE('',#2647,#2430,#2969,.T.);
#2200=EDGE_CURVE('',#2647,#2646,#406,.T.);
#2201=EDGE_CURVE('',#2648,#2429,#2970,.T.);
#2202=EDGE_CURVE('',#2648,#2647,#2971,.T.);
#2203=EDGE_CURVE('',#2649,#2428,#2972,.T.);
#2204=EDGE_CURVE('',#2649,#2648,#407,.T.);
#2205=EDGE_CURVE('',#2650,#2427,#2973,.T.);
#2206=EDGE_CURVE('',#2650,#2649,#2974,.T.);
#2207=EDGE_CURVE('',#2651,#2426,#2975,.T.);
#2208=EDGE_CURVE('',#2651,#2650,#408,.F.);
#2209=EDGE_CURVE('',#2652,#2425,#2976,.T.);
#2210=EDGE_CURVE('',#2652,#2651,#409,.F.);
#2211=EDGE_CURVE('',#2653,#2424,#2977,.T.);
#2212=EDGE_CURVE('',#2653,#2652,#410,.F.);
#2213=EDGE_CURVE('',#2654,#2423,#2978,.T.);
#2214=EDGE_CURVE('',#2654,#2653,#411,.F.);
#2215=EDGE_CURVE('',#2655,#2422,#2979,.T.);
#2216=EDGE_CURVE('',#2655,#2654,#2980,.T.);
#2217=EDGE_CURVE('',#2656,#2421,#2981,.T.);
#2218=EDGE_CURVE('',#2656,#2655,#412,.F.);
#2219=EDGE_CURVE('',#2657,#2420,#2982,.T.);
#2220=EDGE_CURVE('',#2657,#2656,#413,.F.);
#2221=EDGE_CURVE('',#2658,#2419,#2983,.T.);
#2222=EDGE_CURVE('',#2658,#2657,#2984,.T.);
#2223=EDGE_CURVE('',#2631,#2658,#414,.F.);
#2224=EDGE_CURVE('',#2659,#2446,#2985,.T.);
#2225=EDGE_CURVE('',#2659,#2660,#415,.F.);
#2226=EDGE_CURVE('',#2660,#2447,#2986,.T.);
#2227=EDGE_CURVE('',#2661,#2445,#2987,.T.);
#2228=EDGE_CURVE('',#2661,#2659,#2988,.T.);
#2229=EDGE_CURVE('',#2662,#2461,#2989,.T.);
#2230=EDGE_CURVE('',#2662,#2661,#416,.F.);
#2231=EDGE_CURVE('',#2663,#2460,#2990,.T.);
#2232=EDGE_CURVE('',#2663,#2662,#417,.F.);
#2233=EDGE_CURVE('',#2664,#2459,#2991,.T.);
#2234=EDGE_CURVE('',#2664,#2663,#2992,.T.);
#2235=EDGE_CURVE('',#2665,#2458,#2993,.T.);
#2236=EDGE_CURVE('',#2665,#2664,#418,.F.);
#2237=EDGE_CURVE('',#2666,#2457,#2994,.T.);
#2238=EDGE_CURVE('',#2666,#2665,#419,.F.);
#2239=EDGE_CURVE('',#2667,#2456,#2995,.T.);
#2240=EDGE_CURVE('',#2667,#2666,#2996,.T.);
#2241=EDGE_CURVE('',#2668,#2455,#2997,.T.);
#2242=EDGE_CURVE('',#2668,#2667,#420,.T.);
#2243=EDGE_CURVE('',#2669,#2454,#2998,.T.);
#2244=EDGE_CURVE('',#2669,#2668,#2999,.T.);
#2245=EDGE_CURVE('',#2670,#2453,#3000,.T.);
#2246=EDGE_CURVE('',#2670,#2669,#421,.F.);
#2247=EDGE_CURVE('',#2671,#2452,#3001,.T.);
#2248=EDGE_CURVE('',#2671,#2670,#422,.F.);
#2249=EDGE_CURVE('',#2672,#2451,#3002,.T.);
#2250=EDGE_CURVE('',#2672,#2671,#3003,.T.);
#2251=EDGE_CURVE('',#2673,#2450,#3004,.T.);
#2252=EDGE_CURVE('',#2673,#2672,#423,.F.);
#2253=EDGE_CURVE('',#2674,#2449,#3005,.T.);
#2254=EDGE_CURVE('',#2674,#2673,#424,.F.);
#2255=EDGE_CURVE('',#2675,#2448,#3006,.T.);
#2256=EDGE_CURVE('',#2675,#2674,#3007,.T.);
#2257=EDGE_CURVE('',#2660,#2675,#425,.F.);
#2258=EDGE_CURVE('',#2676,#2273,#3008,.T.);
#2259=EDGE_CURVE('',#2676,#2272,#3009,.F.);
#2260=EDGE_CURVE('',#2676,#2677,#3010,.F.);
#2261=EDGE_CURVE('',#2677,#2275,#3011,.F.);
#2262=EDGE_CURVE('',#2677,#2274,#3012,.T.);
#2263=EDGE_CURVE('',#2678,#2476,#3013,.T.);
#2264=EDGE_CURVE('',#2678,#2679,#3014,.F.);
#2265=EDGE_CURVE('',#2679,#2475,#3015,.F.);
#2266=EDGE_CURVE('',#2678,#2478,#3016,.F.);
#2267=EDGE_CURVE('',#2679,#2477,#3017,.T.);
#2268=VERTEX_POINT('',#5710);
#2269=VERTEX_POINT('',#5711);
#2270=VERTEX_POINT('',#5713);
#2271=VERTEX_POINT('',#5715);
#2272=VERTEX_POINT('',#5718);
#2273=VERTEX_POINT('',#5719);
#2274=VERTEX_POINT('',#5721);
#2275=VERTEX_POINT('',#5723);
#2276=VERTEX_POINT('',#5727);
#2277=VERTEX_POINT('',#5728);
#2278=VERTEX_POINT('',#5730);
#2279=VERTEX_POINT('',#5732);
#2280=VERTEX_POINT('',#5734);
#2281=VERTEX_POINT('',#5736);
#2282=VERTEX_POINT('',#5738);
#2283=VERTEX_POINT('',#5740);
#2284=VERTEX_POINT('',#5742);
#2285=VERTEX_POINT('',#5744);
#2286=VERTEX_POINT('',#5746);
#2287=VERTEX_POINT('',#5748);
#2288=VERTEX_POINT('',#5750);
#2289=VERTEX_POINT('',#5752);
#2290=VERTEX_POINT('',#5754);
#2291=VERTEX_POINT('',#5756);
#2292=VERTEX_POINT('',#5758);
#2293=VERTEX_POINT('',#5760);
#2294=VERTEX_POINT('',#5762);
#2295=VERTEX_POINT('',#5764);
#2296=VERTEX_POINT('',#5766);
#2297=VERTEX_POINT('',#5768);
#2298=VERTEX_POINT('',#5771);
#2299=VERTEX_POINT('',#5772);
#2300=VERTEX_POINT('',#5776);
#2301=VERTEX_POINT('',#5780);
#2302=VERTEX_POINT('',#5784);
#2303=VERTEX_POINT('',#5788);
#2304=VERTEX_POINT('',#5790);
#2305=VERTEX_POINT('',#5792);
#2306=VERTEX_POINT('',#5794);
#2307=VERTEX_POINT('',#5796);
#2308=VERTEX_POINT('',#5798);
#2309=VERTEX_POINT('',#5800);
#2310=VERTEX_POINT('',#5802);
#2311=VERTEX_POINT('',#5806);
#2312=VERTEX_POINT('',#5810);
#2313=VERTEX_POINT('',#5814);
#2314=VERTEX_POINT('',#5818);
#2315=VERTEX_POINT('',#5820);
#2316=VERTEX_POINT('',#5822);
#2317=VERTEX_POINT('',#5824);
#2318=VERTEX_POINT('',#5826);
#2319=VERTEX_POINT('',#5828);
#2320=VERTEX_POINT('',#5831);
#2321=VERTEX_POINT('',#5832);
#2322=VERTEX_POINT('',#5834);
#2323=VERTEX_POINT('',#5836);
#2324=VERTEX_POINT('',#5838);
#2325=VERTEX_POINT('',#5840);
#2326=VERTEX_POINT('',#5842);
#2327=VERTEX_POINT('',#5844);
#2328=VERTEX_POINT('',#5846);
#2329=VERTEX_POINT('',#5848);
#2330=VERTEX_POINT('',#5850);
#2331=VERTEX_POINT('',#5852);
#2332=VERTEX_POINT('',#5854);
#2333=VERTEX_POINT('',#5856);
#2334=VERTEX_POINT('',#5858);
#2335=VERTEX_POINT('',#5860);
#2336=VERTEX_POINT('',#5862);
#2337=VERTEX_POINT('',#5864);
#2338=VERTEX_POINT('',#5866);
#2339=VERTEX_POINT('',#5868);
#2340=VERTEX_POINT('',#5870);
#2341=VERTEX_POINT('',#5872);
#2342=VERTEX_POINT('',#5874);
#2343=VERTEX_POINT('',#5876);
#2344=VERTEX_POINT('',#5878);
#2345=VERTEX_POINT('',#5880);
#2346=VERTEX_POINT('',#5882);
#2347=VERTEX_POINT('',#5884);
#2348=VERTEX_POINT('',#5886);
#2349=VERTEX_POINT('',#5889);
#2350=VERTEX_POINT('',#5890);
#2351=VERTEX_POINT('',#5892);
#2352=VERTEX_POINT('',#5894);
#2353=VERTEX_POINT('',#5896);
#2354=VERTEX_POINT('',#5898);
#2355=VERTEX_POINT('',#5900);
#2356=VERTEX_POINT('',#5902);
#2357=VERTEX_POINT('',#5905);
#2358=VERTEX_POINT('',#5907);
#2359=VERTEX_POINT('',#5909);
#2360=VERTEX_POINT('',#5911);
#2361=VERTEX_POINT('',#5913);
#2362=VERTEX_POINT('',#5915);
#2363=VERTEX_POINT('',#5918);
#2364=VERTEX_POINT('',#5919);
#2365=VERTEX_POINT('',#5921);
#2366=VERTEX_POINT('',#5923);
#2367=VERTEX_POINT('',#5926);
#2368=VERTEX_POINT('',#5927);
#2369=VERTEX_POINT('',#5929);
#2370=VERTEX_POINT('',#5931);
#2371=VERTEX_POINT('',#5936);
#2372=VERTEX_POINT('',#5937);
#2373=VERTEX_POINT('',#5941);
#2374=VERTEX_POINT('',#5943);
#2375=VERTEX_POINT('',#5945);
#2376=VERTEX_POINT('',#5947);
#2377=VERTEX_POINT('',#5949);
#2378=VERTEX_POINT('',#5953);
#2379=VERTEX_POINT('',#5957);
#2380=VERTEX_POINT('',#5959);
#2381=VERTEX_POINT('',#5961);
#2382=VERTEX_POINT('',#5963);
#2383=VERTEX_POINT('',#5966);
#2384=VERTEX_POINT('',#5967);
#2385=VERTEX_POINT('',#5969);
#2386=VERTEX_POINT('',#5971);
#2387=VERTEX_POINT('',#5973);
#2388=VERTEX_POINT('',#5975);
#2389=VERTEX_POINT('',#5980);
#2390=VERTEX_POINT('',#5981);
#2391=VERTEX_POINT('',#5985);
#2392=VERTEX_POINT('',#5987);
#2393=VERTEX_POINT('',#5991);
#2394=VERTEX_POINT('',#5995);
#2395=VERTEX_POINT('',#5999);
#2396=VERTEX_POINT('',#6001);
#2397=VERTEX_POINT('',#6003);
#2398=VERTEX_POINT('',#6005);
#2399=VERTEX_POINT('',#6007);
#2400=VERTEX_POINT('',#6009);
#2401=VERTEX_POINT('',#6011);
#2402=VERTEX_POINT('',#6015);
#2403=VERTEX_POINT('',#6019);
#2404=VERTEX_POINT('',#6023);
#2405=VERTEX_POINT('',#6027);
#2406=VERTEX_POINT('',#6031);
#2407=VERTEX_POINT('',#6035);
#2408=VERTEX_POINT('',#6037);
#2409=VERTEX_POINT('',#6039);
#2410=VERTEX_POINT('',#6041);
#2411=VERTEX_POINT('',#6043);
#2412=VERTEX_POINT('',#6045);
#2413=VERTEX_POINT('',#6047);
#2414=VERTEX_POINT('',#6049);
#2415=VERTEX_POINT('',#6053);
#2416=VERTEX_POINT('',#6056);
#2417=VERTEX_POINT('',#6057);
#2418=VERTEX_POINT('',#6059);
#2419=VERTEX_POINT('',#6061);
#2420=VERTEX_POINT('',#6063);
#2421=VERTEX_POINT('',#6065);
#2422=VERTEX_POINT('',#6067);
#2423=VERTEX_POINT('',#6069);
#2424=VERTEX_POINT('',#6071);
#2425=VERTEX_POINT('',#6073);
#2426=VERTEX_POINT('',#6075);
#2427=VERTEX_POINT('',#6077);
#2428=VERTEX_POINT('',#6079);
#2429=VERTEX_POINT('',#6081);
#2430=VERTEX_POINT('',#6083);
#2431=VERTEX_POINT('',#6085);
#2432=VERTEX_POINT('',#6087);
#2433=VERTEX_POINT('',#6089);
#2434=VERTEX_POINT('',#6091);
#2435=VERTEX_POINT('',#6093);
#2436=VERTEX_POINT('',#6095);
#2437=VERTEX_POINT('',#6097);
#2438=VERTEX_POINT('',#6099);
#2439=VERTEX_POINT('',#6101);
#2440=VERTEX_POINT('',#6103);
#2441=VERTEX_POINT('',#6105);
#2442=VERTEX_POINT('',#6107);
#2443=VERTEX_POINT('',#6109);
#2444=VERTEX_POINT('',#6111);
#2445=VERTEX_POINT('',#6114);
#2446=VERTEX_POINT('',#6115);
#2447=VERTEX_POINT('',#6117);
#2448=VERTEX_POINT('',#6119);
#2449=VERTEX_POINT('',#6121);
#2450=VERTEX_POINT('',#6123);
#2451=VERTEX_POINT('',#6125);
#2452=VERTEX_POINT('',#6127);
#2453=VERTEX_POINT('',#6129);
#2454=VERTEX_POINT('',#6131);
#2455=VERTEX_POINT('',#6133);
#2456=VERTEX_POINT('',#6135);
#2457=VERTEX_POINT('',#6137);
#2458=VERTEX_POINT('',#6139);
#2459=VERTEX_POINT('',#6141);
#2460=VERTEX_POINT('',#6143);
#2461=VERTEX_POINT('',#6145);
#2462=VERTEX_POINT('',#6149);
#2463=VERTEX_POINT('',#6153);
#2464=VERTEX_POINT('',#6157);
#2465=VERTEX_POINT('',#6158);
#2466=VERTEX_POINT('',#6163);
#2467=VERTEX_POINT('',#6167);
#2468=VERTEX_POINT('',#6171);
#2469=VERTEX_POINT('',#6172);
#2470=VERTEX_POINT('',#6177);
#2471=VERTEX_POINT('',#6181);
#2472=VERTEX_POINT('',#6185);
#2473=VERTEX_POINT('',#6188);
#2474=VERTEX_POINT('',#6191);
#2475=VERTEX_POINT('',#6194);
#2476=VERTEX_POINT('',#6195);
#2477=VERTEX_POINT('',#6197);
#2478=VERTEX_POINT('',#6199);
#2479=VERTEX_POINT('',#6208);
#2480=VERTEX_POINT('',#6212);
#2481=VERTEX_POINT('',#6214);
#2482=VERTEX_POINT('',#6218);
#2483=VERTEX_POINT('',#6222);
#2484=VERTEX_POINT('',#6226);
#2485=VERTEX_POINT('',#6230);
#2486=VERTEX_POINT('',#6234);
#2487=VERTEX_POINT('',#6238);
#2488=VERTEX_POINT('',#6245);
#2489=VERTEX_POINT('',#6247);
#2490=VERTEX_POINT('',#6251);
#2491=VERTEX_POINT('',#6255);
#2492=VERTEX_POINT('',#6259);
#2493=VERTEX_POINT('',#6263);
#2494=VERTEX_POINT('',#6267);
#2495=VERTEX_POINT('',#6271);
#2496=VERTEX_POINT('',#6275);
#2497=VERTEX_POINT('',#6279);
#2498=VERTEX_POINT('',#6283);
#2499=VERTEX_POINT('',#6287);
#2500=VERTEX_POINT('',#6291);
#2501=VERTEX_POINT('',#6295);
#2502=VERTEX_POINT('',#6299);
#2503=VERTEX_POINT('',#6303);
#2504=VERTEX_POINT('',#6307);
#2505=VERTEX_POINT('',#6311);
#2506=VERTEX_POINT('',#6315);
#2507=VERTEX_POINT('',#6319);
#2508=VERTEX_POINT('',#6323);
#2509=VERTEX_POINT('',#6327);
#2510=VERTEX_POINT('',#6331);
#2511=VERTEX_POINT('',#6335);
#2512=VERTEX_POINT('',#6339);
#2513=VERTEX_POINT('',#6343);
#2514=VERTEX_POINT('',#6347);
#2515=VERTEX_POINT('',#6351);
#2516=VERTEX_POINT('',#6355);
#2517=VERTEX_POINT('',#6369);
#2518=VERTEX_POINT('',#6373);
#2519=VERTEX_POINT('',#6377);
#2520=VERTEX_POINT('',#6381);
#2521=VERTEX_POINT('',#6385);
#2522=VERTEX_POINT('',#6389);
#2523=VERTEX_POINT('',#6393);
#2524=VERTEX_POINT('',#6397);
#2525=VERTEX_POINT('',#6401);
#2526=VERTEX_POINT('',#6412);
#2527=VERTEX_POINT('',#6425);
#2528=VERTEX_POINT('',#6438);
#2529=VERTEX_POINT('',#6451);
#2530=VERTEX_POINT('',#6457);
#2531=VERTEX_POINT('',#6461);
#2532=VERTEX_POINT('',#6465);
#2533=VERTEX_POINT('',#6469);
#2534=VERTEX_POINT('',#6473);
#2535=VERTEX_POINT('',#6477);
#2536=VERTEX_POINT('',#6481);
#2537=VERTEX_POINT('',#6492);
#2538=VERTEX_POINT('',#6505);
#2539=VERTEX_POINT('',#6523);
#2540=VERTEX_POINT('',#6525);
#2541=VERTEX_POINT('',#6529);
#2542=VERTEX_POINT('',#6533);
#2543=VERTEX_POINT('',#6537);
#2544=VERTEX_POINT('',#6541);
#2545=VERTEX_POINT('',#6545);
#2546=VERTEX_POINT('',#6549);
#2547=VERTEX_POINT('',#6553);
#2548=VERTEX_POINT('',#6557);
#2549=VERTEX_POINT('',#6561);
#2550=VERTEX_POINT('',#6565);
#2551=VERTEX_POINT('',#6569);
#2552=VERTEX_POINT('',#6573);
#2553=VERTEX_POINT('',#6577);
#2554=VERTEX_POINT('',#6581);
#2555=VERTEX_POINT('',#6585);
#2556=VERTEX_POINT('',#6589);
#2557=VERTEX_POINT('',#6593);
#2558=VERTEX_POINT('',#6597);
#2559=VERTEX_POINT('',#6601);
#2560=VERTEX_POINT('',#6605);
#2561=VERTEX_POINT('',#6621);
#2562=VERTEX_POINT('',#6622);
#2563=VERTEX_POINT('',#6624);
#2564=VERTEX_POINT('',#6628);
#2565=VERTEX_POINT('',#6641);
#2566=VERTEX_POINT('',#6643);
#2567=VERTEX_POINT('',#6658);
#2568=VERTEX_POINT('',#6660);
#2569=VERTEX_POINT('',#6666);
#2570=VERTEX_POINT('',#6668);
#2571=VERTEX_POINT('',#6672);
#2572=VERTEX_POINT('',#6674);
#2573=VERTEX_POINT('',#6687);
#2574=VERTEX_POINT('',#6689);
#2575=VERTEX_POINT('',#6704);
#2576=VERTEX_POINT('',#6706);
#2577=VERTEX_POINT('',#6721);
#2578=VERTEX_POINT('',#6723);
#2579=VERTEX_POINT('',#6738);
#2580=VERTEX_POINT('',#6740);
#2581=VERTEX_POINT('',#6746);
#2582=VERTEX_POINT('',#6748);
#2583=VERTEX_POINT('',#6752);
#2584=VERTEX_POINT('',#6754);
#2585=VERTEX_POINT('',#6765);
#2586=VERTEX_POINT('',#6769);
#2587=VERTEX_POINT('',#6780);
#2588=VERTEX_POINT('',#6786);
#2589=VERTEX_POINT('',#6790);
#2590=VERTEX_POINT('',#6794);
#2591=VERTEX_POINT('',#6798);
#2592=VERTEX_POINT('',#6809);
#2593=VERTEX_POINT('',#6822);
#2594=VERTEX_POINT('',#6828);
#2595=VERTEX_POINT('',#6832);
#2596=VERTEX_POINT('',#6836);
#2597=VERTEX_POINT('',#6857);
#2598=VERTEX_POINT('',#6859);
#2599=VERTEX_POINT('',#6863);
#2600=VERTEX_POINT('',#6867);
#2601=VERTEX_POINT('',#6871);
#2602=VERTEX_POINT('',#6875);
#2603=VERTEX_POINT('',#6889);
#2604=VERTEX_POINT('',#6893);
#2605=VERTEX_POINT('',#6904);
#2606=VERTEX_POINT('',#6910);
#2607=VERTEX_POINT('',#6921);
#2608=VERTEX_POINT('',#6927);
#2609=VERTEX_POINT('',#6931);
#2610=VERTEX_POINT('',#6935);
#2611=VERTEX_POINT('',#6939);
#2612=VERTEX_POINT('',#6943);
#2613=VERTEX_POINT('',#6947);
#2614=VERTEX_POINT('',#6951);
#2615=VERTEX_POINT('',#6962);
#2616=VERTEX_POINT('',#6975);
#2617=VERTEX_POINT('',#6988);
#2618=VERTEX_POINT('',#7001);
#2619=VERTEX_POINT('',#7014);
#2620=VERTEX_POINT('',#7027);
#2621=VERTEX_POINT('',#7033);
#2622=VERTEX_POINT('',#7037);
#2623=VERTEX_POINT('',#7041);
#2624=VERTEX_POINT('',#7045);
#2625=VERTEX_POINT('',#7049);
#2626=VERTEX_POINT('',#7053);
#2627=VERTEX_POINT('',#7064);
#2628=VERTEX_POINT('',#7077);
#2629=VERTEX_POINT('',#7090);
#2630=VERTEX_POINT('',#7099);
#2631=VERTEX_POINT('',#7101);
#2632=VERTEX_POINT('',#7105);
#2633=VERTEX_POINT('',#7109);
#2634=VERTEX_POINT('',#7113);
#2635=VERTEX_POINT('',#7117);
#2636=VERTEX_POINT('',#7121);
#2637=VERTEX_POINT('',#7125);
#2638=VERTEX_POINT('',#7129);
#2639=VERTEX_POINT('',#7133);
#2640=VERTEX_POINT('',#7137);
#2641=VERTEX_POINT('',#7141);
#2642=VERTEX_POINT('',#7145);
#2643=VERTEX_POINT('',#7149);
#2644=VERTEX_POINT('',#7153);
#2645=VERTEX_POINT('',#7157);
#2646=VERTEX_POINT('',#7161);
#2647=VERTEX_POINT('',#7165);
#2648=VERTEX_POINT('',#7169);
#2649=VERTEX_POINT('',#7173);
#2650=VERTEX_POINT('',#7177);
#2651=VERTEX_POINT('',#7181);
#2652=VERTEX_POINT('',#7185);
#2653=VERTEX_POINT('',#7189);
#2654=VERTEX_POINT('',#7193);
#2655=VERTEX_POINT('',#7197);
#2656=VERTEX_POINT('',#7201);
#2657=VERTEX_POINT('',#7205);
#2658=VERTEX_POINT('',#7209);
#2659=VERTEX_POINT('',#7216);
#2660=VERTEX_POINT('',#7218);
#2661=VERTEX_POINT('',#7222);
#2662=VERTEX_POINT('',#7226);
#2663=VERTEX_POINT('',#7230);
#2664=VERTEX_POINT('',#7234);
#2665=VERTEX_POINT('',#7238);
#2666=VERTEX_POINT('',#7242);
#2667=VERTEX_POINT('',#7246);
#2668=VERTEX_POINT('',#7250);
#2669=VERTEX_POINT('',#7254);
#2670=VERTEX_POINT('',#7258);
#2671=VERTEX_POINT('',#7262);
#2672=VERTEX_POINT('',#7266);
#2673=VERTEX_POINT('',#7270);
#2674=VERTEX_POINT('',#7274);
#2675=VERTEX_POINT('',#7278);
#2676=VERTEX_POINT('',#7286);
#2677=VERTEX_POINT('',#7290);
#2678=VERTEX_POINT('',#7297);
#2679=VERTEX_POINT('',#7299);
#2680=LINE('',#5709,#3018);
#2681=LINE('',#5712,#3019);
#2682=LINE('',#5714,#3020);
#2683=LINE('',#5716,#3021);
#2684=LINE('',#5717,#3022);
#2685=LINE('',#5720,#3023);
#2686=LINE('',#5722,#3024);
#2687=LINE('',#5724,#3025);
#2688=LINE('',#5726,#3026);
#2689=LINE('',#5733,#3027);
#2690=LINE('',#5739,#3028);
#2691=LINE('',#5745,#3029);
#2692=LINE('',#5751,#3030);
#2693=LINE('',#5755,#3031);
#2694=LINE('',#5761,#3032);
#2695=LINE('',#5767,#3033);
#2696=LINE('',#5795,#3034);
#2697=LINE('',#5825,#3035);
#2698=LINE('',#5830,#3036);
#2699=LINE('',#5837,#3037);
#2700=LINE('',#5843,#3038);
#2701=LINE('',#5853,#3039);
#2702=LINE('',#5857,#3040);
#2703=LINE('',#5861,#3041);
#2704=LINE('',#5871,#3042);
#2705=LINE('',#5875,#3043);
#2706=LINE('',#5879,#3044);
#2707=LINE('',#5888,#3045);
#2708=LINE('',#5891,#3046);
#2709=LINE('',#5893,#3047);
#2710=LINE('',#5895,#3048);
#2711=LINE('',#5897,#3049);
#2712=LINE('',#5899,#3050);
#2713=LINE('',#5901,#3051);
#2714=LINE('',#5903,#3052);
#2715=LINE('',#5912,#3053);
#2716=LINE('',#5914,#3054);
#2717=LINE('',#5916,#3055);
#2718=LINE('',#5917,#3056);
#2719=LINE('',#5920,#3057);
#2720=LINE('',#5922,#3058);
#2721=LINE('',#5924,#3059);
#2722=LINE('',#5925,#3060);
#2723=LINE('',#5928,#3061);
#2724=LINE('',#5930,#3062);
#2725=LINE('',#5932,#3063);
#2726=LINE('',#5965,#3064);
#2727=LINE('',#5968,#3065);
#2728=LINE('',#5970,#3066);
#2729=LINE('',#5972,#3067);
#2730=LINE('',#5974,#3068);
#2731=LINE('',#5976,#3069);
#2732=LINE('',#6004,#3070);
#2733=LINE('',#6042,#3071);
#2734=LINE('',#6055,#3072);
#2735=LINE('',#6062,#3073);
#2736=LINE('',#6068,#3074);
#2737=LINE('',#6078,#3075);
#2738=LINE('',#6082,#3076);
#2739=LINE('',#6086,#3077);
#2740=LINE('',#6096,#3078);
#2741=LINE('',#6100,#3079);
#2742=LINE('',#6104,#3080);
#2743=LINE('',#6113,#3081);
#2744=LINE('',#6120,#3082);
#2745=LINE('',#6126,#3083);
#2746=LINE('',#6132,#3084);
#2747=LINE('',#6136,#3085);
#2748=LINE('',#6142,#3086);
#2749=LINE('',#6148,#3087);
#2750=LINE('',#6150,#3088);
#2751=LINE('',#6152,#3089);
#2752=LINE('',#6154,#3090);
#2753=LINE('',#6156,#3091);
#2754=LINE('',#6159,#3092);
#2755=LINE('',#6160,#3093);
#2756=LINE('',#6162,#3094);
#2757=LINE('',#6164,#3095);
#2758=LINE('',#6166,#3096);
#2759=LINE('',#6168,#3097);
#2760=LINE('',#6170,#3098);
#2761=LINE('',#6173,#3099);
#2762=LINE('',#6174,#3100);
#2763=LINE('',#6176,#3101);
#2764=LINE('',#6178,#3102);
#2765=LINE('',#6180,#3103);
#2766=LINE('',#6182,#3104);
#2767=LINE('',#6193,#3105);
#2768=LINE('',#6196,#3106);
#2769=LINE('',#6198,#3107);
#2770=LINE('',#6200,#3108);
#2771=LINE('',#6201,#3109);
#2772=LINE('',#6203,#3110);
#2773=LINE('',#6205,#3111);
#2774=LINE('',#6211,#3112);
#2775=LINE('',#6213,#3113);
#2776=LINE('',#6215,#3114);
#2777=LINE('',#6217,#3115);
#2778=LINE('',#6219,#3116);
#2779=LINE('',#6221,#3117);
#2780=LINE('',#6223,#3118);
#2781=LINE('',#6225,#3119);
#2782=LINE('',#6227,#3120);
#2783=LINE('',#6229,#3121);
#2784=LINE('',#6231,#3122);
#2785=LINE('',#6233,#3123);
#2786=LINE('',#6235,#3124);
#2787=LINE('',#6237,#3125);
#2788=LINE('',#6239,#3126);
#2789=LINE('',#6241,#3127);
#2790=LINE('',#6244,#3128);
#2791=LINE('',#6248,#3129);
#2792=LINE('',#6250,#3130);
#2793=LINE('',#6252,#3131);
#2794=LINE('',#6254,#3132);
#2795=LINE('',#6258,#3133);
#2796=LINE('',#6262,#3134);
#2797=LINE('',#6266,#3135);
#2798=LINE('',#6270,#3136);
#2799=LINE('',#6272,#3137);
#2800=LINE('',#6274,#3138);
#2801=LINE('',#6278,#3139);
#2802=LINE('',#6280,#3140);
#2803=LINE('',#6282,#3141);
#2804=LINE('',#6286,#3142);
#2805=LINE('',#6288,#3143);
#2806=LINE('',#6290,#3144);
#2807=LINE('',#6294,#3145);
#2808=LINE('',#6298,#3146);
#2809=LINE('',#6302,#3147);
#2810=LINE('',#6306,#3148);
#2811=LINE('',#6308,#3149);
#2812=LINE('',#6310,#3150);
#2813=LINE('',#6314,#3151);
#2814=LINE('',#6316,#3152);
#2815=LINE('',#6318,#3153);
#2816=LINE('',#6322,#3154);
#2817=LINE('',#6324,#3155);
#2818=LINE('',#6326,#3156);
#2819=LINE('',#6330,#3157);
#2820=LINE('',#6334,#3158);
#2821=LINE('',#6338,#3159);
#2822=LINE('',#6342,#3160);
#2823=LINE('',#6344,#3161);
#2824=LINE('',#6346,#3162);
#2825=LINE('',#6350,#3163);
#2826=LINE('',#6354,#3164);
#2827=LINE('',#6356,#3165);
#2828=LINE('',#6368,#3166);
#2829=LINE('',#6374,#3167);
#2830=LINE('',#6376,#3168);
#2831=LINE('',#6380,#3169);
#2832=LINE('',#6384,#3170);
#2833=LINE('',#6388,#3171);
#2834=LINE('',#6390,#3172);
#2835=LINE('',#6392,#3173);
#2836=LINE('',#6396,#3174);
#2837=LINE('',#6400,#3175);
#2838=LINE('',#6411,#3176);
#2839=LINE('',#6424,#3177);
#2840=LINE('',#6437,#3178);
#2841=LINE('',#6450,#3179);
#2842=LINE('',#6456,#3180);
#2843=LINE('',#6460,#3181);
#2844=LINE('',#6464,#3182);
#2845=LINE('',#6468,#3183);
#2846=LINE('',#6470,#3184);
#2847=LINE('',#6472,#3185);
#2848=LINE('',#6476,#3186);
#2849=LINE('',#6480,#3187);
#2850=LINE('',#6491,#3188);
#2851=LINE('',#6504,#3189);
#2852=LINE('',#6522,#3190);
#2853=LINE('',#6526,#3191);
#2854=LINE('',#6528,#3192);
#2855=LINE('',#6530,#3193);
#2856=LINE('',#6532,#3194);
#2857=LINE('',#6536,#3195);
#2858=LINE('',#6538,#3196);
#2859=LINE('',#6540,#3197);
#2860=LINE('',#6544,#3198);
#2861=LINE('',#6548,#3199);
#2862=LINE('',#6550,#3200);
#2863=LINE('',#6552,#3201);
#2864=LINE('',#6556,#3202);
#2865=LINE('',#6560,#3203);
#2866=LINE('',#6562,#3204);
#2867=LINE('',#6564,#3205);
#2868=LINE('',#6568,#3206);
#2869=LINE('',#6570,#3207);
#2870=LINE('',#6572,#3208);
#2871=LINE('',#6576,#3209);
#2872=LINE('',#6580,#3210);
#2873=LINE('',#6582,#3211);
#2874=LINE('',#6584,#3212);
#2875=LINE('',#6588,#3213);
#2876=LINE('',#6592,#3214);
#2877=LINE('',#6594,#3215);
#2878=LINE('',#6596,#3216);
#2879=LINE('',#6600,#3217);
#2880=LINE('',#6604,#3218);
#2881=LINE('',#6606,#3219);
#2882=LINE('',#6623,#3220);
#2883=LINE('',#6629,#3221);
#2884=LINE('',#6642,#3222);
#2885=LINE('',#6659,#3223);
#2886=LINE('',#6667,#3224);
#2887=LINE('',#6673,#3225);
#2888=LINE('',#6688,#3226);
#2889=LINE('',#6705,#3227);
#2890=LINE('',#6722,#3228);
#2891=LINE('',#6739,#3229);
#2892=LINE('',#6747,#3230);
#2893=LINE('',#6753,#3231);
#2894=LINE('',#6764,#3232);
#2895=LINE('',#6770,#3233);
#2896=LINE('',#6779,#3234);
#2897=LINE('',#6785,#3235);
#2898=LINE('',#6789,#3236);
#2899=LINE('',#6793,#3237);
#2900=LINE('',#6797,#3238);
#2901=LINE('',#6808,#3239);
#2902=LINE('',#6821,#3240);
#2903=LINE('',#6827,#3241);
#2904=LINE('',#6831,#3242);
#2905=LINE('',#6835,#3243);
#2906=LINE('',#6856,#3244);
#2907=LINE('',#6858,#3245);
#2908=LINE('',#6860,#3246);
#2909=LINE('',#6862,#3247);
#2910=LINE('',#6864,#3248);
#2911=LINE('',#6866,#3249);
#2912=LINE('',#6868,#3250);
#2913=LINE('',#6870,#3251);
#2914=LINE('',#6872,#3252);
#2915=LINE('',#6874,#3253);
#2916=LINE('',#6876,#3254);
#2917=LINE('',#6878,#3255);
#2918=LINE('',#6888,#3256);
#2919=LINE('',#6894,#3257);
#2920=LINE('',#6903,#3258);
#2921=LINE('',#6909,#3259);
#2922=LINE('',#6920,#3260);
#2923=LINE('',#6926,#3261);
#2924=LINE('',#6930,#3262);
#2925=LINE('',#6934,#3263);
#2926=LINE('',#6938,#3264);
#2927=LINE('',#6940,#3265);
#2928=LINE('',#6942,#3266);
#2929=LINE('',#6946,#3267);
#2930=LINE('',#6950,#3268);
#2931=LINE('',#6961,#3269);
#2932=LINE('',#6974,#3270);
#2933=LINE('',#6987,#3271);
#2934=LINE('',#7000,#3272);
#2935=LINE('',#7013,#3273);
#2936=LINE('',#7026,#3274);
#2937=LINE('',#7032,#3275);
#2938=LINE('',#7036,#3276);
#2939=LINE('',#7040,#3277);
#2940=LINE('',#7044,#3278);
#2941=LINE('',#7046,#3279);
#2942=LINE('',#7048,#3280);
#2943=LINE('',#7052,#3281);
#2944=LINE('',#7063,#3282);
#2945=LINE('',#7076,#3283);
#2946=LINE('',#7089,#3284);
#2947=LINE('',#7098,#3285);
#2948=LINE('',#7102,#3286);
#2949=LINE('',#7104,#3287);
#2950=LINE('',#7106,#3288);
#2951=LINE('',#7108,#3289);
#2952=LINE('',#7112,#3290);
#2953=LINE('',#7116,#3291);
#2954=LINE('',#7120,#3292);
#2955=LINE('',#7124,#3293);
#2956=LINE('',#7126,#3294);
#2957=LINE('',#7128,#3295);
#2958=LINE('',#7132,#3296);
#2959=LINE('',#7134,#3297);
#2960=LINE('',#7136,#3298);
#2961=LINE('',#7140,#3299);
#2962=LINE('',#7142,#3300);
#2963=LINE('',#7144,#3301);
#2964=LINE('',#7148,#3302);
#2965=LINE('',#7152,#3303);
#2966=LINE('',#7156,#3304);
#2967=LINE('',#7160,#3305);
#2968=LINE('',#7162,#3306);
#2969=LINE('',#7164,#3307);
#2970=LINE('',#7168,#3308);
#2971=LINE('',#7170,#3309);
#2972=LINE('',#7172,#3310);
#2973=LINE('',#7176,#3311);
#2974=LINE('',#7178,#3312);
#2975=LINE('',#7180,#3313);
#2976=LINE('',#7184,#3314);
#2977=LINE('',#7188,#3315);
#2978=LINE('',#7192,#3316);
#2979=LINE('',#7196,#3317);
#2980=LINE('',#7198,#3318);
#2981=LINE('',#7200,#3319);
#2982=LINE('',#7204,#3320);
#2983=LINE('',#7208,#3321);
#2984=LINE('',#7210,#3322);
#2985=LINE('',#7215,#3323);
#2986=LINE('',#7219,#3324);
#2987=LINE('',#7221,#3325);
#2988=LINE('',#7223,#3326);
#2989=LINE('',#7225,#3327);
#2990=LINE('',#7229,#3328);
#2991=LINE('',#7233,#3329);
#2992=LINE('',#7235,#3330);
#2993=LINE('',#7237,#3331);
#2994=LINE('',#7241,#3332);
#2995=LINE('',#7245,#3333);
#2996=LINE('',#7247,#3334);
#2997=LINE('',#7249,#3335);
#2998=LINE('',#7253,#3336);
#2999=LINE('',#7255,#3337);
#3000=LINE('',#7257,#3338);
#3001=LINE('',#7261,#3339);
#3002=LINE('',#7265,#3340);
#3003=LINE('',#7267,#3341);
#3004=LINE('',#7269,#3342);
#3005=LINE('',#7273,#3343);
#3006=LINE('',#7277,#3344);
#3007=LINE('',#7279,#3345);
#3008=LINE('',#7285,#3346);
#3009=LINE('',#7287,#3347);
#3010=LINE('',#7289,#3348);
#3011=LINE('',#7291,#3349);
#3012=LINE('',#7293,#3350);
#3013=LINE('',#7296,#3351);
#3014=LINE('',#7298,#3352);
#3015=LINE('',#7300,#3353);
#3016=LINE('',#7302,#3354);
#3017=LINE('',#7304,#3355);
#3018=VECTOR('',#4571,1.);
#3019=VECTOR('',#4572,1.);
#3020=VECTOR('',#4573,1.);
#3021=VECTOR('',#4574,1.);
#3022=VECTOR('',#4575,1.);
#3023=VECTOR('',#4576,1.);
#3024=VECTOR('',#4577,1.);
#3025=VECTOR('',#4578,1.);
#3026=VECTOR('',#4581,1.);
#3027=VECTOR('',#4586,1.);
#3028=VECTOR('',#4591,1.);
#3029=VECTOR('',#4596,1.);
#3030=VECTOR('',#4601,1.);
#3031=VECTOR('',#4604,1.);
#3032=VECTOR('',#4609,1.);
#3033=VECTOR('',#4614,1.);
#3034=VECTOR('',#4625,1.);
#3035=VECTOR('',#4638,1.);
#3036=VECTOR('',#4643,1.);
#3037=VECTOR('',#4648,1.);
#3038=VECTOR('',#4653,1.);
#3039=VECTOR('',#4662,1.);
#3040=VECTOR('',#4665,1.);
#3041=VECTOR('',#4668,1.);
#3042=VECTOR('',#4677,1.);
#3043=VECTOR('',#4680,1.);
#3044=VECTOR('',#4683,1.);
#3045=VECTOR('',#4692,1.);
#3046=VECTOR('',#4693,1.);
#3047=VECTOR('',#4694,1.);
#3048=VECTOR('',#4695,1.);
#3049=VECTOR('',#4696,1.);
#3050=VECTOR('',#4697,1.);
#3051=VECTOR('',#4698,1.);
#3052=VECTOR('',#4699,1.);
#3053=VECTOR('',#4708,1.);
#3054=VECTOR('',#4709,1.);
#3055=VECTOR('',#4710,1.);
#3056=VECTOR('',#4711,1.);
#3057=VECTOR('',#4712,1.);
#3058=VECTOR('',#4713,1.);
#3059=VECTOR('',#4714,1.);
#3060=VECTOR('',#4715,1.);
#3061=VECTOR('',#4716,1.);
#3062=VECTOR('',#4717,1.);
#3063=VECTOR('',#4718,1.);
#3064=VECTOR('',#4735,1.);
#3065=VECTOR('',#4736,1.);
#3066=VECTOR('',#4737,1.);
#3067=VECTOR('',#4738,1.);
#3068=VECTOR('',#4739,1.);
#3069=VECTOR('',#4740,1.);
#3070=VECTOR('',#4747,1.);
#3071=VECTOR('',#4760,1.);
#3072=VECTOR('',#4769,1.);
#3073=VECTOR('',#4774,1.);
#3074=VECTOR('',#4779,1.);
#3075=VECTOR('',#4788,1.);
#3076=VECTOR('',#4791,1.);
#3077=VECTOR('',#4794,1.);
#3078=VECTOR('',#4803,1.);
#3079=VECTOR('',#4806,1.);
#3080=VECTOR('',#4809,1.);
#3081=VECTOR('',#4818,1.);
#3082=VECTOR('',#4823,1.);
#3083=VECTOR('',#4828,1.);
#3084=VECTOR('',#4833,1.);
#3085=VECTOR('',#4836,1.);
#3086=VECTOR('',#4841,1.);
#3087=VECTOR('',#4848,1.);
#3088=VECTOR('',#4849,1.);
#3089=VECTOR('',#4852,1.);
#3090=VECTOR('',#4853,1.);
#3091=VECTOR('',#4856,1.);
#3092=VECTOR('',#4857,1.);
#3093=VECTOR('',#4858,1.);
#3094=VECTOR('',#4861,1.);
#3095=VECTOR('',#4862,1.);
#3096=VECTOR('',#4865,1.);
#3097=VECTOR('',#4866,1.);
#3098=VECTOR('',#4869,1.);
#3099=VECTOR('',#4870,1.);
#3100=VECTOR('',#4871,1.);
#3101=VECTOR('',#4874,1.);
#3102=VECTOR('',#4875,1.);
#3103=VECTOR('',#4878,1.);
#3104=VECTOR('',#4879,1.);
#3105=VECTOR('',#4894,1.);
#3106=VECTOR('',#4895,1.);
#3107=VECTOR('',#4896,1.);
#3108=VECTOR('',#4897,1.);
#3109=VECTOR('',#4898,1.);
#3110=VECTOR('',#4901,1.);
#3111=VECTOR('',#4904,1.);
#3112=VECTOR('',#4913,1.);
#3113=VECTOR('',#4914,1.);
#3114=VECTOR('',#4915,1.);
#3115=VECTOR('',#4918,1.);
#3116=VECTOR('',#4919,1.);
#3117=VECTOR('',#4922,1.);
#3118=VECTOR('',#4923,1.);
#3119=VECTOR('',#4926,1.);
#3120=VECTOR('',#4927,1.);
#3121=VECTOR('',#4930,1.);
#3122=VECTOR('',#4931,1.);
#3123=VECTOR('',#4934,1.);
#3124=VECTOR('',#4935,1.);
#3125=VECTOR('',#4938,1.);
#3126=VECTOR('',#4939,1.);
#3127=VECTOR('',#4942,1.);
#3128=VECTOR('',#4947,1.);
#3129=VECTOR('',#4950,1.);
#3130=VECTOR('',#4953,1.);
#3131=VECTOR('',#4954,1.);
#3132=VECTOR('',#4957,1.);
#3133=VECTOR('',#4962,1.);
#3134=VECTOR('',#4967,1.);
#3135=VECTOR('',#4972,1.);
#3136=VECTOR('',#4977,1.);
#3137=VECTOR('',#4978,1.);
#3138=VECTOR('',#4981,1.);
#3139=VECTOR('',#4986,1.);
#3140=VECTOR('',#4987,1.);
#3141=VECTOR('',#4990,1.);
#3142=VECTOR('',#4995,1.);
#3143=VECTOR('',#4996,1.);
#3144=VECTOR('',#4999,1.);
#3145=VECTOR('',#5004,1.);
#3146=VECTOR('',#5009,1.);
#3147=VECTOR('',#5014,1.);
#3148=VECTOR('',#5019,1.);
#3149=VECTOR('',#5020,1.);
#3150=VECTOR('',#5023,1.);
#3151=VECTOR('',#5028,1.);
#3152=VECTOR('',#5029,1.);
#3153=VECTOR('',#5032,1.);
#3154=VECTOR('',#5037,1.);
#3155=VECTOR('',#5038,1.);
#3156=VECTOR('',#5041,1.);
#3157=VECTOR('',#5046,1.);
#3158=VECTOR('',#5051,1.);
#3159=VECTOR('',#5056,1.);
#3160=VECTOR('',#5061,1.);
#3161=VECTOR('',#5062,1.);
#3162=VECTOR('',#5065,1.);
#3163=VECTOR('',#5070,1.);
#3164=VECTOR('',#5075,1.);
#3165=VECTOR('',#5076,1.);
#3166=VECTOR('',#5083,1.);
#3167=VECTOR('',#5084,1.);
#3168=VECTOR('',#5087,1.);
#3169=VECTOR('',#5092,1.);
#3170=VECTOR('',#5097,1.);
#3171=VECTOR('',#5102,1.);
#3172=VECTOR('',#5103,1.);
#3173=VECTOR('',#5106,1.);
#3174=VECTOR('',#5111,1.);
#3175=VECTOR('',#5116,1.);
#3176=VECTOR('',#5119,1.);
#3177=VECTOR('',#5120,1.);
#3178=VECTOR('',#5121,1.);
#3179=VECTOR('',#5122,1.);
#3180=VECTOR('',#5125,1.);
#3181=VECTOR('',#5130,1.);
#3182=VECTOR('',#5135,1.);
#3183=VECTOR('',#5140,1.);
#3184=VECTOR('',#5141,1.);
#3185=VECTOR('',#5144,1.);
#3186=VECTOR('',#5149,1.);
#3187=VECTOR('',#5154,1.);
#3188=VECTOR('',#5157,1.);
#3189=VECTOR('',#5158,1.);
#3190=VECTOR('',#5163,1.);
#3191=VECTOR('',#5166,1.);
#3192=VECTOR('',#5169,1.);
#3193=VECTOR('',#5170,1.);
#3194=VECTOR('',#5173,1.);
#3195=VECTOR('',#5178,1.);
#3196=VECTOR('',#5179,1.);
#3197=VECTOR('',#5182,1.);
#3198=VECTOR('',#5187,1.);
#3199=VECTOR('',#5192,1.);
#3200=VECTOR('',#5193,1.);
#3201=VECTOR('',#5196,1.);
#3202=VECTOR('',#5201,1.);
#3203=VECTOR('',#5206,1.);
#3204=VECTOR('',#5207,1.);
#3205=VECTOR('',#5210,1.);
#3206=VECTOR('',#5215,1.);
#3207=VECTOR('',#5216,1.);
#3208=VECTOR('',#5219,1.);
#3209=VECTOR('',#5224,1.);
#3210=VECTOR('',#5229,1.);
#3211=VECTOR('',#5230,1.);
#3212=VECTOR('',#5233,1.);
#3213=VECTOR('',#5238,1.);
#3214=VECTOR('',#5243,1.);
#3215=VECTOR('',#5244,1.);
#3216=VECTOR('',#5247,1.);
#3217=VECTOR('',#5252,1.);
#3218=VECTOR('',#5257,1.);
#3219=VECTOR('',#5258,1.);
#3220=VECTOR('',#5265,1.);
#3221=VECTOR('',#5266,1.);
#3222=VECTOR('',#5267,1.);
#3223=VECTOR('',#5268,1.);
#3224=VECTOR('',#5273,1.);
#3225=VECTOR('',#5280,1.);
#3226=VECTOR('',#5283,1.);
#3227=VECTOR('',#5284,1.);
#3228=VECTOR('',#5285,1.);
#3229=VECTOR('',#5286,1.);
#3230=VECTOR('',#5291,1.);
#3231=VECTOR('',#5298,1.);
#3232=VECTOR('',#5301,1.);
#3233=VECTOR('',#5302,1.);
#3234=VECTOR('',#5303,1.);
#3235=VECTOR('',#5306,1.);
#3236=VECTOR('',#5311,1.);
#3237=VECTOR('',#5316,1.);
#3238=VECTOR('',#5321,1.);
#3239=VECTOR('',#5324,1.);
#3240=VECTOR('',#5325,1.);
#3241=VECTOR('',#5328,1.);
#3242=VECTOR('',#5333,1.);
#3243=VECTOR('',#5338,1.);
#3244=VECTOR('',#5349,1.);
#3245=VECTOR('',#5350,1.);
#3246=VECTOR('',#5351,1.);
#3247=VECTOR('',#5354,1.);
#3248=VECTOR('',#5355,1.);
#3249=VECTOR('',#5358,1.);
#3250=VECTOR('',#5359,1.);
#3251=VECTOR('',#5362,1.);
#3252=VECTOR('',#5363,1.);
#3253=VECTOR('',#5366,1.);
#3254=VECTOR('',#5367,1.);
#3255=VECTOR('',#5370,1.);
#3256=VECTOR('',#5373,1.);
#3257=VECTOR('',#5374,1.);
#3258=VECTOR('',#5375,1.);
#3259=VECTOR('',#5378,1.);
#3260=VECTOR('',#5381,1.);
#3261=VECTOR('',#5384,1.);
#3262=VECTOR('',#5389,1.);
#3263=VECTOR('',#5394,1.);
#3264=VECTOR('',#5399,1.);
#3265=VECTOR('',#5400,1.);
#3266=VECTOR('',#5403,1.);
#3267=VECTOR('',#5408,1.);
#3268=VECTOR('',#5413,1.);
#3269=VECTOR('',#5416,1.);
#3270=VECTOR('',#5417,1.);
#3271=VECTOR('',#5418,1.);
#3272=VECTOR('',#5419,1.);
#3273=VECTOR('',#5420,1.);
#3274=VECTOR('',#5421,1.);
#3275=VECTOR('',#5424,1.);
#3276=VECTOR('',#5429,1.);
#3277=VECTOR('',#5434,1.);
#3278=VECTOR('',#5439,1.);
#3279=VECTOR('',#5440,1.);
#3280=VECTOR('',#5443,1.);
#3281=VECTOR('',#5448,1.);
#3282=VECTOR('',#5451,1.);
#3283=VECTOR('',#5452,1.);
#3284=VECTOR('',#5453,1.);
#3285=VECTOR('',#5462,1.);
#3286=VECTOR('',#5465,1.);
#3287=VECTOR('',#5468,1.);
#3288=VECTOR('',#5469,1.);
#3289=VECTOR('',#5472,1.);
#3290=VECTOR('',#5477,1.);
#3291=VECTOR('',#5482,1.);
#3292=VECTOR('',#5487,1.);
#3293=VECTOR('',#5492,1.);
#3294=VECTOR('',#5493,1.);
#3295=VECTOR('',#5496,1.);
#3296=VECTOR('',#5501,1.);
#3297=VECTOR('',#5502,1.);
#3298=VECTOR('',#5505,1.);
#3299=VECTOR('',#5510,1.);
#3300=VECTOR('',#5511,1.);
#3301=VECTOR('',#5514,1.);
#3302=VECTOR('',#5519,1.);
#3303=VECTOR('',#5524,1.);
#3304=VECTOR('',#5529,1.);
#3305=VECTOR('',#5534,1.);
#3306=VECTOR('',#5535,1.);
#3307=VECTOR('',#5538,1.);
#3308=VECTOR('',#5543,1.);
#3309=VECTOR('',#5544,1.);
#3310=VECTOR('',#5547,1.);
#3311=VECTOR('',#5552,1.);
#3312=VECTOR('',#5553,1.);
#3313=VECTOR('',#5556,1.);
#3314=VECTOR('',#5561,1.);
#3315=VECTOR('',#5566,1.);
#3316=VECTOR('',#5571,1.);
#3317=VECTOR('',#5576,1.);
#3318=VECTOR('',#5577,1.);
#3319=VECTOR('',#5580,1.);
#3320=VECTOR('',#5585,1.);
#3321=VECTOR('',#5590,1.);
#3322=VECTOR('',#5591,1.);
#3323=VECTOR('',#5600,1.);
#3324=VECTOR('',#5603,1.);
#3325=VECTOR('',#5606,1.);
#3326=VECTOR('',#5607,1.);
#3327=VECTOR('',#5610,1.);
#3328=VECTOR('',#5615,1.);
#3329=VECTOR('',#5620,1.);
#3330=VECTOR('',#5621,1.);
#3331=VECTOR('',#5624,1.);
#3332=VECTOR('',#5629,1.);
#3333=VECTOR('',#5634,1.);
#3334=VECTOR('',#5635,1.);
#3335=VECTOR('',#5638,1.);
#3336=VECTOR('',#5643,1.);
#3337=VECTOR('',#5644,1.);
#3338=VECTOR('',#5647,1.);
#3339=VECTOR('',#5652,1.);
#3340=VECTOR('',#5657,1.);
#3341=VECTOR('',#5658,1.);
#3342=VECTOR('',#5661,1.);
#3343=VECTOR('',#5666,1.);
#3344=VECTOR('',#5671,1.);
#3345=VECTOR('',#5672,1.);
#3346=VECTOR('',#5683,1.);
#3347=VECTOR('',#5684,1.);
#3348=VECTOR('',#5687,1.);
#3349=VECTOR('',#5688,1.);
#3350=VECTOR('',#5691,1.);
#3351=VECTOR('',#5696,1.);
#3352=VECTOR('',#5697,1.);
#3353=VECTOR('',#5698,1.);
#3354=VECTOR('',#5701,1.);
#3355=VECTOR('',#5704,1.);
#3356=EDGE_LOOP('',(#426,#427,#428,#429));
#3357=EDGE_LOOP('',(#430,#431,#432,#433));
#3358=EDGE_LOOP('',(#434,#435,#436,#437,#438,#439,#440,#441,#442,#443,#444,#445,#446,#447,#448,#449,#450,#451,#452,#453,#454,#455));
#3359=EDGE_LOOP('',(#456,#457,#458,#459,#460,#461,#462,#463,#464,#465,#466,#467,#468,#469,#470,#471,#472,#473,#474,#475,#476,#477));
#3360=EDGE_LOOP('',(#478,#479,#480,#481,#482,#483,#484,#485,#486,#487,#488,#489,#490,#491,#492,#493,#494,#495,#496,#497,#498,#499,#500,#501,#502,#503,#504,#505,#506));
#3361=EDGE_LOOP('',(#507,#508,#509,#510,#511,#512,#513,#514));
#3362=EDGE_LOOP('',(#515));
#3363=EDGE_LOOP('',(#516));
#3364=EDGE_LOOP('',(#517));
#3365=EDGE_LOOP('',(#518));
#3366=EDGE_LOOP('',(#519,#520,#521,#522));
#3367=EDGE_LOOP('',(#523,#524,#525,#526));
#3368=EDGE_LOOP('',(#527,#528,#529,#530));
#3369=EDGE_LOOP('',(#531,#532,#533,#534,#535,#536,#537,#538,#539,#540,#541,#542));
#3370=EDGE_LOOP('',(#543,#544,#545,#546,#547,#548));
#3371=EDGE_LOOP('',(#549,#550,#551,#552,#553,#554,#555,#556,#557,#558,#559,#560,#561,#562,#563,#564,#565,#566,#567,#568,#569,#570,#571,#572,#573,#574,#575));
#3372=EDGE_LOOP('',(#576,#577,#578,#579,#580,#581,#582,#583,#584,#585,#586,#587,#588,#589,#590,#591,#592,#593,#594,#595,#596,#597,#598,#599,#600,#601,#602,#603,#604));
#3373=EDGE_LOOP('',(#605,#606,#607,#608,#609,#610,#611,#612,#613,#614,#615,#616,#617,#618,#619,#620,#621));
#3374=EDGE_LOOP('',(#622,#623,#624,#625));
#3375=EDGE_LOOP('',(#626,#627,#628,#629));
#3376=EDGE_LOOP('',(#630,#631,#632,#633));
#3377=EDGE_LOOP('',(#634,#635,#636,#637));
#3378=EDGE_LOOP('',(#638,#639,#640,#641));
#3379=EDGE_LOOP('',(#642,#643,#644,#645));
#3380=EDGE_LOOP('',(#646,#647,#648,#649));
#3381=EDGE_LOOP('',(#650,#651,#652,#653));
#3382=EDGE_LOOP('',(#654));
#3383=EDGE_LOOP('',(#655));
#3384=EDGE_LOOP('',(#656));
#3385=EDGE_LOOP('',(#657));
#3386=EDGE_LOOP('',(#658));
#3387=EDGE_LOOP('',(#659));
#3388=EDGE_LOOP('',(#660,#661,#662,#663));
#3389=EDGE_LOOP('',(#664,#665,#666,#667));
#3390=EDGE_LOOP('',(#668,#669,#670,#671));
#3391=EDGE_LOOP('',(#672,#673,#674,#675));
#3392=EDGE_LOOP('',(#676));
#3393=EDGE_LOOP('',(#677));
#3394=EDGE_LOOP('',(#678,#679,#680,#681));
#3395=EDGE_LOOP('',(#682,#683,#684,#685));
#3396=EDGE_LOOP('',(#686,#687,#688,#689));
#3397=EDGE_LOOP('',(#690));
#3398=EDGE_LOOP('',(#691));
#3399=EDGE_LOOP('',(#692));
#3400=EDGE_LOOP('',(#693));
#3401=EDGE_LOOP('',(#694,#695,#696,#697));
#3402=EDGE_LOOP('',(#698,#699,#700,#701));
#3403=EDGE_LOOP('',(#702,#703,#704,#705));
#3404=EDGE_LOOP('',(#706,#707,#708,#709));
#3405=EDGE_LOOP('',(#710,#711,#712,#713));
#3406=EDGE_LOOP('',(#714,#715,#716,#717));
#3407=EDGE_LOOP('',(#718,#719,#720,#721));
#3408=EDGE_LOOP('',(#722,#723,#724,#725));
#3409=EDGE_LOOP('',(#726,#727,#728,#729,#730,#731,#732,#733));
#3410=EDGE_LOOP('',(#734,#735,#736,#737));
#3411=EDGE_LOOP('',(#738,#739,#740,#741));
#3412=EDGE_LOOP('',(#742,#743,#744,#745));
#3413=EDGE_LOOP('',(#746,#747,#748,#749));
#3414=EDGE_LOOP('',(#750,#751,#752,#753));
#3415=EDGE_LOOP('',(#754,#755,#756,#757));
#3416=EDGE_LOOP('',(#758,#759,#760,#761));
#3417=EDGE_LOOP('',(#762,#763,#764,#765));
#3418=EDGE_LOOP('',(#766,#767,#768,#769));
#3419=EDGE_LOOP('',(#770,#771,#772,#773));
#3420=EDGE_LOOP('',(#774,#775,#776,#777));
#3421=EDGE_LOOP('',(#778,#779,#780,#781));
#3422=EDGE_LOOP('',(#782,#783,#784,#785));
#3423=EDGE_LOOP('',(#786,#787,#788,#789));
#3424=EDGE_LOOP('',(#790,#791,#792,#793));
#3425=EDGE_LOOP('',(#794,#795,#796,#797));
#3426=EDGE_LOOP('',(#798,#799,#800,#801));
#3427=EDGE_LOOP('',(#802,#803,#804,#805));
#3428=EDGE_LOOP('',(#806,#807,#808,#809));
#3429=EDGE_LOOP('',(#810,#811,#812,#813));
#3430=EDGE_LOOP('',(#814,#815,#816,#817));
#3431=EDGE_LOOP('',(#818,#819,#820,#821));
#3432=EDGE_LOOP('',(#822,#823,#824,#825));
#3433=EDGE_LOOP('',(#826,#827,#828,#829));
#3434=EDGE_LOOP('',(#830,#831,#832,#833));
#3435=EDGE_LOOP('',(#834,#835,#836,#837));
#3436=EDGE_LOOP('',(#838,#839,#840,#841));
#3437=EDGE_LOOP('',(#842,#843,#844,#845));
#3438=EDGE_LOOP('',(#846,#847,#848,#849));
#3439=EDGE_LOOP('',(#850,#851,#852,#853,#854,#855,#856,#857,#858,#859,#860,#861,#862,#863,#864,#865,#866,#867,#868,#869,#870,#871,#872,#873,#874,#875,#876,#877,#878));
#3440=EDGE_LOOP('',(#879,#880,#881,#882));
#3441=EDGE_LOOP('',(#883,#884,#885,#886));
#3442=EDGE_LOOP('',(#887,#888,#889,#890));
#3443=EDGE_LOOP('',(#891,#892,#893,#894));
#3444=EDGE_LOOP('',(#895,#896,#897,#898));
#3445=EDGE_LOOP('',(#899,#900,#901,#902));
#3446=EDGE_LOOP('',(#903,#904,#905,#906));
#3447=EDGE_LOOP('',(#907,#908,#909,#910));
#3448=EDGE_LOOP('',(#911,#912,#913,#914));
#3449=EDGE_LOOP('',(#915,#916,#917,#918));
#3450=EDGE_LOOP('',(#919,#920,#921,#922));
#3451=EDGE_LOOP('',(#923,#924,#925,#926));
#3452=EDGE_LOOP('',(#927,#928,#929,#930));
#3453=EDGE_LOOP('',(#931,#932,#933,#934));
#3454=EDGE_LOOP('',(#935,#936,#937,#938));
#3455=EDGE_LOOP('',(#939,#940,#941,#942));
#3456=EDGE_LOOP('',(#943,#944,#945,#946));
#3457=EDGE_LOOP('',(#947,#948,#949,#950));
#3458=EDGE_LOOP('',(#951,#952,#953,#954));
#3459=EDGE_LOOP('',(#955,#956,#957,#958));
#3460=EDGE_LOOP('',(#959,#960,#961,#962));
#3461=EDGE_LOOP('',(#963,#964,#965,#966));
#3462=EDGE_LOOP('',(#967,#968,#969,#970,#971,#972,#973,#974,#975,#976,#977,#978,#979,#980,#981,#982,#983,#984,#985,#986,#987,#988));
#3463=EDGE_LOOP('',(#989,#990,#991,#992));
#3464=EDGE_LOOP('',(#993,#994,#995,#996));
#3465=EDGE_LOOP('',(#997,#998,#999,#1000));
#3466=EDGE_LOOP('',(#1001,#1002,#1003,#1004));
#3467=EDGE_LOOP('',(#1005,#1006,#1007,#1008));
#3468=EDGE_LOOP('',(#1009,#1010,#1011,#1012));
#3469=EDGE_LOOP('',(#1013,#1014,#1015,#1016));
#3470=EDGE_LOOP('',(#1017,#1018,#1019,#1020));
#3471=EDGE_LOOP('',(#1021,#1022,#1023,#1024));
#3472=EDGE_LOOP('',(#1025,#1026,#1027,#1028));
#3473=EDGE_LOOP('',(#1029,#1030,#1031,#1032));
#3474=EDGE_LOOP('',(#1033,#1034,#1035,#1036));
#3475=EDGE_LOOP('',(#1037,#1038,#1039,#1040));
#3476=EDGE_LOOP('',(#1041,#1042,#1043,#1044));
#3477=EDGE_LOOP('',(#1045,#1046,#1047,#1048));
#3478=EDGE_LOOP('',(#1049,#1050,#1051,#1052));
#3479=EDGE_LOOP('',(#1053,#1054,#1055,#1056));
#3480=EDGE_LOOP('',(#1057,#1058,#1059,#1060));
#3481=EDGE_LOOP('',(#1061,#1062,#1063,#1064));
#3482=EDGE_LOOP('',(#1065,#1066,#1067,#1068));
#3483=EDGE_LOOP('',(#1069,#1070,#1071,#1072));
#3484=EDGE_LOOP('',(#1073,#1074,#1075,#1076));
#3485=EDGE_LOOP('',(#1077,#1078,#1079,#1080,#1081,#1082,#1083,#1084,#1085,#1086,#1087,#1088,#1089,#1090,#1091,#1092,#1093,#1094,#1095,#1096,#1097,#1098));
#3486=EDGE_LOOP('',(#1099,#1100,#1101,#1102));
#3487=EDGE_LOOP('',(#1103,#1104,#1105,#1106));
#3488=EDGE_LOOP('',(#1107,#1108,#1109,#1110));
#3489=EDGE_LOOP('',(#1111,#1112,#1113,#1114));
#3490=EDGE_LOOP('',(#1115,#1116,#1117,#1118));
#3491=EDGE_LOOP('',(#1119,#1120,#1121,#1122));
#3492=EDGE_LOOP('',(#1123,#1124,#1125,#1126));
#3493=EDGE_LOOP('',(#1127,#1128,#1129,#1130));
#3494=EDGE_LOOP('',(#1131,#1132,#1133,#1134));
#3495=EDGE_LOOP('',(#1135,#1136,#1137,#1138));
#3496=EDGE_LOOP('',(#1139,#1140,#1141,#1142));
#3497=EDGE_LOOP('',(#1143,#1144,#1145,#1146));
#3498=EDGE_LOOP('',(#1147,#1148,#1149,#1150));
#3499=EDGE_LOOP('',(#1151,#1152,#1153,#1154));
#3500=EDGE_LOOP('',(#1155,#1156,#1157,#1158));
#3501=EDGE_LOOP('',(#1159,#1160,#1161,#1162));
#3502=EDGE_LOOP('',(#1163,#1164,#1165,#1166));
#3503=EDGE_LOOP('',(#1167,#1168,#1169,#1170));
#3504=EDGE_LOOP('',(#1171,#1172,#1173,#1174));
#3505=EDGE_LOOP('',(#1175,#1176,#1177,#1178));
#3506=EDGE_LOOP('',(#1179,#1180,#1181,#1182));
#3507=EDGE_LOOP('',(#1183,#1184,#1185,#1186));
#3508=EDGE_LOOP('',(#1187,#1188,#1189,#1190));
#3509=EDGE_LOOP('',(#1191,#1192,#1193,#1194));
#3510=EDGE_LOOP('',(#1195,#1196,#1197,#1198,#1199,#1200,#1201,#1202,#1203,#1204,#1205,#1206));
#3511=EDGE_LOOP('',(#1207,#1208,#1209,#1210,#1211,#1212,#1213,#1214,#1215,#1216,#1217,#1218));
#3512=EDGE_LOOP('',(#1219,#1220,#1221,#1222));
#3513=EDGE_LOOP('',(#1223,#1224,#1225,#1226));
#3514=EDGE_LOOP('',(#1227,#1228,#1229,#1230));
#3515=EDGE_LOOP('',(#1231,#1232,#1233,#1234));
#3516=EDGE_LOOP('',(#1235,#1236,#1237,#1238));
#3517=EDGE_LOOP('',(#1239,#1240,#1241,#1242));
#3518=EDGE_LOOP('',(#1243,#1244,#1245,#1246,#1247,#1248));
#3519=EDGE_LOOP('',(#1249,#1250,#1251,#1252));
#3520=EDGE_LOOP('',(#1253,#1254,#1255,#1256));
#3521=EDGE_LOOP('',(#1257,#1258,#1259,#1260));
#3522=EDGE_LOOP('',(#1261,#1262,#1263,#1264));
#3523=EDGE_LOOP('',(#1265,#1266,#1267,#1268));
#3524=EDGE_LOOP('',(#1269,#1270,#1271,#1272));
#3525=EDGE_LOOP('',(#1273,#1274,#1275,#1276));
#3526=EDGE_LOOP('',(#1277,#1278,#1279,#1280));
#3527=EDGE_LOOP('',(#1281,#1282,#1283,#1284));
#3528=EDGE_LOOP('',(#1285,#1286,#1287,#1288));
#3529=EDGE_LOOP('',(#1289,#1290,#1291,#1292));
#3530=EDGE_LOOP('',(#1293,#1294,#1295,#1296));
#3531=EDGE_LOOP('',(#1297,#1298,#1299,#1300));
#3532=EDGE_LOOP('',(#1301,#1302,#1303,#1304));
#3533=EDGE_LOOP('',(#1305,#1306,#1307,#1308));
#3534=EDGE_LOOP('',(#1309,#1310,#1311,#1312));
#3535=EDGE_LOOP('',(#1313,#1314,#1315,#1316));
#3536=EDGE_LOOP('',(#1317,#1318,#1319,#1320));
#3537=EDGE_LOOP('',(#1321,#1322,#1323,#1324));
#3538=EDGE_LOOP('',(#1325,#1326,#1327,#1328));
#3539=EDGE_LOOP('',(#1329,#1330,#1331,#1332));
#3540=EDGE_LOOP('',(#1333,#1334,#1335,#1336));
#3541=EDGE_LOOP('',(#1337,#1338,#1339,#1340));
#3542=EDGE_LOOP('',(#1341,#1342,#1343,#1344));
#3543=EDGE_LOOP('',(#1345,#1346,#1347,#1348));
#3544=EDGE_LOOP('',(#1349,#1350,#1351,#1352));
#3545=EDGE_LOOP('',(#1353,#1354,#1355,#1356));
#3546=EDGE_LOOP('',(#1357,#1358,#1359,#1360,#1361,#1362,#1363,#1364,#1365,#1366,#1367,#1368,#1369,#1370,#1371,#1372,#1373,#1374,#1375,#1376,#1377,#1378,#1379,#1380,#1381,#1382,#1383));
#3547=EDGE_LOOP('',(#1384,#1385,#1386,#1387));
#3548=EDGE_LOOP('',(#1388,#1389,#1390,#1391));
#3549=EDGE_LOOP('',(#1392,#1393,#1394,#1395));
#3550=EDGE_LOOP('',(#1396,#1397,#1398,#1399));
#3551=EDGE_LOOP('',(#1400,#1401,#1402,#1403));
#3552=EDGE_LOOP('',(#1404,#1405,#1406,#1407));
#3553=EDGE_LOOP('',(#1408,#1409,#1410,#1411));
#3554=EDGE_LOOP('',(#1412,#1413,#1414,#1415));
#3555=EDGE_LOOP('',(#1416,#1417,#1418,#1419));
#3556=EDGE_LOOP('',(#1420,#1421,#1422,#1423));
#3557=EDGE_LOOP('',(#1424,#1425,#1426,#1427));
#3558=EDGE_LOOP('',(#1428,#1429,#1430,#1431));
#3559=EDGE_LOOP('',(#1432,#1433,#1434,#1435));
#3560=EDGE_LOOP('',(#1436,#1437,#1438,#1439));
#3561=EDGE_LOOP('',(#1440,#1441,#1442,#1443));
#3562=EDGE_LOOP('',(#1444,#1445,#1446,#1447));
#3563=EDGE_LOOP('',(#1448,#1449,#1450,#1451));
#3564=EDGE_LOOP('',(#1452,#1453,#1454,#1455));
#3565=EDGE_LOOP('',(#1456,#1457,#1458,#1459));
#3566=EDGE_LOOP('',(#1460,#1461,#1462,#1463));
#3567=EDGE_LOOP('',(#1464,#1465,#1466,#1467));
#3568=EDGE_LOOP('',(#1468,#1469,#1470,#1471));
#3569=EDGE_LOOP('',(#1472,#1473,#1474,#1475));
#3570=EDGE_LOOP('',(#1476,#1477,#1478,#1479));
#3571=EDGE_LOOP('',(#1480,#1481,#1482,#1483));
#3572=EDGE_LOOP('',(#1484,#1485,#1486,#1487));
#3573=EDGE_LOOP('',(#1488,#1489,#1490,#1491));
#3574=EDGE_LOOP('',(#1492,#1493,#1494,#1495));
#3575=EDGE_LOOP('',(#1496,#1497,#1498,#1499));
#3576=EDGE_LOOP('',(#1500,#1501,#1502,#1503,#1504,#1505,#1506,#1507,#1508,#1509,#1510,#1511,#1512,#1513,#1514,#1515,#1516,#1517,#1518,#1519,#1520,#1521,#1522,#1523,#1524,#1525,#1526,#1527,#1528));
#3577=EDGE_LOOP('',(#1529,#1530,#1531,#1532));
#3578=EDGE_LOOP('',(#1533,#1534,#1535,#1536));
#3579=EDGE_LOOP('',(#1537,#1538,#1539,#1540));
#3580=EDGE_LOOP('',(#1541,#1542,#1543,#1544));
#3581=EDGE_LOOP('',(#1545,#1546,#1547,#1548));
#3582=EDGE_LOOP('',(#1549,#1550,#1551,#1552));
#3583=EDGE_LOOP('',(#1553,#1554,#1555,#1556));
#3584=EDGE_LOOP('',(#1557,#1558,#1559,#1560));
#3585=EDGE_LOOP('',(#1561,#1562,#1563,#1564));
#3586=EDGE_LOOP('',(#1565,#1566,#1567,#1568));
#3587=EDGE_LOOP('',(#1569,#1570,#1571,#1572));
#3588=EDGE_LOOP('',(#1573,#1574,#1575,#1576));
#3589=EDGE_LOOP('',(#1577,#1578,#1579,#1580));
#3590=EDGE_LOOP('',(#1581,#1582,#1583,#1584));
#3591=EDGE_LOOP('',(#1585,#1586,#1587,#1588));
#3592=EDGE_LOOP('',(#1589,#1590,#1591,#1592));
#3593=EDGE_LOOP('',(#1593,#1594,#1595,#1596));
#3594=EDGE_LOOP('',(#1597,#1598,#1599,#1600,#1601,#1602,#1603,#1604,#1605,#1606,#1607,#1608,#1609,#1610,#1611,#1612,#1613));
#3595=EDGE_LOOP('',(#1614,#1615,#1616,#1617,#1618,#1619,#1620,#1621,#1622,#1623,#1624,#1625));
#3596=EDGE_LOOP('',(#1626,#1627,#1628));
#3597=EDGE_LOOP('',(#1629,#1630,#1631,#1632));
#3598=EDGE_LOOP('',(#1633,#1634,#1635));
#3599=EDGE_LOOP('',(#1636,#1637,#1638,#1639));
#3600=EDGE_LOOP('',(#1640,#1641,#1642,#1643));
#3601=EDGE_LOOP('',(#1644,#1645,#1646));
#3602=EDGE_LOOP('',(#1647,#1648,#1649,#1650));
#3603=EDGE_LOOP('',(#1651,#1652,#1653));
#3604=FACE_BOUND('',#3356,.T.);
#3605=FACE_BOUND('',#3357,.T.);
#3606=FACE_BOUND('',#3358,.T.);
#3607=FACE_BOUND('',#3359,.T.);
#3608=FACE_BOUND('',#3360,.T.);
#3609=FACE_BOUND('',#3361,.T.);
#3610=FACE_BOUND('',#3362,.T.);
#3611=FACE_BOUND('',#3363,.T.);
#3612=FACE_BOUND('',#3364,.T.);
#3613=FACE_BOUND('',#3365,.T.);
#3614=FACE_BOUND('',#3366,.T.);
#3615=FACE_BOUND('',#3367,.T.);
#3616=FACE_BOUND('',#3368,.T.);
#3617=FACE_BOUND('',#3369,.T.);
#3618=FACE_BOUND('',#3370,.T.);
#3619=FACE_BOUND('',#3371,.T.);
#3620=FACE_BOUND('',#3372,.T.);
#3621=FACE_BOUND('',#3373,.T.);
#3622=FACE_BOUND('',#3374,.T.);
#3623=FACE_BOUND('',#3375,.T.);
#3624=FACE_BOUND('',#3376,.T.);
#3625=FACE_BOUND('',#3377,.T.);
#3626=FACE_BOUND('',#3378,.T.);
#3627=FACE_BOUND('',#3379,.T.);
#3628=FACE_BOUND('',#3380,.T.);
#3629=FACE_BOUND('',#3381,.T.);
#3630=FACE_BOUND('',#3382,.T.);
#3631=FACE_BOUND('',#3383,.T.);
#3632=FACE_BOUND('',#3384,.T.);
#3633=FACE_BOUND('',#3385,.T.);
#3634=FACE_BOUND('',#3386,.T.);
#3635=FACE_BOUND('',#3387,.T.);
#3636=FACE_BOUND('',#3388,.T.);
#3637=FACE_BOUND('',#3389,.T.);
#3638=FACE_BOUND('',#3390,.T.);
#3639=FACE_BOUND('',#3391,.T.);
#3640=FACE_BOUND('',#3392,.T.);
#3641=FACE_BOUND('',#3393,.T.);
#3642=FACE_BOUND('',#3394,.T.);
#3643=FACE_BOUND('',#3395,.T.);
#3644=FACE_BOUND('',#3396,.T.);
#3645=FACE_BOUND('',#3397,.T.);
#3646=FACE_BOUND('',#3398,.T.);
#3647=FACE_BOUND('',#3399,.T.);
#3648=FACE_BOUND('',#3400,.T.);
#3649=FACE_BOUND('',#3401,.T.);
#3650=FACE_BOUND('',#3402,.T.);
#3651=FACE_BOUND('',#3403,.T.);
#3652=FACE_BOUND('',#3404,.T.);
#3653=FACE_BOUND('',#3405,.T.);
#3654=FACE_BOUND('',#3406,.T.);
#3655=FACE_BOUND('',#3407,.T.);
#3656=FACE_BOUND('',#3408,.T.);
#3657=FACE_BOUND('',#3409,.T.);
#3658=FACE_BOUND('',#3410,.T.);
#3659=FACE_BOUND('',#3411,.T.);
#3660=FACE_BOUND('',#3412,.T.);
#3661=FACE_BOUND('',#3413,.T.);
#3662=FACE_BOUND('',#3414,.T.);
#3663=FACE_BOUND('',#3415,.T.);
#3664=FACE_BOUND('',#3416,.T.);
#3665=FACE_BOUND('',#3417,.T.);
#3666=FACE_BOUND('',#3418,.T.);
#3667=FACE_BOUND('',#3419,.T.);
#3668=FACE_BOUND('',#3420,.T.);
#3669=FACE_BOUND('',#3421,.T.);
#3670=FACE_BOUND('',#3422,.T.);
#3671=FACE_BOUND('',#3423,.T.);
#3672=FACE_BOUND('',#3424,.T.);
#3673=FACE_BOUND('',#3425,.T.);
#3674=FACE_BOUND('',#3426,.T.);
#3675=FACE_BOUND('',#3427,.T.);
#3676=FACE_BOUND('',#3428,.T.);
#3677=FACE_BOUND('',#3429,.T.);
#3678=FACE_BOUND('',#3430,.T.);
#3679=FACE_BOUND('',#3431,.T.);
#3680=FACE_BOUND('',#3432,.T.);
#3681=FACE_BOUND('',#3433,.T.);
#3682=FACE_BOUND('',#3434,.T.);
#3683=FACE_BOUND('',#3435,.T.);
#3684=FACE_BOUND('',#3436,.T.);
#3685=FACE_BOUND('',#3437,.T.);
#3686=FACE_BOUND('',#3438,.T.);
#3687=FACE_BOUND('',#3439,.T.);
#3688=FACE_BOUND('',#3440,.T.);
#3689=FACE_BOUND('',#3441,.T.);
#3690=FACE_BOUND('',#3442,.T.);
#3691=FACE_BOUND('',#3443,.T.);
#3692=FACE_BOUND('',#3444,.T.);
#3693=FACE_BOUND('',#3445,.T.);
#3694=FACE_BOUND('',#3446,.T.);
#3695=FACE_BOUND('',#3447,.T.);
#3696=FACE_BOUND('',#3448,.T.);
#3697=FACE_BOUND('',#3449,.T.);
#3698=FACE_BOUND('',#3450,.T.);
#3699=FACE_BOUND('',#3451,.T.);
#3700=FACE_BOUND('',#3452,.T.);
#3701=FACE_BOUND('',#3453,.T.);
#3702=FACE_BOUND('',#3454,.T.);
#3703=FACE_BOUND('',#3455,.T.);
#3704=FACE_BOUND('',#3456,.T.);
#3705=FACE_BOUND('',#3457,.T.);
#3706=FACE_BOUND('',#3458,.T.);
#3707=FACE_BOUND('',#3459,.T.);
#3708=FACE_BOUND('',#3460,.T.);
#3709=FACE_BOUND('',#3461,.T.);
#3710=FACE_BOUND('',#3462,.T.);
#3711=FACE_BOUND('',#3463,.T.);
#3712=FACE_BOUND('',#3464,.T.);
#3713=FACE_BOUND('',#3465,.T.);
#3714=FACE_BOUND('',#3466,.T.);
#3715=FACE_BOUND('',#3467,.T.);
#3716=FACE_BOUND('',#3468,.T.);
#3717=FACE_BOUND('',#3469,.T.);
#3718=FACE_BOUND('',#3470,.T.);
#3719=FACE_BOUND('',#3471,.T.);
#3720=FACE_BOUND('',#3472,.T.);
#3721=FACE_BOUND('',#3473,.T.);
#3722=FACE_BOUND('',#3474,.T.);
#3723=FACE_BOUND('',#3475,.T.);
#3724=FACE_BOUND('',#3476,.T.);
#3725=FACE_BOUND('',#3477,.T.);
#3726=FACE_BOUND('',#3478,.T.);
#3727=FACE_BOUND('',#3479,.T.);
#3728=FACE_BOUND('',#3480,.T.);
#3729=FACE_BOUND('',#3481,.T.);
#3730=FACE_BOUND('',#3482,.T.);
#3731=FACE_BOUND('',#3483,.T.);
#3732=FACE_BOUND('',#3484,.T.);
#3733=FACE_BOUND('',#3485,.T.);
#3734=FACE_BOUND('',#3486,.T.);
#3735=FACE_BOUND('',#3487,.T.);
#3736=FACE_BOUND('',#3488,.T.);
#3737=FACE_BOUND('',#3489,.T.);
#3738=FACE_BOUND('',#3490,.T.);
#3739=FACE_BOUND('',#3491,.T.);
#3740=FACE_BOUND('',#3492,.T.);
#3741=FACE_BOUND('',#3493,.T.);
#3742=FACE_BOUND('',#3494,.T.);
#3743=FACE_BOUND('',#3495,.T.);
#3744=FACE_BOUND('',#3496,.T.);
#3745=FACE_BOUND('',#3497,.T.);
#3746=FACE_BOUND('',#3498,.T.);
#3747=FACE_BOUND('',#3499,.T.);
#3748=FACE_BOUND('',#3500,.T.);
#3749=FACE_BOUND('',#3501,.T.);
#3750=FACE_BOUND('',#3502,.T.);
#3751=FACE_BOUND('',#3503,.T.);
#3752=FACE_BOUND('',#3504,.T.);
#3753=FACE_BOUND('',#3505,.T.);
#3754=FACE_BOUND('',#3506,.T.);
#3755=FACE_BOUND('',#3507,.T.);
#3756=FACE_BOUND('',#3508,.T.);
#3757=FACE_BOUND('',#3509,.T.);
#3758=FACE_BOUND('',#3510,.T.);
#3759=FACE_BOUND('',#3511,.T.);
#3760=FACE_BOUND('',#3512,.T.);
#3761=FACE_BOUND('',#3513,.T.);
#3762=FACE_BOUND('',#3514,.T.);
#3763=FACE_BOUND('',#3515,.T.);
#3764=FACE_BOUND('',#3516,.T.);
#3765=FACE_BOUND('',#3517,.T.);
#3766=FACE_BOUND('',#3518,.T.);
#3767=FACE_BOUND('',#3519,.T.);
#3768=FACE_BOUND('',#3520,.T.);
#3769=FACE_BOUND('',#3521,.T.);
#3770=FACE_BOUND('',#3522,.T.);
#3771=FACE_BOUND('',#3523,.T.);
#3772=FACE_BOUND('',#3524,.T.);
#3773=FACE_BOUND('',#3525,.T.);
#3774=FACE_BOUND('',#3526,.T.);
#3775=FACE_BOUND('',#3527,.T.);
#3776=FACE_BOUND('',#3528,.T.);
#3777=FACE_BOUND('',#3529,.T.);
#3778=FACE_BOUND('',#3530,.T.);
#3779=FACE_BOUND('',#3531,.T.);
#3780=FACE_BOUND('',#3532,.T.);
#3781=FACE_BOUND('',#3533,.T.);
#3782=FACE_BOUND('',#3534,.T.);
#3783=FACE_BOUND('',#3535,.T.);
#3784=FACE_BOUND('',#3536,.T.);
#3785=FACE_BOUND('',#3537,.T.);
#3786=FACE_BOUND('',#3538,.T.);
#3787=FACE_BOUND('',#3539,.T.);
#3788=FACE_BOUND('',#3540,.T.);
#3789=FACE_BOUND('',#3541,.T.);
#3790=FACE_BOUND('',#3542,.T.);
#3791=FACE_BOUND('',#3543,.T.);
#3792=FACE_BOUND('',#3544,.T.);
#3793=FACE_BOUND('',#3545,.T.);
#3794=FACE_BOUND('',#3546,.T.);
#3795=FACE_BOUND('',#3547,.T.);
#3796=FACE_BOUND('',#3548,.T.);
#3797=FACE_BOUND('',#3549,.T.);
#3798=FACE_BOUND('',#3550,.T.);
#3799=FACE_BOUND('',#3551,.T.);
#3800=FACE_BOUND('',#3552,.T.);
#3801=FACE_BOUND('',#3553,.T.);
#3802=FACE_BOUND('',#3554,.T.);
#3803=FACE_BOUND('',#3555,.T.);
#3804=FACE_BOUND('',#3556,.T.);
#3805=FACE_BOUND('',#3557,.T.);
#3806=FACE_BOUND('',#3558,.T.);
#3807=FACE_BOUND('',#3559,.T.);
#3808=FACE_BOUND('',#3560,.T.);
#3809=FACE_BOUND('',#3561,.T.);
#3810=FACE_BOUND('',#3562,.T.);
#3811=FACE_BOUND('',#3563,.T.);
#3812=FACE_BOUND('',#3564,.T.);
#3813=FACE_BOUND('',#3565,.T.);
#3814=FACE_BOUND('',#3566,.T.);
#3815=FACE_BOUND('',#3567,.T.);
#3816=FACE_BOUND('',#3568,.T.);
#3817=FACE_BOUND('',#3569,.T.);
#3818=FACE_BOUND('',#3570,.T.);
#3819=FACE_BOUND('',#3571,.T.);
#3820=FACE_BOUND('',#3572,.T.);
#3821=FACE_BOUND('',#3573,.T.);
#3822=FACE_BOUND('',#3574,.T.);
#3823=FACE_BOUND('',#3575,.T.);
#3824=FACE_BOUND('',#3576,.T.);
#3825=FACE_BOUND('',#3577,.T.);
#3826=FACE_BOUND('',#3578,.T.);
#3827=FACE_BOUND('',#3579,.T.);
#3828=FACE_BOUND('',#3580,.T.);
#3829=FACE_BOUND('',#3581,.T.);
#3830=FACE_BOUND('',#3582,.T.);
#3831=FACE_BOUND('',#3583,.T.);
#3832=FACE_BOUND('',#3584,.T.);
#3833=FACE_BOUND('',#3585,.T.);
#3834=FACE_BOUND('',#3586,.T.);
#3835=FACE_BOUND('',#3587,.T.);
#3836=FACE_BOUND('',#3588,.T.);
#3837=FACE_BOUND('',#3589,.T.);
#3838=FACE_BOUND('',#3590,.T.);
#3839=FACE_BOUND('',#3591,.T.);
#3840=FACE_BOUND('',#3592,.T.);
#3841=FACE_BOUND('',#3593,.T.);
#3842=FACE_BOUND('',#3594,.T.);
#3843=FACE_BOUND('',#3595,.T.);
#3844=FACE_BOUND('',#3596,.T.);
#3845=FACE_BOUND('',#3597,.T.);
#3846=FACE_BOUND('',#3598,.T.);
#3847=FACE_BOUND('',#3599,.T.);
#3848=FACE_BOUND('',#3600,.T.);
#3849=FACE_BOUND('',#3601,.T.);
#3850=FACE_BOUND('',#3602,.T.);
#3851=FACE_BOUND('',#3603,.T.);
#3852=PLANE('',#4167);
#3853=PLANE('',#4168);
#3854=PLANE('',#4271);
#3855=PLANE('',#4272);
#3856=PLANE('',#4273);
#3857=PLANE('',#4274);
#3858=PLANE('',#4275);
#3859=PLANE('',#4276);
#3860=PLANE('',#4277);
#3861=PLANE('',#4278);
#3862=PLANE('',#4285);
#3863=PLANE('',#4286);
#3864=PLANE('',#4287);
#3865=PLANE('',#4290);
#3866=PLANE('',#4291);
#3867=PLANE('',#4292);
#3868=PLANE('',#4293);
#3869=PLANE('',#4294);
#3870=PLANE('',#4295);
#3871=PLANE('',#4296);
#3872=PLANE('',#4297);
#3873=PLANE('',#4298);
#3874=PLANE('',#4299);
#3875=PLANE('',#4302);
#3876=PLANE('',#4311);
#3877=PLANE('',#4314);
#3878=PLANE('',#4317);
#3879=PLANE('',#4326);
#3880=PLANE('',#4329);
#3881=PLANE('',#4332);
#3882=PLANE('',#4341);
#3883=PLANE('',#4346);
#3884=PLANE('',#4349);
#3885=PLANE('',#4356);
#3886=PLANE('',#4369);
#3887=PLANE('',#4376);
#3888=PLANE('',#4379);
#3889=PLANE('',#4382);
#3890=PLANE('',#4387);
#3891=PLANE('',#4392);
#3892=PLANE('',#4395);
#3893=PLANE('',#4400);
#3894=PLANE('',#4405);
#3895=PLANE('',#4410);
#3896=PLANE('',#4413);
#3897=PLANE('',#4442);
#3898=PLANE('',#4443);
#3899=PLANE('',#4444);
#3900=PLANE('',#4445);
#3901=PLANE('',#4446);
#3902=PLANE('',#4447);
#3903=PLANE('',#4448);
#3904=PLANE('',#4449);
#3905=PLANE('',#4458);
#3906=PLANE('',#4471);
#3907=PLANE('',#4478);
#3908=PLANE('',#4481);
#3909=PLANE('',#4490);
#3910=PLANE('',#4493);
#3911=PLANE('',#4496);
#3912=PLANE('',#4505);
#3913=PLANE('',#4508);
#3914=PLANE('',#4511);
#3915=PLANE('',#4520);
#3916=PLANE('',#4525);
#3917=PLANE('',#4528);
#3918=PLANE('',#4531);
#3919=PLANE('',#4536);
#3920=PLANE('',#4541);
#3921=PLANE('',#4544);
#3922=PLANE('',#4549);
#3923=PLANE('',#4554);
#3924=PLANE('',#4557);
#3925=PLANE('',#4558);
#3926=PLANE('',#4559);
#3927=PLANE('',#4560);
#3928=PLANE('',#4561);
#3929=PLANE('',#4562);
#3930=PLANE('',#4563);
#3931=PLANE('',#4564);
#3932=PLANE('',#4565);
#3933=PLANE('',#4566);
#3934=ADVANCED_FACE('',(#3604,#3605),#3852,.F.);
#3935=ADVANCED_FACE('',(#3606,#3607,#3608,#3609,#3610,#3611,#3612,#3613,#3614,#3615,#3616,#3617,#3618,#3619,#3620,#3621),#3853,.T.);
#3936=ADVANCED_FACE('',(#3622),#3854,.T.);
#3937=ADVANCED_FACE('',(#3623),#3855,.F.);
#3938=ADVANCED_FACE('',(#3624),#3856,.T.);
#3939=ADVANCED_FACE('',(#3625),#3857,.T.);
#3940=ADVANCED_FACE('',(#3626),#3858,.T.);
#3941=ADVANCED_FACE('',(#3627),#3859,.T.);
#3942=ADVANCED_FACE('',(#3628),#3860,.T.);
#3943=ADVANCED_FACE('',(#3629),#3861,.T.);
#3944=ADVANCED_FACE('',(#3630,#3631),#44,.F.);
#3945=ADVANCED_FACE('',(#3632,#3633),#45,.F.);
#3946=ADVANCED_FACE('',(#3634,#3635),#46,.F.);
#3947=ADVANCED_FACE('',(#3636,#3637),#3862,.T.);
#3948=ADVANCED_FACE('',(#3638),#3863,.T.);
#3949=ADVANCED_FACE('',(#3639),#3864,.T.);
#3950=ADVANCED_FACE('',(#3640,#3641),#47,.F.);
#3951=ADVANCED_FACE('',(#3642,#3643,#3644,#3645,#3646,#3647,#3648),#3865,.F.);
#3952=ADVANCED_FACE('',(#3649),#3866,.T.);
#3953=ADVANCED_FACE('',(#3650),#3867,.T.);
#3954=ADVANCED_FACE('',(#3651),#3868,.T.);
#3955=ADVANCED_FACE('',(#3652),#3869,.T.);
#3956=ADVANCED_FACE('',(#3653),#3870,.T.);
#3957=ADVANCED_FACE('',(#3654),#3871,.T.);
#3958=ADVANCED_FACE('',(#3655),#3872,.T.);
#3959=ADVANCED_FACE('',(#3656),#3873,.T.);
#3960=ADVANCED_FACE('',(#3657),#3874,.T.);
#3961=ADVANCED_FACE('',(#3658),#48,.F.);
#3962=ADVANCED_FACE('',(#3659),#3875,.T.);
#3963=ADVANCED_FACE('',(#3660),#49,.F.);
#3964=ADVANCED_FACE('',(#3661),#50,.F.);
#3965=ADVANCED_FACE('',(#3662),#51,.F.);
#3966=ADVANCED_FACE('',(#3663),#52,.F.);
#3967=ADVANCED_FACE('',(#3664),#3876,.T.);
#3968=ADVANCED_FACE('',(#3665),#53,.T.);
#3969=ADVANCED_FACE('',(#3666),#3877,.T.);
#3970=ADVANCED_FACE('',(#3667),#54,.T.);
#3971=ADVANCED_FACE('',(#3668),#3878,.T.);
#3972=ADVANCED_FACE('',(#3669),#55,.F.);
#3973=ADVANCED_FACE('',(#3670),#56,.F.);
#3974=ADVANCED_FACE('',(#3671),#57,.F.);
#3975=ADVANCED_FACE('',(#3672),#58,.F.);
#3976=ADVANCED_FACE('',(#3673),#3879,.T.);
#3977=ADVANCED_FACE('',(#3674),#59,.T.);
#3978=ADVANCED_FACE('',(#3675),#3880,.T.);
#3979=ADVANCED_FACE('',(#3676),#60,.T.);
#3980=ADVANCED_FACE('',(#3677),#3881,.T.);
#3981=ADVANCED_FACE('',(#3678),#61,.F.);
#3982=ADVANCED_FACE('',(#3679),#62,.F.);
#3983=ADVANCED_FACE('',(#3680),#63,.F.);
#3984=ADVANCED_FACE('',(#3681),#64,.F.);
#3985=ADVANCED_FACE('',(#3682),#3882,.T.);
#3986=ADVANCED_FACE('',(#3683),#65,.F.);
#3987=ADVANCED_FACE('',(#3684),#66,.F.);
#3988=ADVANCED_FACE('',(#3685),#3883,.T.);
#3989=ADVANCED_FACE('',(#3686),#67,.F.);
#3990=ADVANCED_FACE('',(#3687),#3884,.T.);
#3991=ADVANCED_FACE('',(#3688),#12,.T.);
#3992=ADVANCED_FACE('',(#3689),#68,.F.);
#3993=ADVANCED_FACE('',(#3690),#69,.F.);
#3994=ADVANCED_FACE('',(#3691),#70,.F.);
#3995=ADVANCED_FACE('',(#3692),#3885,.T.);
#3996=ADVANCED_FACE('',(#3693),#71,.F.);
#3997=ADVANCED_FACE('',(#3694),#72,.F.);
#3998=ADVANCED_FACE('',(#3695),#73,.T.);
#3999=ADVANCED_FACE('',(#3696),#13,.T.);
#4000=ADVANCED_FACE('',(#3697),#14,.T.);
#4001=ADVANCED_FACE('',(#3698),#15,.T.);
#4002=ADVANCED_FACE('',(#3699),#16,.T.);
#4003=ADVANCED_FACE('',(#3700),#74,.T.);
#4004=ADVANCED_FACE('',(#3701),#75,.F.);
#4005=ADVANCED_FACE('',(#3702),#76,.F.);
#4006=ADVANCED_FACE('',(#3703),#3886,.T.);
#4007=ADVANCED_FACE('',(#3704),#77,.F.);
#4008=ADVANCED_FACE('',(#3705),#78,.F.);
#4009=ADVANCED_FACE('',(#3706),#79,.F.);
#4010=ADVANCED_FACE('',(#3707),#17,.T.);
#4011=ADVANCED_FACE('',(#3708),#18,.T.);
#4012=ADVANCED_FACE('',(#3709),#19,.T.);
#4013=ADVANCED_FACE('',(#3710),#3887,.T.);
#4014=ADVANCED_FACE('',(#3711),#80,.F.);
#4015=ADVANCED_FACE('',(#3712),#3888,.T.);
#4016=ADVANCED_FACE('',(#3713),#81,.T.);
#4017=ADVANCED_FACE('',(#3714),#3889,.T.);
#4018=ADVANCED_FACE('',(#3715),#82,.F.);
#4019=ADVANCED_FACE('',(#3716),#83,.F.);
#4020=ADVANCED_FACE('',(#3717),#3890,.T.);
#4021=ADVANCED_FACE('',(#3718),#84,.F.);
#4022=ADVANCED_FACE('',(#3719),#85,.F.);
#4023=ADVANCED_FACE('',(#3720),#3891,.T.);
#4024=ADVANCED_FACE('',(#3721),#86,.T.);
#4025=ADVANCED_FACE('',(#3722),#3892,.T.);
#4026=ADVANCED_FACE('',(#3723),#87,.F.);
#4027=ADVANCED_FACE('',(#3724),#88,.F.);
#4028=ADVANCED_FACE('',(#3725),#3893,.T.);
#4029=ADVANCED_FACE('',(#3726),#89,.F.);
#4030=ADVANCED_FACE('',(#3727),#90,.F.);
#4031=ADVANCED_FACE('',(#3728),#3894,.T.);
#4032=ADVANCED_FACE('',(#3729),#91,.F.);
#4033=ADVANCED_FACE('',(#3730),#92,.F.);
#4034=ADVANCED_FACE('',(#3731),#3895,.T.);
#4035=ADVANCED_FACE('',(#3732),#93,.F.);
#4036=ADVANCED_FACE('',(#3733),#3896,.T.);
#4037=ADVANCED_FACE('',(#3734),#20,.T.);
#4038=ADVANCED_FACE('',(#3735),#21,.T.);
#4039=ADVANCED_FACE('',(#3736),#22,.T.);
#4040=ADVANCED_FACE('',(#3737),#94,.T.);
#4041=ADVANCED_FACE('',(#3738),#95,.T.);
#4042=ADVANCED_FACE('',(#3739),#23,.T.);
#4043=ADVANCED_FACE('',(#3740),#24,.T.);
#4044=ADVANCED_FACE('',(#3741),#25,.T.);
#4045=ADVANCED_FACE('',(#3742),#26,.T.);
#4046=ADVANCED_FACE('',(#3743),#96,.T.);
#4047=ADVANCED_FACE('',(#3744),#97,.T.);
#4048=ADVANCED_FACE('',(#3745),#27,.T.);
#4049=ADVANCED_FACE('',(#3746),#28,.T.);
#4050=ADVANCED_FACE('',(#3747),#98,.F.);
#4051=ADVANCED_FACE('',(#3748),#99,.F.);
#4052=ADVANCED_FACE('',(#3749),#100,.F.);
#4053=ADVANCED_FACE('',(#3750),#101,.F.);
#4054=ADVANCED_FACE('',(#3751),#29,.T.);
#4055=ADVANCED_FACE('',(#3752),#30,.T.);
#4056=ADVANCED_FACE('',(#3753),#102,.F.);
#4057=ADVANCED_FACE('',(#3754),#103,.F.);
#4058=ADVANCED_FACE('',(#3755),#104,.F.);
#4059=ADVANCED_FACE('',(#3756),#105,.F.);
#4060=ADVANCED_FACE('',(#3757),#31,.T.);
#4061=ADVANCED_FACE('',(#3758,#3759),#3897,.T.);
#4062=ADVANCED_FACE('',(#3760),#3898,.T.);
#4063=ADVANCED_FACE('',(#3761),#3899,.T.);
#4064=ADVANCED_FACE('',(#3762),#3900,.T.);
#4065=ADVANCED_FACE('',(#3763),#3901,.T.);
#4066=ADVANCED_FACE('',(#3764),#3902,.T.);
#4067=ADVANCED_FACE('',(#3765),#3903,.T.);
#4068=ADVANCED_FACE('',(#3766),#3904,.T.);
#4069=ADVANCED_FACE('',(#3767),#32,.T.);
#4070=ADVANCED_FACE('',(#3768),#33,.T.);
#4071=ADVANCED_FACE('',(#3769),#106,.T.);
#4072=ADVANCED_FACE('',(#3770),#34,.T.);
#4073=ADVANCED_FACE('',(#3771),#107,.T.);
#4074=ADVANCED_FACE('',(#3772),#108,.F.);
#4075=ADVANCED_FACE('',(#3773),#109,.F.);
#4076=ADVANCED_FACE('',(#3774),#3905,.T.);
#4077=ADVANCED_FACE('',(#3775),#110,.F.);
#4078=ADVANCED_FACE('',(#3776),#111,.F.);
#4079=ADVANCED_FACE('',(#3777),#112,.F.);
#4080=ADVANCED_FACE('',(#3778),#35,.T.);
#4081=ADVANCED_FACE('',(#3779),#36,.T.);
#4082=ADVANCED_FACE('',(#3780),#37,.T.);
#4083=ADVANCED_FACE('',(#3781),#38,.T.);
#4084=ADVANCED_FACE('',(#3782),#39,.T.);
#4085=ADVANCED_FACE('',(#3783),#40,.T.);
#4086=ADVANCED_FACE('',(#3784),#113,.T.);
#4087=ADVANCED_FACE('',(#3785),#114,.F.);
#4088=ADVANCED_FACE('',(#3786),#115,.F.);
#4089=ADVANCED_FACE('',(#3787),#3906,.T.);
#4090=ADVANCED_FACE('',(#3788),#116,.F.);
#4091=ADVANCED_FACE('',(#3789),#117,.F.);
#4092=ADVANCED_FACE('',(#3790),#41,.T.);
#4093=ADVANCED_FACE('',(#3791),#42,.T.);
#4094=ADVANCED_FACE('',(#3792),#43,.T.);
#4095=ADVANCED_FACE('',(#3793),#118,.F.);
#4096=ADVANCED_FACE('',(#3794),#3907,.T.);
#4097=ADVANCED_FACE('',(#3795),#119,.F.);
#4098=ADVANCED_FACE('',(#3796),#3908,.T.);
#4099=ADVANCED_FACE('',(#3797),#120,.F.);
#4100=ADVANCED_FACE('',(#3798),#121,.F.);
#4101=ADVANCED_FACE('',(#3799),#122,.F.);
#4102=ADVANCED_FACE('',(#3800),#123,.F.);
#4103=ADVANCED_FACE('',(#3801),#3909,.T.);
#4104=ADVANCED_FACE('',(#3802),#124,.T.);
#4105=ADVANCED_FACE('',(#3803),#3910,.T.);
#4106=ADVANCED_FACE('',(#3804),#125,.T.);
#4107=ADVANCED_FACE('',(#3805),#3911,.T.);
#4108=ADVANCED_FACE('',(#3806),#126,.F.);
#4109=ADVANCED_FACE('',(#3807),#127,.F.);
#4110=ADVANCED_FACE('',(#3808),#128,.F.);
#4111=ADVANCED_FACE('',(#3809),#129,.F.);
#4112=ADVANCED_FACE('',(#3810),#3912,.T.);
#4113=ADVANCED_FACE('',(#3811),#130,.T.);
#4114=ADVANCED_FACE('',(#3812),#3913,.T.);
#4115=ADVANCED_FACE('',(#3813),#131,.T.);
#4116=ADVANCED_FACE('',(#3814),#3914,.T.);
#4117=ADVANCED_FACE('',(#3815),#132,.F.);
#4118=ADVANCED_FACE('',(#3816),#133,.F.);
#4119=ADVANCED_FACE('',(#3817),#134,.F.);
#4120=ADVANCED_FACE('',(#3818),#135,.F.);
#4121=ADVANCED_FACE('',(#3819),#3915,.T.);
#4122=ADVANCED_FACE('',(#3820),#136,.F.);
#4123=ADVANCED_FACE('',(#3821),#137,.F.);
#4124=ADVANCED_FACE('',(#3822),#3916,.T.);
#4125=ADVANCED_FACE('',(#3823),#138,.F.);
#4126=ADVANCED_FACE('',(#3824),#3917,.T.);
#4127=ADVANCED_FACE('',(#3825),#139,.F.);
#4128=ADVANCED_FACE('',(#3826),#3918,.T.);
#4129=ADVANCED_FACE('',(#3827),#140,.F.);
#4130=ADVANCED_FACE('',(#3828),#141,.F.);
#4131=ADVANCED_FACE('',(#3829),#3919,.T.);
#4132=ADVANCED_FACE('',(#3830),#142,.F.);
#4133=ADVANCED_FACE('',(#3831),#143,.F.);
#4134=ADVANCED_FACE('',(#3832),#3920,.T.);
#4135=ADVANCED_FACE('',(#3833),#144,.T.);
#4136=ADVANCED_FACE('',(#3834),#3921,.T.);
#4137=ADVANCED_FACE('',(#3835),#145,.F.);
#4138=ADVANCED_FACE('',(#3836),#146,.F.);
#4139=ADVANCED_FACE('',(#3837),#3922,.T.);
#4140=ADVANCED_FACE('',(#3838),#147,.F.);
#4141=ADVANCED_FACE('',(#3839),#148,.F.);
#4142=ADVANCED_FACE('',(#3840),#3923,.T.);
#4143=ADVANCED_FACE('',(#3841),#149,.F.);
#4144=ADVANCED_FACE('',(#3842),#3924,.T.);
#4145=ADVANCED_FACE('',(#3843),#3925,.T.);
#4146=ADVANCED_FACE('',(#3844),#3926,.T.);
#4147=ADVANCED_FACE('',(#3845),#3927,.T.);
#4148=ADVANCED_FACE('',(#3846),#3928,.T.);
#4149=ADVANCED_FACE('',(#3847),#3929,.T.);
#4150=ADVANCED_FACE('',(#3848),#3930,.T.);
#4151=ADVANCED_FACE('',(#3849),#3931,.T.);
#4152=ADVANCED_FACE('',(#3850),#3932,.T.);
#4153=ADVANCED_FACE('',(#3851),#3933,.T.);
#4154=CLOSED_SHELL('',(#3934,#3935,#3936,#3937,#3938,#3939,#3940,#3941,#3942,#3943,#3944,#3945,#3946,#3947,#3948,#3949,#3950,#3951,#3952,#3953,#3954,#3955,#3956,#3957,#3958,#3959,#3960,#3961,#3962,#3963,#3964,#3965,#3966,#3967,#3968,#3969,#3970,#3971,#3972,#3973,#3974,#3975,#3976,#3977,#3978,#3979,#3980,#3981,#3982,#3983,#3984,#3985,#3986,#3987,#3988,#3989,#3990,#3991,#3992,#3993,#3994,#3995,#3996,#3997,#3998,#3999,#4000,#4001,#4002,#4003,#4004,#4005,#4006,#4007,#4008,#4009,#4010,#4011,#4012,#4013,#4014,#4015,#4016,#4017,#4018,#4019,#4020,#4021,#4022,#4023,#4024,#4025,#4026,#4027,#4028,#4029,#4030,#4031,#4032,#4033,#4034,#4035,#4036,#4037,#4038,#4039,#4040,#4041,#4042,#4043,#4044,#4045,#4046,#4047,#4048,#4049,#4050,#4051,#4052,#4053,#4054,#4055,#4056,#4057,#4058,#4059,#4060,#4061,#4062,#4063,#4064,#4065,#4066,#4067,#4068,#4069,#4070,#4071,#4072,#4073,#4074,#4075,#4076,#4077,#4078,#4079,#4080,#4081,#4082,#4083,#4084,#4085,#4086,#4087,#4088,#4089,#4090,#4091,#4092,#4093,#4094,#4095,#4096,#4097,#4098,#4099,#4100,#4101,#4102,#4103,#4104,#4105,#4106,#4107,#4108,#4109,#4110,#4111,#4112,#4113,#4114,#4115,#4116,#4117,#4118,#4119,#4120,#4121,#4122,#4123,#4124,#4125,#4126,#4127,#4128,#4129,#4130,#4131,#4132,#4133,#4134,#4135,#4136,#4137,#4138,#4139,#4140,#4141,#4142,#4143,#4144,#4145,#4146,#4147,#4148,#4149,#4150,#4151,#4152,#4153));
#4155=STYLED_ITEM('',(#4156),#4163);
#4156=PRESENTATION_STYLE_ASSIGNMENT((#4157));
#4157=SURFACE_STYLE_USAGE(.BOTH.,#4158);
#4158=SURFACE_SIDE_STYLE('',(#4159));
#4159=SURFACE_STYLE_FILL_AREA(#4160);
#4160=FILL_AREA_STYLE('',(#4161));
#4161=FILL_AREA_STYLE_COLOUR('',#4162);
#4162=COLOUR_RGB('',0.972549019607843,0.529411764705882,0.00392156862745098);
#4163=MANIFOLD_SOLID_BREP('CaseUIPanel',#4154);
#4164=SHAPE_DEFINITION_REPRESENTATION(#7312,#4165);
#4165=SHAPE_REPRESENTATION('CaseUIPanel',(#4166),#7307);
#4166=AXIS2_PLACEMENT_3D('',#5707,#4567,#4568);
#4167=AXIS2_PLACEMENT_3D('',#5708,#4569,#4570);
#4168=AXIS2_PLACEMENT_3D('',#5725,#4579,#4580);
#4169=AXIS2_PLACEMENT_3D('',#5729,#4582,#4583);
#4170=AXIS2_PLACEMENT_3D('',#5731,#4584,#4585);
#4171=AXIS2_PLACEMENT_3D('',#5735,#4587,#4588);
#4172=AXIS2_PLACEMENT_3D('',#5737,#4589,#4590);
#4173=AXIS2_PLACEMENT_3D('',#5741,#4592,#4593);
#4174=AXIS2_PLACEMENT_3D('',#5743,#4594,#4595);
#4175=AXIS2_PLACEMENT_3D('',#5747,#4597,#4598);
#4176=AXIS2_PLACEMENT_3D('',#5749,#4599,#4600);
#4177=AXIS2_PLACEMENT_3D('',#5753,#4602,#4603);
#4178=AXIS2_PLACEMENT_3D('',#5757,#4605,#4606);
#4179=AXIS2_PLACEMENT_3D('',#5759,#4607,#4608);
#4180=AXIS2_PLACEMENT_3D('',#5763,#4610,#4611);
#4181=AXIS2_PLACEMENT_3D('',#5765,#4612,#4613);
#4182=AXIS2_PLACEMENT_3D('',#5769,#4615,#4616);
#4183=AXIS2_PLACEMENT_3D('',#5770,#4617,#4618);
#4184=AXIS2_PLACEMENT_3D('',#5789,#4619,#4620);
#4185=AXIS2_PLACEMENT_3D('',#5791,#4621,#4622);
#4186=AXIS2_PLACEMENT_3D('',#5793,#4623,#4624);
#4187=AXIS2_PLACEMENT_3D('',#5797,#4626,#4627);
#4188=AXIS2_PLACEMENT_3D('',#5799,#4628,#4629);
#4189=AXIS2_PLACEMENT_3D('',#5801,#4630,#4631);
#4190=AXIS2_PLACEMENT_3D('',#5819,#4632,#4633);
#4191=AXIS2_PLACEMENT_3D('',#5821,#4634,#4635);
#4192=AXIS2_PLACEMENT_3D('',#5823,#4636,#4637);
#4193=AXIS2_PLACEMENT_3D('',#5827,#4639,#4640);
#4194=AXIS2_PLACEMENT_3D('',#5829,#4641,#4642);
#4195=AXIS2_PLACEMENT_3D('',#5833,#4644,#4645);
#4196=AXIS2_PLACEMENT_3D('',#5835,#4646,#4647);
#4197=AXIS2_PLACEMENT_3D('',#5839,#4649,#4650);
#4198=AXIS2_PLACEMENT_3D('',#5841,#4651,#4652);
#4199=AXIS2_PLACEMENT_3D('',#5845,#4654,#4655);
#4200=AXIS2_PLACEMENT_3D('',#5847,#4656,#4657);
#4201=AXIS2_PLACEMENT_3D('',#5849,#4658,#4659);
#4202=AXIS2_PLACEMENT_3D('',#5851,#4660,#4661);
#4203=AXIS2_PLACEMENT_3D('',#5855,#4663,#4664);
#4204=AXIS2_PLACEMENT_3D('',#5859,#4666,#4667);
#4205=AXIS2_PLACEMENT_3D('',#5863,#4669,#4670);
#4206=AXIS2_PLACEMENT_3D('',#5865,#4671,#4672);
#4207=AXIS2_PLACEMENT_3D('',#5867,#4673,#4674);
#4208=AXIS2_PLACEMENT_3D('',#5869,#4675,#4676);
#4209=AXIS2_PLACEMENT_3D('',#5873,#4678,#4679);
#4210=AXIS2_PLACEMENT_3D('',#5877,#4681,#4682);
#4211=AXIS2_PLACEMENT_3D('',#5881,#4684,#4685);
#4212=AXIS2_PLACEMENT_3D('',#5883,#4686,#4687);
#4213=AXIS2_PLACEMENT_3D('',#5885,#4688,#4689);
#4214=AXIS2_PLACEMENT_3D('',#5887,#4690,#4691);
#4215=AXIS2_PLACEMENT_3D('',#5904,#4700,#4701);
#4216=AXIS2_PLACEMENT_3D('',#5906,#4702,#4703);
#4217=AXIS2_PLACEMENT_3D('',#5908,#4704,#4705);
#4218=AXIS2_PLACEMENT_3D('',#5910,#4706,#4707);
#4219=AXIS2_PLACEMENT_3D('',#5942,#4719,#4720);
#4220=AXIS2_PLACEMENT_3D('',#5944,#4721,#4722);
#4221=AXIS2_PLACEMENT_3D('',#5946,#4723,#4724);
#4222=AXIS2_PLACEMENT_3D('',#5948,#4725,#4726);
#4223=AXIS2_PLACEMENT_3D('',#5958,#4727,#4728);
#4224=AXIS2_PLACEMENT_3D('',#5960,#4729,#4730);
#4225=AXIS2_PLACEMENT_3D('',#5962,#4731,#4732);
#4226=AXIS2_PLACEMENT_3D('',#5964,#4733,#4734);
#4227=AXIS2_PLACEMENT_3D('',#5986,#4741,#4742);
#4228=AXIS2_PLACEMENT_3D('',#6000,#4743,#4744);
#4229=AXIS2_PLACEMENT_3D('',#6002,#4745,#4746);
#4230=AXIS2_PLACEMENT_3D('',#6006,#4748,#4749);
#4231=AXIS2_PLACEMENT_3D('',#6008,#4750,#4751);
#4232=AXIS2_PLACEMENT_3D('',#6010,#4752,#4753);
#4233=AXIS2_PLACEMENT_3D('',#6036,#4754,#4755);
#4234=AXIS2_PLACEMENT_3D('',#6038,#4756,#4757);
#4235=AXIS2_PLACEMENT_3D('',#6040,#4758,#4759);
#4236=AXIS2_PLACEMENT_3D('',#6044,#4761,#4762);
#4237=AXIS2_PLACEMENT_3D('',#6046,#4763,#4764);
#4238=AXIS2_PLACEMENT_3D('',#6048,#4765,#4766);
#4239=AXIS2_PLACEMENT_3D('',#6054,#4767,#4768);
#4240=AXIS2_PLACEMENT_3D('',#6058,#4770,#4771);
#4241=AXIS2_PLACEMENT_3D('',#6060,#4772,#4773);
#4242=AXIS2_PLACEMENT_3D('',#6064,#4775,#4776);
#4243=AXIS2_PLACEMENT_3D('',#6066,#4777,#4778);
#4244=AXIS2_PLACEMENT_3D('',#6070,#4780,#4781);
#4245=AXIS2_PLACEMENT_3D('',#6072,#4782,#4783);
#4246=AXIS2_PLACEMENT_3D('',#6074,#4784,#4785);
#4247=AXIS2_PLACEMENT_3D('',#6076,#4786,#4787);
#4248=AXIS2_PLACEMENT_3D('',#6080,#4789,#4790);
#4249=AXIS2_PLACEMENT_3D('',#6084,#4792,#4793);
#4250=AXIS2_PLACEMENT_3D('',#6088,#4795,#4796);
#4251=AXIS2_PLACEMENT_3D('',#6090,#4797,#4798);
#4252=AXIS2_PLACEMENT_3D('',#6092,#4799,#4800);
#4253=AXIS2_PLACEMENT_3D('',#6094,#4801,#4802);
#4254=AXIS2_PLACEMENT_3D('',#6098,#4804,#4805);
#4255=AXIS2_PLACEMENT_3D('',#6102,#4807,#4808);
#4256=AXIS2_PLACEMENT_3D('',#6106,#4810,#4811);
#4257=AXIS2_PLACEMENT_3D('',#6108,#4812,#4813);
#4258=AXIS2_PLACEMENT_3D('',#6110,#4814,#4815);
#4259=AXIS2_PLACEMENT_3D('',#6112,#4816,#4817);
#4260=AXIS2_PLACEMENT_3D('',#6116,#4819,#4820);
#4261=AXIS2_PLACEMENT_3D('',#6118,#4821,#4822);
#4262=AXIS2_PLACEMENT_3D('',#6122,#4824,#4825);
#4263=AXIS2_PLACEMENT_3D('',#6124,#4826,#4827);
#4264=AXIS2_PLACEMENT_3D('',#6128,#4829,#4830);
#4265=AXIS2_PLACEMENT_3D('',#6130,#4831,#4832);
#4266=AXIS2_PLACEMENT_3D('',#6134,#4834,#4835);
#4267=AXIS2_PLACEMENT_3D('',#6138,#4837,#4838);
#4268=AXIS2_PLACEMENT_3D('',#6140,#4839,#4840);
#4269=AXIS2_PLACEMENT_3D('',#6144,#4842,#4843);
#4270=AXIS2_PLACEMENT_3D('',#6146,#4844,#4845);
#4271=AXIS2_PLACEMENT_3D('',#6147,#4846,#4847);
#4272=AXIS2_PLACEMENT_3D('',#6151,#4850,#4851);
#4273=AXIS2_PLACEMENT_3D('',#6155,#4854,#4855);
#4274=AXIS2_PLACEMENT_3D('',#6161,#4859,#4860);
#4275=AXIS2_PLACEMENT_3D('',#6165,#4863,#4864);
#4276=AXIS2_PLACEMENT_3D('',#6169,#4867,#4868);
#4277=AXIS2_PLACEMENT_3D('',#6175,#4872,#4873);
#4278=AXIS2_PLACEMENT_3D('',#6179,#4876,#4877);
#4279=AXIS2_PLACEMENT_3D('',#6183,#4880,#4881);
#4280=AXIS2_PLACEMENT_3D('',#6184,#4882,#4883);
#4281=AXIS2_PLACEMENT_3D('',#6186,#4884,#4885);
#4282=AXIS2_PLACEMENT_3D('',#6187,#4886,#4887);
#4283=AXIS2_PLACEMENT_3D('',#6189,#4888,#4889);
#4284=AXIS2_PLACEMENT_3D('',#6190,#4890,#4891);
#4285=AXIS2_PLACEMENT_3D('',#6192,#4892,#4893);
#4286=AXIS2_PLACEMENT_3D('',#6202,#4899,#4900);
#4287=AXIS2_PLACEMENT_3D('',#6204,#4902,#4903);
#4288=AXIS2_PLACEMENT_3D('',#6206,#4905,#4906);
#4289=AXIS2_PLACEMENT_3D('',#6207,#4907,#4908);
#4290=AXIS2_PLACEMENT_3D('',#6209,#4909,#4910);
#4291=AXIS2_PLACEMENT_3D('',#6210,#4911,#4912);
#4292=AXIS2_PLACEMENT_3D('',#6216,#4916,#4917);
#4293=AXIS2_PLACEMENT_3D('',#6220,#4920,#4921);
#4294=AXIS2_PLACEMENT_3D('',#6224,#4924,#4925);
#4295=AXIS2_PLACEMENT_3D('',#6228,#4928,#4929);
#4296=AXIS2_PLACEMENT_3D('',#6232,#4932,#4933);
#4297=AXIS2_PLACEMENT_3D('',#6236,#4936,#4937);
#4298=AXIS2_PLACEMENT_3D('',#6240,#4940,#4941);
#4299=AXIS2_PLACEMENT_3D('',#6242,#4943,#4944);
#4300=AXIS2_PLACEMENT_3D('',#6243,#4945,#4946);
#4301=AXIS2_PLACEMENT_3D('',#6246,#4948,#4949);
#4302=AXIS2_PLACEMENT_3D('',#6249,#4951,#4952);
#4303=AXIS2_PLACEMENT_3D('',#6253,#4955,#4956);
#4304=AXIS2_PLACEMENT_3D('',#6256,#4958,#4959);
#4305=AXIS2_PLACEMENT_3D('',#6257,#4960,#4961);
#4306=AXIS2_PLACEMENT_3D('',#6260,#4963,#4964);
#4307=AXIS2_PLACEMENT_3D('',#6261,#4965,#4966);
#4308=AXIS2_PLACEMENT_3D('',#6264,#4968,#4969);
#4309=AXIS2_PLACEMENT_3D('',#6265,#4970,#4971);
#4310=AXIS2_PLACEMENT_3D('',#6268,#4973,#4974);
#4311=AXIS2_PLACEMENT_3D('',#6269,#4975,#4976);
#4312=AXIS2_PLACEMENT_3D('',#6273,#4979,#4980);
#4313=AXIS2_PLACEMENT_3D('',#6276,#4982,#4983);
#4314=AXIS2_PLACEMENT_3D('',#6277,#4984,#4985);
#4315=AXIS2_PLACEMENT_3D('',#6281,#4988,#4989);
#4316=AXIS2_PLACEMENT_3D('',#6284,#4991,#4992);
#4317=AXIS2_PLACEMENT_3D('',#6285,#4993,#4994);
#4318=AXIS2_PLACEMENT_3D('',#6289,#4997,#4998);
#4319=AXIS2_PLACEMENT_3D('',#6292,#5000,#5001);
#4320=AXIS2_PLACEMENT_3D('',#6293,#5002,#5003);
#4321=AXIS2_PLACEMENT_3D('',#6296,#5005,#5006);
#4322=AXIS2_PLACEMENT_3D('',#6297,#5007,#5008);
#4323=AXIS2_PLACEMENT_3D('',#6300,#5010,#5011);
#4324=AXIS2_PLACEMENT_3D('',#6301,#5012,#5013);
#4325=AXIS2_PLACEMENT_3D('',#6304,#5015,#5016);
#4326=AXIS2_PLACEMENT_3D('',#6305,#5017,#5018);
#4327=AXIS2_PLACEMENT_3D('',#6309,#5021,#5022);
#4328=AXIS2_PLACEMENT_3D('',#6312,#5024,#5025);
#4329=AXIS2_PLACEMENT_3D('',#6313,#5026,#5027);
#4330=AXIS2_PLACEMENT_3D('',#6317,#5030,#5031);
#4331=AXIS2_PLACEMENT_3D('',#6320,#5033,#5034);
#4332=AXIS2_PLACEMENT_3D('',#6321,#5035,#5036);
#4333=AXIS2_PLACEMENT_3D('',#6325,#5039,#5040);
#4334=AXIS2_PLACEMENT_3D('',#6328,#5042,#5043);
#4335=AXIS2_PLACEMENT_3D('',#6329,#5044,#5045);
#4336=AXIS2_PLACEMENT_3D('',#6332,#5047,#5048);
#4337=AXIS2_PLACEMENT_3D('',#6333,#5049,#5050);
#4338=AXIS2_PLACEMENT_3D('',#6336,#5052,#5053);
#4339=AXIS2_PLACEMENT_3D('',#6337,#5054,#5055);
#4340=AXIS2_PLACEMENT_3D('',#6340,#5057,#5058);
#4341=AXIS2_PLACEMENT_3D('',#6341,#5059,#5060);
#4342=AXIS2_PLACEMENT_3D('',#6345,#5063,#5064);
#4343=AXIS2_PLACEMENT_3D('',#6348,#5066,#5067);
#4344=AXIS2_PLACEMENT_3D('',#6349,#5068,#5069);
#4345=AXIS2_PLACEMENT_3D('',#6352,#5071,#5072);
#4346=AXIS2_PLACEMENT_3D('',#6353,#5073,#5074);
#4347=AXIS2_PLACEMENT_3D('',#6357,#5077,#5078);
#4348=AXIS2_PLACEMENT_3D('',#6358,#5079,#5080);
#4349=AXIS2_PLACEMENT_3D('',#6359,#5081,#5082);
#4350=AXIS2_PLACEMENT_3D('',#6375,#5085,#5086);
#4351=AXIS2_PLACEMENT_3D('',#6378,#5088,#5089);
#4352=AXIS2_PLACEMENT_3D('',#6379,#5090,#5091);
#4353=AXIS2_PLACEMENT_3D('',#6382,#5093,#5094);
#4354=AXIS2_PLACEMENT_3D('',#6383,#5095,#5096);
#4355=AXIS2_PLACEMENT_3D('',#6386,#5098,#5099);
#4356=AXIS2_PLACEMENT_3D('',#6387,#5100,#5101);
#4357=AXIS2_PLACEMENT_3D('',#6391,#5104,#5105);
#4358=AXIS2_PLACEMENT_3D('',#6394,#5107,#5108);
#4359=AXIS2_PLACEMENT_3D('',#6395,#5109,#5110);
#4360=AXIS2_PLACEMENT_3D('',#6398,#5112,#5113);
#4361=AXIS2_PLACEMENT_3D('',#6399,#5114,#5115);
#4362=AXIS2_PLACEMENT_3D('',#6402,#5117,#5118);
#4363=AXIS2_PLACEMENT_3D('',#6455,#5123,#5124);
#4364=AXIS2_PLACEMENT_3D('',#6458,#5126,#5127);
#4365=AXIS2_PLACEMENT_3D('',#6459,#5128,#5129);
#4366=AXIS2_PLACEMENT_3D('',#6462,#5131,#5132);
#4367=AXIS2_PLACEMENT_3D('',#6463,#5133,#5134);
#4368=AXIS2_PLACEMENT_3D('',#6466,#5136,#5137);
#4369=AXIS2_PLACEMENT_3D('',#6467,#5138,#5139);
#4370=AXIS2_PLACEMENT_3D('',#6471,#5142,#5143);
#4371=AXIS2_PLACEMENT_3D('',#6474,#5145,#5146);
#4372=AXIS2_PLACEMENT_3D('',#6475,#5147,#5148);
#4373=AXIS2_PLACEMENT_3D('',#6478,#5150,#5151);
#4374=AXIS2_PLACEMENT_3D('',#6479,#5152,#5153);
#4375=AXIS2_PLACEMENT_3D('',#6482,#5155,#5156);
#4376=AXIS2_PLACEMENT_3D('',#6520,#5159,#5160);
#4377=AXIS2_PLACEMENT_3D('',#6521,#5161,#5162);
#4378=AXIS2_PLACEMENT_3D('',#6524,#5164,#5165);
#4379=AXIS2_PLACEMENT_3D('',#6527,#5167,#5168);
#4380=AXIS2_PLACEMENT_3D('',#6531,#5171,#5172);
#4381=AXIS2_PLACEMENT_3D('',#6534,#5174,#5175);
#4382=AXIS2_PLACEMENT_3D('',#6535,#5176,#5177);
#4383=AXIS2_PLACEMENT_3D('',#6539,#5180,#5181);
#4384=AXIS2_PLACEMENT_3D('',#6542,#5183,#5184);
#4385=AXIS2_PLACEMENT_3D('',#6543,#5185,#5186);
#4386=AXIS2_PLACEMENT_3D('',#6546,#5188,#5189);
#4387=AXIS2_PLACEMENT_3D('',#6547,#5190,#5191);
#4388=AXIS2_PLACEMENT_3D('',#6551,#5194,#5195);
#4389=AXIS2_PLACEMENT_3D('',#6554,#5197,#5198);
#4390=AXIS2_PLACEMENT_3D('',#6555,#5199,#5200);
#4391=AXIS2_PLACEMENT_3D('',#6558,#5202,#5203);
#4392=AXIS2_PLACEMENT_3D('',#6559,#5204,#5205);
#4393=AXIS2_PLACEMENT_3D('',#6563,#5208,#5209);
#4394=AXIS2_PLACEMENT_3D('',#6566,#5211,#5212);
#4395=AXIS2_PLACEMENT_3D('',#6567,#5213,#5214);
#4396=AXIS2_PLACEMENT_3D('',#6571,#5217,#5218);
#4397=AXIS2_PLACEMENT_3D('',#6574,#5220,#5221);
#4398=AXIS2_PLACEMENT_3D('',#6575,#5222,#5223);
#4399=AXIS2_PLACEMENT_3D('',#6578,#5225,#5226);
#4400=AXIS2_PLACEMENT_3D('',#6579,#5227,#5228);
#4401=AXIS2_PLACEMENT_3D('',#6583,#5231,#5232);
#4402=AXIS2_PLACEMENT_3D('',#6586,#5234,#5235);
#4403=AXIS2_PLACEMENT_3D('',#6587,#5236,#5237);
#4404=AXIS2_PLACEMENT_3D('',#6590,#5239,#5240);
#4405=AXIS2_PLACEMENT_3D('',#6591,#5241,#5242);
#4406=AXIS2_PLACEMENT_3D('',#6595,#5245,#5246);
#4407=AXIS2_PLACEMENT_3D('',#6598,#5248,#5249);
#4408=AXIS2_PLACEMENT_3D('',#6599,#5250,#5251);
#4409=AXIS2_PLACEMENT_3D('',#6602,#5253,#5254);
#4410=AXIS2_PLACEMENT_3D('',#6603,#5255,#5256);
#4411=AXIS2_PLACEMENT_3D('',#6607,#5259,#5260);
#4412=AXIS2_PLACEMENT_3D('',#6608,#5261,#5262);
#4413=AXIS2_PLACEMENT_3D('',#6609,#5263,#5264);
#4414=AXIS2_PLACEMENT_3D('',#6664,#5269,#5270);
#4415=AXIS2_PLACEMENT_3D('',#6665,#5271,#5272);
#4416=AXIS2_PLACEMENT_3D('',#6669,#5274,#5275);
#4417=AXIS2_PLACEMENT_3D('',#6670,#5276,#5277);
#4418=AXIS2_PLACEMENT_3D('',#6671,#5278,#5279);
#4419=AXIS2_PLACEMENT_3D('',#6675,#5281,#5282);
#4420=AXIS2_PLACEMENT_3D('',#6744,#5287,#5288);
#4421=AXIS2_PLACEMENT_3D('',#6745,#5289,#5290);
#4422=AXIS2_PLACEMENT_3D('',#6749,#5292,#5293);
#4423=AXIS2_PLACEMENT_3D('',#6750,#5294,#5295);
#4424=AXIS2_PLACEMENT_3D('',#6751,#5296,#5297);
#4425=AXIS2_PLACEMENT_3D('',#6755,#5299,#5300);
#4426=AXIS2_PLACEMENT_3D('',#6784,#5304,#5305);
#4427=AXIS2_PLACEMENT_3D('',#6787,#5307,#5308);
#4428=AXIS2_PLACEMENT_3D('',#6788,#5309,#5310);
#4429=AXIS2_PLACEMENT_3D('',#6791,#5312,#5313);
#4430=AXIS2_PLACEMENT_3D('',#6792,#5314,#5315);
#4431=AXIS2_PLACEMENT_3D('',#6795,#5317,#5318);
#4432=AXIS2_PLACEMENT_3D('',#6796,#5319,#5320);
#4433=AXIS2_PLACEMENT_3D('',#6799,#5322,#5323);
#4434=AXIS2_PLACEMENT_3D('',#6826,#5326,#5327);
#4435=AXIS2_PLACEMENT_3D('',#6829,#5329,#5330);
#4436=AXIS2_PLACEMENT_3D('',#6830,#5331,#5332);
#4437=AXIS2_PLACEMENT_3D('',#6833,#5334,#5335);
#4438=AXIS2_PLACEMENT_3D('',#6834,#5336,#5337);
#4439=AXIS2_PLACEMENT_3D('',#6837,#5339,#5340);
#4440=AXIS2_PLACEMENT_3D('',#6838,#5341,#5342);
#4441=AXIS2_PLACEMENT_3D('',#6839,#5343,#5344);
#4442=AXIS2_PLACEMENT_3D('',#6854,#5345,#5346);
#4443=AXIS2_PLACEMENT_3D('',#6855,#5347,#5348);
#4444=AXIS2_PLACEMENT_3D('',#6861,#5352,#5353);
#4445=AXIS2_PLACEMENT_3D('',#6865,#5356,#5357);
#4446=AXIS2_PLACEMENT_3D('',#6869,#5360,#5361);
#4447=AXIS2_PLACEMENT_3D('',#6873,#5364,#5365);
#4448=AXIS2_PLACEMENT_3D('',#6877,#5368,#5369);
#4449=AXIS2_PLACEMENT_3D('',#6879,#5371,#5372);
#4450=AXIS2_PLACEMENT_3D('',#6908,#5376,#5377);
#4451=AXIS2_PLACEMENT_3D('',#6911,#5379,#5380);
#4452=AXIS2_PLACEMENT_3D('',#6925,#5382,#5383);
#4453=AXIS2_PLACEMENT_3D('',#6928,#5385,#5386);
#4454=AXIS2_PLACEMENT_3D('',#6929,#5387,#5388);
#4455=AXIS2_PLACEMENT_3D('',#6932,#5390,#5391);
#4456=AXIS2_PLACEMENT_3D('',#6933,#5392,#5393);
#4457=AXIS2_PLACEMENT_3D('',#6936,#5395,#5396);
#4458=AXIS2_PLACEMENT_3D('',#6937,#5397,#5398);
#4459=AXIS2_PLACEMENT_3D('',#6941,#5401,#5402);
#4460=AXIS2_PLACEMENT_3D('',#6944,#5404,#5405);
#4461=AXIS2_PLACEMENT_3D('',#6945,#5406,#5407);
#4462=AXIS2_PLACEMENT_3D('',#6948,#5409,#5410);
#4463=AXIS2_PLACEMENT_3D('',#6949,#5411,#5412);
#4464=AXIS2_PLACEMENT_3D('',#6952,#5414,#5415);
#4465=AXIS2_PLACEMENT_3D('',#7031,#5422,#5423);
#4466=AXIS2_PLACEMENT_3D('',#7034,#5425,#5426);
#4467=AXIS2_PLACEMENT_3D('',#7035,#5427,#5428);
#4468=AXIS2_PLACEMENT_3D('',#7038,#5430,#5431);
#4469=AXIS2_PLACEMENT_3D('',#7039,#5432,#5433);
#4470=AXIS2_PLACEMENT_3D('',#7042,#5435,#5436);
#4471=AXIS2_PLACEMENT_3D('',#7043,#5437,#5438);
#4472=AXIS2_PLACEMENT_3D('',#7047,#5441,#5442);
#4473=AXIS2_PLACEMENT_3D('',#7050,#5444,#5445);
#4474=AXIS2_PLACEMENT_3D('',#7051,#5446,#5447);
#4475=AXIS2_PLACEMENT_3D('',#7054,#5449,#5450);
#4476=AXIS2_PLACEMENT_3D('',#7094,#5454,#5455);
#4477=AXIS2_PLACEMENT_3D('',#7095,#5456,#5457);
#4478=AXIS2_PLACEMENT_3D('',#7096,#5458,#5459);
#4479=AXIS2_PLACEMENT_3D('',#7097,#5460,#5461);
#4480=AXIS2_PLACEMENT_3D('',#7100,#5463,#5464);
#4481=AXIS2_PLACEMENT_3D('',#7103,#5466,#5467);
#4482=AXIS2_PLACEMENT_3D('',#7107,#5470,#5471);
#4483=AXIS2_PLACEMENT_3D('',#7110,#5473,#5474);
#4484=AXIS2_PLACEMENT_3D('',#7111,#5475,#5476);
#4485=AXIS2_PLACEMENT_3D('',#7114,#5478,#5479);
#4486=AXIS2_PLACEMENT_3D('',#7115,#5480,#5481);
#4487=AXIS2_PLACEMENT_3D('',#7118,#5483,#5484);
#4488=AXIS2_PLACEMENT_3D('',#7119,#5485,#5486);
#4489=AXIS2_PLACEMENT_3D('',#7122,#5488,#5489);
#4490=AXIS2_PLACEMENT_3D('',#7123,#5490,#5491);
#4491=AXIS2_PLACEMENT_3D('',#7127,#5494,#5495);
#4492=AXIS2_PLACEMENT_3D('',#7130,#5497,#5498);
#4493=AXIS2_PLACEMENT_3D('',#7131,#5499,#5500);
#4494=AXIS2_PLACEMENT_3D('',#7135,#5503,#5504);
#4495=AXIS2_PLACEMENT_3D('',#7138,#5506,#5507);
#4496=AXIS2_PLACEMENT_3D('',#7139,#5508,#5509);
#4497=AXIS2_PLACEMENT_3D('',#7143,#5512,#5513);
#4498=AXIS2_PLACEMENT_3D('',#7146,#5515,#5516);
#4499=AXIS2_PLACEMENT_3D('',#7147,#5517,#5518);
#4500=AXIS2_PLACEMENT_3D('',#7150,#5520,#5521);
#4501=AXIS2_PLACEMENT_3D('',#7151,#5522,#5523);
#4502=AXIS2_PLACEMENT_3D('',#7154,#5525,#5526);
#4503=AXIS2_PLACEMENT_3D('',#7155,#5527,#5528);
#4504=AXIS2_PLACEMENT_3D('',#7158,#5530,#5531);
#4505=AXIS2_PLACEMENT_3D('',#7159,#5532,#5533);
#4506=AXIS2_PLACEMENT_3D('',#7163,#5536,#5537);
#4507=AXIS2_PLACEMENT_3D('',#7166,#5539,#5540);
#4508=AXIS2_PLACEMENT_3D('',#7167,#5541,#5542);
#4509=AXIS2_PLACEMENT_3D('',#7171,#5545,#5546);
#4510=AXIS2_PLACEMENT_3D('',#7174,#5548,#5549);
#4511=AXIS2_PLACEMENT_3D('',#7175,#5550,#5551);
#4512=AXIS2_PLACEMENT_3D('',#7179,#5554,#5555);
#4513=AXIS2_PLACEMENT_3D('',#7182,#5557,#5558);
#4514=AXIS2_PLACEMENT_3D('',#7183,#5559,#5560);
#4515=AXIS2_PLACEMENT_3D('',#7186,#5562,#5563);
#4516=AXIS2_PLACEMENT_3D('',#7187,#5564,#5565);
#4517=AXIS2_PLACEMENT_3D('',#7190,#5567,#5568);
#4518=AXIS2_PLACEMENT_3D('',#7191,#5569,#5570);
#4519=AXIS2_PLACEMENT_3D('',#7194,#5572,#5573);
#4520=AXIS2_PLACEMENT_3D('',#7195,#5574,#5575);
#4521=AXIS2_PLACEMENT_3D('',#7199,#5578,#5579);
#4522=AXIS2_PLACEMENT_3D('',#7202,#5581,#5582);
#4523=AXIS2_PLACEMENT_3D('',#7203,#5583,#5584);
#4524=AXIS2_PLACEMENT_3D('',#7206,#5586,#5587);
#4525=AXIS2_PLACEMENT_3D('',#7207,#5588,#5589);
#4526=AXIS2_PLACEMENT_3D('',#7211,#5592,#5593);
#4527=AXIS2_PLACEMENT_3D('',#7212,#5594,#5595);
#4528=AXIS2_PLACEMENT_3D('',#7213,#5596,#5597);
#4529=AXIS2_PLACEMENT_3D('',#7214,#5598,#5599);
#4530=AXIS2_PLACEMENT_3D('',#7217,#5601,#5602);
#4531=AXIS2_PLACEMENT_3D('',#7220,#5604,#5605);
#4532=AXIS2_PLACEMENT_3D('',#7224,#5608,#5609);
#4533=AXIS2_PLACEMENT_3D('',#7227,#5611,#5612);
#4534=AXIS2_PLACEMENT_3D('',#7228,#5613,#5614);
#4535=AXIS2_PLACEMENT_3D('',#7231,#5616,#5617);
#4536=AXIS2_PLACEMENT_3D('',#7232,#5618,#5619);
#4537=AXIS2_PLACEMENT_3D('',#7236,#5622,#5623);
#4538=AXIS2_PLACEMENT_3D('',#7239,#5625,#5626);
#4539=AXIS2_PLACEMENT_3D('',#7240,#5627,#5628);
#4540=AXIS2_PLACEMENT_3D('',#7243,#5630,#5631);
#4541=AXIS2_PLACEMENT_3D('',#7244,#5632,#5633);
#4542=AXIS2_PLACEMENT_3D('',#7248,#5636,#5637);
#4543=AXIS2_PLACEMENT_3D('',#7251,#5639,#5640);
#4544=AXIS2_PLACEMENT_3D('',#7252,#5641,#5642);
#4545=AXIS2_PLACEMENT_3D('',#7256,#5645,#5646);
#4546=AXIS2_PLACEMENT_3D('',#7259,#5648,#5649);
#4547=AXIS2_PLACEMENT_3D('',#7260,#5650,#5651);
#4548=AXIS2_PLACEMENT_3D('',#7263,#5653,#5654);
#4549=AXIS2_PLACEMENT_3D('',#7264,#5655,#5656);
#4550=AXIS2_PLACEMENT_3D('',#7268,#5659,#5660);
#4551=AXIS2_PLACEMENT_3D('',#7271,#5662,#5663);
#4552=AXIS2_PLACEMENT_3D('',#7272,#5664,#5665);
#4553=AXIS2_PLACEMENT_3D('',#7275,#5667,#5668);
#4554=AXIS2_PLACEMENT_3D('',#7276,#5669,#5670);
#4555=AXIS2_PLACEMENT_3D('',#7280,#5673,#5674);
#4556=AXIS2_PLACEMENT_3D('',#7281,#5675,#5676);
#4557=AXIS2_PLACEMENT_3D('',#7282,#5677,#5678);
#4558=AXIS2_PLACEMENT_3D('',#7283,#5679,#5680);
#4559=AXIS2_PLACEMENT_3D('',#7284,#5681,#5682);
#4560=AXIS2_PLACEMENT_3D('',#7288,#5685,#5686);
#4561=AXIS2_PLACEMENT_3D('',#7292,#5689,#5690);
#4562=AXIS2_PLACEMENT_3D('',#7294,#5692,#5693);
#4563=AXIS2_PLACEMENT_3D('',#7295,#5694,#5695);
#4564=AXIS2_PLACEMENT_3D('',#7301,#5699,#5700);
#4565=AXIS2_PLACEMENT_3D('',#7303,#5702,#5703);
#4566=AXIS2_PLACEMENT_3D('',#7305,#5705,#5706);
#4567=DIRECTION('',(0.,0.,1.));
#4568=DIRECTION('',(1.,0.,0.));
#4569=DIRECTION('',(1.,0.,0.));
#4570=DIRECTION('',(0.,0.,-1.));
#4571=DIRECTION('',(0.,-1.,0.));
#4572=DIRECTION('',(0.,0.,-1.));
#4573=DIRECTION('',(0.,-1.,0.));
#4574=DIRECTION('',(0.,0.,-1.));
#4575=DIRECTION('',(0.,0.,1.));
#4576=DIRECTION('',(0.,-1.,0.));
#4577=DIRECTION('',(0.,0.,-1.));
#4578=DIRECTION('',(0.,1.,-1.30104260698261E-16));
#4579=DIRECTION('',(0.,0.,1.));
#4580=DIRECTION('',(1.,0.,0.));
#4581=DIRECTION('',(-1.,0.,0.));
#4582=DIRECTION('',(0.,0.,1.));
#4583=DIRECTION('',(1.,0.,0.));
#4584=DIRECTION('',(0.,0.,1.));
#4585=DIRECTION('',(1.,0.,0.));
#4586=DIRECTION('',(0.,1.,0.));
#4587=DIRECTION('',(0.,0.,1.));
#4588=DIRECTION('',(1.,0.,0.));
#4589=DIRECTION('',(0.,0.,1.));
#4590=DIRECTION('',(1.,0.,0.));
#4591=DIRECTION('',(1.,0.,0.));
#4592=DIRECTION('',(0.,0.,1.));
#4593=DIRECTION('',(1.,0.,0.));
#4594=DIRECTION('',(0.,0.,1.));
#4595=DIRECTION('',(1.,0.,0.));
#4596=DIRECTION('',(0.,-1.,0.));
#4597=DIRECTION('',(0.,0.,1.));
#4598=DIRECTION('',(1.,0.,0.));
#4599=DIRECTION('',(0.,0.,1.));
#4600=DIRECTION('',(1.,0.,0.));
#4601=DIRECTION('',(-1.,0.,0.));
#4602=DIRECTION('',(0.,0.,1.));
#4603=DIRECTION('',(1.,0.,0.));
#4604=DIRECTION('',(0.,-1.,0.));
#4605=DIRECTION('',(0.,0.,1.));
#4606=DIRECTION('',(1.,0.,0.));
#4607=DIRECTION('',(0.,0.,1.));
#4608=DIRECTION('',(1.,0.,0.));
#4609=DIRECTION('',(-1.,0.,0.));
#4610=DIRECTION('',(0.,0.,1.));
#4611=DIRECTION('',(1.,0.,0.));
#4612=DIRECTION('',(0.,0.,1.));
#4613=DIRECTION('',(1.,0.,0.));
#4614=DIRECTION('',(0.,1.,0.));
#4615=DIRECTION('',(0.,0.,1.));
#4616=DIRECTION('',(1.,0.,0.));
#4617=DIRECTION('',(0.,0.,1.));
#4618=DIRECTION('',(1.,0.,0.));
#4619=DIRECTION('',(0.,0.,1.));
#4620=DIRECTION('',(1.,0.,0.));
#4621=DIRECTION('',(0.,0.,1.));
#4622=DIRECTION('',(1.,0.,0.));
#4623=DIRECTION('',(0.,0.,1.));
#4624=DIRECTION('',(1.,0.,0.));
#4625=DIRECTION('',(0.,-1.,0.));
#4626=DIRECTION('',(0.,0.,1.));
#4627=DIRECTION('',(1.,0.,0.));
#4628=DIRECTION('',(0.,0.,1.));
#4629=DIRECTION('',(1.,0.,0.));
#4630=DIRECTION('',(0.,0.,1.));
#4631=DIRECTION('',(1.,0.,0.));
#4632=DIRECTION('',(0.,0.,1.));
#4633=DIRECTION('',(1.,0.,0.));
#4634=DIRECTION('',(0.,0.,1.));
#4635=DIRECTION('',(1.,0.,0.));
#4636=DIRECTION('',(0.,0.,1.));
#4637=DIRECTION('',(1.,0.,0.));
#4638=DIRECTION('',(0.,-1.,0.));
#4639=DIRECTION('',(0.,0.,1.));
#4640=DIRECTION('',(1.,0.,0.));
#4641=DIRECTION('',(0.,0.,1.));
#4642=DIRECTION('',(1.,0.,0.));
#4643=DIRECTION('',(-1.,0.,0.));
#4644=DIRECTION('',(0.,0.,1.));
#4645=DIRECTION('',(1.,0.,0.));
#4646=DIRECTION('',(0.,0.,1.));
#4647=DIRECTION('',(1.,0.,0.));
#4648=DIRECTION('',(0.,1.,0.));
#4649=DIRECTION('',(0.,0.,1.));
#4650=DIRECTION('',(1.,0.,0.));
#4651=DIRECTION('',(0.,0.,1.));
#4652=DIRECTION('',(1.,0.,0.));
#4653=DIRECTION('',(1.,0.,0.));
#4654=DIRECTION('',(0.,0.,1.));
#4655=DIRECTION('',(1.,0.,0.));
#4656=DIRECTION('',(0.,0.,1.));
#4657=DIRECTION('',(1.,0.,0.));
#4658=DIRECTION('',(0.,0.,1.));
#4659=DIRECTION('',(1.,0.,0.));
#4660=DIRECTION('',(0.,0.,1.));
#4661=DIRECTION('',(1.,0.,0.));
#4662=DIRECTION('',(-1.,0.,0.));
#4663=DIRECTION('',(0.,0.,1.));
#4664=DIRECTION('',(1.,0.,0.));
#4665=DIRECTION('',(0.,-1.,0.));
#4666=DIRECTION('',(0.,0.,1.));
#4667=DIRECTION('',(1.,0.,0.));
#4668=DIRECTION('',(1.,0.,0.));
#4669=DIRECTION('',(0.,0.,1.));
#4670=DIRECTION('',(1.,0.,0.));
#4671=DIRECTION('',(0.,0.,1.));
#4672=DIRECTION('',(1.,0.,0.));
#4673=DIRECTION('',(0.,0.,1.));
#4674=DIRECTION('',(1.,0.,0.));
#4675=DIRECTION('',(0.,0.,1.));
#4676=DIRECTION('',(1.,0.,0.));
#4677=DIRECTION('',(-1.,0.,0.));
#4678=DIRECTION('',(0.,0.,1.));
#4679=DIRECTION('',(1.,0.,0.));
#4680=DIRECTION('',(0.,-1.,0.));
#4681=DIRECTION('',(0.,0.,1.));
#4682=DIRECTION('',(1.,0.,0.));
#4683=DIRECTION('',(1.,0.,0.));
#4684=DIRECTION('',(0.,0.,1.));
#4685=DIRECTION('',(1.,0.,0.));
#4686=DIRECTION('',(0.,0.,1.));
#4687=DIRECTION('',(1.,0.,0.));
#4688=DIRECTION('',(0.,0.,1.));
#4689=DIRECTION('',(1.,0.,0.));
#4690=DIRECTION('',(0.,0.,1.));
#4691=DIRECTION('',(1.,0.,0.));
#4692=DIRECTION('',(1.,0.,0.));
#4693=DIRECTION('',(0.303103568872615,-0.952957620535501,0.));
#4694=DIRECTION('',(1.,0.,0.));
#4695=DIRECTION('',(0.303592794560256,0.952801876095495,0.));
#4696=DIRECTION('',(1.,0.,0.));
#4697=DIRECTION('',(-0.32595938872585,-0.945383772285874,0.));
#4698=DIRECTION('',(-1.,0.,0.));
#4699=DIRECTION('',(-0.326322340116825,0.945258552111897,0.));
#4700=DIRECTION('',(0.,0.,1.));
#4701=DIRECTION('',(1.,0.,0.));
#4702=DIRECTION('',(0.,0.,1.));
#4703=DIRECTION('',(1.,0.,0.));
#4704=DIRECTION('',(0.,0.,1.));
#4705=DIRECTION('',(1.,0.,0.));
#4706=DIRECTION('',(0.,0.,1.));
#4707=DIRECTION('',(1.,0.,0.));
#4708=DIRECTION('',(1.,2.47817639425258E-16,0.));
#4709=DIRECTION('',(1.,0.,0.));
#4710=DIRECTION('',(0.,-1.,0.));
#4711=DIRECTION('',(1.,0.,0.));
#4712=DIRECTION('',(0.,-1.,0.));
#4713=DIRECTION('',(-1.,0.,0.));
#4714=DIRECTION('',(0.,1.,0.));
#4715=DIRECTION('',(0.,-1.,0.));
#4716=DIRECTION('',(-1.,0.,0.));
#4717=DIRECTION('',(0.,1.,0.));
#4718=DIRECTION('',(1.,0.,0.));
#4719=DIRECTION('',(0.,0.,1.));
#4720=DIRECTION('',(1.,0.,0.));
#4721=DIRECTION('',(0.,0.,1.));
#4722=DIRECTION('',(1.,0.,0.));
#4723=DIRECTION('',(0.,0.,1.));
#4724=DIRECTION('',(1.,0.,0.));
#4725=DIRECTION('',(0.,0.,1.));
#4726=DIRECTION('',(1.,0.,0.));
#4727=DIRECTION('',(0.,0.,1.));
#4728=DIRECTION('',(1.,0.,0.));
#4729=DIRECTION('',(0.,0.,1.));
#4730=DIRECTION('',(1.,0.,0.));
#4731=DIRECTION('',(0.,0.,1.));
#4732=DIRECTION('',(1.,0.,0.));
#4733=DIRECTION('',(0.,0.,1.));
#4734=DIRECTION('',(1.,0.,0.));
#4735=DIRECTION('',(-1.,0.,0.));
#4736=DIRECTION('',(0.,1.,0.));
#4737=DIRECTION('',(1.,0.,0.));
#4738=DIRECTION('',(0.,-1.,0.));
#4739=DIRECTION('',(1.,0.,0.));
#4740=DIRECTION('',(0.,-1.,0.));
#4741=DIRECTION('',(0.,0.,1.));
#4742=DIRECTION('',(1.,0.,0.));
#4743=DIRECTION('',(0.,0.,1.));
#4744=DIRECTION('',(1.,0.,0.));
#4745=DIRECTION('',(0.,0.,1.));
#4746=DIRECTION('',(1.,0.,0.));
#4747=DIRECTION('',(0.,-1.,0.));
#4748=DIRECTION('',(0.,0.,1.));
#4749=DIRECTION('',(1.,0.,0.));
#4750=DIRECTION('',(0.,0.,1.));
#4751=DIRECTION('',(1.,0.,0.));
#4752=DIRECTION('',(0.,0.,1.));
#4753=DIRECTION('',(1.,0.,0.));
#4754=DIRECTION('',(0.,0.,1.));
#4755=DIRECTION('',(1.,0.,0.));
#4756=DIRECTION('',(0.,0.,1.));
#4757=DIRECTION('',(1.,0.,0.));
#4758=DIRECTION('',(0.,0.,1.));
#4759=DIRECTION('',(1.,0.,0.));
#4760=DIRECTION('',(0.,1.,0.));
#4761=DIRECTION('',(0.,0.,1.));
#4762=DIRECTION('',(1.,0.,0.));
#4763=DIRECTION('',(0.,0.,1.));
#4764=DIRECTION('',(1.,0.,0.));
#4765=DIRECTION('',(0.,0.,1.));
#4766=DIRECTION('',(1.,0.,0.));
#4767=DIRECTION('',(0.,0.,1.));
#4768=DIRECTION('',(1.,0.,0.));
#4769=DIRECTION('',(-1.,0.,0.));
#4770=DIRECTION('',(0.,0.,1.));
#4771=DIRECTION('',(1.,0.,0.));
#4772=DIRECTION('',(0.,0.,1.));
#4773=DIRECTION('',(1.,0.,0.));
#4774=DIRECTION('',(0.,1.,0.));
#4775=DIRECTION('',(0.,0.,1.));
#4776=DIRECTION('',(1.,0.,0.));
#4777=DIRECTION('',(0.,0.,1.));
#4778=DIRECTION('',(1.,0.,0.));
#4779=DIRECTION('',(1.,0.,0.));
#4780=DIRECTION('',(0.,0.,1.));
#4781=DIRECTION('',(1.,0.,0.));
#4782=DIRECTION('',(0.,0.,1.));
#4783=DIRECTION('',(1.,0.,0.));
#4784=DIRECTION('',(0.,0.,1.));
#4785=DIRECTION('',(1.,0.,0.));
#4786=DIRECTION('',(0.,0.,1.));
#4787=DIRECTION('',(1.,0.,0.));
#4788=DIRECTION('',(-1.,0.,0.));
#4789=DIRECTION('',(0.,0.,1.));
#4790=DIRECTION('',(1.,0.,0.));
#4791=DIRECTION('',(0.,-1.,0.));
#4792=DIRECTION('',(0.,0.,1.));
#4793=DIRECTION('',(1.,0.,0.));
#4794=DIRECTION('',(1.,0.,0.));
#4795=DIRECTION('',(0.,0.,1.));
#4796=DIRECTION('',(1.,0.,0.));
#4797=DIRECTION('',(0.,0.,1.));
#4798=DIRECTION('',(1.,0.,0.));
#4799=DIRECTION('',(0.,0.,1.));
#4800=DIRECTION('',(1.,0.,0.));
#4801=DIRECTION('',(0.,0.,1.));
#4802=DIRECTION('',(1.,0.,0.));
#4803=DIRECTION('',(-1.,0.,0.));
#4804=DIRECTION('',(0.,0.,1.));
#4805=DIRECTION('',(1.,0.,0.));
#4806=DIRECTION('',(0.,-1.,0.));
#4807=DIRECTION('',(0.,0.,1.));
#4808=DIRECTION('',(1.,0.,0.));
#4809=DIRECTION('',(1.,0.,0.));
#4810=DIRECTION('',(0.,0.,1.));
#4811=DIRECTION('',(1.,0.,0.));
#4812=DIRECTION('',(0.,0.,1.));
#4813=DIRECTION('',(1.,0.,0.));
#4814=DIRECTION('',(0.,0.,1.));
#4815=DIRECTION('',(1.,0.,0.));
#4816=DIRECTION('',(0.,0.,1.));
#4817=DIRECTION('',(1.,0.,0.));
#4818=DIRECTION('',(-1.,0.,0.));
#4819=DIRECTION('',(0.,0.,1.));
#4820=DIRECTION('',(1.,0.,0.));
#4821=DIRECTION('',(0.,0.,1.));
#4822=DIRECTION('',(1.,0.,0.));
#4823=DIRECTION('',(0.,1.,0.));
#4824=DIRECTION('',(0.,0.,1.));
#4825=DIRECTION('',(1.,0.,0.));
#4826=DIRECTION('',(0.,0.,1.));
#4827=DIRECTION('',(1.,0.,0.));
#4828=DIRECTION('',(1.,0.,0.));
#4829=DIRECTION('',(0.,0.,1.));
#4830=DIRECTION('',(1.,0.,0.));
#4831=DIRECTION('',(0.,0.,1.));
#4832=DIRECTION('',(1.,0.,0.));
#4833=DIRECTION('',(0.,-1.,0.));
#4834=DIRECTION('',(0.,0.,1.));
#4835=DIRECTION('',(1.,0.,0.));
#4836=DIRECTION('',(1.,0.,0.));
#4837=DIRECTION('',(0.,0.,1.));
#4838=DIRECTION('',(1.,0.,0.));
#4839=DIRECTION('',(0.,0.,1.));
#4840=DIRECTION('',(1.,0.,0.));
#4841=DIRECTION('',(0.,-1.,0.));
#4842=DIRECTION('',(0.,0.,1.));
#4843=DIRECTION('',(1.,0.,0.));
#4844=DIRECTION('',(0.,0.,1.));
#4845=DIRECTION('',(1.,0.,0.));
#4846=DIRECTION('',(-2.47817639425258E-16,1.,0.));
#4847=DIRECTION('',(-1.,-2.47817639425258E-16,0.));
#4848=DIRECTION('',(1.,2.47817639425258E-16,0.));
#4849=DIRECTION('',(0.,0.,-1.));
#4850=DIRECTION('',(0.,1.,0.));
#4851=DIRECTION('',(0.,0.,1.));
#4852=DIRECTION('',(1.,0.,0.));
#4853=DIRECTION('',(0.,0.,-1.));
#4854=DIRECTION('',(0.,1.,0.));
#4855=DIRECTION('',(0.,0.,1.));
#4856=DIRECTION('',(1.,0.,0.));
#4857=DIRECTION('',(0.,0.,-1.));
#4858=DIRECTION('',(0.,0.,-1.));
#4859=DIRECTION('',(1.,0.,0.));
#4860=DIRECTION('',(0.,0.,-1.));
#4861=DIRECTION('',(0.,-1.,0.));
#4862=DIRECTION('',(0.,0.,-1.));
#4863=DIRECTION('',(0.,-1.,0.));
#4864=DIRECTION('',(0.,0.,-1.));
#4865=DIRECTION('',(-1.,0.,0.));
#4866=DIRECTION('',(0.,0.,-1.));
#4867=DIRECTION('',(1.,0.,0.));
#4868=DIRECTION('',(0.,0.,-1.));
#4869=DIRECTION('',(0.,-1.,0.));
#4870=DIRECTION('',(0.,0.,-1.));
#4871=DIRECTION('',(0.,0.,-1.));
#4872=DIRECTION('',(0.,-1.,0.));
#4873=DIRECTION('',(0.,0.,-1.));
#4874=DIRECTION('',(-1.,0.,0.));
#4875=DIRECTION('',(0.,0.,-1.));
#4876=DIRECTION('',(-1.,0.,0.));
#4877=DIRECTION('',(0.,0.,1.));
#4878=DIRECTION('',(0.,1.,0.));
#4879=DIRECTION('',(0.,0.,-1.));
#4880=DIRECTION('',(0.,0.,-1.));
#4881=DIRECTION('',(-1.,0.,0.));
#4882=DIRECTION('',(0.,0.,1.));
#4883=DIRECTION('',(1.,0.,0.));
#4884=DIRECTION('',(0.,0.,-1.));
#4885=DIRECTION('',(-1.,0.,0.));
#4886=DIRECTION('',(0.,0.,1.));
#4887=DIRECTION('',(1.,0.,0.));
#4888=DIRECTION('',(0.,0.,-1.));
#4889=DIRECTION('',(-1.,0.,0.));
#4890=DIRECTION('',(0.,0.,1.));
#4891=DIRECTION('',(1.,0.,0.));
#4892=DIRECTION('',(1.,0.,0.));
#4893=DIRECTION('',(0.,0.,-1.));
#4894=DIRECTION('',(0.,1.,0.));
#4895=DIRECTION('',(0.,0.,-1.));
#4896=DIRECTION('',(0.,-1.,0.));
#4897=DIRECTION('',(0.,-3.46944695195361E-15,1.));
#4898=DIRECTION('',(0.,-1.,0.));
#4899=DIRECTION('',(-1.,0.,0.));
#4900=DIRECTION('',(0.,0.,1.));
#4901=DIRECTION('',(0.,1.,0.));
#4902=DIRECTION('',(0.,1.,0.));
#4903=DIRECTION('',(0.,0.,1.));
#4904=DIRECTION('',(1.,0.,0.));
#4905=DIRECTION('',(0.,0.,-1.));
#4906=DIRECTION('',(-1.,0.,0.));
#4907=DIRECTION('',(0.,0.,1.));
#4908=DIRECTION('',(1.,0.,0.));
#4909=DIRECTION('',(0.,0.,1.));
#4910=DIRECTION('',(1.,0.,0.));
#4911=DIRECTION('',(-0.952957620535501,-0.303103568872615,0.));
#4912=DIRECTION('',(0.303103568872615,-0.952957620535501,0.));
#4913=DIRECTION('',(0.,0.,1.));
#4914=DIRECTION('',(0.303103568872615,-0.952957620535501,0.));
#4915=DIRECTION('',(0.,0.,1.));
#4916=DIRECTION('',(0.,-1.,0.));
#4917=DIRECTION('',(0.,0.,-1.));
#4918=DIRECTION('',(0.,0.,1.));
#4919=DIRECTION('',(1.,0.,0.));
#4920=DIRECTION('',(0.945258552111897,0.326322340116825,0.));
#4921=DIRECTION('',(-0.326322340116825,0.945258552111897,0.));
#4922=DIRECTION('',(0.,0.,1.));
#4923=DIRECTION('',(-0.326322340116825,0.945258552111897,0.));
#4924=DIRECTION('',(0.,1.,0.));
#4925=DIRECTION('',(0.,0.,1.));
#4926=DIRECTION('',(0.,0.,1.));
#4927=DIRECTION('',(-1.,0.,0.));
#4928=DIRECTION('',(-0.945383772285874,0.32595938872585,0.));
#4929=DIRECTION('',(-0.32595938872585,-0.945383772285874,0.));
#4930=DIRECTION('',(0.,0.,1.));
#4931=DIRECTION('',(-0.32595938872585,-0.945383772285874,0.));
#4932=DIRECTION('',(0.,-1.,0.));
#4933=DIRECTION('',(0.,0.,-1.));
#4934=DIRECTION('',(0.,0.,1.));
#4935=DIRECTION('',(1.,0.,0.));
#4936=DIRECTION('',(0.952801876095495,-0.303592794560256,0.));
#4937=DIRECTION('',(0.303592794560256,0.952801876095495,0.));
#4938=DIRECTION('',(0.,0.,1.));
#4939=DIRECTION('',(0.303592794560256,0.952801876095495,0.));
#4940=DIRECTION('',(0.,-1.,0.));
#4941=DIRECTION('',(0.,0.,-1.));
#4942=DIRECTION('',(1.,0.,0.));
#4943=DIRECTION('',(0.,0.,1.));
#4944=DIRECTION('',(1.,0.,0.));
#4945=DIRECTION('',(0.,0.,1.));
#4946=DIRECTION('',(-0.389183431509862,-0.921160277388364,0.));
#4947=DIRECTION('',(0.,0.,1.));
#4948=DIRECTION('',(0.,0.,1.));
#4949=DIRECTION('',(1.,0.,0.));
#4950=DIRECTION('',(0.,0.,1.));
#4951=DIRECTION('',(0.,1.,0.));
#4952=DIRECTION('',(0.,0.,1.));
#4953=DIRECTION('',(0.,0.,1.));
#4954=DIRECTION('',(-1.,0.,0.));
#4955=DIRECTION('',(0.,0.,1.));
#4956=DIRECTION('',(0.388368175210445,-0.921504292167817,0.));
#4957=DIRECTION('',(0.,0.,1.));
#4958=DIRECTION('',(0.,0.,1.));
#4959=DIRECTION('',(1.,0.,0.));
#4960=DIRECTION('',(0.,0.,1.));
#4961=DIRECTION('',(0.922065444204202,-0.387033999287541,0.));
#4962=DIRECTION('',(0.,0.,1.));
#4963=DIRECTION('',(0.,0.,1.));
#4964=DIRECTION('',(1.,0.,0.));
#4965=DIRECTION('',(0.,0.,1.));
#4966=DIRECTION('',(0.919670995068427,0.392689776833889,0.));
#4967=DIRECTION('',(0.,0.,1.));
#4968=DIRECTION('',(0.,0.,1.));
#4969=DIRECTION('',(1.,0.,0.));
#4970=DIRECTION('',(0.,0.,1.));
#4971=DIRECTION('',(0.378836753858201,0.925463513017224,0.));
#4972=DIRECTION('',(0.,0.,1.));
#4973=DIRECTION('',(0.,0.,1.));
#4974=DIRECTION('',(1.,0.,0.));
#4975=DIRECTION('',(0.,-1.,0.));
#4976=DIRECTION('',(0.,0.,-1.));
#4977=DIRECTION('',(0.,0.,1.));
#4978=DIRECTION('',(1.,0.,0.));
#4979=DIRECTION('',(0.,0.,1.));
#4980=DIRECTION('',(-0.709994668273778,-0.704207051244737,0.));
#4981=DIRECTION('',(0.,0.,1.));
#4982=DIRECTION('',(0.,0.,1.));
#4983=DIRECTION('',(1.,0.,0.));
#4984=DIRECTION('',(-1.,0.,0.));
#4985=DIRECTION('',(0.,0.,1.));
#4986=DIRECTION('',(0.,0.,1.));
#4987=DIRECTION('',(0.,-1.,0.));
#4988=DIRECTION('',(0.,0.,1.));
#4989=DIRECTION('',(-0.707106781186152,0.707106781186943,0.));
#4990=DIRECTION('',(0.,0.,1.));
#4991=DIRECTION('',(0.,0.,1.));
#4992=DIRECTION('',(1.,0.,0.));
#4993=DIRECTION('',(0.,1.,0.));
#4994=DIRECTION('',(0.,0.,1.));
#4995=DIRECTION('',(0.,0.,1.));
#4996=DIRECTION('',(-1.,0.,0.));
#4997=DIRECTION('',(0.,0.,1.));
#4998=DIRECTION('',(0.378270694383679,-0.92569502632913,0.));
#4999=DIRECTION('',(0.,0.,1.));
#5000=DIRECTION('',(0.,0.,1.));
#5001=DIRECTION('',(1.,0.,0.));
#5002=DIRECTION('',(0.,0.,1.));
#5003=DIRECTION('',(0.924409674109359,-0.381401041441982,0.));
#5004=DIRECTION('',(0.,0.,1.));
#5005=DIRECTION('',(0.,0.,1.));
#5006=DIRECTION('',(1.,0.,0.));
#5007=DIRECTION('',(0.,0.,1.));
#5008=DIRECTION('',(0.926491228031935,0.376316362094285,0.));
#5009=DIRECTION('',(0.,0.,1.));
#5010=DIRECTION('',(0.,0.,1.));
#5011=DIRECTION('',(1.,0.,0.));
#5012=DIRECTION('',(0.,0.,1.));
#5013=DIRECTION('',(0.386888965478749,0.922126308263019,0.));
#5014=DIRECTION('',(0.,0.,1.));
#5015=DIRECTION('',(0.,0.,1.));
#5016=DIRECTION('',(1.,0.,0.));
#5017=DIRECTION('',(0.,-1.,0.));
#5018=DIRECTION('',(0.,0.,-1.));
#5019=DIRECTION('',(0.,0.,1.));
#5020=DIRECTION('',(1.,0.,0.));
#5021=DIRECTION('',(0.,0.,1.));
#5022=DIRECTION('',(-0.709994668273889,-0.704207051244625,0.));
#5023=DIRECTION('',(0.,0.,1.));
#5024=DIRECTION('',(0.,0.,1.));
#5025=DIRECTION('',(1.,0.,0.));
#5026=DIRECTION('',(-1.,0.,0.));
#5027=DIRECTION('',(0.,0.,1.));
#5028=DIRECTION('',(0.,0.,1.));
#5029=DIRECTION('',(0.,-1.,0.));
#5030=DIRECTION('',(0.,0.,1.));
#5031=DIRECTION('',(-0.709994668274002,0.704207051244511,0.));
#5032=DIRECTION('',(0.,0.,1.));
#5033=DIRECTION('',(0.,0.,1.));
#5034=DIRECTION('',(1.,0.,0.));
#5035=DIRECTION('',(0.,1.,0.));
#5036=DIRECTION('',(0.,0.,1.));
#5037=DIRECTION('',(0.,0.,1.));
#5038=DIRECTION('',(-1.,0.,0.));
#5039=DIRECTION('',(0.,0.,1.));
#5040=DIRECTION('',(0.378836753858696,-0.925463513017021,0.));
#5041=DIRECTION('',(0.,0.,1.));
#5042=DIRECTION('',(0.,0.,1.));
#5043=DIRECTION('',(1.,0.,0.));
#5044=DIRECTION('',(0.,0.,1.));
#5045=DIRECTION('',(0.919670995068416,-0.392689776833914,0.));
#5046=DIRECTION('',(0.,0.,1.));
#5047=DIRECTION('',(0.,0.,1.));
#5048=DIRECTION('',(1.,0.,0.));
#5049=DIRECTION('',(0.,0.,1.));
#5050=DIRECTION('',(0.922065444204211,0.387033999287518,0.));
#5051=DIRECTION('',(0.,0.,1.));
#5052=DIRECTION('',(0.,0.,1.));
#5053=DIRECTION('',(1.,0.,0.));
#5054=DIRECTION('',(0.,0.,1.));
#5055=DIRECTION('',(0.388368175210455,0.921504292167812,0.));
#5056=DIRECTION('',(0.,0.,1.));
#5057=DIRECTION('',(0.,0.,1.));
#5058=DIRECTION('',(1.,0.,0.));
#5059=DIRECTION('',(0.,-1.,0.));
#5060=DIRECTION('',(0.,0.,-1.));
#5061=DIRECTION('',(0.,0.,1.));
#5062=DIRECTION('',(1.,0.,0.));
#5063=DIRECTION('',(0.,0.,1.));
#5064=DIRECTION('',(-0.38918343150989,0.921160277388353,0.));
#5065=DIRECTION('',(0.,0.,1.));
#5066=DIRECTION('',(0.,0.,1.));
#5067=DIRECTION('',(1.,0.,0.));
#5068=DIRECTION('',(0.,0.,1.));
#5069=DIRECTION('',(-0.922065444204211,0.387033999287518,0.));
#5070=DIRECTION('',(0.,0.,1.));
#5071=DIRECTION('',(0.,0.,1.));
#5072=DIRECTION('',(1.,0.,0.));
#5073=DIRECTION('',(1.,0.,0.));
#5074=DIRECTION('',(0.,0.,-1.));
#5075=DIRECTION('',(0.,0.,1.));
#5076=DIRECTION('',(0.,1.,0.));
#5077=DIRECTION('',(0.,0.,1.));
#5078=DIRECTION('',(-0.922065444202716,-0.38703399929108,0.));
#5079=DIRECTION('',(0.,0.,1.));
#5080=DIRECTION('',(1.,0.,0.));
#5081=DIRECTION('',(0.,0.,1.));
#5082=DIRECTION('',(1.,0.,0.));
#5083=DIRECTION('',(0.,0.,1.));
#5084=DIRECTION('',(0.,0.,1.));
#5085=DIRECTION('',(0.,0.,1.));
#5086=DIRECTION('',(0.0811742481371644,-0.996699925473744,0.));
#5087=DIRECTION('',(0.,0.,1.));
#5088=DIRECTION('',(0.,0.,1.));
#5089=DIRECTION('',(1.,0.,0.));
#5090=DIRECTION('',(0.,0.,1.));
#5091=DIRECTION('',(0.503575792403242,-0.863951052609722,0.));
#5092=DIRECTION('',(0.,0.,1.));
#5093=DIRECTION('',(0.,0.,1.));
#5094=DIRECTION('',(1.,0.,0.));
#5095=DIRECTION('',(0.,0.,1.));
#5096=DIRECTION('',(0.944330604901683,-0.328998037450106,0.));
#5097=DIRECTION('',(0.,0.,1.));
#5098=DIRECTION('',(0.,0.,1.));
#5099=DIRECTION('',(1.,0.,0.));
#5100=DIRECTION('',(-1.,0.,0.));
#5101=DIRECTION('',(0.,0.,1.));
#5102=DIRECTION('',(0.,0.,1.));
#5103=DIRECTION('',(0.,-1.,0.));
#5104=DIRECTION('',(0.,0.,1.));
#5105=DIRECTION('',(0.883969778780865,0.467544040922466,0.));
#5106=DIRECTION('',(0.,0.,1.));
#5107=DIRECTION('',(0.,0.,1.));
#5108=DIRECTION('',(1.,0.,0.));
#5109=DIRECTION('',(0.,0.,1.));
#5110=DIRECTION('',(0.181793447341018,0.983336739120363,0.));
#5111=DIRECTION('',(0.,0.,1.));
#5112=DIRECTION('',(0.,0.,1.));
#5113=DIRECTION('',(1.,0.,0.));
#5114=DIRECTION('',(0.,0.,1.));
#5115=DIRECTION('',(0.112073747502592,-0.993699891879196,0.));
#5116=DIRECTION('',(0.,0.,1.));
#5117=DIRECTION('',(0.,0.,1.));
#5118=DIRECTION('',(1.,0.,0.));
#5119=DIRECTION('',(0.,0.,1.));
#5120=DIRECTION('',(0.,0.,1.));
#5121=DIRECTION('',(0.,0.,1.));
#5122=DIRECTION('',(0.,0.,1.));
#5123=DIRECTION('',(0.,0.,1.));
#5124=DIRECTION('',(0.120984936553376,0.992654343226874,0.));
#5125=DIRECTION('',(0.,0.,1.));
#5126=DIRECTION('',(0.,0.,1.));
#5127=DIRECTION('',(1.,0.,0.));
#5128=DIRECTION('',(0.,0.,1.));
#5129=DIRECTION('',(0.179999889332979,-0.983666630439457,0.));
#5130=DIRECTION('',(0.,0.,1.));
#5131=DIRECTION('',(0.,0.,1.));
#5132=DIRECTION('',(1.,0.,0.));
#5133=DIRECTION('',(0.,0.,1.));
#5134=DIRECTION('',(0.883965842530365,-0.467551482982978,0.));
#5135=DIRECTION('',(0.,0.,1.));
#5136=DIRECTION('',(0.,0.,1.));
#5137=DIRECTION('',(1.,0.,0.));
#5138=DIRECTION('',(-1.,0.,0.));
#5139=DIRECTION('',(0.,0.,1.));
#5140=DIRECTION('',(0.,0.,1.));
#5141=DIRECTION('',(0.,-1.,0.));
#5142=DIRECTION('',(0.,0.,1.));
#5143=DIRECTION('',(0.942631967201268,0.333833752652825,0.));
#5144=DIRECTION('',(0.,0.,1.));
#5145=DIRECTION('',(0.,0.,1.));
#5146=DIRECTION('',(1.,0.,0.));
#5147=DIRECTION('',(0.,0.,1.));
#5148=DIRECTION('',(0.509262651388771,0.86061115023016,0.));
#5149=DIRECTION('',(0.,0.,1.));
#5150=DIRECTION('',(0.,0.,1.));
#5151=DIRECTION('',(1.,0.,0.));
#5152=DIRECTION('',(0.,0.,1.));
#5153=DIRECTION('',(0.0782267914938222,0.996935589239637,0.));
#5154=DIRECTION('',(0.,0.,1.));
#5155=DIRECTION('',(0.,0.,1.));
#5156=DIRECTION('',(1.,0.,0.));
#5157=DIRECTION('',(0.,0.,1.));
#5158=DIRECTION('',(0.,0.,1.));
#5159=DIRECTION('',(0.,0.,1.));
#5160=DIRECTION('',(1.,0.,0.));
#5161=DIRECTION('',(0.,0.,1.));
#5162=DIRECTION('',(-0.379638725454365,-0.925134821599201,0.));
#5163=DIRECTION('',(0.,0.,1.));
#5164=DIRECTION('',(0.,0.,1.));
#5165=DIRECTION('',(1.,0.,0.));
#5166=DIRECTION('',(0.,0.,1.));
#5167=DIRECTION('',(0.,1.,0.));
#5168=DIRECTION('',(0.,0.,1.));
#5169=DIRECTION('',(0.,0.,1.));
#5170=DIRECTION('',(-1.,0.,0.));
#5171=DIRECTION('',(0.,0.,1.));
#5172=DIRECTION('',(0.728339408561189,0.685216539450659,0.));
#5173=DIRECTION('',(0.,0.,1.));
#5174=DIRECTION('',(0.,0.,1.));
#5175=DIRECTION('',(1.,0.,0.));
#5176=DIRECTION('',(1.,0.,0.));
#5177=DIRECTION('',(0.,0.,-1.));
#5178=DIRECTION('',(0.,0.,1.));
#5179=DIRECTION('',(0.,1.,0.));
#5180=DIRECTION('',(0.,0.,1.));
#5181=DIRECTION('',(-0.92149757691218,-0.388384108512413,0.));
#5182=DIRECTION('',(0.,0.,1.));
#5183=DIRECTION('',(0.,0.,1.));
#5184=DIRECTION('',(1.,0.,0.));
#5185=DIRECTION('',(0.,0.,1.));
#5186=DIRECTION('',(-0.388384108509905,-0.921497576913237,0.));
#5187=DIRECTION('',(0.,0.,1.));
#5188=DIRECTION('',(0.,0.,1.));
#5189=DIRECTION('',(1.,0.,0.));
#5190=DIRECTION('',(0.,1.,0.));
#5191=DIRECTION('',(0.,0.,1.));
#5192=DIRECTION('',(0.,0.,1.));
#5193=DIRECTION('',(-1.,0.,0.));
#5194=DIRECTION('',(0.,0.,1.));
#5195=DIRECTION('',(0.388384108514019,-0.921497576911503,0.));
#5196=DIRECTION('',(0.,0.,1.));
#5197=DIRECTION('',(0.,0.,1.));
#5198=DIRECTION('',(1.,0.,0.));
#5199=DIRECTION('',(0.,0.,1.));
#5200=DIRECTION('',(0.921497576911494,-0.388384108514039,0.));
#5201=DIRECTION('',(0.,0.,1.));
#5202=DIRECTION('',(0.,0.,1.));
#5203=DIRECTION('',(1.,0.,0.));
#5204=DIRECTION('',(-1.,0.,0.));
#5205=DIRECTION('',(0.,0.,1.));
#5206=DIRECTION('',(0.,0.,1.));
#5207=DIRECTION('',(0.,-1.,0.));
#5208=DIRECTION('',(0.,0.,1.));
#5209=DIRECTION('',(-0.728339408560963,0.6852165394509,0.));
#5210=DIRECTION('',(0.,0.,1.));
#5211=DIRECTION('',(0.,0.,1.));
#5212=DIRECTION('',(1.,0.,0.));
#5213=DIRECTION('',(0.,1.,0.));
#5214=DIRECTION('',(0.,0.,1.));
#5215=DIRECTION('',(0.,0.,1.));
#5216=DIRECTION('',(-1.,0.,0.));
#5217=DIRECTION('',(0.,0.,1.));
#5218=DIRECTION('',(0.37884509028546,-0.925460100472517,0.));
#5219=DIRECTION('',(0.,0.,1.));
#5220=DIRECTION('',(0.,0.,1.));
#5221=DIRECTION('',(1.,0.,0.));
#5222=DIRECTION('',(0.,0.,1.));
#5223=DIRECTION('',(0.919091179593529,-0.394044925856652,0.));
#5224=DIRECTION('',(0.,0.,1.));
#5225=DIRECTION('',(0.,0.,1.));
#5226=DIRECTION('',(1.,0.,0.));
#5227=DIRECTION('',(-1.,0.,0.));
#5228=DIRECTION('',(0.,0.,1.));
#5229=DIRECTION('',(0.,0.,1.));
#5230=DIRECTION('',(0.,-1.,0.));
#5231=DIRECTION('',(0.,0.,1.));
#5232=DIRECTION('',(0.921497576913163,0.388384108510081,0.));
#5233=DIRECTION('',(0.,0.,1.));
#5234=DIRECTION('',(0.,0.,1.));
#5235=DIRECTION('',(1.,0.,0.));
#5236=DIRECTION('',(0.,0.,1.));
#5237=DIRECTION('',(0.38838410851013,0.921497576913142,0.));
#5238=DIRECTION('',(0.,0.,1.));
#5239=DIRECTION('',(0.,0.,1.));
#5240=DIRECTION('',(1.,0.,0.));
#5241=DIRECTION('',(0.,-1.,0.));
#5242=DIRECTION('',(0.,0.,-1.));
#5243=DIRECTION('',(0.,0.,1.));
#5244=DIRECTION('',(1.,0.,0.));
#5245=DIRECTION('',(0.,0.,1.));
#5246=DIRECTION('',(-0.38918343151219,0.921160277387381,0.));
#5247=DIRECTION('',(0.,0.,1.));
#5248=DIRECTION('',(0.,0.,1.));
#5249=DIRECTION('',(1.,0.,0.));
#5250=DIRECTION('',(0.,0.,1.));
#5251=DIRECTION('',(-0.922065444202726,0.387033999291058,0.));
#5252=DIRECTION('',(0.,0.,1.));
#5253=DIRECTION('',(0.,0.,1.));
#5254=DIRECTION('',(1.,0.,0.));
#5255=DIRECTION('',(1.,0.,0.));
#5256=DIRECTION('',(0.,0.,-1.));
#5257=DIRECTION('',(0.,0.,1.));
#5258=DIRECTION('',(0.,1.,0.));
#5259=DIRECTION('',(0.,0.,1.));
#5260=DIRECTION('',(-0.919670995068465,-0.392689776833801,0.));
#5261=DIRECTION('',(0.,0.,1.));
#5262=DIRECTION('',(1.,0.,0.));
#5263=DIRECTION('',(0.,0.,1.));
#5264=DIRECTION('',(1.,0.,0.));
#5265=DIRECTION('',(0.,0.,1.));
#5266=DIRECTION('',(0.,0.,1.));
#5267=DIRECTION('',(0.,0.,1.));
#5268=DIRECTION('',(0.,0.,1.));
#5269=DIRECTION('',(0.,0.,1.));
#5270=DIRECTION('',(0.276210218178781,-0.961097245534306,0.));
#5271=DIRECTION('',(0.,0.,1.));
#5272=DIRECTION('',(1.,0.,0.));
#5273=DIRECTION('',(0.,0.,1.));
#5274=DIRECTION('',(0.,0.,1.));
#5275=DIRECTION('',(1.,0.,0.));
#5276=DIRECTION('',(0.,0.,1.));
#5277=DIRECTION('',(-0.276486936321295,-0.961017676238926,0.));
#5278=DIRECTION('',(0.,0.,1.));
#5279=DIRECTION('',(1.,0.,0.));
#5280=DIRECTION('',(0.,0.,1.));
#5281=DIRECTION('',(0.,0.,1.));
#5282=DIRECTION('',(1.,0.,0.));
#5283=DIRECTION('',(0.,0.,1.));
#5284=DIRECTION('',(0.,0.,1.));
#5285=DIRECTION('',(0.,0.,1.));
#5286=DIRECTION('',(0.,0.,1.));
#5287=DIRECTION('',(0.,0.,1.));
#5288=DIRECTION('',(-0.276486936321397,0.961017676238896,0.));
#5289=DIRECTION('',(0.,0.,1.));
#5290=DIRECTION('',(1.,0.,0.));
#5291=DIRECTION('',(0.,0.,1.));
#5292=DIRECTION('',(0.,0.,1.));
#5293=DIRECTION('',(1.,0.,0.));
#5294=DIRECTION('',(0.,0.,1.));
#5295=DIRECTION('',(0.276210218174316,0.961097245535589,0.));
#5296=DIRECTION('',(0.,0.,1.));
#5297=DIRECTION('',(1.,0.,0.));
#5298=DIRECTION('',(0.,0.,1.));
#5299=DIRECTION('',(0.,0.,1.));
#5300=DIRECTION('',(1.,0.,0.));
#5301=DIRECTION('',(0.,0.,1.));
#5302=DIRECTION('',(0.,0.,1.));
#5303=DIRECTION('',(0.,0.,1.));
#5304=DIRECTION('',(0.,0.,1.));
#5305=DIRECTION('',(0.719089115158803,0.694917868859429,0.));
#5306=DIRECTION('',(0.,0.,1.));
#5307=DIRECTION('',(0.,0.,1.));
#5308=DIRECTION('',(1.,0.,0.));
#5309=DIRECTION('',(0.,0.,1.));
#5310=DIRECTION('',(0.24845444341931,0.968643582307342,0.));
#5311=DIRECTION('',(0.,0.,1.));
#5312=DIRECTION('',(0.,0.,1.));
#5313=DIRECTION('',(1.,0.,0.));
#5314=DIRECTION('',(0.,0.,1.));
#5315=DIRECTION('',(-0.248194723803116,0.968710162575109,0.));
#5316=DIRECTION('',(0.,0.,1.));
#5317=DIRECTION('',(0.,0.,1.));
#5318=DIRECTION('',(1.,0.,0.));
#5319=DIRECTION('',(0.,0.,1.));
#5320=DIRECTION('',(-0.720180970641225,0.693786256368821,0.));
#5321=DIRECTION('',(0.,0.,1.));
#5322=DIRECTION('',(0.,0.,1.));
#5323=DIRECTION('',(1.,0.,0.));
#5324=DIRECTION('',(0.,0.,1.));
#5325=DIRECTION('',(0.,0.,1.));
#5326=DIRECTION('',(0.,0.,1.));
#5327=DIRECTION('',(-0.720874686615765,-0.693065427067765,0.));
#5328=DIRECTION('',(0.,0.,1.));
#5329=DIRECTION('',(0.,0.,1.));
#5330=DIRECTION('',(1.,0.,0.));
#5331=DIRECTION('',(0.,0.,1.));
#5332=DIRECTION('',(-0.249383246142281,-0.968404872222119,0.));
#5333=DIRECTION('',(0.,0.,1.));
#5334=DIRECTION('',(0.,0.,1.));
#5335=DIRECTION('',(1.,0.,0.));
#5336=DIRECTION('',(0.,0.,1.));
#5337=DIRECTION('',(0.248851229822595,-0.968541721050664,0.));
#5338=DIRECTION('',(0.,0.,1.));
#5339=DIRECTION('',(0.,0.,1.));
#5340=DIRECTION('',(1.,0.,0.));
#5341=DIRECTION('',(0.,0.,1.));
#5342=DIRECTION('',(0.719320900964697,-0.69467794080087,0.));
#5343=DIRECTION('',(0.,0.,1.));
#5344=DIRECTION('',(1.,0.,0.));
#5345=DIRECTION('',(0.,0.,1.));
#5346=DIRECTION('',(1.,0.,0.));
#5347=DIRECTION('',(1.,0.,0.));
#5348=DIRECTION('',(0.,0.,-1.));
#5349=DIRECTION('',(0.,0.,1.));
#5350=DIRECTION('',(0.,1.,0.));
#5351=DIRECTION('',(0.,0.,1.));
#5352=DIRECTION('',(0.,1.,0.));
#5353=DIRECTION('',(0.,0.,1.));
#5354=DIRECTION('',(0.,0.,1.));
#5355=DIRECTION('',(-1.,0.,0.));
#5356=DIRECTION('',(-1.,0.,0.));
#5357=DIRECTION('',(0.,0.,1.));
#5358=DIRECTION('',(0.,0.,1.));
#5359=DIRECTION('',(0.,-1.,0.));
#5360=DIRECTION('',(0.,-1.,0.));
#5361=DIRECTION('',(0.,0.,-1.));
#5362=DIRECTION('',(0.,0.,1.));
#5363=DIRECTION('',(1.,0.,0.));
#5364=DIRECTION('',(-1.,0.,0.));
#5365=DIRECTION('',(0.,0.,1.));
#5366=DIRECTION('',(0.,0.,1.));
#5367=DIRECTION('',(0.,-1.,0.));
#5368=DIRECTION('',(0.,-1.,0.));
#5369=DIRECTION('',(0.,0.,-1.));
#5370=DIRECTION('',(1.,0.,0.));
#5371=DIRECTION('',(0.,0.,1.));
#5372=DIRECTION('',(1.,0.,0.));
#5373=DIRECTION('',(0.,0.,1.));
#5374=DIRECTION('',(0.,0.,1.));
#5375=DIRECTION('',(0.,0.,1.));
#5376=DIRECTION('',(0.,0.,1.));
#5377=DIRECTION('',(0.934527241981275,0.355891604277019,0.));
#5378=DIRECTION('',(0.,0.,1.));
#5379=DIRECTION('',(0.,0.,1.));
#5380=DIRECTION('',(1.,0.,0.));
#5381=DIRECTION('',(0.,0.,1.));
#5382=DIRECTION('',(0.,0.,1.));
#5383=DIRECTION('',(-0.230363612554311,-0.973104622335609,0.));
#5384=DIRECTION('',(0.,0.,1.));
#5385=DIRECTION('',(0.,0.,1.));
#5386=DIRECTION('',(1.,0.,0.));
#5387=DIRECTION('',(0.,0.,1.));
#5388=DIRECTION('',(-0.0200440241513368,0.999799098367177,0.));
#5389=DIRECTION('',(0.,0.,1.));
#5390=DIRECTION('',(0.,0.,1.));
#5391=DIRECTION('',(1.,0.,0.));
#5392=DIRECTION('',(0.,0.,1.));
#5393=DIRECTION('',(-0.860903807393173,0.508767760786725,0.));
#5394=DIRECTION('',(0.,0.,1.));
#5395=DIRECTION('',(0.,0.,1.));
#5396=DIRECTION('',(1.,0.,0.));
#5397=DIRECTION('',(1.,0.,0.));
#5398=DIRECTION('',(0.,0.,-1.));
#5399=DIRECTION('',(0.,0.,1.));
#5400=DIRECTION('',(0.,1.,0.));
#5401=DIRECTION('',(0.,0.,1.));
#5402=DIRECTION('',(-0.963351779371562,-0.268241214546992,0.));
#5403=DIRECTION('',(0.,0.,1.));
#5404=DIRECTION('',(0.,0.,1.));
#5405=DIRECTION('',(1.,0.,0.));
#5406=DIRECTION('',(0.,0.,1.));
#5407=DIRECTION('',(-0.63642566073174,-0.771338044155847,0.));
#5408=DIRECTION('',(0.,0.,1.));
#5409=DIRECTION('',(0.,0.,1.));
#5410=DIRECTION('',(1.,0.,0.));
#5411=DIRECTION('',(0.,0.,1.));
#5412=DIRECTION('',(-0.171867155497737,-0.985120135242965,0.));
#5413=DIRECTION('',(0.,0.,1.));
#5414=DIRECTION('',(0.,0.,1.));
#5415=DIRECTION('',(1.,0.,0.));
#5416=DIRECTION('',(0.,0.,1.));
#5417=DIRECTION('',(0.,0.,1.));
#5418=DIRECTION('',(0.,0.,1.));
#5419=DIRECTION('',(0.,0.,1.));
#5420=DIRECTION('',(0.,0.,1.));
#5421=DIRECTION('',(0.,0.,1.));
#5422=DIRECTION('',(0.,0.,1.));
#5423=DIRECTION('',(0.18555982841338,0.982632968141817,0.));
#5424=DIRECTION('',(0.,0.,1.));
#5425=DIRECTION('',(0.,0.,1.));
#5426=DIRECTION('',(1.,0.,0.));
#5427=DIRECTION('',(0.,0.,1.));
#5428=DIRECTION('',(0.0990205761920429,-0.995085386030061,0.));
#5429=DIRECTION('',(0.,0.,1.));
#5430=DIRECTION('',(0.,0.,1.));
#5431=DIRECTION('',(1.,0.,0.));
#5432=DIRECTION('',(0.,0.,1.));
#5433=DIRECTION('',(0.869717040179018,-0.493550676245356,0.));
#5434=DIRECTION('',(0.,0.,1.));
#5435=DIRECTION('',(0.,0.,1.));
#5436=DIRECTION('',(1.,0.,0.));
#5437=DIRECTION('',(-1.,0.,0.));
#5438=DIRECTION('',(0.,0.,1.));
#5439=DIRECTION('',(0.,0.,1.));
#5440=DIRECTION('',(0.,-1.,0.));
#5441=DIRECTION('',(0.,0.,1.));
#5442=DIRECTION('',(0.956705147770504,0.291058860420737,0.));
#5443=DIRECTION('',(0.,0.,1.));
#5444=DIRECTION('',(0.,0.,1.));
#5445=DIRECTION('',(1.,0.,0.));
#5446=DIRECTION('',(0.,0.,1.));
#5447=DIRECTION('',(0.5933261845296,0.804962134979992,0.));
#5448=DIRECTION('',(0.,0.,1.));
#5449=DIRECTION('',(0.,0.,1.));
#5450=DIRECTION('',(1.,0.,0.));
#5451=DIRECTION('',(0.,0.,1.));
#5452=DIRECTION('',(0.,0.,1.));
#5453=DIRECTION('',(0.,0.,1.));
#5454=DIRECTION('',(0.,0.,1.));
#5455=DIRECTION('',(-0.931576547727655,-0.363545232019104,0.));
#5456=DIRECTION('',(0.,0.,1.));
#5457=DIRECTION('',(1.,0.,0.));
#5458=DIRECTION('',(0.,0.,1.));
#5459=DIRECTION('',(1.,0.,0.));
#5460=DIRECTION('',(0.,0.,1.));
#5461=DIRECTION('',(-0.389183431510135,-0.921160277388249,0.));
#5462=DIRECTION('',(0.,0.,1.));
#5463=DIRECTION('',(0.,0.,1.));
#5464=DIRECTION('',(1.,0.,0.));
#5465=DIRECTION('',(0.,0.,1.));
#5466=DIRECTION('',(0.,1.,0.));
#5467=DIRECTION('',(0.,0.,1.));
#5468=DIRECTION('',(0.,0.,1.));
#5469=DIRECTION('',(-1.,0.,0.));
#5470=DIRECTION('',(0.,0.,1.));
#5471=DIRECTION('',(0.388368175210545,-0.921504292167775,0.));
#5472=DIRECTION('',(0.,0.,1.));
#5473=DIRECTION('',(0.,0.,1.));
#5474=DIRECTION('',(1.,0.,0.));
#5475=DIRECTION('',(0.,0.,1.));
#5476=DIRECTION('',(0.922065444204014,-0.387033999287987,0.));
#5477=DIRECTION('',(0.,0.,1.));
#5478=DIRECTION('',(0.,0.,1.));
#5479=DIRECTION('',(1.,0.,0.));
#5480=DIRECTION('',(0.,0.,1.));
#5481=DIRECTION('',(0.919670995069114,0.392689776832279,0.));
#5482=DIRECTION('',(0.,0.,1.));
#5483=DIRECTION('',(0.,0.,1.));
#5484=DIRECTION('',(1.,0.,0.));
#5485=DIRECTION('',(0.,0.,1.));
#5486=DIRECTION('',(0.378836753859366,0.925463513016747,0.));
#5487=DIRECTION('',(0.,0.,1.));
#5488=DIRECTION('',(0.,0.,1.));
#5489=DIRECTION('',(1.,0.,0.));
#5490=DIRECTION('',(0.,-1.,0.));
#5491=DIRECTION('',(0.,0.,-1.));
#5492=DIRECTION('',(0.,0.,1.));
#5493=DIRECTION('',(1.,0.,0.));
#5494=DIRECTION('',(0.,0.,1.));
#5495=DIRECTION('',(-0.709994668274285,-0.704207051244226,0.));
#5496=DIRECTION('',(0.,0.,1.));
#5497=DIRECTION('',(0.,0.,1.));
#5498=DIRECTION('',(1.,0.,0.));
#5499=DIRECTION('',(-1.,0.,0.));
#5500=DIRECTION('',(0.,0.,1.));
#5501=DIRECTION('',(0.,0.,1.));
#5502=DIRECTION('',(0.,-1.,0.));
#5503=DIRECTION('',(0.,0.,1.));
#5504=DIRECTION('',(-0.707106781186604,0.707106781186491,0.));
#5505=DIRECTION('',(0.,0.,1.));
#5506=DIRECTION('',(0.,0.,1.));
#5507=DIRECTION('',(1.,0.,0.));
#5508=DIRECTION('',(0.,1.,0.));
#5509=DIRECTION('',(0.,0.,1.));
#5510=DIRECTION('',(0.,0.,1.));
#5511=DIRECTION('',(-1.,0.,0.));
#5512=DIRECTION('',(0.,0.,1.));
#5513=DIRECTION('',(0.378270694383685,-0.925695026329128,0.));
#5514=DIRECTION('',(0.,0.,1.));
#5515=DIRECTION('',(0.,0.,1.));
#5516=DIRECTION('',(1.,0.,0.));
#5517=DIRECTION('',(0.,0.,1.));
#5518=DIRECTION('',(0.924409674109361,-0.381401041441978,0.));
#5519=DIRECTION('',(0.,0.,1.));
#5520=DIRECTION('',(0.,0.,1.));
#5521=DIRECTION('',(1.,0.,0.));
#5522=DIRECTION('',(0.,0.,1.));
#5523=DIRECTION('',(0.926491228031714,0.376316362094828,0.));
#5524=DIRECTION('',(0.,0.,1.));
#5525=DIRECTION('',(0.,0.,1.));
#5526=DIRECTION('',(1.,0.,0.));
#5527=DIRECTION('',(0.,0.,1.));
#5528=DIRECTION('',(0.386888965476406,0.922126308264002,0.));
#5529=DIRECTION('',(0.,0.,1.));
#5530=DIRECTION('',(0.,0.,1.));
#5531=DIRECTION('',(1.,0.,0.));
#5532=DIRECTION('',(0.,-1.,0.));
#5533=DIRECTION('',(0.,0.,-1.));
#5534=DIRECTION('',(0.,0.,1.));
#5535=DIRECTION('',(1.,0.,0.));
#5536=DIRECTION('',(0.,0.,1.));
#5537=DIRECTION('',(-0.709994668267225,-0.704207051251344,0.));
#5538=DIRECTION('',(0.,0.,1.));
#5539=DIRECTION('',(0.,0.,1.));
#5540=DIRECTION('',(1.,0.,0.));
#5541=DIRECTION('',(-1.,0.,0.));
#5542=DIRECTION('',(0.,0.,1.));
#5543=DIRECTION('',(0.,0.,1.));
#5544=DIRECTION('',(0.,-1.,0.));
#5545=DIRECTION('',(0.,0.,1.));
#5546=DIRECTION('',(-0.709994668267337,0.704207051251231,0.));
#5547=DIRECTION('',(0.,0.,1.));
#5548=DIRECTION('',(0.,0.,1.));
#5549=DIRECTION('',(1.,0.,0.));
#5550=DIRECTION('',(0.,1.,0.));
#5551=DIRECTION('',(0.,0.,1.));
#5552=DIRECTION('',(0.,0.,1.));
#5553=DIRECTION('',(-1.,0.,0.));
#5554=DIRECTION('',(0.,0.,1.));
#5555=DIRECTION('',(0.378836753858294,-0.925463513017186,0.));
#5556=DIRECTION('',(0.,0.,1.));
#5557=DIRECTION('',(0.,0.,1.));
#5558=DIRECTION('',(1.,0.,0.));
#5559=DIRECTION('',(0.,0.,1.));
#5560=DIRECTION('',(0.919670995069056,-0.392689776832415,0.));
#5561=DIRECTION('',(0.,0.,1.));
#5562=DIRECTION('',(0.,0.,1.));
#5563=DIRECTION('',(1.,0.,0.));
#5564=DIRECTION('',(0.,0.,1.));
#5565=DIRECTION('',(0.922065444204028,0.387033999287956,0.));
#5566=DIRECTION('',(0.,0.,1.));
#5567=DIRECTION('',(0.,0.,1.));
#5568=DIRECTION('',(1.,0.,0.));
#5569=DIRECTION('',(0.,0.,1.));
#5570=DIRECTION('',(0.388368175210561,0.921504292167768,0.));
#5571=DIRECTION('',(0.,0.,1.));
#5572=DIRECTION('',(0.,0.,1.));
#5573=DIRECTION('',(1.,0.,0.));
#5574=DIRECTION('',(0.,-1.,0.));
#5575=DIRECTION('',(0.,0.,-1.));
#5576=DIRECTION('',(0.,0.,1.));
#5577=DIRECTION('',(1.,0.,0.));
#5578=DIRECTION('',(0.,0.,1.));
#5579=DIRECTION('',(-0.389183431510125,0.921160277388253,0.));
#5580=DIRECTION('',(0.,0.,1.));
#5581=DIRECTION('',(0.,0.,1.));
#5582=DIRECTION('',(1.,0.,0.));
#5583=DIRECTION('',(0.,0.,1.));
#5584=DIRECTION('',(-0.922065444204015,0.387033999287985,0.));
#5585=DIRECTION('',(0.,0.,1.));
#5586=DIRECTION('',(0.,0.,1.));
#5587=DIRECTION('',(1.,0.,0.));
#5588=DIRECTION('',(1.,0.,0.));
#5589=DIRECTION('',(0.,0.,-1.));
#5590=DIRECTION('',(0.,0.,1.));
#5591=DIRECTION('',(0.,1.,0.));
#5592=DIRECTION('',(0.,0.,1.));
#5593=DIRECTION('',(-0.922065444204008,-0.387033999288001,0.));
#5594=DIRECTION('',(0.,0.,1.));
#5595=DIRECTION('',(1.,0.,0.));
#5596=DIRECTION('',(0.,0.,1.));
#5597=DIRECTION('',(1.,0.,0.));
#5598=DIRECTION('',(0.,0.,1.));
#5599=DIRECTION('',(-0.394044925856451,-0.919091179593616,0.));
#5600=DIRECTION('',(0.,0.,1.));
#5601=DIRECTION('',(0.,0.,1.));
#5602=DIRECTION('',(1.,0.,0.));
#5603=DIRECTION('',(0.,0.,1.));
#5604=DIRECTION('',(0.,1.,0.));
#5605=DIRECTION('',(0.,0.,1.));
#5606=DIRECTION('',(0.,0.,1.));
#5607=DIRECTION('',(-1.,0.,0.));
#5608=DIRECTION('',(0.,0.,1.));
#5609=DIRECTION('',(0.39404492585444,-0.919091179594478,0.));
#5610=DIRECTION('',(0.,0.,1.));
#5611=DIRECTION('',(0.,0.,1.));
#5612=DIRECTION('',(1.,0.,0.));
#5613=DIRECTION('',(0.,0.,1.));
#5614=DIRECTION('',(0.925460100472542,-0.378845090285399,0.));
#5615=DIRECTION('',(0.,0.,1.));
#5616=DIRECTION('',(0.,0.,1.));
#5617=DIRECTION('',(1.,0.,0.));
#5618=DIRECTION('',(-1.,0.,0.));
#5619=DIRECTION('',(0.,0.,1.));
#5620=DIRECTION('',(0.,0.,1.));
#5621=DIRECTION('',(0.,-1.,0.));
#5622=DIRECTION('',(0.,0.,1.));
#5623=DIRECTION('',(0.923138554923371,0.384467434789982,0.));
#5624=DIRECTION('',(0.,0.,1.));
#5625=DIRECTION('',(0.,0.,1.));
#5626=DIRECTION('',(1.,0.,0.));
#5627=DIRECTION('',(0.,0.,1.));
#5628=DIRECTION('',(0.38446743479042,0.923138554923189,0.));
#5629=DIRECTION('',(0.,0.,1.));
#5630=DIRECTION('',(0.,0.,1.));
#5631=DIRECTION('',(1.,0.,0.));
#5632=DIRECTION('',(0.,-1.,0.));
#5633=DIRECTION('',(0.,0.,-1.));
#5634=DIRECTION('',(0.,0.,1.));
#5635=DIRECTION('',(1.,0.,0.));
#5636=DIRECTION('',(0.,0.,1.));
#5637=DIRECTION('',(-0.72833940856064,-0.685216539451243,0.));
#5638=DIRECTION('',(0.,0.,1.));
#5639=DIRECTION('',(0.,0.,1.));
#5640=DIRECTION('',(1.,0.,0.));
#5641=DIRECTION('',(-1.,0.,0.));
#5642=DIRECTION('',(0.,0.,1.));
#5643=DIRECTION('',(0.,0.,1.));
#5644=DIRECTION('',(0.,-1.,0.));
#5645=DIRECTION('',(0.,0.,1.));
#5646=DIRECTION('',(0.921497576913283,0.388384108509795,0.));
#5647=DIRECTION('',(0.,0.,1.));
#5648=DIRECTION('',(0.,0.,1.));
#5649=DIRECTION('',(1.,0.,0.));
#5650=DIRECTION('',(0.,0.,1.));
#5651=DIRECTION('',(0.388384108510206,0.92149757691311,0.));
#5652=DIRECTION('',(0.,0.,1.));
#5653=DIRECTION('',(0.,0.,1.));
#5654=DIRECTION('',(1.,0.,0.));
#5655=DIRECTION('',(0.,-1.,0.));
#5656=DIRECTION('',(0.,0.,-1.));
#5657=DIRECTION('',(0.,0.,1.));
#5658=DIRECTION('',(1.,0.,0.));
#5659=DIRECTION('',(0.,0.,1.));
#5660=DIRECTION('',(-0.394044925854356,0.919091179594514,0.));
#5661=DIRECTION('',(0.,0.,1.));
#5662=DIRECTION('',(0.,0.,1.));
#5663=DIRECTION('',(1.,0.,0.));
#5664=DIRECTION('',(0.,0.,1.));
#5665=DIRECTION('',(-0.925460100472526,0.378845090285439,0.));
#5666=DIRECTION('',(0.,0.,1.));
#5667=DIRECTION('',(0.,0.,1.));
#5668=DIRECTION('',(1.,0.,0.));
#5669=DIRECTION('',(1.,0.,0.));
#5670=DIRECTION('',(0.,0.,-1.));
#5671=DIRECTION('',(0.,0.,1.));
#5672=DIRECTION('',(0.,1.,0.));
#5673=DIRECTION('',(0.,0.,1.));
#5674=DIRECTION('',(-0.925460100472524,-0.378845090285443,0.));
#5675=DIRECTION('',(0.,0.,1.));
#5676=DIRECTION('',(1.,0.,0.));
#5677=DIRECTION('',(0.,0.,1.));
#5678=DIRECTION('',(1.,0.,0.));
#5679=DIRECTION('',(0.,0.,1.));
#5680=DIRECTION('',(1.,0.,0.));
#5681=DIRECTION('',(-0.707106781186548,0.707106781186548,0.));
#5682=DIRECTION('',(-0.707106781186548,-0.707106781186548,0.));
#5683=DIRECTION('',(0.577350269189626,0.577350269189626,-0.577350269189626));
#5684=DIRECTION('',(-0.577350269189626,-0.577350269189626,-0.577350269189626));
#5685=DIRECTION('',(-0.707106781186548,-9.19976050010025E-17,-0.707106781186548));
#5686=DIRECTION('',(-0.707106781186548,9.19976050010025E-17,0.707106781186548));
#5687=DIRECTION('',(-6.50521303491303E-17,1.,-6.50521303491303E-17));
#5688=DIRECTION('',(-0.577350269189626,0.577350269189626,0.577350269189626));
#5689=DIRECTION('',(-0.707106781186548,-0.707106781186548,0.));
#5690=DIRECTION('',(-0.707106781186548,0.707106781186548,0.));
#5691=DIRECTION('',(0.577350269189626,-0.577350269189626,0.577350269189626));
#5692=DIRECTION('',(-0.707106781186548,0.,0.707106781186548));
#5693=DIRECTION('',(-0.707106781186548,0.,-0.707106781186548));
#5694=DIRECTION('',(0.707106781186548,0.,0.707106781186548));
#5695=DIRECTION('',(0.707106781186548,0.,-0.707106781186548));
#5696=DIRECTION('',(-0.577350269189625,-0.577350269189627,0.577350269189625));
#5697=DIRECTION('',(0.,-1.,0.));
#5698=DIRECTION('',(0.577350269189626,-0.577350269189626,-0.577350269189626));
#5699=DIRECTION('',(0.707106781186548,-0.707106781186548,-2.4532694666934E-15));
#5700=DIRECTION('',(0.707106781186548,0.707106781186548,2.4532694666934E-15));
#5701=DIRECTION('',(0.577350269189627,0.577350269189624,0.577350269189626));
#5702=DIRECTION('',(0.707106781186548,0.,-0.707106781186548));
#5703=DIRECTION('',(0.707106781186548,0.,0.707106781186548));
#5704=DIRECTION('',(-0.577350269189626,0.577350269189626,-0.577350269189626));
#5705=DIRECTION('',(0.707106781186548,0.707106781186548,0.));
#5706=DIRECTION('',(0.707106781186548,-0.707106781186548,0.));
#5707=CARTESIAN_POINT('',(0.,0.,0.));
#5708=CARTESIAN_POINT('',(-0.0938,0.0332336407542228,0.0025));
#5709=CARTESIAN_POINT('',(-0.0938,0.0332336407542228,0.));
#5710=CARTESIAN_POINT('',(-0.0938,0.0452336407542229,0.));
#5711=CARTESIAN_POINT('',(-0.0938,0.0212336407542229,0.));
#5712=CARTESIAN_POINT('',(-0.0938,0.0212336407542229,0.0025));
#5713=CARTESIAN_POINT('',(-0.0938,0.0212336407542229,0.0025));
#5714=CARTESIAN_POINT('',(-0.0938,0.0332336407542228,0.0025));
#5715=CARTESIAN_POINT('',(-0.0938,0.0452336407542229,0.0025));
#5716=CARTESIAN_POINT('',(-0.0938,0.0452336407542229,0.0025));
#5717=CARTESIAN_POINT('',(-0.0938,0.0382336407542229,0.00123413332714849));
#5718=CARTESIAN_POINT('',(-0.0938,0.0382336407542229,0.00223413332714849));
#5719=CARTESIAN_POINT('',(-0.0938,0.0382336407542229,0.000234133327148492));
#5720=CARTESIAN_POINT('',(-0.0938,0.0382336407542229,0.00223413332714849));
#5721=CARTESIAN_POINT('',(-0.0938,0.0282336407542228,0.00223413332714849));
#5722=CARTESIAN_POINT('',(-0.0938,0.0282336407542228,0.00123413332714849));
#5723=CARTESIAN_POINT('',(-0.0938,0.0282336407542228,0.000234133327148493));
#5724=CARTESIAN_POINT('',(-0.0938,0.0382336407542229,0.000234133327148492));
#5725=CARTESIAN_POINT('',(-0.0658,0.0332336407542229,0.0025));
#5726=CARTESIAN_POINT('',(-0.0454266630778769,0.0241233875634847,0.0025));
#5727=CARTESIAN_POINT('',(-0.0451632794715588,0.0241233875634847,0.0025));
#5728=CARTESIAN_POINT('',(-0.0456908568447849,0.0241233947962607,0.0025));
#5729=CARTESIAN_POINT('',(-0.0456927593216436,0.0243411553962229,0.0025));
#5730=CARTESIAN_POINT('',(-0.045848309613869,0.0241887603349927,0.0025));
#5731=CARTESIAN_POINT('',(-0.0457062916473572,0.0243417109021802,0.0025));
#5732=CARTESIAN_POINT('',(-0.0459150096075264,0.02434385678279,0.0025));
#5733=CARTESIAN_POINT('',(-0.0459150211362657,0.0243497073446423,0.0025));
#5734=CARTESIAN_POINT('',(-0.0459150397338904,0.0243555576895823,0.0025));
#5735=CARTESIAN_POINT('',(-0.0456993006454103,0.024356698959379,0.0025));
#5736=CARTESIAN_POINT('',(-0.0458479738503253,0.0245130605907804,0.0025));
#5737=CARTESIAN_POINT('',(-0.0456920385207558,0.024366112171965,0.0025));
#5738=CARTESIAN_POINT('',(-0.045690856681852,0.0245803560602718,0.0025));
#5739=CARTESIAN_POINT('',(-0.0448511642057907,0.0245803379787741,0.0025));
#5740=CARTESIAN_POINT('',(-0.0440114717375016,0.0245803603056727,0.0025));
#5741=CARTESIAN_POINT('',(-0.044010435175246,0.0243651060171689,0.0025));
#5742=CARTESIAN_POINT('',(-0.0438540105543002,0.0245130128586959,0.0025));
#5743=CARTESIAN_POINT('',(-0.0440019234007816,0.0243565942427045,0.0025));
#5744=CARTESIAN_POINT('',(-0.0437866691122778,0.0243555576804489,0.0025));
#5745=CARTESIAN_POINT('',(-0.0437866914391764,0.0243497073446423,0.0025));
#5746=CARTESIAN_POINT('',(-0.0437866992183731,0.0243438568250548,0.0025));
#5747=CARTESIAN_POINT('',(-0.0439949599011866,0.0243418150967272,0.0025));
#5748=CARTESIAN_POINT('',(-0.0438536743572908,0.0241888058313409,0.0025));
#5749=CARTESIAN_POINT('',(-0.0440097138529843,0.0243421902551971,0.0025));
#5750=CARTESIAN_POINT('',(-0.0440114716061033,0.0241233905363116,0.0025));
#5751=CARTESIAN_POINT('',(-0.0442756653337045,0.0241233875634847,0.0025));
#5752=CARTESIAN_POINT('',(-0.0445390489400225,0.0241233875634847,0.0025));
#5753=CARTESIAN_POINT('',(-0.0445418286709842,0.0240941498911567,0.0025));
#5754=CARTESIAN_POINT('',(-0.0445708890064492,0.0240877522129476,0.0025));
#5755=CARTESIAN_POINT('',(-0.0445712666805224,0.0230078003973165,0.0025));
#5756=CARTESIAN_POINT('',(-0.044571244353624,0.0219279318347379,0.0025));
#5757=CARTESIAN_POINT('',(-0.0447864986421156,0.0219268952724783,0.0025));
#5758=CARTESIAN_POINT('',(-0.0446385918006013,0.0217704706515373,0.0025));
#5759=CARTESIAN_POINT('',(-0.0447950104165879,0.0219183834980059,0.0025));
#5760=CARTESIAN_POINT('',(-0.0447960469788476,0.0217031292095143,0.0025));
#5761=CARTESIAN_POINT('',(-0.0448511642057907,0.0217031515364127,0.0025));
#5762=CARTESIAN_POINT('',(-0.0449062814327337,0.0217031292095141,0.0025));
#5763=CARTESIAN_POINT('',(-0.0449073179949892,0.0219183834980181,0.0025));
#5764=CARTESIAN_POINT('',(-0.0450637426159403,0.0217704766564963,0.0025));
#5765=CARTESIAN_POINT('',(-0.0449158297694656,0.0219268952724779,0.0025));
#5766=CARTESIAN_POINT('',(-0.0451310840579573,0.0219279318347379,0.0025));
#5767=CARTESIAN_POINT('',(-0.0451310617310589,0.0230078003973165,0.0025));
#5768=CARTESIAN_POINT('',(-0.0451314394051321,0.0240877522129476,0.0025));
#5769=CARTESIAN_POINT('',(-0.0451604997405971,0.0240941498911567,0.0025));
#5770=CARTESIAN_POINT('',(-0.0471152477449366,0.0245862149411647,0.0025));
#5771=CARTESIAN_POINT('',(-0.0466404570793683,0.0217030574393105,0.0025));
#5772=CARTESIAN_POINT('',(-0.047141150889421,0.0216637380235036,0.0025));
#5773=CARTESIAN_POINT('',(-0.047141150889421,0.0216637380235036,0.0025));
#5774=CARTESIAN_POINT('',(-0.0477637612261564,0.0216637380235036,0.0025));
#5775=CARTESIAN_POINT('',(-0.0481283362205652,0.022048019774367,0.0025));
#5776=CARTESIAN_POINT('',(-0.0481283362205652,0.022048019774367,0.0025));
#5777=CARTESIAN_POINT('',(-0.0481283362205652,0.022048019774367,0.0025));
#5778=CARTESIAN_POINT('',(-0.048492911214974,0.0224323015252304,0.0025));
#5779=CARTESIAN_POINT('',(-0.048492911214974,0.0231417447575935,0.0025));
#5780=CARTESIAN_POINT('',(-0.048492911214974,0.0231417447575935,0.0025));
#5781=CARTESIAN_POINT('',(-0.048492911214974,0.0231417447575935,0.0025));
#5782=CARTESIAN_POINT('',(-0.048492911214974,0.0238431821201469,0.0025));
#5783=CARTESIAN_POINT('',(-0.0481403450252796,0.0242314668059151,0.0025));
#5784=CARTESIAN_POINT('',(-0.0481403450252796,0.0242314668059151,0.0025));
#5785=CARTESIAN_POINT('',(-0.0481403450252796,0.0242314668059151,0.0025));
#5786=CARTESIAN_POINT('',(-0.0477877788355853,0.0246197514916832,0.0025));
#5787=CARTESIAN_POINT('',(-0.0471528517760659,0.0246197514916832,0.0025));
#5788=CARTESIAN_POINT('',(-0.0471528517760659,0.0246197514916832,0.0025));
#5789=CARTESIAN_POINT('',(-0.0471076032404487,0.0217754194117858,0.0025));
#5790=CARTESIAN_POINT('',(-0.0466644378282231,0.0245843865451142,0.0025));
#5791=CARTESIAN_POINT('',(-0.0467036431996096,0.024339749575325,0.0025));
#5792=CARTESIAN_POINT('',(-0.0465066358158342,0.0244897271475205,0.0025));
#5793=CARTESIAN_POINT('',(-0.0467193272484239,0.0243139283357745,0.0025));
#5794=CARTESIAN_POINT('',(-0.0464434107611483,0.0243124492701071,0.0025));
#5795=CARTESIAN_POINT('',(-0.0464434085437028,0.0242967454366707,0.0025));
#5796=CARTESIAN_POINT('',(-0.0464435012120603,0.0242810387626726,0.0025));
#5797=CARTESIAN_POINT('',(-0.0465921504390163,0.0242764631528498,0.0025));
#5798=CARTESIAN_POINT('',(-0.0465124876232254,0.0241509886222875,0.0025));
#5799=CARTESIAN_POINT('',(-0.0466153828138747,0.0242928748572045,0.0025));
#5800=CARTESIAN_POINT('',(-0.0466601300970941,0.024123604769308,0.0025));
#5801=CARTESIAN_POINT('',(-0.0470713530478962,0.0224707456374283,0.0025));
#5802=CARTESIAN_POINT('',(-0.0470937315067023,0.0241745019630386,0.0025));
#5803=CARTESIAN_POINT('',(-0.0470937315067023,0.0241745019630386,0.0025));
#5804=CARTESIAN_POINT('',(-0.0474841716189577,0.0241745019630386,0.0025));
#5805=CARTESIAN_POINT('',(-0.04770679638328,0.0239063053244153,0.0025));
#5806=CARTESIAN_POINT('',(-0.04770679638328,0.0239063053244153,0.0025));
#5807=CARTESIAN_POINT('',(-0.04770679638328,0.0239063053244153,0.0025));
#5808=CARTESIAN_POINT('',(-0.0479294211476022,0.0236381086857919,0.0025));
#5809=CARTESIAN_POINT('',(-0.0479294211476022,0.0231417447575935,0.0025));
#5810=CARTESIAN_POINT('',(-0.0479294211476022,0.0231417447575935,0.0025));
#5811=CARTESIAN_POINT('',(-0.0479294211476022,0.0231417447575935,0.0025));
#5812=CARTESIAN_POINT('',(-0.0479294211476022,0.0226490758462302,0.0025));
#5813=CARTESIAN_POINT('',(-0.0476987905134703,0.0223790316991892,0.0025));
#5814=CARTESIAN_POINT('',(-0.0476987905134703,0.0223790316991892,0.0025));
#5815=CARTESIAN_POINT('',(-0.0476987905134703,0.0223790316991892,0.0025));
#5816=CARTESIAN_POINT('',(-0.0474681598793384,0.0221089875521482,0.0025));
#5817=CARTESIAN_POINT('',(-0.0470820306200574,0.0221089875521482,0.0025));
#5818=CARTESIAN_POINT('',(-0.0470820306200574,0.0221089875521482,0.0025));
#5819=CARTESIAN_POINT('',(-0.0470465010557728,0.0239448927470709,0.0025));
#5820=CARTESIAN_POINT('',(-0.0466366964132146,0.0221560408575518,0.0025));
#5821=CARTESIAN_POINT('',(-0.0465921913946852,0.0219874638807617,0.0025));
#5822=CARTESIAN_POINT('',(-0.0464887692918898,0.0221282548627271,0.0025));
#5823=CARTESIAN_POINT('',(-0.0465689389398073,0.0220028472260662,0.0025));
#5824=CARTESIAN_POINT('',(-0.0464200794467289,0.0219987548811989,0.0025));
#5825=CARTESIAN_POINT('',(-0.0464200067704131,0.0219848965700985,0.0025));
#5826=CARTESIAN_POINT('',(-0.0464200543484899,0.021971039708256,0.0025));
#5827=CARTESIAN_POINT('',(-0.0466933365746627,0.0219678879872788,0.0025));
#5828=CARTESIAN_POINT('',(-0.0464809980799683,0.0217958535087316,0.0025));
#5829=CARTESIAN_POINT('',(-0.0466757052042381,0.0219477038317157,0.0025));
#5830=CARTESIAN_POINT('',(-0.0497941729771122,0.0217031515364127,0.0025));
#5831=CARTESIAN_POINT('',(-0.0491241433038889,0.0217031451594092,0.0025));
#5832=CARTESIAN_POINT('',(-0.0504642025968228,0.0217031334549149,0.0025));
#5833=CARTESIAN_POINT('',(-0.0504653844357224,0.0219173773432333,0.0025));
#5834=CARTESIAN_POINT('',(-0.0506213197653072,0.0217704289244169,0.0025));
#5835=CARTESIAN_POINT('',(-0.0504726465603811,0.0219267905558079,0.0025));
#5836=CARTESIAN_POINT('',(-0.0506883856488612,0.0219279318256045,0.0025));
#5837=CARTESIAN_POINT('',(-0.0506883670512365,0.0231417447575935,0.0025));
#5838=CARTESIAN_POINT('',(-0.0506883856488613,0.0243555576895823,0.0025));
#5839=CARTESIAN_POINT('',(-0.05047264656037,0.0243566989593752,0.0025));
#5840=CARTESIAN_POINT('',(-0.0506213197652956,0.0245130605907822,0.0025));
#5841=CARTESIAN_POINT('',(-0.0504653844357224,0.0243661121719536,0.0025));
#5842=CARTESIAN_POINT('',(-0.0504642025968228,0.024580356060272,0.0025));
#5843=CARTESIAN_POINT('',(-0.0497941729771122,0.0245803379787741,0.0025));
#5844=CARTESIAN_POINT('',(-0.0491241433038889,0.0245803443557776,0.0025));
#5845=CARTESIAN_POINT('',(-0.0491225851954594,0.0243654208089071,0.0025));
#5846=CARTESIAN_POINT('',(-0.048966118983912,0.0245127830315643,0.0025));
#5847=CARTESIAN_POINT('',(-0.0491150835577152,0.0243566989593752,0.0025));
#5848=CARTESIAN_POINT('',(-0.0488993559984382,0.0243555574812713,0.0025));
#5849=CARTESIAN_POINT('',(-0.049108092555757,0.024353411788825,0.0025));
#5850=CARTESIAN_POINT('',(-0.0489662596775731,0.0242001387622308,0.0025));
#5851=CARTESIAN_POINT('',(-0.0491218708040089,0.0243535793078123,0.0025));
#5852=CARTESIAN_POINT('',(-0.0491241430645777,0.0241351070143488,0.0025));
#5853=CARTESIAN_POINT('',(-0.0496128092341166,0.0241350884501296,0.0025));
#5854=CARTESIAN_POINT('',(-0.0501014984710712,0.0241349227489862,0.0025));
#5855=CARTESIAN_POINT('',(-0.0501057930884381,0.0241043291193013,0.0025));
#5856=CARTESIAN_POINT('',(-0.0501363530692251,0.0240994061676212,0.0025));
#5857=CARTESIAN_POINT('',(-0.0501365778705097,0.0237822143423657,0.0025));
#5858=CARTESIAN_POINT('',(-0.0501363530692251,0.0234650225171102,0.0025));
#5859=CARTESIAN_POINT('',(-0.0501057930884381,0.02346009956543,0.0025));
#5860=CARTESIAN_POINT('',(-0.0501014984710712,0.0234295059357452,0.0025));
#5861=CARTESIAN_POINT('',(-0.0496460643856336,0.0234293402346017,0.0025));
#5862=CARTESIAN_POINT('',(-0.0491906507056352,0.0234292280983131,0.0025));
#5863=CARTESIAN_POINT('',(-0.0491855182790045,0.0232276449895437,0.0025));
#5864=CARTESIAN_POINT('',(-0.0490392093770656,0.0233661643174416,0.0025));
#5865=CARTESIAN_POINT('',(-0.0491858230601572,0.0232190992107294,0.0025));
#5866=CARTESIAN_POINT('',(-0.04897824617997,0.0232165679412596,0.0025));
#5867=CARTESIAN_POINT('',(-0.0491796609841935,0.0232131921617821,0.0025));
#5868=CARTESIAN_POINT('',(-0.0490391811401008,0.023068792971443,0.0025));
#5869=CARTESIAN_POINT('',(-0.049184950770493,0.0232123087061688,0.0025));
#5870=CARTESIAN_POINT('',(-0.0491906499159874,0.0230076233791513,0.0025));
#5871=CARTESIAN_POINT('',(-0.0496460643856336,0.0230074924792469,0.0025));
#5872=CARTESIAN_POINT('',(-0.0501015044484253,0.0230072986761078,0.0025));
#5873=CARTESIAN_POINT('',(-0.0501060767249342,0.0229769913336714,0.0025));
#5874=CARTESIAN_POINT('',(-0.0501363840673706,0.0229724190571626,0.0025));
#5875=CARTESIAN_POINT('',(-0.0501365778705097,0.0225782546902217,0.0025));
#5876=CARTESIAN_POINT('',(-0.0501363530692251,0.0221840833475657,0.0025));
#5877=CARTESIAN_POINT('',(-0.0501057930884381,0.0221791603958855,0.0025));
#5878=CARTESIAN_POINT('',(-0.0501014984710712,0.0221485667662007,0.0025));
#5879=CARTESIAN_POINT('',(-0.0496128092341166,0.0221484010650573,0.0025));
#5880=CARTESIAN_POINT('',(-0.0491241430645777,0.0221483825008381,0.0025));
#5881=CARTESIAN_POINT('',(-0.0491218708040107,0.02192991020737,0.0025));
#5882=CARTESIAN_POINT('',(-0.0489662568866246,0.0220833488054743,0.0025));
#5883=CARTESIAN_POINT('',(-0.0491080925557571,0.0219300777263618,0.0025));
#5884=CARTESIAN_POINT('',(-0.0488993559964753,0.0219279320888717,0.0025));
#5885=CARTESIAN_POINT('',(-0.0491150835577151,0.0219267905558116,0.0025));
#5886=CARTESIAN_POINT('',(-0.0489661189839119,0.0217707064836226,0.0025));
#5887=CARTESIAN_POINT('',(-0.0491225851954593,0.0219180687062798,0.0025));
#5888=CARTESIAN_POINT('',(-0.055043942148212,0.0444842826783167,0.0025));
#5889=CARTESIAN_POINT('',(-0.0554332870219696,0.0444842826783167,0.0025));
#5890=CARTESIAN_POINT('',(-0.0546545972744544,0.0444842826783167,0.0025));
#5891=CARTESIAN_POINT('',(-0.0542538534656919,0.0432243441435676,0.0025));
#5892=CARTESIAN_POINT('',(-0.0538531096569295,0.0419644056088186,0.0025));
#5893=CARTESIAN_POINT('',(-0.0538374361212979,0.0419644056088186,0.0025));
#5894=CARTESIAN_POINT('',(-0.0538217625856663,0.0419644056088186,0.0025));
#5895=CARTESIAN_POINT('',(-0.0534203063434661,0.0432243441435676,0.0025));
#5896=CARTESIAN_POINT('',(-0.0530188501012659,0.0444842826783167,0.0025));
#5897=CARTESIAN_POINT('',(-0.0526302176609461,0.0444842826783167,0.0025));
#5898=CARTESIAN_POINT('',(-0.0522415852206262,0.0444842826783167,0.0025));
#5899=CARTESIAN_POINT('',(-0.0528133130544606,0.0428260938518375,0.0025));
#5900=CARTESIAN_POINT('',(-0.053385040888295,0.0411679050253583,0.0025));
#5901=CARTESIAN_POINT('',(-0.0538367236878601,0.0411679050253583,0.0025));
#5902=CARTESIAN_POINT('',(-0.0542884064874252,0.0411679050253583,0.0025));
#5903=CARTESIAN_POINT('',(-0.0548608467546974,0.0428260938518375,0.0025));
#5904=CARTESIAN_POINT('',(-0.0507270763626201,0.0327528774082661,0.0025));
#5905=CARTESIAN_POINT('',(-0.0429770763626201,0.0327528774082661,0.0025));
#5906=CARTESIAN_POINT('',(-0.0668424422183065,0.0323933959479585,0.0025));
#5907=CARTESIAN_POINT('',(-0.0650924422183065,0.0323933959479585,0.0025));
#5908=CARTESIAN_POINT('',(-0.0766087991142273,0.0323933959479585,0.0025));
#5909=CARTESIAN_POINT('',(-0.0748587991142273,0.0323933959479585,0.0025));
#5910=CARTESIAN_POINT('',(-0.0865410493731499,0.0323933959479585,0.0025));
#5911=CARTESIAN_POINT('',(-0.0847910493731499,0.0323933959479585,0.0025));
#5912=CARTESIAN_POINT('',(-0.0658,0.0452336407542229,0.0025));
#5913=CARTESIAN_POINT('',(-0.0378,0.0452336407542229,0.0025));
#5914=CARTESIAN_POINT('',(-0.0658,0.0212336407542229,0.0025));
#5915=CARTESIAN_POINT('',(-0.0378,0.0212336407542229,0.0025));
#5916=CARTESIAN_POINT('',(-0.0378,0.0332336407542229,0.0025));
#5917=CARTESIAN_POINT('',(-0.085263032656908,0.0382515452444553,0.0025));
#5918=CARTESIAN_POINT('',(-0.086013032656908,0.0382515452444553,0.0025));
#5919=CARTESIAN_POINT('',(-0.084513032656908,0.0382515452444553,0.0025));
#5920=CARTESIAN_POINT('',(-0.086013032656908,0.0390015452444554,0.0025));
#5921=CARTESIAN_POINT('',(-0.086013032656908,0.0397515452444554,0.0025));
#5922=CARTESIAN_POINT('',(-0.085263032656908,0.0397515452444554,0.0025));
#5923=CARTESIAN_POINT('',(-0.084513032656908,0.0397515452444554,0.0025));
#5924=CARTESIAN_POINT('',(-0.084513032656908,0.0390015452444554,0.0025));
#5925=CARTESIAN_POINT('',(-0.086013032656908,0.0415123366656882,0.0025));
#5926=CARTESIAN_POINT('',(-0.086013032656908,0.0422623366656882,0.0025));
#5927=CARTESIAN_POINT('',(-0.086013032656908,0.0407623366656882,0.0025));
#5928=CARTESIAN_POINT('',(-0.085263032656908,0.0422623366656882,0.0025));
#5929=CARTESIAN_POINT('',(-0.084513032656908,0.0422623366656882,0.0025));
#5930=CARTESIAN_POINT('',(-0.084513032656908,0.0415123366656882,0.0025));
#5931=CARTESIAN_POINT('',(-0.084513032656908,0.0407623366656882,0.0025));
#5932=CARTESIAN_POINT('',(-0.085263032656908,0.0407623366656882,0.0025));
#5933=CARTESIAN_POINT('',(-0.0490010817287936,0.0437490513705072,0.0025));
#5934=CARTESIAN_POINT('',(-0.0487962571154261,0.0433686119147221,0.0025));
#5935=CARTESIAN_POINT('',(-0.0487962571154261,0.0428257376351186,0.0025));
#5936=CARTESIAN_POINT('',(-0.0490010817287936,0.0437490513705072,0.0025));
#5937=CARTESIAN_POINT('',(-0.0487962571154261,0.0428257376351186,0.0025));
#5938=CARTESIAN_POINT('',(-0.0487962571154261,0.0428257376351186,0.0025));
#5939=CARTESIAN_POINT('',(-0.0487962571154261,0.0422835757889529,0.0025));
#5940=CARTESIAN_POINT('',(-0.0490010817287936,0.0419031363331678,0.0025));
#5941=CARTESIAN_POINT('',(-0.0490010817287936,0.0419031363331678,0.0025));
#5942=CARTESIAN_POINT('',(-0.0502698300191195,0.0425596280166799,0.0025));
#5943=CARTESIAN_POINT('',(-0.049558050957,0.0413222286585751,0.0025));
#5944=CARTESIAN_POINT('',(-0.0503234453252551,0.0426953257164576,0.0025));
#5945=CARTESIAN_POINT('',(-0.0503493692771489,0.0411227982139001,0.0025));
#5946=CARTESIAN_POINT('',(-0.0503770168839827,0.0426928983038213,0.0025));
#5947=CARTESIAN_POINT('',(-0.0511428310784109,0.0413229098702362,0.0025));
#5948=CARTESIAN_POINT('',(-0.0504285425662115,0.042558061635696,0.0025));
#5949=CARTESIAN_POINT('',(-0.051697998507585,0.0419045612000434,0.0025));
#5950=CARTESIAN_POINT('',(-0.051697998507585,0.0419045612000434,0.0025));
#5951=CARTESIAN_POINT('',(-0.0519017544707957,0.0422850006558285,0.0025));
#5952=CARTESIAN_POINT('',(-0.0519017544707957,0.0428257376351186,0.0025));
#5953=CARTESIAN_POINT('',(-0.0519017544707957,0.0428257376351186,0.0025));
#5954=CARTESIAN_POINT('',(-0.0519017544707957,0.0428257376351186,0.0025));
#5955=CARTESIAN_POINT('',(-0.0519017544707957,0.0433686119147221,0.0025));
#5956=CARTESIAN_POINT('',(-0.051697998507585,0.0437490513705072,0.0025));
#5957=CARTESIAN_POINT('',(-0.051697998507585,0.0437490513705072,0.0025));
#5958=CARTESIAN_POINT('',(-0.0504347143980058,0.0430992470261455,0.0025));
#5959=CARTESIAN_POINT('',(-0.0511428306940985,0.0443296403540812,0.0025));
#5960=CARTESIAN_POINT('',(-0.0503772299666523,0.0429519136929836,0.0025));
#5961=CARTESIAN_POINT('',(-0.0503493567836283,0.0445286740649572,0.0025));
#5962=CARTESIAN_POINT('',(-0.0503233737767441,0.0429539249181634,0.0025));
#5963=CARTESIAN_POINT('',(-0.0495580484406841,0.0443296034270386,0.0025));
#5964=CARTESIAN_POINT('',(-0.0502677704434976,0.0430937985839511,0.0025));
#5965=CARTESIAN_POINT('',(-0.047216435967105,0.0411679050253583,0.0025));
#5966=CARTESIAN_POINT('',(-0.0461552663615021,0.0411679050253583,0.0025));
#5967=CARTESIAN_POINT('',(-0.0482776055727078,0.0411679050253583,0.0025));
#5968=CARTESIAN_POINT('',(-0.0482776055727078,0.0428260938518375,0.0025));
#5969=CARTESIAN_POINT('',(-0.0482776055727079,0.0444842826783167,0.0025));
#5970=CARTESIAN_POINT('',(-0.0479270883213103,0.0444842826783167,0.0025));
#5971=CARTESIAN_POINT('',(-0.0475765710699128,0.0444842826783167,0.0025));
#5972=CARTESIAN_POINT('',(-0.0475765710699128,0.0431149856108654,0.0025));
#5973=CARTESIAN_POINT('',(-0.0475765710699128,0.0417456885434141,0.0025));
#5974=CARTESIAN_POINT('',(-0.0468659187157074,0.0417456885434141,0.0025));
#5975=CARTESIAN_POINT('',(-0.0461552663615021,0.0417456885434141,0.0025));
#5976=CARTESIAN_POINT('',(-0.0461552663615021,0.0414567967843862,0.0025));
#5977=CARTESIAN_POINT('',(-0.0566013177418045,0.0227377562502756,0.0025));
#5978=CARTESIAN_POINT('',(-0.0566958485891723,0.0228381375409658,0.0025));
#5979=CARTESIAN_POINT('',(-0.0569206287799818,0.022916964566784,0.0025));
#5980=CARTESIAN_POINT('',(-0.0566013177418045,0.0227377562502756,0.0025));
#5981=CARTESIAN_POINT('',(-0.0569206287799818,0.022916964566784,0.0025));
#5982=CARTESIAN_POINT('',(-0.0569206287799818,0.022916964566784,0.0025));
#5983=CARTESIAN_POINT('',(-0.0573935909348905,0.0230746186184202,0.0025));
#5984=CARTESIAN_POINT('',(-0.0576042068944983,0.0232993988092297,0.0025));
#5985=CARTESIAN_POINT('',(-0.0576042068944983,0.0232993988092297,0.0025));
#5986=CARTESIAN_POINT('',(-0.0570494482357408,0.0238258720329125,0.0025));
#5987=CARTESIAN_POINT('',(-0.0578148228541061,0.0238431821201469,0.0025));
#5988=CARTESIAN_POINT('',(-0.0578148228541061,0.0238431821201469,0.0025));
#5989=CARTESIAN_POINT('',(-0.0578148228541061,0.0242022145893028,0.0025));
#5990=CARTESIAN_POINT('',(-0.0575746467598165,0.0244109830404931,0.0025));
#5991=CARTESIAN_POINT('',(-0.0575746467598165,0.0244109830404931,0.0025));
#5992=CARTESIAN_POINT('',(-0.0575746467598165,0.0244109830404931,0.0025));
#5993=CARTESIAN_POINT('',(-0.0573344706655269,0.0246197514916832,0.0025));
#5994=CARTESIAN_POINT('',(-0.0569009220235272,0.0246197514916832,0.0025));
#5995=CARTESIAN_POINT('',(-0.0569009220235272,0.0246197514916832,0.0025));
#5996=CARTESIAN_POINT('',(-0.0569009220235272,0.0246197514916832,0.0025));
#5997=CARTESIAN_POINT('',(-0.0565338836845616,0.0246197514916832,0.0025));
#5998=CARTESIAN_POINT('',(-0.0562622999471726,0.0245372294490298,0.0025));
#5999=CARTESIAN_POINT('',(-0.0562622999471726,0.0245372294490298,0.0025));
#6000=CARTESIAN_POINT('',(-0.0563366265794223,0.0242786157466175,0.0025));
#6001=CARTESIAN_POINT('',(-0.0561105757398243,0.0244247873929686,0.0025));
#6002=CARTESIAN_POINT('',(-0.0563818204538981,0.0242400771980234,0.0025));
#6003=CARTESIAN_POINT('',(-0.0560535695029589,0.0242373175687649,0.0025));
#6004=CARTESIAN_POINT('',(-0.0560535314959824,0.0242197659192702,0.0025));
#6005=CARTESIAN_POINT('',(-0.0560535531838409,0.0242022141050637,0.0025));
#6006=CARTESIAN_POINT('',(-0.0561826300074538,0.0241993321212239,0.0025));
#6007=CARTESIAN_POINT('',(-0.0561204531706005,0.024085985575,0.0025));
#6008=CARTESIAN_POINT('',(-0.0562028249012612,0.0242089345267005,0.0025));
#6009=CARTESIAN_POINT('',(-0.056258015509729,0.0240715887698495,0.0025));
#6010=CARTESIAN_POINT('',(-0.0568640725794841,0.0225297126207033,0.0025));
#6011=CARTESIAN_POINT('',(-0.0568615085106182,0.0241862028496835,0.0025));
#6012=CARTESIAN_POINT('',(-0.0568615085106182,0.0241862028496835,0.0025));
#6013=CARTESIAN_POINT('',(-0.0570585760751635,0.0241862028496835,0.0025));
#6014=CARTESIAN_POINT('',(-0.0571608048742714,0.0240956749372205,0.0025));
#6015=CARTESIAN_POINT('',(-0.0571608048742714,0.0240956749372205,0.0025));
#6016=CARTESIAN_POINT('',(-0.0571608048742714,0.0240956749372205,0.0025));
#6017=CARTESIAN_POINT('',(-0.0572630336733792,0.0240051470247576,0.0025));
#6018=CARTESIAN_POINT('',(-0.0572630336733792,0.0238431821201469,0.0025));
#6019=CARTESIAN_POINT('',(-0.0572630336733792,0.0238431821201469,0.0025));
#6020=CARTESIAN_POINT('',(-0.0572630336733792,0.0238431821201469,0.0025));
#6021=CARTESIAN_POINT('',(-0.0572630336733792,0.0235592816599738,0.0025));
#6022=CARTESIAN_POINT('',(-0.0568929161537176,0.0234373461044114,0.0025));
#6023=CARTESIAN_POINT('',(-0.0568929161537176,0.0234373461044114,0.0025));
#6024=CARTESIAN_POINT('',(-0.0568929161537176,0.0234373461044114,0.0025));
#6025=CARTESIAN_POINT('',(-0.0563608337294453,0.0232679911661303,0.0025));
#6026=CARTESIAN_POINT('',(-0.0561539127866727,0.0230512168451305,0.0025));
#6027=CARTESIAN_POINT('',(-0.0561539127866727,0.0230512168451305,0.0025));
#6028=CARTESIAN_POINT('',(-0.0561539127866727,0.0230512168451305,0.0025));
#6029=CARTESIAN_POINT('',(-0.0559469918439001,0.0228344425241306,0.0025));
#6030=CARTESIAN_POINT('',(-0.0559469918439001,0.022491421794594,0.0025));
#6031=CARTESIAN_POINT('',(-0.0559469918439001,0.022491421794594,0.0025));
#6032=CARTESIAN_POINT('',(-0.0559469918439001,0.022491421794594,0.0025));
#6033=CARTESIAN_POINT('',(-0.0559469918439001,0.0216637380235036,0.0025));
#6034=CARTESIAN_POINT('',(-0.0569674323265613,0.0216637380235036,0.0025));
#6035=CARTESIAN_POINT('',(-0.0569674323265613,0.0216637380235036,0.0025));
#6036=CARTESIAN_POINT('',(-0.0569925875185574,0.0232905994944465,0.0025));
#6037=CARTESIAN_POINT('',(-0.0575470302037486,0.021762006490645,0.0025));
#6038=CARTESIAN_POINT('',(-0.0574476890852818,0.0220333232708724,0.0025));
#6039=CARTESIAN_POINT('',(-0.0576950395918207,0.0218845166363093,0.0025));
#6040=CARTESIAN_POINT('',(-0.0573876260385143,0.0220727673650362,0.0025));
#6041=CARTESIAN_POINT('',(-0.0577482302308275,0.0220775788106717,0.0025));
#6042=CARTESIAN_POINT('',(-0.0577483125510721,0.0221012896004081,0.0025));
#6043=CARTESIAN_POINT('',(-0.0577481061320224,0.0221250115749902,0.0025));
#6044=CARTESIAN_POINT('',(-0.0576351586256109,0.0221317326570695,0.0025));
#6045=CARTESIAN_POINT('',(-0.0576860453624049,0.0222325597406339,0.0025));
#6046=CARTESIAN_POINT('',(-0.057618296142747,0.0221122674959638,0.0025));
#6047=CARTESIAN_POINT('',(-0.0575549745107672,0.0222351685100775,0.0025));
#6048=CARTESIAN_POINT('',(-0.0570095305934792,0.023313986113371,0.0025));
#6049=CARTESIAN_POINT('',(-0.0570068458394703,0.0221052925353129,0.0025));
#6050=CARTESIAN_POINT('',(-0.0570068458394703,0.0221052925353129,0.0025));
#6051=CARTESIAN_POINT('',(-0.0565067868944366,0.0221052925353129,0.0025));
#6052=CARTESIAN_POINT('',(-0.0565067868944366,0.0224834159247843,0.0025));
#6053=CARTESIAN_POINT('',(-0.0565067868944366,0.0224834159247843,0.0025));
#6054=CARTESIAN_POINT('',(-0.0568631424400933,0.0224972712551848,0.0025));
#6055=CARTESIAN_POINT('',(-0.0545281053791739,0.0217031515364127,0.0025));
#6056=CARTESIAN_POINT('',(-0.0538580757059506,0.0217031451594092,0.0025));
#6057=CARTESIAN_POINT('',(-0.0551981349988846,0.0217031334549149,0.0025));
#6058=CARTESIAN_POINT('',(-0.0551993168377843,0.0219173773432329,0.0025));
#6059=CARTESIAN_POINT('',(-0.0553552521673575,0.0217704289244048,0.0025));
#6060=CARTESIAN_POINT('',(-0.055206578962432,0.0219267905558116,0.0025));
#6061=CARTESIAN_POINT('',(-0.0554223180509231,0.0219279318256045,0.0025));
#6062=CARTESIAN_POINT('',(-0.0554222994532983,0.0231417447575935,0.0025));
#6063=CARTESIAN_POINT('',(-0.0554223180509231,0.0243555576895823,0.0025));
#6064=CARTESIAN_POINT('',(-0.055206578962432,0.0243566989593752,0.0025));
#6065=CARTESIAN_POINT('',(-0.0553552521673575,0.0245130605907821,0.0025));
#6066=CARTESIAN_POINT('',(-0.0551993168377843,0.0243661121719539,0.0025));
#6067=CARTESIAN_POINT('',(-0.0551981349988846,0.024580356060272,0.0025));
#6068=CARTESIAN_POINT('',(-0.0545281053791739,0.0245803379787741,0.0025));
#6069=CARTESIAN_POINT('',(-0.0538580757059506,0.0245803443557776,0.0025));
#6070=CARTESIAN_POINT('',(-0.0538565175975211,0.0243654208089072,0.0025));
#6071=CARTESIAN_POINT('',(-0.0537000513859738,0.0245127830315643,0.0025));
#6072=CARTESIAN_POINT('',(-0.0538490159597767,0.0243566989593752,0.0025));
#6073=CARTESIAN_POINT('',(-0.0536332884005,0.0243555574812713,0.0025));
#6074=CARTESIAN_POINT('',(-0.0538420249578189,0.0243534117888247,0.0025));
#6075=CARTESIAN_POINT('',(-0.0537001920796348,0.0242001387622308,0.0025));
#6076=CARTESIAN_POINT('',(-0.0538558032060724,0.0243535793078167,0.0025));
#6077=CARTESIAN_POINT('',(-0.0538580754666394,0.0241351070143487,0.0025));
#6078=CARTESIAN_POINT('',(-0.0543467416361783,0.0241350884501296,0.0025));
#6079=CARTESIAN_POINT('',(-0.0548354308731328,0.0241349227489874,0.0025));
#6080=CARTESIAN_POINT('',(-0.0548397254904926,0.0241043291192937,0.0025));
#6081=CARTESIAN_POINT('',(-0.0548702854712883,0.0240994061676208,0.0025));
#6082=CARTESIAN_POINT('',(-0.0548705102725714,0.0237822143423657,0.0025));
#6083=CARTESIAN_POINT('',(-0.0548702854712883,0.0234650225171105,0.0025));
#6084=CARTESIAN_POINT('',(-0.0548397254904926,0.0234600995654376,0.0025));
#6085=CARTESIAN_POINT('',(-0.0548354308731328,0.0234295059357439,0.0025));
#6086=CARTESIAN_POINT('',(-0.0543799967876954,0.0234293402346017,0.0025));
#6087=CARTESIAN_POINT('',(-0.0539245831076968,0.0234292280983127,0.0025));
#6088=CARTESIAN_POINT('',(-0.0539194506810624,0.0232276449895514,0.0025));
#6089=CARTESIAN_POINT('',(-0.0537731417791273,0.0233661643174415,0.0025));
#6090=CARTESIAN_POINT('',(-0.0539197554622156,0.0232190992107306,0.0025));
#6091=CARTESIAN_POINT('',(-0.0537121785820318,0.0232165679412596,0.0025));
#6092=CARTESIAN_POINT('',(-0.0539135933862522,0.0232131921617808,0.0025));
#6093=CARTESIAN_POINT('',(-0.0537731135421626,0.023068792971443,0.0025));
#6094=CARTESIAN_POINT('',(-0.0539188831725547,0.0232123087061688,0.0025));
#6095=CARTESIAN_POINT('',(-0.0539245823180491,0.0230076233791513,0.0025));
#6096=CARTESIAN_POINT('',(-0.0543799967876954,0.0230074924792469,0.0025));
#6097=CARTESIAN_POINT('',(-0.0548354368504873,0.0230072986761066,0.0025));
#6098=CARTESIAN_POINT('',(-0.0548400091270029,0.0229769913336785,0.0025));
#6099=CARTESIAN_POINT('',(-0.054870316469431,0.0229724190571628,0.0025));
#6100=CARTESIAN_POINT('',(-0.0548705102725714,0.0225782546902217,0.0025));
#6101=CARTESIAN_POINT('',(-0.0548702854712868,0.0221840833475657,0.0025));
#6102=CARTESIAN_POINT('',(-0.0548397254904999,0.0221791603958855,0.0025));
#6103=CARTESIAN_POINT('',(-0.054835430873133,0.0221485667662007,0.0025));
#6104=CARTESIAN_POINT('',(-0.0543467416361783,0.0221484010650573,0.0025));
#6105=CARTESIAN_POINT('',(-0.0538580754666394,0.022148382500838,0.0025));
#6106=CARTESIAN_POINT('',(-0.0538558032060708,0.0219299102073747,0.0025));
#6107=CARTESIAN_POINT('',(-0.0537001892886862,0.0220833488054746,0.0025));
#6108=CARTESIAN_POINT('',(-0.0538420249578261,0.0219300777263591,0.0025));
#6109=CARTESIAN_POINT('',(-0.0536332883985369,0.0219279320888717,0.0025));
#6110=CARTESIAN_POINT('',(-0.0538490159597767,0.0219267905558117,0.0025));
#6111=CARTESIAN_POINT('',(-0.0537000513859737,0.0217707064836226,0.0025));
#6112=CARTESIAN_POINT('',(-0.0538565175975211,0.0219180687062796,0.0025));
#6113=CARTESIAN_POINT('',(-0.0521312711253917,0.0217031515364127,0.0025));
#6114=CARTESIAN_POINT('',(-0.0514335287034084,0.0217031593156093,0.0025));
#6115=CARTESIAN_POINT('',(-0.0528290135473749,0.0217031593156094,0.0025));
#6116=CARTESIAN_POINT('',(-0.0528310552757026,0.0219114199984227,0.0025));
#6117=CARTESIAN_POINT('',(-0.0529840645410935,0.0217701344545323,0.0025));
#6118=CARTESIAN_POINT('',(-0.0528306801172381,0.0219261739502184,0.0025));
#6119=CARTESIAN_POINT('',(-0.0530494798361179,0.0219279317033396,0.0025));
#6120=CARTESIAN_POINT('',(-0.0530494828089449,0.0231417447575935,0.0025));
#6121=CARTESIAN_POINT('',(-0.0530494798361181,0.0243555578118472,0.0025));
#6122=CARTESIAN_POINT('',(-0.0528306801172325,0.0243573155649662,0.0025));
#6123=CARTESIAN_POINT('',(-0.0529840645410991,0.0245133550606495,0.0025));
#6124=CARTESIAN_POINT('',(-0.0528310552756996,0.0243720695167558,0.0025));
#6125=CARTESIAN_POINT('',(-0.0528290135473749,0.0245803301995775,0.0025));
#6126=CARTESIAN_POINT('',(-0.0527658902668415,0.0245803379787741,0.0025));
#6127=CARTESIAN_POINT('',(-0.0527027671700887,0.0245803603056727,0.0025));
#6128=CARTESIAN_POINT('',(-0.0527017306078331,0.024365106017169,0.0025));
#6129=CARTESIAN_POINT('',(-0.0525453059868874,0.024513012858696,0.0025));
#6130=CARTESIAN_POINT('',(-0.052693218833369,0.0243565942427045,0.0025));
#6131=CARTESIAN_POINT('',(-0.052477964544865,0.0243555576804489,0.0025));
#6132=CARTESIAN_POINT('',(-0.0524779868717636,0.0232756891178703,0.0025));
#6133=CARTESIAN_POINT('',(-0.0524776091976904,0.0221957373022393,0.0025));
#6134=CARTESIAN_POINT('',(-0.0524485488622255,0.0221893396240302,0.0025));
#6135=CARTESIAN_POINT('',(-0.0524457691312638,0.0221601019517021,0.0025));
#6136=CARTESIAN_POINT('',(-0.0519400540041688,0.0221601019517021,0.0025));
#6137=CARTESIAN_POINT('',(-0.0514335283469394,0.0221600687624323,0.0025));
#6138=CARTESIAN_POINT('',(-0.0514307693278987,0.0219484610835875,0.0025));
#6139=CARTESIAN_POINT('',(-0.0512781459623501,0.0220950130631821,0.0025));
#6140=CARTESIAN_POINT('',(-0.0514247003099533,0.0219423920656418,0.0025));
#6141=CARTESIAN_POINT('',(-0.0512130926311083,0.021939633046601,0.0025));
#6142=CARTESIAN_POINT('',(-0.0512130594418384,0.0219337821705447,0.0025));
#6143=CARTESIAN_POINT('',(-0.0512130624146652,0.0219279317033396,0.0025));
#6144=CARTESIAN_POINT('',(-0.0514318621335508,0.0219261739502206,0.0025));
#6145=CARTESIAN_POINT('',(-0.0512784777096842,0.0217701344545373,0.0025));
#6146=CARTESIAN_POINT('',(-0.0514314869750837,0.021911419998431,0.0025));
#6147=CARTESIAN_POINT('',(-0.0658,0.0452336407542229,0.0025));
#6148=CARTESIAN_POINT('',(-0.0658,0.0452336407542229,0.));
#6149=CARTESIAN_POINT('',(-0.0378,0.0452336407542229,0.));
#6150=CARTESIAN_POINT('',(-0.0378,0.0452336407542229,0.0025));
#6151=CARTESIAN_POINT('',(-0.0658,0.0212336407542229,0.0025));
#6152=CARTESIAN_POINT('',(-0.0658,0.0212336407542229,0.));
#6153=CARTESIAN_POINT('',(-0.0378,0.0212336407542229,0.));
#6154=CARTESIAN_POINT('',(-0.0378,0.0212336407542229,0.0025));
#6155=CARTESIAN_POINT('',(-0.085263032656908,0.0382515452444553,0.0025));
#6156=CARTESIAN_POINT('',(-0.085263032656908,0.0382515452444553,0.));
#6157=CARTESIAN_POINT('',(-0.086013032656908,0.0382515452444553,0.));
#6158=CARTESIAN_POINT('',(-0.084513032656908,0.0382515452444553,0.));
#6159=CARTESIAN_POINT('',(-0.086013032656908,0.0382515452444553,0.0025));
#6160=CARTESIAN_POINT('',(-0.084513032656908,0.0382515452444553,0.0025));
#6161=CARTESIAN_POINT('',(-0.086013032656908,0.0390015452444554,0.0025));
#6162=CARTESIAN_POINT('',(-0.086013032656908,0.0390015452444554,0.));
#6163=CARTESIAN_POINT('',(-0.086013032656908,0.0397515452444554,0.));
#6164=CARTESIAN_POINT('',(-0.086013032656908,0.0397515452444554,0.0025));
#6165=CARTESIAN_POINT('',(-0.085263032656908,0.0397515452444554,0.0025));
#6166=CARTESIAN_POINT('',(-0.085263032656908,0.0397515452444554,0.));
#6167=CARTESIAN_POINT('',(-0.084513032656908,0.0397515452444554,0.));
#6168=CARTESIAN_POINT('',(-0.084513032656908,0.0397515452444554,0.0025));
#6169=CARTESIAN_POINT('',(-0.086013032656908,0.0415123366656882,0.0025));
#6170=CARTESIAN_POINT('',(-0.086013032656908,0.0415123366656882,0.));
#6171=CARTESIAN_POINT('',(-0.086013032656908,0.0422623366656882,0.));
#6172=CARTESIAN_POINT('',(-0.086013032656908,0.0407623366656882,0.));
#6173=CARTESIAN_POINT('',(-0.086013032656908,0.0422623366656882,0.0025));
#6174=CARTESIAN_POINT('',(-0.086013032656908,0.0407623366656882,0.0025));
#6175=CARTESIAN_POINT('',(-0.085263032656908,0.0422623366656882,0.0025));
#6176=CARTESIAN_POINT('',(-0.085263032656908,0.0422623366656882,0.));
#6177=CARTESIAN_POINT('',(-0.084513032656908,0.0422623366656882,0.));
#6178=CARTESIAN_POINT('',(-0.084513032656908,0.0422623366656882,0.0025));
#6179=CARTESIAN_POINT('',(-0.084513032656908,0.0415123366656882,0.0025));
#6180=CARTESIAN_POINT('',(-0.084513032656908,0.0415123366656882,0.));
#6181=CARTESIAN_POINT('',(-0.084513032656908,0.0407623366656882,0.));
#6182=CARTESIAN_POINT('',(-0.084513032656908,0.0407623366656882,0.0025));
#6183=CARTESIAN_POINT('',(-0.0668424422183065,0.0323933959479585,0.0025));
#6184=CARTESIAN_POINT('',(-0.0668424422183065,0.0323933959479585,0.));
#6185=CARTESIAN_POINT('',(-0.0650924422183065,0.0323933959479585,0.));
#6186=CARTESIAN_POINT('',(-0.0766087991142273,0.0323933959479585,0.0025));
#6187=CARTESIAN_POINT('',(-0.0766087991142273,0.0323933959479585,0.));
#6188=CARTESIAN_POINT('',(-0.0748587991142273,0.0323933959479585,0.));
#6189=CARTESIAN_POINT('',(-0.0865410493731499,0.0323933959479585,0.0025));
#6190=CARTESIAN_POINT('',(-0.0865410493731499,0.0323933959479585,0.));
#6191=CARTESIAN_POINT('',(-0.0847910493731499,0.0323933959479585,0.));
#6192=CARTESIAN_POINT('',(-0.0378,0.0332336407542229,0.0025));
#6193=CARTESIAN_POINT('',(-0.0378,0.0332336407542229,0.00225162820727154));
#6194=CARTESIAN_POINT('',(-0.0378,0.0382336407542229,0.00225162820727154));
#6195=CARTESIAN_POINT('',(-0.0378,0.0282336407542228,0.00225162820727154));
#6196=CARTESIAN_POINT('',(-0.0378,0.0382336407542229,0.00225162820727154));
#6197=CARTESIAN_POINT('',(-0.0378,0.0382336407542229,0.000251628207271542));
#6198=CARTESIAN_POINT('',(-0.0378,0.0332336407542229,0.000251628207271542));
#6199=CARTESIAN_POINT('',(-0.0378,0.0282336407542229,0.000251628207271542));
#6200=CARTESIAN_POINT('',(-0.0378,0.0282336407542228,0.00225162820727152));
#6201=CARTESIAN_POINT('',(-0.0378,0.0332336407542229,0.));
#6202=CARTESIAN_POINT('',(-0.084513032656908,0.0390015452444554,0.0025));
#6203=CARTESIAN_POINT('',(-0.084513032656908,0.0390015452444554,0.));
#6204=CARTESIAN_POINT('',(-0.085263032656908,0.0407623366656882,0.0025));
#6205=CARTESIAN_POINT('',(-0.085263032656908,0.0407623366656882,0.));
#6206=CARTESIAN_POINT('',(-0.0507270763626201,0.0327528774082661,0.0025));
#6207=CARTESIAN_POINT('',(-0.0507270763626201,0.0327528774082661,0.));
#6208=CARTESIAN_POINT('',(-0.0429770763626201,0.0327528774082661,0.));
#6209=CARTESIAN_POINT('',(-0.0658,0.0332336407542229,0.));
#6210=CARTESIAN_POINT('',(-0.0542538534656919,0.0432243441435676,0.0021));
#6211=CARTESIAN_POINT('',(-0.0546545972744544,0.0444842826783167,0.0021));
#6212=CARTESIAN_POINT('',(-0.0546545972744544,0.0444842826783167,0.0021));
#6213=CARTESIAN_POINT('',(-0.0542538534656919,0.0432243441435676,0.0021));
#6214=CARTESIAN_POINT('',(-0.0538531096569295,0.0419644056088186,0.0021));
#6215=CARTESIAN_POINT('',(-0.0538531096569295,0.0419644056088186,0.0021));
#6216=CARTESIAN_POINT('',(-0.055043942148212,0.0444842826783167,0.0021));
#6217=CARTESIAN_POINT('',(-0.0554332870219696,0.0444842826783167,0.0021));
#6218=CARTESIAN_POINT('',(-0.0554332870219696,0.0444842826783167,0.0021));
#6219=CARTESIAN_POINT('',(-0.055043942148212,0.0444842826783167,0.0021));
#6220=CARTESIAN_POINT('',(-0.0548608467546974,0.0428260938518375,0.0021));
#6221=CARTESIAN_POINT('',(-0.0542884064874252,0.0411679050253583,0.0021));
#6222=CARTESIAN_POINT('',(-0.0542884064874252,0.0411679050253583,0.0021));
#6223=CARTESIAN_POINT('',(-0.0548608467546974,0.0428260938518375,0.0021));
#6224=CARTESIAN_POINT('',(-0.0538367236878601,0.0411679050253583,0.0021));
#6225=CARTESIAN_POINT('',(-0.053385040888295,0.0411679050253583,0.0021));
#6226=CARTESIAN_POINT('',(-0.053385040888295,0.0411679050253583,0.0021));
#6227=CARTESIAN_POINT('',(-0.0538367236878601,0.0411679050253583,0.0021));
#6228=CARTESIAN_POINT('',(-0.0528133130544606,0.0428260938518375,0.0021));
#6229=CARTESIAN_POINT('',(-0.0522415852206262,0.0444842826783167,0.0021));
#6230=CARTESIAN_POINT('',(-0.0522415852206262,0.0444842826783167,0.0021));
#6231=CARTESIAN_POINT('',(-0.0528133130544606,0.0428260938518375,0.0021));
#6232=CARTESIAN_POINT('',(-0.0526302176609461,0.0444842826783167,0.0021));
#6233=CARTESIAN_POINT('',(-0.0530188501012659,0.0444842826783167,0.0021));
#6234=CARTESIAN_POINT('',(-0.0530188501012659,0.0444842826783167,0.0021));
#6235=CARTESIAN_POINT('',(-0.0526302176609461,0.0444842826783167,0.0021));
#6236=CARTESIAN_POINT('',(-0.0534203063434661,0.0432243441435676,0.0021));
#6237=CARTESIAN_POINT('',(-0.0538217625856663,0.0419644056088186,0.0021));
#6238=CARTESIAN_POINT('',(-0.0538217625856663,0.0419644056088186,0.0021));
#6239=CARTESIAN_POINT('',(-0.0534203063434661,0.0432243441435676,0.0021));
#6240=CARTESIAN_POINT('',(-0.0538374361212979,0.0419644056088186,0.0021));
#6241=CARTESIAN_POINT('',(-0.0538374361212979,0.0419644056088186,0.0021));
#6242=CARTESIAN_POINT('',(-0.0658,0.0332336407542229,0.0021));
#6243=CARTESIAN_POINT('',(-0.0504653844357224,0.0219173773432333,0.0021));
#6244=CARTESIAN_POINT('',(-0.0504642026965662,0.0217031515364127,0.0021));
#6245=CARTESIAN_POINT('',(-0.0504642025968228,0.0217031334549149,0.00210000025));
#6246=CARTESIAN_POINT('',(-0.0504653844357224,0.0219173773432333,0.0021));
#6247=CARTESIAN_POINT('',(-0.0506213197653072,0.0217704289244169,0.0021));
#6248=CARTESIAN_POINT('',(-0.0506213174120039,0.0217704266862204,0.0021));
#6249=CARTESIAN_POINT('',(-0.0497941729771122,0.0217031515364127,0.0021));
#6250=CARTESIAN_POINT('',(-0.0491241432576582,0.0217031515364127,0.0021));
#6251=CARTESIAN_POINT('',(-0.0491241433038889,0.0217031451594092,0.0021));
#6252=CARTESIAN_POINT('',(-0.0497941729771122,0.0217031515364127,0.0021));
#6253=CARTESIAN_POINT('',(-0.0491225851954593,0.0219180687062798,0.0021));
#6254=CARTESIAN_POINT('',(-0.0489661189839119,0.0217707064836226,0.0021));
#6255=CARTESIAN_POINT('',(-0.0489661189839119,0.0217707064836226,0.0021));
#6256=CARTESIAN_POINT('',(-0.0491225851954593,0.0219180687062798,0.0021));
#6257=CARTESIAN_POINT('',(-0.0491150835577151,0.0219267905558116,0.0021));
#6258=CARTESIAN_POINT('',(-0.0488993630668487,0.0219279317272222,0.0021));
#6259=CARTESIAN_POINT('',(-0.0488993559964753,0.0219279320888717,0.0021));
#6260=CARTESIAN_POINT('',(-0.0491150835577151,0.0219267905558116,0.0021));
#6261=CARTESIAN_POINT('',(-0.0491080925557571,0.0219300777263618,0.0021));
#6262=CARTESIAN_POINT('',(-0.0489661812879523,0.0220834303523712,0.0021));
#6263=CARTESIAN_POINT('',(-0.0489662568866246,0.0220833488054743,0.0021));
#6264=CARTESIAN_POINT('',(-0.0491080925557571,0.0219300777263618,0.0021));
#6265=CARTESIAN_POINT('',(-0.0491218708040107,0.02192991020737,0.0021));
#6266=CARTESIAN_POINT('',(-0.0491241432576582,0.0221484010650573,0.0021));
#6267=CARTESIAN_POINT('',(-0.0491241430645777,0.0221483825008381,0.00210000025));
#6268=CARTESIAN_POINT('',(-0.0491218708040107,0.02192991020737,0.0021));
#6269=CARTESIAN_POINT('',(-0.0496128092341166,0.0221484010650573,0.0021));
#6270=CARTESIAN_POINT('',(-0.050101475210575,0.0221484010650573,0.0021));
#6271=CARTESIAN_POINT('',(-0.0501014984710712,0.0221485667662007,0.0021));
#6272=CARTESIAN_POINT('',(-0.0496128092341166,0.0221484010650573,0.0021));
#6273=CARTESIAN_POINT('',(-0.0501057930884381,0.0221791603958855,0.0021));
#6274=CARTESIAN_POINT('',(-0.0501365778705097,0.0221841195611311,0.0021));
#6275=CARTESIAN_POINT('',(-0.0501363980283216,0.0221840789875546,0.00210000012));
#6276=CARTESIAN_POINT('',(-0.0501057930884381,0.0221791603958855,0.0021));
#6277=CARTESIAN_POINT('',(-0.0501365778705097,0.0225782546902217,0.0021));
#6278=CARTESIAN_POINT('',(-0.0501365778705097,0.0229723898193123,0.0021));
#6279=CARTESIAN_POINT('',(-0.0501363840673706,0.0229724190571626,0.0021));
#6280=CARTESIAN_POINT('',(-0.0501365778705097,0.0225782546902217,0.0021));
#6281=CARTESIAN_POINT('',(-0.0501060767249342,0.0229769913336714,0.0021));
#6282=CARTESIAN_POINT('',(-0.050101475210575,0.0230074924792469,0.0021));
#6283=CARTESIAN_POINT('',(-0.0501015079673304,0.0230073374359531,0.00210000012));
#6284=CARTESIAN_POINT('',(-0.0501060767249342,0.0229769913336714,0.0021));
#6285=CARTESIAN_POINT('',(-0.0496460643856336,0.0230074924792469,0.0021));
#6286=CARTESIAN_POINT('',(-0.0491906535606922,0.0230074924792469,0.0021));
#6287=CARTESIAN_POINT('',(-0.0491906499159874,0.0230076233791513,0.0021));
#6288=CARTESIAN_POINT('',(-0.0496460643856336,0.0230074924792469,0.0021));
#6289=CARTESIAN_POINT('',(-0.049184950770493,0.0232123087061688,0.0021));
#6290=CARTESIAN_POINT('',(-0.049039157870448,0.0230687681750978,0.0021));
#6291=CARTESIAN_POINT('',(-0.0490391811401008,0.023068792971443,0.0021));
#6292=CARTESIAN_POINT('',(-0.049184950770493,0.0232123087061688,0.0021));
#6293=CARTESIAN_POINT('',(-0.0491796609841935,0.0232131921617821,0.0021));
#6294=CARTESIAN_POINT('',(-0.0489781900926668,0.0232165688485068,0.0021));
#6295=CARTESIAN_POINT('',(-0.04897824617997,0.0232165679412596,0.0021));
#6296=CARTESIAN_POINT('',(-0.0491796609841935,0.0232131921617821,0.0021));
#6297=CARTESIAN_POINT('',(-0.0491858230601572,0.0232190992107294,0.0021));
#6298=CARTESIAN_POINT('',(-0.049039157870448,0.0233662170303333,0.0021));
#6299=CARTESIAN_POINT('',(-0.0490392093770656,0.0233661643174416,0.0021));
#6300=CARTESIAN_POINT('',(-0.0491858230601572,0.0232190992107294,0.0021));
#6301=CARTESIAN_POINT('',(-0.0491855182790045,0.0232276449895437,0.0021));
#6302=CARTESIAN_POINT('',(-0.0491906535606922,0.0234293402346017,0.0021));
#6303=CARTESIAN_POINT('',(-0.0491906507056352,0.0234292280983131,0.00210000025));
#6304=CARTESIAN_POINT('',(-0.0491855182790045,0.0232276449895437,0.0021));
#6305=CARTESIAN_POINT('',(-0.0496460643856336,0.0234293402346017,0.0021));
#6306=CARTESIAN_POINT('',(-0.050101475210575,0.0234293402346017,0.0021));
#6307=CARTESIAN_POINT('',(-0.0501014984710712,0.0234295059357452,0.0021));
#6308=CARTESIAN_POINT('',(-0.0496460643856336,0.0234293402346017,0.0021));
#6309=CARTESIAN_POINT('',(-0.0501057930884381,0.02346009956543,0.0021));
#6310=CARTESIAN_POINT('',(-0.0501365778705097,0.0234650587306756,0.0021));
#6311=CARTESIAN_POINT('',(-0.0501363980283216,0.0234650181570991,0.00210000012));
#6312=CARTESIAN_POINT('',(-0.0501057930884381,0.02346009956543,0.0021));
#6313=CARTESIAN_POINT('',(-0.0501365778705097,0.0237822143423657,0.0021));
#6314=CARTESIAN_POINT('',(-0.0501365778705097,0.0240993699540558,0.0021));
#6315=CARTESIAN_POINT('',(-0.0501363530692251,0.0240994061676212,0.0021));
#6316=CARTESIAN_POINT('',(-0.0501365778705097,0.0237822143423657,0.0021));
#6317=CARTESIAN_POINT('',(-0.0501057930884381,0.0241043291193013,0.0021));
#6318=CARTESIAN_POINT('',(-0.050101475210575,0.0241350884501296,0.0021));
#6319=CARTESIAN_POINT('',(-0.0501014984710712,0.0241349227489862,0.00210000025));
#6320=CARTESIAN_POINT('',(-0.0501057930884381,0.0241043291193013,0.0021));
#6321=CARTESIAN_POINT('',(-0.0496128092341166,0.0241350884501296,0.0021));
#6322=CARTESIAN_POINT('',(-0.0491241432576582,0.0241350884501296,0.0021));
#6323=CARTESIAN_POINT('',(-0.0491241430645777,0.0241351070143488,0.0021));
#6324=CARTESIAN_POINT('',(-0.0496128092341166,0.0241350884501296,0.0021));
#6325=CARTESIAN_POINT('',(-0.0491218708040089,0.0243535793078123,0.0021));
#6326=CARTESIAN_POINT('',(-0.0489661812879523,0.0242000591628156,0.0021));
#6327=CARTESIAN_POINT('',(-0.0489662596775731,0.0242001387622308,0.0021));
#6328=CARTESIAN_POINT('',(-0.0491218708040089,0.0243535793078123,0.0021));
#6329=CARTESIAN_POINT('',(-0.049108092555757,0.024353411788825,0.0021));
#6330=CARTESIAN_POINT('',(-0.0488993630668487,0.0243555577879646,0.0021));
#6331=CARTESIAN_POINT('',(-0.0488993559984382,0.0243555574812713,0.0021));
#6332=CARTESIAN_POINT('',(-0.049108092555757,0.024353411788825,0.0021));
#6333=CARTESIAN_POINT('',(-0.0491150835577152,0.0243566989593752,0.0021));
#6334=CARTESIAN_POINT('',(-0.0489661189839119,0.0245127830315643,0.0021));
#6335=CARTESIAN_POINT('',(-0.048966118983912,0.0245127830315643,0.0021));
#6336=CARTESIAN_POINT('',(-0.0491150835577152,0.0243566989593752,0.0021));
#6337=CARTESIAN_POINT('',(-0.0491225851954594,0.0243654208089071,0.0021));
#6338=CARTESIAN_POINT('',(-0.0491241432576582,0.0245803379787741,0.0021));
#6339=CARTESIAN_POINT('',(-0.0491241433038889,0.0245803443557776,0.00210000025));
#6340=CARTESIAN_POINT('',(-0.0491225851954594,0.0243654208089071,0.0021));
#6341=CARTESIAN_POINT('',(-0.0497941729771122,0.0245803379787741,0.0021));
#6342=CARTESIAN_POINT('',(-0.0504642026965662,0.0245803379787741,0.0021));
#6343=CARTESIAN_POINT('',(-0.0504642025968228,0.024580356060272,0.0021));
#6344=CARTESIAN_POINT('',(-0.0497941729771122,0.0245803379787741,0.0021));
#6345=CARTESIAN_POINT('',(-0.0504653844357224,0.0243661121719536,0.0021));
#6346=CARTESIAN_POINT('',(-0.0506213174119918,0.0245130628289794,0.0021));
#6347=CARTESIAN_POINT('',(-0.0506213197652956,0.0245130605907822,0.0021));
#6348=CARTESIAN_POINT('',(-0.0504653844357224,0.0243661121719536,0.0021));
#6349=CARTESIAN_POINT('',(-0.05047264656037,0.0243566989593752,0.0021));
#6350=CARTESIAN_POINT('',(-0.0506883670512365,0.0243555577879646,0.0021));
#6351=CARTESIAN_POINT('',(-0.0506883856488613,0.0243555576895823,0.00210000025));
#6352=CARTESIAN_POINT('',(-0.05047264656037,0.0243566989593752,0.0021));
#6353=CARTESIAN_POINT('',(-0.0506883670512365,0.0231417447575935,0.0021));
#6354=CARTESIAN_POINT('',(-0.0506883670512365,0.0219279317272222,0.0021));
#6355=CARTESIAN_POINT('',(-0.0506883856488612,0.0219279318256045,0.0021));
#6356=CARTESIAN_POINT('',(-0.0506883670512365,0.0231417447575935,0.0021));
#6357=CARTESIAN_POINT('',(-0.0504726465603811,0.0219267905558079,0.0021));
#6358=CARTESIAN_POINT('',(-0.0504726465603811,0.0219267905558079,0.0021));
#6359=CARTESIAN_POINT('',(-0.0658,0.0332336407542229,0.0021));
#6360=CARTESIAN_POINT('',(-0.047141150889421,0.0216637380235036,0.0021));
#6361=CARTESIAN_POINT('',(-0.047141150889421,0.0216637380235036,0.0025));
#6362=CARTESIAN_POINT('',(-0.0475562244472446,0.0216637380235036,0.0021));
#6363=CARTESIAN_POINT('',(-0.0475562244472446,0.0216637380235036,0.0025));
#6364=CARTESIAN_POINT('',(-0.0478852862242927,0.0217918319404581,0.0021));
#6365=CARTESIAN_POINT('',(-0.0478852862242927,0.0217918319404581,0.0025));
#6366=CARTESIAN_POINT('',(-0.0481283362205652,0.022048019774367,0.0021));
#6367=CARTESIAN_POINT('',(-0.0481283362205652,0.022048019774367,0.0025));
#6368=CARTESIAN_POINT('',(-0.047141150889421,0.0216637380235036,0.0021));
#6369=CARTESIAN_POINT('',(-0.047141150889421,0.0216637380235036,0.0021));
#6370=CARTESIAN_POINT('',(-0.047141150889421,0.0216637380235036,0.0021));
#6371=CARTESIAN_POINT('',(-0.0477637612261564,0.0216637380235036,0.0021));
#6372=CARTESIAN_POINT('',(-0.0481283362205652,0.022048019774367,0.0021));
#6373=CARTESIAN_POINT('',(-0.0481283362205652,0.022048019774367,0.0021));
#6374=CARTESIAN_POINT('',(-0.0481283362205652,0.022048019774367,0.0021));
#6375=CARTESIAN_POINT('',(-0.0471152477449366,0.0245862149411647,0.0021));
#6376=CARTESIAN_POINT('',(-0.0466404761082481,0.0217031515364127,0.0021));
#6377=CARTESIAN_POINT('',(-0.0466404570793683,0.0217030574393105,0.0021));
#6378=CARTESIAN_POINT('',(-0.0471152477449366,0.0245862149411647,0.0021));
#6379=CARTESIAN_POINT('',(-0.0466757052042381,0.0219477038317157,0.0021));
#6380=CARTESIAN_POINT('',(-0.0464809745481943,0.0217958348753629,0.0021));
#6381=CARTESIAN_POINT('',(-0.0464809980799683,0.0217958535087316,0.0021));
#6382=CARTESIAN_POINT('',(-0.0466757052042381,0.0219477038317157,0.0021));
#6383=CARTESIAN_POINT('',(-0.0466933365746627,0.0219678879872788,0.0021));
#6384=CARTESIAN_POINT('',(-0.0464200067704131,0.0219710402569665,0.0021));
#6385=CARTESIAN_POINT('',(-0.0464200543484899,0.021971039708256,0.00210000025));
#6386=CARTESIAN_POINT('',(-0.0466933365746627,0.0219678879872788,0.0021));
#6387=CARTESIAN_POINT('',(-0.0464200067704131,0.0219848965700985,0.0021));
#6388=CARTESIAN_POINT('',(-0.0464200067704131,0.0219987528832307,0.0021));
#6389=CARTESIAN_POINT('',(-0.0464200794467289,0.0219987548811989,0.0021));
#6390=CARTESIAN_POINT('',(-0.0464200067704131,0.0219848965700985,0.0021));
#6391=CARTESIAN_POINT('',(-0.0465689389398073,0.0220028472260662,0.0021));
#6392=CARTESIAN_POINT('',(-0.0464887692918899,0.0221282548627273,0.0021));
#6393=CARTESIAN_POINT('',(-0.0464887692918898,0.0221282548627271,0.0021));
#6394=CARTESIAN_POINT('',(-0.0465689389398073,0.0220028472260662,0.0021));
#6395=CARTESIAN_POINT('',(-0.0465921913946852,0.0219874638807617,0.0021));
#6396=CARTESIAN_POINT('',(-0.0466367810914129,0.0221564069348669,0.0021));
#6397=CARTESIAN_POINT('',(-0.0466366964132146,0.0221560408575518,0.0021));
#6398=CARTESIAN_POINT('',(-0.0465921913946852,0.0219874638807617,0.0021));
#6399=CARTESIAN_POINT('',(-0.0470465010557728,0.0239448927470709,0.0021));
#6400=CARTESIAN_POINT('',(-0.0470820306200574,0.0221089875521482,0.0021));
#6401=CARTESIAN_POINT('',(-0.0470820306200574,0.0221089875521482,0.0021));
#6402=CARTESIAN_POINT('',(-0.0470465010557728,0.0239448927470709,0.0021));
#6403=CARTESIAN_POINT('',(-0.0476987905134703,0.0223790316991892,0.0021));
#6404=CARTESIAN_POINT('',(-0.0476987905134703,0.0223790316991892,0.0025));
#6405=CARTESIAN_POINT('',(-0.0475450367573824,0.0221990022678285,0.0021));
#6406=CARTESIAN_POINT('',(-0.0475450367573824,0.0221990022678285,0.0025));
#6407=CARTESIAN_POINT('',(-0.0473394501262447,0.0221089875521482,0.0021));
#6408=CARTESIAN_POINT('',(-0.0473394501262447,0.0221089875521482,0.0025));
#6409=CARTESIAN_POINT('',(-0.0470820306200574,0.0221089875521482,0.0021));
#6410=CARTESIAN_POINT('',(-0.0470820306200574,0.0221089875521482,0.0025));
#6411=CARTESIAN_POINT('',(-0.0476987905134703,0.0223790316991892,0.0021));
#6412=CARTESIAN_POINT('',(-0.0476987905134703,0.0223790316991892,0.0021));
#6413=CARTESIAN_POINT('',(-0.0476987905134703,0.0223790316991892,0.0021));
#6414=CARTESIAN_POINT('',(-0.0474681598793384,0.0221089875521482,0.0021));
#6415=CARTESIAN_POINT('',(-0.0470820306200574,0.0221089875521482,0.0021));
#6416=CARTESIAN_POINT('',(-0.0479294211476022,0.0231417447575935,0.0021));
#6417=CARTESIAN_POINT('',(-0.0479294211476022,0.0231417447575935,0.0025));
#6418=CARTESIAN_POINT('',(-0.0479294211476022,0.0228132988166846,0.0021));
#6419=CARTESIAN_POINT('',(-0.0479294211476022,0.0228132988166846,0.0025));
#6420=CARTESIAN_POINT('',(-0.0478525442695582,0.0225590611305498,0.0021));
#6421=CARTESIAN_POINT('',(-0.0478525442695582,0.0225590611305498,0.0025));
#6422=CARTESIAN_POINT('',(-0.0476987905134703,0.0223790316991892,0.0021));
#6423=CARTESIAN_POINT('',(-0.0476987905134703,0.0223790316991892,0.0025));
#6424=CARTESIAN_POINT('',(-0.0479294211476022,0.0231417447575935,0.0021));
#6425=CARTESIAN_POINT('',(-0.0479294211476022,0.0231417447575935,0.0021));
#6426=CARTESIAN_POINT('',(-0.0479294211476022,0.0231417447575935,0.0021));
#6427=CARTESIAN_POINT('',(-0.0479294211476022,0.0226490758462302,0.0021));
#6428=CARTESIAN_POINT('',(-0.0476987905134703,0.0223790316991892,0.0021));
#6429=CARTESIAN_POINT('',(-0.04770679638328,0.0239063053244153,0.0021));
#6430=CARTESIAN_POINT('',(-0.04770679638328,0.0239063053244153,0.0025));
#6431=CARTESIAN_POINT('',(-0.0478552128928281,0.023727507565333,0.0021));
#6432=CARTESIAN_POINT('',(-0.0478552128928281,0.023727507565333,0.0025));
#6433=CARTESIAN_POINT('',(-0.0479294211476022,0.0234726540430591,0.0021));
#6434=CARTESIAN_POINT('',(-0.0479294211476022,0.0234726540430591,0.0025));
#6435=CARTESIAN_POINT('',(-0.0479294211476022,0.0231417447575935,0.0021));
#6436=CARTESIAN_POINT('',(-0.0479294211476022,0.0231417447575935,0.0025));
#6437=CARTESIAN_POINT('',(-0.04770679638328,0.0239063053244153,0.0021));
#6438=CARTESIAN_POINT('',(-0.04770679638328,0.0239063053244153,0.0021));
#6439=CARTESIAN_POINT('',(-0.04770679638328,0.0239063053244153,0.0021));
#6440=CARTESIAN_POINT('',(-0.0479294211476022,0.0236381086857919,0.0021));
#6441=CARTESIAN_POINT('',(-0.0479294211476022,0.0231417447575935,0.0021));
#6442=CARTESIAN_POINT('',(-0.0470937315067023,0.0241745019630386,0.0021));
#6443=CARTESIAN_POINT('',(-0.0470937315067023,0.0241745019630386,0.0025));
#6444=CARTESIAN_POINT('',(-0.0473540249148726,0.0241745019630386,0.0021));
#6445=CARTESIAN_POINT('',(-0.0473540249148726,0.0241745019630386,0.0025));
#6446=CARTESIAN_POINT('',(-0.0475583798737318,0.0240851030834975,0.0021));
#6447=CARTESIAN_POINT('',(-0.0475583798737318,0.0240851030834975,0.0025));
#6448=CARTESIAN_POINT('',(-0.04770679638328,0.0239063053244153,0.0021));
#6449=CARTESIAN_POINT('',(-0.04770679638328,0.0239063053244153,0.0025));
#6450=CARTESIAN_POINT('',(-0.0470937315067023,0.0241745019630386,0.0021));
#6451=CARTESIAN_POINT('',(-0.0470937315067023,0.0241745019630386,0.0021));
#6452=CARTESIAN_POINT('',(-0.0470937315067023,0.0241745019630386,0.0021));
#6453=CARTESIAN_POINT('',(-0.0474841716189577,0.0241745019630386,0.0021));
#6454=CARTESIAN_POINT('',(-0.04770679638328,0.0239063053244153,0.0021));
#6455=CARTESIAN_POINT('',(-0.0470713530478962,0.0224707456374283,0.0021));
#6456=CARTESIAN_POINT('',(-0.0466601828647026,0.0241233875634847,0.0021));
#6457=CARTESIAN_POINT('',(-0.0466601300970941,0.024123604769308,0.0021));
#6458=CARTESIAN_POINT('',(-0.0470713530478962,0.0224707456374283,0.0021));
#6459=CARTESIAN_POINT('',(-0.0466153828138747,0.0242928748572045,0.0021));
#6460=CARTESIAN_POINT('',(-0.0465124849351305,0.0241509905713697,0.0021));
#6461=CARTESIAN_POINT('',(-0.0465124876232254,0.0241509886222875,0.0021));
#6462=CARTESIAN_POINT('',(-0.0466153828138747,0.0242928748572045,0.0021));
#6463=CARTESIAN_POINT('',(-0.0465921504390163,0.0242764631528498,0.0021));
#6464=CARTESIAN_POINT('',(-0.0464434085437028,0.024281041615121,0.0021));
#6465=CARTESIAN_POINT('',(-0.0464435012120603,0.0242810387626726,0.00210000025));
#6466=CARTESIAN_POINT('',(-0.0465921504390163,0.0242764631528498,0.0021));
#6467=CARTESIAN_POINT('',(-0.0464434085437028,0.0242967454366707,0.0021));
#6468=CARTESIAN_POINT('',(-0.0464434085437028,0.0243124492582204,0.0021));
#6469=CARTESIAN_POINT('',(-0.0464434107611483,0.0243124492701071,0.0021));
#6470=CARTESIAN_POINT('',(-0.0464434085437028,0.0242967454366707,0.0021));
#6471=CARTESIAN_POINT('',(-0.0467193272484239,0.0243139283357745,0.0021));
#6472=CARTESIAN_POINT('',(-0.0465065317479712,0.0244898100663112,0.0021));
#6473=CARTESIAN_POINT('',(-0.0465066358158342,0.0244897271475205,0.0021));
#6474=CARTESIAN_POINT('',(-0.0467193272484239,0.0243139283357745,0.0021));
#6475=CARTESIAN_POINT('',(-0.0467036431996096,0.024339749575325,0.0021));
#6476=CARTESIAN_POINT('',(-0.0466644937176771,0.0245840329956094,0.0021));
#6477=CARTESIAN_POINT('',(-0.0466644378282231,0.0245843865451142,0.0021));
#6478=CARTESIAN_POINT('',(-0.0467036431996096,0.024339749575325,0.0021));
#6479=CARTESIAN_POINT('',(-0.0471076032404487,0.0217754194117858,0.0021));
#6480=CARTESIAN_POINT('',(-0.0471528517760659,0.0246197514916832,0.0021));
#6481=CARTESIAN_POINT('',(-0.0471528517760659,0.0246197514916832,0.0021));
#6482=CARTESIAN_POINT('',(-0.0471076032404487,0.0217754194117858,0.0021));
#6483=CARTESIAN_POINT('',(-0.0481403450252796,0.0242314668059151,0.0021));
#6484=CARTESIAN_POINT('',(-0.0481403450252796,0.0242314668059151,0.0025));
#6485=CARTESIAN_POINT('',(-0.0479053008988167,0.0244903232630938,0.0021));
#6486=CARTESIAN_POINT('',(-0.0479053008988167,0.0244903232630938,0.0025));
#6487=CARTESIAN_POINT('',(-0.0475761364824122,0.0246197514916832,0.0021));
#6488=CARTESIAN_POINT('',(-0.0475761364824122,0.0246197514916832,0.0025));
#6489=CARTESIAN_POINT('',(-0.0471528517760659,0.0246197514916832,0.0021));
#6490=CARTESIAN_POINT('',(-0.0471528517760659,0.0246197514916832,0.0025));
#6491=CARTESIAN_POINT('',(-0.0481403450252796,0.0242314668059151,0.0021));
#6492=CARTESIAN_POINT('',(-0.0481403450252796,0.0242314668059151,0.0021));
#6493=CARTESIAN_POINT('',(-0.0481403450252796,0.0242314668059151,0.0021));
#6494=CARTESIAN_POINT('',(-0.0477877788355853,0.0246197514916832,0.0021));
#6495=CARTESIAN_POINT('',(-0.0471528517760659,0.0246197514916832,0.0021));
#6496=CARTESIAN_POINT('',(-0.048492911214974,0.0231417447575935,0.0021));
#6497=CARTESIAN_POINT('',(-0.048492911214974,0.0231417447575935,0.0025));
#6498=CARTESIAN_POINT('',(-0.048492911214974,0.0236093696659624,0.0021));
#6499=CARTESIAN_POINT('',(-0.048492911214974,0.0236093696659624,0.0025));
#6500=CARTESIAN_POINT('',(-0.0483753891517425,0.0239726103487363,0.0021));
#6501=CARTESIAN_POINT('',(-0.0483753891517425,0.0239726103487363,0.0025));
#6502=CARTESIAN_POINT('',(-0.0481403450252796,0.0242314668059151,0.0021));
#6503=CARTESIAN_POINT('',(-0.0481403450252796,0.0242314668059151,0.0025));
#6504=CARTESIAN_POINT('',(-0.048492911214974,0.0231417447575935,0.0021));
#6505=CARTESIAN_POINT('',(-0.048492911214974,0.0231417447575935,0.0021));
#6506=CARTESIAN_POINT('',(-0.048492911214974,0.0231417447575935,0.0021));
#6507=CARTESIAN_POINT('',(-0.048492911214974,0.0238431821201469,0.0021));
#6508=CARTESIAN_POINT('',(-0.0481403450252796,0.0242314668059151,0.0021));
#6509=CARTESIAN_POINT('',(-0.0481283362205652,0.022048019774367,0.0021));
#6510=CARTESIAN_POINT('',(-0.0481283362205652,0.022048019774367,0.0025));
#6511=CARTESIAN_POINT('',(-0.0483713862168377,0.0223042076082759,0.0021));
#6512=CARTESIAN_POINT('',(-0.0483713862168377,0.0223042076082759,0.0025));
#6513=CARTESIAN_POINT('',(-0.048492911214974,0.0226687826026847,0.0021));
#6514=CARTESIAN_POINT('',(-0.048492911214974,0.0226687826026847,0.0025));
#6515=CARTESIAN_POINT('',(-0.048492911214974,0.0231417447575935,0.0021));
#6516=CARTESIAN_POINT('',(-0.048492911214974,0.0231417447575935,0.0025));
#6517=CARTESIAN_POINT('',(-0.0481283362205652,0.022048019774367,0.0021));
#6518=CARTESIAN_POINT('',(-0.048492911214974,0.0224323015252304,0.0021));
#6519=CARTESIAN_POINT('',(-0.048492911214974,0.0231417447575935,0.0021));
#6520=CARTESIAN_POINT('',(-0.0658,0.0332336407542229,0.0021));
#6521=CARTESIAN_POINT('',(-0.0456927593216436,0.0243411553962229,0.0021));
#6522=CARTESIAN_POINT('',(-0.0456908567815954,0.0241233875634847,0.0021));
#6523=CARTESIAN_POINT('',(-0.0456908568447849,0.0241233947962607,0.00210000025));
#6524=CARTESIAN_POINT('',(-0.0456927593216436,0.0243411553962229,0.0021));
#6525=CARTESIAN_POINT('',(-0.045848309613869,0.0241887603349927,0.0021));
#6526=CARTESIAN_POINT('',(-0.045848309613869,0.0241887603349927,0.0021));
#6527=CARTESIAN_POINT('',(-0.0454266630778769,0.0241233875634847,0.0021));
#6528=CARTESIAN_POINT('',(-0.0451632794715588,0.0241233875634847,0.0021));
#6529=CARTESIAN_POINT('',(-0.0451632794715588,0.0241233875634847,0.0021));
#6530=CARTESIAN_POINT('',(-0.0454266630778769,0.0241233875634847,0.0021));
#6531=CARTESIAN_POINT('',(-0.0451604997405971,0.0240941498911567,0.0021));
#6532=CARTESIAN_POINT('',(-0.0451310617310589,0.0240876690674109,0.0021));
#6533=CARTESIAN_POINT('',(-0.0451314394051321,0.0240877522129476,0.00210000025));
#6534=CARTESIAN_POINT('',(-0.0451604997405971,0.0240941498911567,0.0021));
#6535=CARTESIAN_POINT('',(-0.0451310617310589,0.0230078003973165,0.0021));
#6536=CARTESIAN_POINT('',(-0.0451310617310589,0.0219279317272222,0.0021));
#6537=CARTESIAN_POINT('',(-0.0451310840579573,0.0219279318347379,0.0021));
#6538=CARTESIAN_POINT('',(-0.0451310617310589,0.0230078003973165,0.0021));
#6539=CARTESIAN_POINT('',(-0.0449158297694656,0.0219268952724779,0.0021));
#6540=CARTESIAN_POINT('',(-0.0450637450037561,0.0217704791818145,0.0021));
#6541=CARTESIAN_POINT('',(-0.0450637426159403,0.0217704766564963,0.0021));
#6542=CARTESIAN_POINT('',(-0.0449158297694656,0.0219268952724779,0.0021));
#6543=CARTESIAN_POINT('',(-0.0449073179949892,0.0219183834980181,0.0021));
#6544=CARTESIAN_POINT('',(-0.0449062815402494,0.0217031515364127,0.0021));
#6545=CARTESIAN_POINT('',(-0.0449062814327337,0.0217031292095141,0.00210000025));
#6546=CARTESIAN_POINT('',(-0.0449073179949892,0.0219183834980181,0.0021));
#6547=CARTESIAN_POINT('',(-0.0448511642057907,0.0217031515364127,0.0021));
#6548=CARTESIAN_POINT('',(-0.0447960468713319,0.0217031515364127,0.0021));
#6549=CARTESIAN_POINT('',(-0.0447960469788476,0.0217031292095143,0.0021));
#6550=CARTESIAN_POINT('',(-0.0448511642057907,0.0217031515364127,0.0021));
#6551=CARTESIAN_POINT('',(-0.0447950104165879,0.0219183834980059,0.0021));
#6552=CARTESIAN_POINT('',(-0.0446385943259249,0.0217704682637164,0.0021));
#6553=CARTESIAN_POINT('',(-0.0446385918006013,0.0217704706515373,0.0021));
#6554=CARTESIAN_POINT('',(-0.0447950104165879,0.0219183834980059,0.0021));
#6555=CARTESIAN_POINT('',(-0.0447864986421156,0.0219268952724783,0.0021));
#6556=CARTESIAN_POINT('',(-0.0445712666805224,0.0219279317272222,0.0021));
#6557=CARTESIAN_POINT('',(-0.044571244353624,0.0219279318347379,0.00210000025));
#6558=CARTESIAN_POINT('',(-0.0447864986421156,0.0219268952724783,0.0021));
#6559=CARTESIAN_POINT('',(-0.0445712666805224,0.0230078003973165,0.0021));
#6560=CARTESIAN_POINT('',(-0.0445712666805224,0.0240876690674109,0.0021));
#6561=CARTESIAN_POINT('',(-0.0445708890064492,0.0240877522129476,0.0021));
#6562=CARTESIAN_POINT('',(-0.0445712666805224,0.0230078003973165,0.0021));
#6563=CARTESIAN_POINT('',(-0.0445418286709842,0.0240941498911567,0.0021));
#6564=CARTESIAN_POINT('',(-0.0445390489400225,0.0241233875634847,0.0021));
#6565=CARTESIAN_POINT('',(-0.0445390489400225,0.0241233875634847,0.0021));
#6566=CARTESIAN_POINT('',(-0.0445418286709842,0.0240941498911567,0.0021));
#6567=CARTESIAN_POINT('',(-0.0442756653337045,0.0241233875634847,0.0021));
#6568=CARTESIAN_POINT('',(-0.0440114716299859,0.0241233875634847,0.0021));
#6569=CARTESIAN_POINT('',(-0.0440114716061033,0.0241233905363116,0.0021));
#6570=CARTESIAN_POINT('',(-0.0442756653337045,0.0241233875634847,0.0021));
#6571=CARTESIAN_POINT('',(-0.0440097138529843,0.0243421902551971,0.0021));
#6572=CARTESIAN_POINT('',(-0.0438536743572908,0.0241888058313409,0.0021));
#6573=CARTESIAN_POINT('',(-0.0438536743572908,0.0241888058313409,0.0021));
#6574=CARTESIAN_POINT('',(-0.0440097138529843,0.0243421902551971,0.0021));
#6575=CARTESIAN_POINT('',(-0.0439949599011866,0.0243418150967272,0.0021));
#6576=CARTESIAN_POINT('',(-0.0437866914391764,0.0243438569013198,0.0021));
#6577=CARTESIAN_POINT('',(-0.0437866992183731,0.0243438568250548,0.00210000025));
#6578=CARTESIAN_POINT('',(-0.0439949599011866,0.0243418150967272,0.0021));
#6579=CARTESIAN_POINT('',(-0.0437866914391764,0.0243497073446423,0.0021));
#6580=CARTESIAN_POINT('',(-0.0437866914391764,0.0243555577879646,0.0021));
#6581=CARTESIAN_POINT('',(-0.0437866691122778,0.0243555576804489,0.0021));
#6582=CARTESIAN_POINT('',(-0.0437866914391764,0.0243497073446423,0.0021));
#6583=CARTESIAN_POINT('',(-0.0440019234007816,0.0243565942427045,0.0021));
#6584=CARTESIAN_POINT('',(-0.0438540081664793,0.0245130103333724,0.0021));
#6585=CARTESIAN_POINT('',(-0.0438540105543002,0.0245130128586959,0.0021));
#6586=CARTESIAN_POINT('',(-0.0440019234007816,0.0243565942427045,0.0021));
#6587=CARTESIAN_POINT('',(-0.044010435175246,0.0243651060171689,0.0021));
#6588=CARTESIAN_POINT('',(-0.0440114716299859,0.0245803379787741,0.0021));
#6589=CARTESIAN_POINT('',(-0.0440114717375016,0.0245803603056727,0.00210000025));
#6590=CARTESIAN_POINT('',(-0.044010435175246,0.0243651060171689,0.0021));
#6591=CARTESIAN_POINT('',(-0.0448511642057907,0.0245803379787741,0.0021));
#6592=CARTESIAN_POINT('',(-0.0456908567815954,0.0245803379787741,0.0021));
#6593=CARTESIAN_POINT('',(-0.045690856681852,0.0245803560602718,0.0021));
#6594=CARTESIAN_POINT('',(-0.0448511642057907,0.0245803379787741,0.0021));
#6595=CARTESIAN_POINT('',(-0.0456920385207558,0.024366112171965,0.0021));
#6596=CARTESIAN_POINT('',(-0.0458479714970215,0.0245130628289775,0.0021));
#6597=CARTESIAN_POINT('',(-0.0458479738503253,0.0245130605907804,0.0021));
#6598=CARTESIAN_POINT('',(-0.0456920385207558,0.024366112171965,0.0021));
#6599=CARTESIAN_POINT('',(-0.0456993006454103,0.024356698959379,0.0021));
#6600=CARTESIAN_POINT('',(-0.0459150211362657,0.0243555577879646,0.0021));
#6601=CARTESIAN_POINT('',(-0.0459150397338904,0.0243555576895823,0.00210000025));
#6602=CARTESIAN_POINT('',(-0.0456993006454103,0.024356698959379,0.0021));
#6603=CARTESIAN_POINT('',(-0.0459150211362657,0.0243497073446423,0.0021));
#6604=CARTESIAN_POINT('',(-0.0459150211362657,0.0243438569013198,0.0021));
#6605=CARTESIAN_POINT('',(-0.0459150096075264,0.02434385678279,0.0021));
#6606=CARTESIAN_POINT('',(-0.0459150211362657,0.0243497073446423,0.0021));
#6607=CARTESIAN_POINT('',(-0.0457062916473572,0.0243417109021802,0.0021));
#6608=CARTESIAN_POINT('',(-0.0457062916473572,0.0243417109021802,0.0021));
#6609=CARTESIAN_POINT('',(-0.0658,0.0332336407542229,0.0021));
#6610=CARTESIAN_POINT('',(-0.0495072656863504,0.0428257376351186,0.0021));
#6611=CARTESIAN_POINT('',(-0.0495072656863504,0.0428257376351186,0.0025));
#6612=CARTESIAN_POINT('',(-0.0495072656863504,0.0430598907583422,0.0021));
#6613=CARTESIAN_POINT('',(-0.0495072656863504,0.0430598907583422,0.0025));
#6614=CARTESIAN_POINT('',(-0.0495420561858963,0.0432574722984253,0.0021));
#6615=CARTESIAN_POINT('',(-0.0495420561858963,0.0432574722984253,0.0025));
#6616=CARTESIAN_POINT('',(-0.0496116371849881,0.0434184822553681,0.0021));
#6617=CARTESIAN_POINT('',(-0.0496116371849881,0.0434184822553681,0.0025));
#6618=CARTESIAN_POINT('',(-0.0495072656863504,0.0428257376351186,0.0025));
#6619=CARTESIAN_POINT('',(-0.0495072656863504,0.0431769673199539,0.0025));
#6620=CARTESIAN_POINT('',(-0.0496116371849881,0.0434184822553681,0.0025));
#6621=CARTESIAN_POINT('',(-0.0495072656863504,0.0428257376351186,0.0025));
#6622=CARTESIAN_POINT('',(-0.0496116371849881,0.0434184822553681,0.0025));
#6623=CARTESIAN_POINT('',(-0.0495072656863504,0.0428257376351186,0.0021));
#6624=CARTESIAN_POINT('',(-0.0495072656863504,0.0428257376351186,0.0021));
#6625=CARTESIAN_POINT('',(-0.0495072656863504,0.0428257376351186,0.0021));
#6626=CARTESIAN_POINT('',(-0.0495072656863504,0.0431769673199539,0.0021));
#6627=CARTESIAN_POINT('',(-0.0496116371849881,0.0434184822553681,0.0021));
#6628=CARTESIAN_POINT('',(-0.0496116371849881,0.0434184822553681,0.0021));
#6629=CARTESIAN_POINT('',(-0.0496116371849881,0.0434184822553681,0.0021));
#6630=CARTESIAN_POINT('',(-0.0496116371849881,0.0422333492315881,0.0021));
#6631=CARTESIAN_POINT('',(-0.0496116371849881,0.0422333492315881,0.0025));
#6632=CARTESIAN_POINT('',(-0.0495420561858963,0.0423941217107182,0.0021));
#6633=CARTESIAN_POINT('',(-0.0495420561858963,0.0423941217107182,0.0025));
#6634=CARTESIAN_POINT('',(-0.0495072656863504,0.0425915845118951,0.0021));
#6635=CARTESIAN_POINT('',(-0.0495072656863504,0.0425915845118951,0.0025));
#6636=CARTESIAN_POINT('',(-0.0495072656863504,0.0428257376351186,0.0021));
#6637=CARTESIAN_POINT('',(-0.0495072656863504,0.0428257376351186,0.0025));
#6638=CARTESIAN_POINT('',(-0.0496116371849881,0.0422333492315881,0.0025));
#6639=CARTESIAN_POINT('',(-0.0495072656863504,0.0424745079502833,0.0025));
#6640=CARTESIAN_POINT('',(-0.0495072656863504,0.0428257376351186,0.0025));
#6641=CARTESIAN_POINT('',(-0.0496116371849881,0.0422333492315881,0.0025));
#6642=CARTESIAN_POINT('',(-0.0496116371849881,0.0422333492315881,0.0021));
#6643=CARTESIAN_POINT('',(-0.0496116371849881,0.0422333492315881,0.0021));
#6644=CARTESIAN_POINT('',(-0.0496116371849881,0.0422333492315881,0.0021));
#6645=CARTESIAN_POINT('',(-0.0495072656863504,0.0424745079502833,0.0021));
#6646=CARTESIAN_POINT('',(-0.0495072656863504,0.0428257376351186,0.0021));
#6647=CARTESIAN_POINT('',(-0.0499055159780805,0.0418675146612778,0.0021));
#6648=CARTESIAN_POINT('',(-0.0499055159780805,0.0418675146612778,0.0025));
#6649=CARTESIAN_POINT('',(-0.0497791777817774,0.0419506318956878,0.0021));
#6650=CARTESIAN_POINT('',(-0.0497791777817774,0.0419506318956878,0.0025));
#6651=CARTESIAN_POINT('',(-0.0496812181840799,0.0420725767524579,0.0021));
#6652=CARTESIAN_POINT('',(-0.0496812181840799,0.0420725767524579,0.0025));
#6653=CARTESIAN_POINT('',(-0.0496116371849881,0.0422333492315881,0.0021));
#6654=CARTESIAN_POINT('',(-0.0496116371849881,0.0422333492315881,0.0025));
#6655=CARTESIAN_POINT('',(-0.0499055159780805,0.0418675146612778,0.0025));
#6656=CARTESIAN_POINT('',(-0.0497160086836258,0.0419921905128928,0.0025));
#6657=CARTESIAN_POINT('',(-0.0496116371849881,0.0422333492315881,0.0025));
#6658=CARTESIAN_POINT('',(-0.0499055159780805,0.0418675146612778,0.0025));
#6659=CARTESIAN_POINT('',(-0.0499055159780805,0.0418675146612778,0.0021));
#6660=CARTESIAN_POINT('',(-0.0499055159780805,0.0418675146612778,0.0021));
#6661=CARTESIAN_POINT('',(-0.0499055159780805,0.0418675146612778,0.0021));
#6662=CARTESIAN_POINT('',(-0.0497160086836258,0.0419921905128928,0.0021));
#6663=CARTESIAN_POINT('',(-0.0496116371849881,0.0422333492315881,0.0021));
#6664=CARTESIAN_POINT('',(-0.0503292269886678,0.0425325431285935,0.0021));
#6665=CARTESIAN_POINT('',(-0.0503292269886678,0.0425325431285935,0.0025));
#6666=CARTESIAN_POINT('',(-0.0503495344960372,0.0417436590954354,0.0025));
#6667=CARTESIAN_POINT('',(-0.0503495344960372,0.0417436590954354,0.0021));
#6668=CARTESIAN_POINT('',(-0.0503495344960372,0.0417436590954354,0.0021));
#6669=CARTESIAN_POINT('',(-0.0503292269886678,0.0425325431285935,0.0021));
#6670=CARTESIAN_POINT('',(-0.0503696594511495,0.0425308471441071,0.0021));
#6671=CARTESIAN_POINT('',(-0.0503696594511495,0.0425308471441071,0.0025));
#6672=CARTESIAN_POINT('',(-0.0507928518248602,0.0418675146612778,0.0025));
#6673=CARTESIAN_POINT('',(-0.0507928518248602,0.0418675146612778,0.0021));
#6674=CARTESIAN_POINT('',(-0.0507928518248602,0.0418675146612778,0.0021));
#6675=CARTESIAN_POINT('',(-0.0503696594511495,0.0425308471441071,0.0021));
#6676=CARTESIAN_POINT('',(-0.0510867306179527,0.0422333492315881,0.0021));
#6677=CARTESIAN_POINT('',(-0.0510867306179527,0.0422333492315881,0.0025));
#6678=CARTESIAN_POINT('',(-0.0510169121410483,0.0420725767524579,0.0021));
#6679=CARTESIAN_POINT('',(-0.0510169121410483,0.0420725767524579,0.0025));
#6680=CARTESIAN_POINT('',(-0.0509189525433508,0.0419506318956878,0.0021));
#6681=CARTESIAN_POINT('',(-0.0509189525433508,0.0419506318956878,0.0025));
#6682=CARTESIAN_POINT('',(-0.0507928518248602,0.0418675146612778,0.0021));
#6683=CARTESIAN_POINT('',(-0.0507928518248602,0.0418675146612778,0.0025));
#6684=CARTESIAN_POINT('',(-0.0510867306179527,0.0422333492315881,0.0025));
#6685=CARTESIAN_POINT('',(-0.0509820029025961,0.0419921905128928,0.0025));
#6686=CARTESIAN_POINT('',(-0.0507928518248602,0.0418675146612778,0.0025));
#6687=CARTESIAN_POINT('',(-0.0510867306179527,0.0422333492315881,0.0025));
#6688=CARTESIAN_POINT('',(-0.0510867306179527,0.0422333492315881,0.0021));
#6689=CARTESIAN_POINT('',(-0.0510867306179527,0.0422333492315881,0.0021));
#6690=CARTESIAN_POINT('',(-0.0510867306179527,0.0422333492315881,0.0021));
#6691=CARTESIAN_POINT('',(-0.0509820029025961,0.0419921905128928,0.0021));
#6692=CARTESIAN_POINT('',(-0.0507928518248602,0.0418675146612778,0.0021));
#6693=CARTESIAN_POINT('',(-0.0511914583333093,0.0428257376351186,0.0021));
#6694=CARTESIAN_POINT('',(-0.0511914583333093,0.0428257376351186,0.0025));
#6695=CARTESIAN_POINT('',(-0.0511914583333093,0.0425915845118951,0.0021));
#6696=CARTESIAN_POINT('',(-0.0511914583333093,0.0425915845118951,0.0025));
#6697=CARTESIAN_POINT('',(-0.0511565490948571,0.0423941217107182,0.0021));
#6698=CARTESIAN_POINT('',(-0.0511565490948571,0.0423941217107182,0.0025));
#6699=CARTESIAN_POINT('',(-0.0510867306179527,0.0422333492315881,0.0021));
#6700=CARTESIAN_POINT('',(-0.0510867306179527,0.0422333492315881,0.0025));
#6701=CARTESIAN_POINT('',(-0.0511914583333093,0.0428257376351186,0.0025));
#6702=CARTESIAN_POINT('',(-0.0511914583333093,0.0424745079502833,0.0025));
#6703=CARTESIAN_POINT('',(-0.0510867306179527,0.0422333492315881,0.0025));
#6704=CARTESIAN_POINT('',(-0.0511914583333093,0.0428257376351186,0.0025));
#6705=CARTESIAN_POINT('',(-0.0511914583333093,0.0428257376351186,0.0021));
#6706=CARTESIAN_POINT('',(-0.0511914583333093,0.0428257376351186,0.0021));
#6707=CARTESIAN_POINT('',(-0.0511914583333093,0.0428257376351186,0.0021));
#6708=CARTESIAN_POINT('',(-0.0511914583333093,0.0424745079502833,0.0021));
#6709=CARTESIAN_POINT('',(-0.0510867306179527,0.0422333492315881,0.0021));
#6710=CARTESIAN_POINT('',(-0.0510867306179527,0.0434184822553681,0.0021));
#6711=CARTESIAN_POINT('',(-0.0510867306179527,0.0434184822553681,0.0025));
#6712=CARTESIAN_POINT('',(-0.0511565490948571,0.0432574722984253,0.0021));
#6713=CARTESIAN_POINT('',(-0.0511565490948571,0.0432574722984253,0.0025));
#6714=CARTESIAN_POINT('',(-0.0511914583333093,0.0430598907583422,0.0021));
#6715=CARTESIAN_POINT('',(-0.0511914583333093,0.0430598907583422,0.0025));
#6716=CARTESIAN_POINT('',(-0.0511914583333093,0.0428257376351186,0.0021));
#6717=CARTESIAN_POINT('',(-0.0511914583333093,0.0428257376351186,0.0025));
#6718=CARTESIAN_POINT('',(-0.0510867306179527,0.0434184822553681,0.0025));
#6719=CARTESIAN_POINT('',(-0.0511914583333093,0.0431769673199539,0.0025));
#6720=CARTESIAN_POINT('',(-0.0511914583333093,0.0428257376351186,0.0025));
#6721=CARTESIAN_POINT('',(-0.0510867306179527,0.0434184822553681,0.0025));
#6722=CARTESIAN_POINT('',(-0.0510867306179527,0.0434184822553681,0.0021));
#6723=CARTESIAN_POINT('',(-0.0510867306179527,0.0434184822553681,0.0021));
#6724=CARTESIAN_POINT('',(-0.0510867306179527,0.0434184822553681,0.0021));
#6725=CARTESIAN_POINT('',(-0.0511914583333093,0.0431769673199539,0.0021));
#6726=CARTESIAN_POINT('',(-0.0511914583333093,0.0428257376351186,0.0021));
#6727=CARTESIAN_POINT('',(-0.0507928518248602,0.0437846730423972,0.0021));
#6728=CARTESIAN_POINT('',(-0.0507928518248602,0.0437846730423972,0.0025));
#6729=CARTESIAN_POINT('',(-0.0509189525433508,0.0437015558079872,0.0021));
#6730=CARTESIAN_POINT('',(-0.0509189525433508,0.0437015558079872,0.0025));
#6731=CARTESIAN_POINT('',(-0.0510169121410483,0.0435794922123109,0.0021));
#6732=CARTESIAN_POINT('',(-0.0510169121410483,0.0435794922123109,0.0025));
#6733=CARTESIAN_POINT('',(-0.0510867306179527,0.0434184822553681,0.0021));
#6734=CARTESIAN_POINT('',(-0.0510867306179527,0.0434184822553681,0.0025));
#6735=CARTESIAN_POINT('',(-0.0507928518248602,0.0437846730423972,0.0025));
#6736=CARTESIAN_POINT('',(-0.0509820029025961,0.0436599971907823,0.0025));
#6737=CARTESIAN_POINT('',(-0.0510867306179527,0.0434184822553681,0.0025));
#6738=CARTESIAN_POINT('',(-0.0507928518248602,0.0437846730423972,0.0025));
#6739=CARTESIAN_POINT('',(-0.0507928518248602,0.0437846730423972,0.0021));
#6740=CARTESIAN_POINT('',(-0.0507928518248602,0.0437846730423972,0.0021));
#6741=CARTESIAN_POINT('',(-0.0507928518248602,0.0437846730423972,0.0021));
#6742=CARTESIAN_POINT('',(-0.0509820029025961,0.0436599971907823,0.0021));
#6743=CARTESIAN_POINT('',(-0.0510867306179527,0.0434184822553681,0.0021));
#6744=CARTESIAN_POINT('',(-0.0503696594511495,0.0431213405595682,0.0021));
#6745=CARTESIAN_POINT('',(-0.0503696594511495,0.0431213405595682,0.0025));
#6746=CARTESIAN_POINT('',(-0.0503495344959952,0.0439085286082386,0.0025));
#6747=CARTESIAN_POINT('',(-0.0503495344959952,0.0439085286082386,0.0021));
#6748=CARTESIAN_POINT('',(-0.0503495344959952,0.0439085286082386,0.0021));
#6749=CARTESIAN_POINT('',(-0.0503696594511495,0.0431213405595682,0.0021));
#6750=CARTESIAN_POINT('',(-0.0503292269886547,0.0431196445751136,0.0021));
#6751=CARTESIAN_POINT('',(-0.0503292269886547,0.0431196445751136,0.0025));
#6752=CARTESIAN_POINT('',(-0.0499055159780805,0.0437846730423972,0.0025));
#6753=CARTESIAN_POINT('',(-0.0499055159780805,0.0437846730423972,0.0021));
#6754=CARTESIAN_POINT('',(-0.0499055159780805,0.0437846730423972,0.0021));
#6755=CARTESIAN_POINT('',(-0.0503292269886547,0.0431196445751136,0.0021));
#6756=CARTESIAN_POINT('',(-0.0487962571154261,0.0428257376351186,0.0021));
#6757=CARTESIAN_POINT('',(-0.0487962571154261,0.0428257376351186,0.0025));
#6758=CARTESIAN_POINT('',(-0.0487962571154261,0.0424642964043415,0.0021));
#6759=CARTESIAN_POINT('',(-0.0487962571154261,0.0424642964043415,0.0025));
#6760=CARTESIAN_POINT('',(-0.0488645319865486,0.0421567626370245,0.0021));
#6761=CARTESIAN_POINT('',(-0.0488645319865486,0.0421567626370245,0.0025));
#6762=CARTESIAN_POINT('',(-0.0490010817287936,0.0419031363331678,0.0021));
#6763=CARTESIAN_POINT('',(-0.0490010817287936,0.0419031363331678,0.0025));
#6764=CARTESIAN_POINT('',(-0.0487962571154261,0.0428257376351186,0.0021));
#6765=CARTESIAN_POINT('',(-0.0487962571154261,0.0428257376351186,0.0021));
#6766=CARTESIAN_POINT('',(-0.0487962571154261,0.0428257376351186,0.0021));
#6767=CARTESIAN_POINT('',(-0.0487962571154261,0.0422835757889529,0.0021));
#6768=CARTESIAN_POINT('',(-0.0490010817287936,0.0419031363331678,0.0021));
#6769=CARTESIAN_POINT('',(-0.0490010817287936,0.0419031363331678,0.0021));
#6770=CARTESIAN_POINT('',(-0.0490010817287936,0.0419031363331678,0.0021));
#6771=CARTESIAN_POINT('',(-0.0490010817287936,0.0437490513705072,0.0021));
#6772=CARTESIAN_POINT('',(-0.0490010817287936,0.0437490513705072,0.0025));
#6773=CARTESIAN_POINT('',(-0.0488645319865486,0.0434954250666505,0.0021));
#6774=CARTESIAN_POINT('',(-0.0488645319865486,0.0434954250666505,0.0025));
#6775=CARTESIAN_POINT('',(-0.0487962571154261,0.0431876538215209,0.0021));
#6776=CARTESIAN_POINT('',(-0.0487962571154261,0.0431876538215209,0.0025));
#6777=CARTESIAN_POINT('',(-0.0487962571154261,0.0428257376351186,0.0021));
#6778=CARTESIAN_POINT('',(-0.0487962571154261,0.0428257376351186,0.0025));
#6779=CARTESIAN_POINT('',(-0.0490010817287936,0.0437490513705072,0.0021));
#6780=CARTESIAN_POINT('',(-0.0490010817287936,0.0437490513705072,0.0021));
#6781=CARTESIAN_POINT('',(-0.0490010817287936,0.0437490513705072,0.0021));
#6782=CARTESIAN_POINT('',(-0.0487962571154261,0.0433686119147221,0.0021));
#6783=CARTESIAN_POINT('',(-0.0487962571154261,0.0428257376351186,0.0021));
#6784=CARTESIAN_POINT('',(-0.0502677704434976,0.0430937985839511,0.0021));
#6785=CARTESIAN_POINT('',(-0.0495582046771531,0.0443293284055952,0.0021));
#6786=CARTESIAN_POINT('',(-0.0495580484406841,0.0443296034270386,0.0021));
#6787=CARTESIAN_POINT('',(-0.0502677704434976,0.0430937985839511,0.0021));
#6788=CARTESIAN_POINT('',(-0.0503233737767441,0.0429539249181634,0.0021));
#6789=CARTESIAN_POINT('',(-0.0503493620098298,0.044529165984898,0.0021));
#6790=CARTESIAN_POINT('',(-0.0503493567836283,0.0445286740649572,0.0021));
#6791=CARTESIAN_POINT('',(-0.0503233737767441,0.0429539249181634,0.0021));
#6792=CARTESIAN_POINT('',(-0.0503772299666523,0.0429519136929836,0.0021));
#6793=CARTESIAN_POINT('',(-0.05114265664282,0.0443293284055952,0.0021));
#6794=CARTESIAN_POINT('',(-0.0511428306940985,0.0443296403540812,0.0021));
#6795=CARTESIAN_POINT('',(-0.0503772299666523,0.0429519136929836,0.0021));
#6796=CARTESIAN_POINT('',(-0.0504347143980058,0.0430992470261455,0.0021));
#6797=CARTESIAN_POINT('',(-0.051697998507585,0.0437490513705072,0.0021));
#6798=CARTESIAN_POINT('',(-0.051697998507585,0.0437490513705072,0.0021));
#6799=CARTESIAN_POINT('',(-0.0504347143980058,0.0430992470261455,0.0021));
#6800=CARTESIAN_POINT('',(-0.0519017544707957,0.0428257376351186,0.0021));
#6801=CARTESIAN_POINT('',(-0.0519017544707957,0.0428257376351186,0.0025));
#6802=CARTESIAN_POINT('',(-0.0519017544707957,0.0431876538215209,0.0021));
#6803=CARTESIAN_POINT('',(-0.0519017544707957,0.0431876538215209,0.0025));
#6804=CARTESIAN_POINT('',(-0.0518338358163921,0.0434954250666505,0.0021));
#6805=CARTESIAN_POINT('',(-0.0518338358163921,0.0434954250666505,0.0025));
#6806=CARTESIAN_POINT('',(-0.051697998507585,0.0437490513705072,0.0021));
#6807=CARTESIAN_POINT('',(-0.051697998507585,0.0437490513705072,0.0025));
#6808=CARTESIAN_POINT('',(-0.0519017544707957,0.0428257376351186,0.0021));
#6809=CARTESIAN_POINT('',(-0.0519017544707957,0.0428257376351186,0.0021));
#6810=CARTESIAN_POINT('',(-0.0519017544707957,0.0428257376351186,0.0021));
#6811=CARTESIAN_POINT('',(-0.0519017544707957,0.0433686119147221,0.0021));
#6812=CARTESIAN_POINT('',(-0.051697998507585,0.0437490513705072,0.0021));
#6813=CARTESIAN_POINT('',(-0.051697998507585,0.0419045612000434,0.0021));
#6814=CARTESIAN_POINT('',(-0.051697998507585,0.0419045612000434,0.0025));
#6815=CARTESIAN_POINT('',(-0.0518338358163921,0.0421581875039001,0.0021));
#6816=CARTESIAN_POINT('',(-0.0518338358163921,0.0421581875039001,0.0025));
#6817=CARTESIAN_POINT('',(-0.0519017544707957,0.0424652463155919,0.0021));
#6818=CARTESIAN_POINT('',(-0.0519017544707957,0.0424652463155919,0.0025));
#6819=CARTESIAN_POINT('',(-0.0519017544707957,0.0428257376351186,0.0021));
#6820=CARTESIAN_POINT('',(-0.0519017544707957,0.0428257376351186,0.0025));
#6821=CARTESIAN_POINT('',(-0.051697998507585,0.0419045612000434,0.0021));
#6822=CARTESIAN_POINT('',(-0.051697998507585,0.0419045612000434,0.0021));
#6823=CARTESIAN_POINT('',(-0.051697998507585,0.0419045612000434,0.0021));
#6824=CARTESIAN_POINT('',(-0.0519017544707957,0.0422850006558285,0.0021));
#6825=CARTESIAN_POINT('',(-0.0519017544707957,0.0428257376351186,0.0021));
#6826=CARTESIAN_POINT('',(-0.0504285425662115,0.042558061635696,0.0021));
#6827=CARTESIAN_POINT('',(-0.05114265664282,0.0413232155147987,0.0021));
#6828=CARTESIAN_POINT('',(-0.0511428310784109,0.0413229098702362,0.0021));
#6829=CARTESIAN_POINT('',(-0.0504285425662115,0.042558061635696,0.0021));
#6830=CARTESIAN_POINT('',(-0.0503770168839827,0.0426928983038213,0.0021));
#6831=CARTESIAN_POINT('',(-0.0503493620098298,0.0411223092853392,0.0021));
#6832=CARTESIAN_POINT('',(-0.0503493692771489,0.0411227982139001,0.0021));
#6833=CARTESIAN_POINT('',(-0.0503770168839827,0.0426928983038213,0.0021));
#6834=CARTESIAN_POINT('',(-0.0503234453252551,0.0426953257164576,0.0021));
#6835=CARTESIAN_POINT('',(-0.0495582046771531,0.0413225030813609,0.0021));
#6836=CARTESIAN_POINT('',(-0.049558050957,0.0413222286585751,0.0021));
#6837=CARTESIAN_POINT('',(-0.0503234453252551,0.0426953257164576,0.0021));
#6838=CARTESIAN_POINT('',(-0.0502698300191195,0.0425596280166799,0.0021));
#6839=CARTESIAN_POINT('',(-0.0502698300191195,0.0425596280166799,0.0021));
#6840=CARTESIAN_POINT('',(-0.0496116371849881,0.0434184822553681,0.0021));
#6841=CARTESIAN_POINT('',(-0.0496116371849881,0.0434184822553681,0.0025));
#6842=CARTESIAN_POINT('',(-0.0496812181840799,0.0435794922123109,0.0021));
#6843=CARTESIAN_POINT('',(-0.0496812181840799,0.0435794922123109,0.0025));
#6844=CARTESIAN_POINT('',(-0.0497791777817774,0.0437015558079872,0.0021));
#6845=CARTESIAN_POINT('',(-0.0497791777817774,0.0437015558079872,0.0025));
#6846=CARTESIAN_POINT('',(-0.0499055159780805,0.0437846730423972,0.0021));
#6847=CARTESIAN_POINT('',(-0.0499055159780805,0.0437846730423972,0.0025));
#6848=CARTESIAN_POINT('',(-0.0496116371849881,0.0434184822553681,0.0025));
#6849=CARTESIAN_POINT('',(-0.0497160086836258,0.0436599971907823,0.0025));
#6850=CARTESIAN_POINT('',(-0.0499055159780805,0.0437846730423972,0.0025));
#6851=CARTESIAN_POINT('',(-0.0496116371849881,0.0434184822553681,0.0021));
#6852=CARTESIAN_POINT('',(-0.0497160086836258,0.0436599971907823,0.0021));
#6853=CARTESIAN_POINT('',(-0.0499055159780805,0.0437846730423972,0.0021));
#6854=CARTESIAN_POINT('',(-0.0658,0.0332336407542229,0.0021));
#6855=CARTESIAN_POINT('',(-0.0482776055727078,0.0428260938518375,0.0021));
#6856=CARTESIAN_POINT('',(-0.0482776055727078,0.0411679050253583,0.0021));
#6857=CARTESIAN_POINT('',(-0.0482776055727078,0.0411679050253583,0.0021));
#6858=CARTESIAN_POINT('',(-0.0482776055727078,0.0428260938518375,0.0021));
#6859=CARTESIAN_POINT('',(-0.0482776055727079,0.0444842826783167,0.0021));
#6860=CARTESIAN_POINT('',(-0.0482776055727079,0.0444842826783167,0.0021));
#6861=CARTESIAN_POINT('',(-0.047216435967105,0.0411679050253583,0.0021));
#6862=CARTESIAN_POINT('',(-0.0461552663615021,0.0411679050253583,0.0021));
#6863=CARTESIAN_POINT('',(-0.0461552663615021,0.0411679050253583,0.0021));
#6864=CARTESIAN_POINT('',(-0.047216435967105,0.0411679050253583,0.0021));
#6865=CARTESIAN_POINT('',(-0.0461552663615021,0.0414567967843862,0.0021));
#6866=CARTESIAN_POINT('',(-0.0461552663615021,0.0417456885434141,0.0021));
#6867=CARTESIAN_POINT('',(-0.0461552663615021,0.0417456885434141,0.0021));
#6868=CARTESIAN_POINT('',(-0.0461552663615021,0.0414567967843862,0.0021));
#6869=CARTESIAN_POINT('',(-0.0468659187157074,0.0417456885434141,0.0021));
#6870=CARTESIAN_POINT('',(-0.0475765710699128,0.0417456885434141,0.0021));
#6871=CARTESIAN_POINT('',(-0.0475765710699128,0.0417456885434141,0.0021));
#6872=CARTESIAN_POINT('',(-0.0468659187157074,0.0417456885434141,0.0021));
#6873=CARTESIAN_POINT('',(-0.0475765710699128,0.0431149856108654,0.0021));
#6874=CARTESIAN_POINT('',(-0.0475765710699128,0.0444842826783167,0.0021));
#6875=CARTESIAN_POINT('',(-0.0475765710699128,0.0444842826783167,0.0021));
#6876=CARTESIAN_POINT('',(-0.0475765710699128,0.0431149856108654,0.0021));
#6877=CARTESIAN_POINT('',(-0.0479270883213103,0.0444842826783167,0.0021));
#6878=CARTESIAN_POINT('',(-0.0479270883213103,0.0444842826783167,0.0021));
#6879=CARTESIAN_POINT('',(-0.0658,0.0332336407542229,0.0021));
#6880=CARTESIAN_POINT('',(-0.0569206287799818,0.022916964566784,0.0021));
#6881=CARTESIAN_POINT('',(-0.0569206287799818,0.022916964566784,0.0025));
#6882=CARTESIAN_POINT('',(-0.0572359368832543,0.0230220672678748,0.0021));
#6883=CARTESIAN_POINT('',(-0.0572359368832543,0.0230220672678748,0.0025));
#6884=CARTESIAN_POINT('',(-0.0574637962547598,0.02314954534869,0.0021));
#6885=CARTESIAN_POINT('',(-0.0574637962547598,0.02314954534869,0.0025));
#6886=CARTESIAN_POINT('',(-0.0576042068944983,0.0232993988092297,0.0021));
#6887=CARTESIAN_POINT('',(-0.0576042068944983,0.0232993988092297,0.0025));
#6888=CARTESIAN_POINT('',(-0.0569206287799818,0.022916964566784,0.0021));
#6889=CARTESIAN_POINT('',(-0.0569206287799818,0.022916964566784,0.0021));
#6890=CARTESIAN_POINT('',(-0.0569206287799818,0.022916964566784,0.0021));
#6891=CARTESIAN_POINT('',(-0.0573935909348905,0.0230746186184202,0.0021));
#6892=CARTESIAN_POINT('',(-0.0576042068944983,0.0232993988092297,0.0021));
#6893=CARTESIAN_POINT('',(-0.0576042068944983,0.0232993988092297,0.0021));
#6894=CARTESIAN_POINT('',(-0.0576042068944983,0.0232993988092297,0.0021));
#6895=CARTESIAN_POINT('',(-0.0566013177418045,0.0227377562502756,0.0021));
#6896=CARTESIAN_POINT('',(-0.0566013177418045,0.0227377562502756,0.0025));
#6897=CARTESIAN_POINT('',(-0.0566643383067164,0.0228046771107357,0.0021));
#6898=CARTESIAN_POINT('',(-0.0566643383067164,0.0228046771107357,0.0025));
#6899=CARTESIAN_POINT('',(-0.0567707753194421,0.0228644132162385,0.0021));
#6900=CARTESIAN_POINT('',(-0.0567707753194421,0.0228644132162385,0.0025));
#6901=CARTESIAN_POINT('',(-0.0569206287799818,0.022916964566784,0.0021));
#6902=CARTESIAN_POINT('',(-0.0569206287799818,0.022916964566784,0.0025));
#6903=CARTESIAN_POINT('',(-0.0566013177418045,0.0227377562502756,0.0021));
#6904=CARTESIAN_POINT('',(-0.0566013177418045,0.0227377562502756,0.0021));
#6905=CARTESIAN_POINT('',(-0.0566013177418045,0.0227377562502756,0.0021));
#6906=CARTESIAN_POINT('',(-0.0566958485891723,0.0228381375409658,0.0021));
#6907=CARTESIAN_POINT('',(-0.0569206287799818,0.022916964566784,0.0021));
#6908=CARTESIAN_POINT('',(-0.0568631424400933,0.0224972712551848,0.0021));
#6909=CARTESIAN_POINT('',(-0.0565067868944366,0.0224834159247843,0.0021));
#6910=CARTESIAN_POINT('',(-0.0565067868944366,0.0224834159247843,0.0021));
#6911=CARTESIAN_POINT('',(-0.0568631424400933,0.0224972712551848,0.0021));
#6912=CARTESIAN_POINT('',(-0.0570068458394703,0.0221052925353129,0.0021));
#6913=CARTESIAN_POINT('',(-0.0570068458394703,0.0221052925353129,0.0025));
#6914=CARTESIAN_POINT('',(-0.0566734732094478,0.0221052925353129,0.0021));
#6915=CARTESIAN_POINT('',(-0.0566734732094478,0.0221052925353129,0.0025));
#6916=CARTESIAN_POINT('',(-0.0565067868944366,0.0222313336651367,0.0021));
#6917=CARTESIAN_POINT('',(-0.0565067868944366,0.0222313336651367,0.0025));
#6918=CARTESIAN_POINT('',(-0.0565067868944366,0.0224834159247843,0.0021));
#6919=CARTESIAN_POINT('',(-0.0565067868944366,0.0224834159247843,0.0025));
#6920=CARTESIAN_POINT('',(-0.0570068458394703,0.0221052925353129,0.0021));
#6921=CARTESIAN_POINT('',(-0.0570068458394703,0.0221052925353129,0.0021));
#6922=CARTESIAN_POINT('',(-0.0570068458394703,0.0221052925353129,0.0021));
#6923=CARTESIAN_POINT('',(-0.0565067868944366,0.0221052925353129,0.0021));
#6924=CARTESIAN_POINT('',(-0.0565067868944366,0.0224834159247843,0.0021));
#6925=CARTESIAN_POINT('',(-0.0570095305934792,0.023313986113371,0.0021));
#6926=CARTESIAN_POINT('',(-0.057554940003362,0.0222352339606851,0.0021));
#6927=CARTESIAN_POINT('',(-0.0575549745107672,0.0222351685100775,0.0021));
#6928=CARTESIAN_POINT('',(-0.0570095305934792,0.023313986113371,0.0021));
#6929=CARTESIAN_POINT('',(-0.057618296142747,0.0221122674959638,0.0021));
#6930=CARTESIAN_POINT('',(-0.0576860453624049,0.0222325597406339,0.0023));
#6931=CARTESIAN_POINT('',(-0.0576860453624049,0.0222325597406339,0.0021));
#6932=CARTESIAN_POINT('',(-0.057618296142747,0.0221122674959638,0.0021));
#6933=CARTESIAN_POINT('',(-0.0576351586256109,0.0221317326570695,0.0021));
#6934=CARTESIAN_POINT('',(-0.0577483125510721,0.0221249992917675,0.0021));
#6935=CARTESIAN_POINT('',(-0.0577481061320224,0.0221250115749902,0.00210000025));
#6936=CARTESIAN_POINT('',(-0.0576351586256109,0.0221317326570695,0.0021));
#6937=CARTESIAN_POINT('',(-0.0577483125510721,0.0221012896004081,0.0021));
#6938=CARTESIAN_POINT('',(-0.0577483125510721,0.0220775799090488,0.0021));
#6939=CARTESIAN_POINT('',(-0.0577482302308275,0.0220775788106717,0.0021));
#6940=CARTESIAN_POINT('',(-0.0577483125510721,0.0221012896004081,0.0021));
#6941=CARTESIAN_POINT('',(-0.0573876260385143,0.0220727673650362,0.0021));
#6942=CARTESIAN_POINT('',(-0.0576950427250309,0.0218845152794083,0.0021));
#6943=CARTESIAN_POINT('',(-0.0576950395918207,0.0218845166363093,0.0021));
#6944=CARTESIAN_POINT('',(-0.0573876260385143,0.0220727673650362,0.0021));
#6945=CARTESIAN_POINT('',(-0.0574476890852818,0.0220333232708724,0.0021));
#6946=CARTESIAN_POINT('',(-0.0575469341335523,0.0217622718057763,0.0021));
#6947=CARTESIAN_POINT('',(-0.0575470302037486,0.021762006490645,0.0021));
#6948=CARTESIAN_POINT('',(-0.0574476890852818,0.0220333232708724,0.0021));
#6949=CARTESIAN_POINT('',(-0.0569925875185574,0.0232905994944465,0.0021));
#6950=CARTESIAN_POINT('',(-0.0569674323265613,0.0216637380235036,0.0021));
#6951=CARTESIAN_POINT('',(-0.0569674323265613,0.0216637380235036,0.0021));
#6952=CARTESIAN_POINT('',(-0.0569925875185574,0.0232905994944465,0.0021));
#6953=CARTESIAN_POINT('',(-0.0559469918439001,0.022491421794594,0.0021));
#6954=CARTESIAN_POINT('',(-0.0559469918439001,0.022491421794594,0.0025));
#6955=CARTESIAN_POINT('',(-0.0559469918439001,0.0219396326138671,0.0021));
#6956=CARTESIAN_POINT('',(-0.0559469918439001,0.0219396326138671,0.0025));
#6957=CARTESIAN_POINT('',(-0.0562871386714538,0.0216637380235036,0.0021));
#6958=CARTESIAN_POINT('',(-0.0562871386714538,0.0216637380235036,0.0025));
#6959=CARTESIAN_POINT('',(-0.0569674323265613,0.0216637380235036,0.0021));
#6960=CARTESIAN_POINT('',(-0.0569674323265613,0.0216637380235036,0.0025));
#6961=CARTESIAN_POINT('',(-0.0559469918439001,0.022491421794594,0.0021));
#6962=CARTESIAN_POINT('',(-0.0559469918439001,0.022491421794594,0.0021));
#6963=CARTESIAN_POINT('',(-0.0559469918439001,0.022491421794594,0.0021));
#6964=CARTESIAN_POINT('',(-0.0559469918439001,0.0216637380235036,0.0021));
#6965=CARTESIAN_POINT('',(-0.0569674323265613,0.0216637380235036,0.0021));
#6966=CARTESIAN_POINT('',(-0.0561539127866727,0.0230512168451305,0.0021));
#6967=CARTESIAN_POINT('',(-0.0561539127866727,0.0230512168451305,0.0025));
#6968=CARTESIAN_POINT('',(-0.056015965491491,0.0229067006311305,0.0021));
#6969=CARTESIAN_POINT('',(-0.056015965491491,0.0229067006311305,0.0025));
#6970=CARTESIAN_POINT('',(-0.0559469918439001,0.0227201022809517,0.0021));
#6971=CARTESIAN_POINT('',(-0.0559469918439001,0.0227201022809517,0.0025));
#6972=CARTESIAN_POINT('',(-0.0559469918439001,0.022491421794594,0.0021));
#6973=CARTESIAN_POINT('',(-0.0559469918439001,0.022491421794594,0.0025));
#6974=CARTESIAN_POINT('',(-0.0561539127866727,0.0230512168451305,0.0021));
#6975=CARTESIAN_POINT('',(-0.0561539127866727,0.0230512168451305,0.0021));
#6976=CARTESIAN_POINT('',(-0.0561539127866727,0.0230512168451305,0.0021));
#6977=CARTESIAN_POINT('',(-0.0559469918439001,0.0228344425241306,0.0021));
#6978=CARTESIAN_POINT('',(-0.0559469918439001,0.022491421794594,0.0021));
#6979=CARTESIAN_POINT('',(-0.0568929161537176,0.0234373461044114,0.0021));
#6980=CARTESIAN_POINT('',(-0.0568929161537176,0.0234373461044114,0.0025));
#6981=CARTESIAN_POINT('',(-0.0565381945375361,0.023324442812224,0.0021));
#6982=CARTESIAN_POINT('',(-0.0565381945375361,0.023324442812224,0.0025));
#6983=CARTESIAN_POINT('',(-0.0562918600818544,0.0231957330591303,0.0021));
#6984=CARTESIAN_POINT('',(-0.0562918600818544,0.0231957330591303,0.0025));
#6985=CARTESIAN_POINT('',(-0.0561539127866727,0.0230512168451305,0.0021));
#6986=CARTESIAN_POINT('',(-0.0561539127866727,0.0230512168451305,0.0025));
#6987=CARTESIAN_POINT('',(-0.0568929161537176,0.0234373461044114,0.0021));
#6988=CARTESIAN_POINT('',(-0.0568929161537176,0.0234373461044114,0.0021));
#6989=CARTESIAN_POINT('',(-0.0568929161537176,0.0234373461044114,0.0021));
#6990=CARTESIAN_POINT('',(-0.0563608337294453,0.0232679911661303,0.0021));
#6991=CARTESIAN_POINT('',(-0.0561539127866727,0.0230512168451305,0.0021));
#6992=CARTESIAN_POINT('',(-0.0572630336733792,0.0238431821201469,0.0021));
#6993=CARTESIAN_POINT('',(-0.0572630336733792,0.0238431821201469,0.0025));
#6994=CARTESIAN_POINT('',(-0.0572630336733792,0.0236539151466982,0.0021));
#6995=CARTESIAN_POINT('',(-0.0572630336733792,0.0236539151466982,0.0025));
#6996=CARTESIAN_POINT('',(-0.0571396611668253,0.0235186364747863,0.0021));
#6997=CARTESIAN_POINT('',(-0.0571396611668253,0.0235186364747863,0.0025));
#6998=CARTESIAN_POINT('',(-0.0568929161537176,0.0234373461044114,0.0021));
#6999=CARTESIAN_POINT('',(-0.0568929161537176,0.0234373461044114,0.0025));
#7000=CARTESIAN_POINT('',(-0.0572630336733792,0.0238431821201469,0.0021));
#7001=CARTESIAN_POINT('',(-0.0572630336733792,0.0238431821201469,0.0021));
#7002=CARTESIAN_POINT('',(-0.0572630336733792,0.0238431821201469,0.0021));
#7003=CARTESIAN_POINT('',(-0.0572630336733792,0.0235592816599738,0.0021));
#7004=CARTESIAN_POINT('',(-0.0568929161537176,0.0234373461044114,0.0021));
#7005=CARTESIAN_POINT('',(-0.0571608048742714,0.0240956749372205,0.0021));
#7006=CARTESIAN_POINT('',(-0.0571608048742714,0.0240956749372205,0.0025));
#7007=CARTESIAN_POINT('',(-0.0572289574070099,0.0240353229955786,0.0021));
#7008=CARTESIAN_POINT('',(-0.0572289574070099,0.0240353229955786,0.0025));
#7009=CARTESIAN_POINT('',(-0.0572630336733792,0.0239511587232207,0.0021));
#7010=CARTESIAN_POINT('',(-0.0572630336733792,0.0239511587232207,0.0025));
#7011=CARTESIAN_POINT('',(-0.0572630336733792,0.0238431821201469,0.0021));
#7012=CARTESIAN_POINT('',(-0.0572630336733792,0.0238431821201469,0.0025));
#7013=CARTESIAN_POINT('',(-0.0571608048742714,0.0240956749372205,0.0021));
#7014=CARTESIAN_POINT('',(-0.0571608048742714,0.0240956749372205,0.0021));
#7015=CARTESIAN_POINT('',(-0.0571608048742714,0.0240956749372205,0.0021));
#7016=CARTESIAN_POINT('',(-0.0572630336733792,0.0240051470247576,0.0021));
#7017=CARTESIAN_POINT('',(-0.0572630336733792,0.0238431821201469,0.0021));
#7018=CARTESIAN_POINT('',(-0.0568615085106182,0.0241862028496835,0.0021));
#7019=CARTESIAN_POINT('',(-0.0568615085106182,0.0241862028496835,0.0025));
#7020=CARTESIAN_POINT('',(-0.0569928868869817,0.0241862028496835,0.0021));
#7021=CARTESIAN_POINT('',(-0.0569928868869817,0.0241862028496835,0.0025));
#7022=CARTESIAN_POINT('',(-0.0570926523415328,0.0241560268788625,0.0021));
#7023=CARTESIAN_POINT('',(-0.0570926523415328,0.0241560268788625,0.0025));
#7024=CARTESIAN_POINT('',(-0.0571608048742714,0.0240956749372205,0.0021));
#7025=CARTESIAN_POINT('',(-0.0571608048742714,0.0240956749372205,0.0025));
#7026=CARTESIAN_POINT('',(-0.0568615085106182,0.0241862028496835,0.0021));
#7027=CARTESIAN_POINT('',(-0.0568615085106182,0.0241862028496835,0.0021));
#7028=CARTESIAN_POINT('',(-0.0568615085106182,0.0241862028496835,0.0021));
#7029=CARTESIAN_POINT('',(-0.0570585760751635,0.0241862028496835,0.0021));
#7030=CARTESIAN_POINT('',(-0.0571608048742714,0.0240956749372205,0.0021));
#7031=CARTESIAN_POINT('',(-0.0568640725794841,0.0225297126207033,0.0021));
#7032=CARTESIAN_POINT('',(-0.0562579890941982,0.0240716573277916,0.0021));
#7033=CARTESIAN_POINT('',(-0.056258015509729,0.0240715887698495,0.0021));
#7034=CARTESIAN_POINT('',(-0.0568640725794841,0.0225297126207033,0.0021));
#7035=CARTESIAN_POINT('',(-0.0562028249012612,0.0242089345267005,0.0021));
#7036=CARTESIAN_POINT('',(-0.0561203497170861,0.0240858215589933,0.0021));
#7037=CARTESIAN_POINT('',(-0.0561204531706005,0.024085985575,0.0021));
#7038=CARTESIAN_POINT('',(-0.0562028249012612,0.0242089345267005,0.0021));
#7039=CARTESIAN_POINT('',(-0.0561826300074538,0.0241993321212239,0.0021));
#7040=CARTESIAN_POINT('',(-0.0560535314959824,0.0242022145893028,0.0021));
#7041=CARTESIAN_POINT('',(-0.0560535531838409,0.0242022141050637,0.00210000025));
#7042=CARTESIAN_POINT('',(-0.0561826300074538,0.0241993321212239,0.0021));
#7043=CARTESIAN_POINT('',(-0.0560535314959824,0.0242197659192702,0.0021));
#7044=CARTESIAN_POINT('',(-0.0560535314959824,0.0242373172492375,0.0021));
#7045=CARTESIAN_POINT('',(-0.0560535695029589,0.0242373175687649,0.0021));
#7046=CARTESIAN_POINT('',(-0.0560535314959824,0.0242197659192702,0.0021));
#7047=CARTESIAN_POINT('',(-0.0563818204538981,0.0242400771980234,0.0021));
#7048=CARTESIAN_POINT('',(-0.0561104963388588,0.0244248393536252,0.0021));
#7049=CARTESIAN_POINT('',(-0.0561105757398243,0.0244247873929686,0.0021));
#7050=CARTESIAN_POINT('',(-0.0563818204538981,0.0242400771980234,0.0021));
#7051=CARTESIAN_POINT('',(-0.0563366265794223,0.0242786157466175,0.0021));
#7052=CARTESIAN_POINT('',(-0.0562622999471726,0.0245372294490298,0.0021));
#7053=CARTESIAN_POINT('',(-0.0562622999471726,0.0245372294490298,0.0021));
#7054=CARTESIAN_POINT('',(-0.0563366265794223,0.0242786157466175,0.0021));
#7055=CARTESIAN_POINT('',(-0.0569009220235272,0.0246197514916832,0.0021));
#7056=CARTESIAN_POINT('',(-0.0569009220235272,0.0246197514916832,0.0025));
#7057=CARTESIAN_POINT('',(-0.0566562297975501,0.0246197514916832,0.0021));
#7058=CARTESIAN_POINT('',(-0.0566562297975501,0.0246197514916832,0.0025));
#7059=CARTESIAN_POINT('',(-0.0564433557720986,0.0245922441441321,0.0021));
#7060=CARTESIAN_POINT('',(-0.0564433557720986,0.0245922441441321,0.0025));
#7061=CARTESIAN_POINT('',(-0.0562622999471726,0.0245372294490298,0.0021));
#7062=CARTESIAN_POINT('',(-0.0562622999471726,0.0245372294490298,0.0025));
#7063=CARTESIAN_POINT('',(-0.0569009220235272,0.0246197514916832,0.0021));
#7064=CARTESIAN_POINT('',(-0.0569009220235272,0.0246197514916832,0.0021));
#7065=CARTESIAN_POINT('',(-0.0569009220235272,0.0246197514916832,0.0021));
#7066=CARTESIAN_POINT('',(-0.0565338836845616,0.0246197514916832,0.0021));
#7067=CARTESIAN_POINT('',(-0.0562622999471726,0.0245372294490298,0.0021));
#7068=CARTESIAN_POINT('',(-0.0575746467598165,0.0244109830404931,0.0021));
#7069=CARTESIAN_POINT('',(-0.0575746467598165,0.0244109830404931,0.0025));
#7070=CARTESIAN_POINT('',(-0.0574145293636234,0.0245501620079532,0.0021));
#7071=CARTESIAN_POINT('',(-0.0574145293636234,0.0245501620079532,0.0025));
#7072=CARTESIAN_POINT('',(-0.057189954451527,0.0246197514916832,0.0021));
#7073=CARTESIAN_POINT('',(-0.057189954451527,0.0246197514916832,0.0025));
#7074=CARTESIAN_POINT('',(-0.0569009220235272,0.0246197514916832,0.0021));
#7075=CARTESIAN_POINT('',(-0.0569009220235272,0.0246197514916832,0.0025));
#7076=CARTESIAN_POINT('',(-0.0575746467598165,0.0244109830404931,0.0021));
#7077=CARTESIAN_POINT('',(-0.0575746467598165,0.0244109830404931,0.0021));
#7078=CARTESIAN_POINT('',(-0.0575746467598165,0.0244109830404931,0.0021));
#7079=CARTESIAN_POINT('',(-0.0573344706655269,0.0246197514916832,0.0021));
#7080=CARTESIAN_POINT('',(-0.0569009220235272,0.0246197514916832,0.0021));
#7081=CARTESIAN_POINT('',(-0.0578148228541061,0.0238431821201469,0.0021));
#7082=CARTESIAN_POINT('',(-0.0578148228541061,0.0238431821201469,0.0025));
#7083=CARTESIAN_POINT('',(-0.0578148228541061,0.0240825370995842,0.0021));
#7084=CARTESIAN_POINT('',(-0.0578148228541061,0.0240825370995842,0.0025));
#7085=CARTESIAN_POINT('',(-0.0577347641560096,0.0242718040730329,0.0021));
#7086=CARTESIAN_POINT('',(-0.0577347641560096,0.0242718040730329,0.0025));
#7087=CARTESIAN_POINT('',(-0.0575746467598165,0.0244109830404931,0.0021));
#7088=CARTESIAN_POINT('',(-0.0575746467598165,0.0244109830404931,0.0025));
#7089=CARTESIAN_POINT('',(-0.0578148228541061,0.0238431821201469,0.0021));
#7090=CARTESIAN_POINT('',(-0.0578148228541061,0.0238431821201469,0.0021));
#7091=CARTESIAN_POINT('',(-0.0578148228541061,0.0238431821201469,0.0021));
#7092=CARTESIAN_POINT('',(-0.0578148228541061,0.0242022145893028,0.0021));
#7093=CARTESIAN_POINT('',(-0.0575746467598165,0.0244109830404931,0.0021));
#7094=CARTESIAN_POINT('',(-0.0570494482357408,0.0238258720329125,0.0021));
#7095=CARTESIAN_POINT('',(-0.0570494482357408,0.0238258720329125,0.0021));
#7096=CARTESIAN_POINT('',(-0.0658,0.0332336407542229,0.0021));
#7097=CARTESIAN_POINT('',(-0.0551993168377843,0.0219173773432329,0.0021));
#7098=CARTESIAN_POINT('',(-0.055198135098628,0.0217031515364127,0.0021));
#7099=CARTESIAN_POINT('',(-0.0551981349988846,0.0217031334549149,0.00210000025));
#7100=CARTESIAN_POINT('',(-0.0551993168377843,0.0219173773432329,0.0021));
#7101=CARTESIAN_POINT('',(-0.0553552521673575,0.0217704289244048,0.0021));
#7102=CARTESIAN_POINT('',(-0.0553552498140536,0.0217704266862077,0.0021));
#7103=CARTESIAN_POINT('',(-0.0545281053791739,0.0217031515364127,0.0021));
#7104=CARTESIAN_POINT('',(-0.0538580756597199,0.0217031515364127,0.0021));
#7105=CARTESIAN_POINT('',(-0.0538580757059506,0.0217031451594092,0.0021));
#7106=CARTESIAN_POINT('',(-0.0545281053791739,0.0217031515364127,0.0021));
#7107=CARTESIAN_POINT('',(-0.0538565175975211,0.0219180687062796,0.0021));
#7108=CARTESIAN_POINT('',(-0.0537000513859737,0.0217707064836226,0.0021));
#7109=CARTESIAN_POINT('',(-0.0537000513859737,0.0217707064836226,0.0021));
#7110=CARTESIAN_POINT('',(-0.0538565175975211,0.0219180687062796,0.0021));
#7111=CARTESIAN_POINT('',(-0.0538490159597767,0.0219267905558117,0.0021));
#7112=CARTESIAN_POINT('',(-0.0536332954689104,0.0219279317272222,0.0021));
#7113=CARTESIAN_POINT('',(-0.0536332883985369,0.0219279320888717,0.0021));
#7114=CARTESIAN_POINT('',(-0.0538490159597767,0.0219267905558117,0.0021));
#7115=CARTESIAN_POINT('',(-0.0538420249578261,0.0219300777263591,0.0021));
#7116=CARTESIAN_POINT('',(-0.0537001136900141,0.0220834303523712,0.0021));
#7117=CARTESIAN_POINT('',(-0.0537001892886862,0.0220833488054746,0.0021));
#7118=CARTESIAN_POINT('',(-0.0538420249578261,0.0219300777263591,0.0021));
#7119=CARTESIAN_POINT('',(-0.0538558032060708,0.0219299102073747,0.0021));
#7120=CARTESIAN_POINT('',(-0.0538580756597199,0.0221484010650573,0.0021));
#7121=CARTESIAN_POINT('',(-0.0538580754666394,0.022148382500838,0.00210000025));
#7122=CARTESIAN_POINT('',(-0.0538558032060708,0.0219299102073747,0.0021));
#7123=CARTESIAN_POINT('',(-0.0543467416361783,0.0221484010650573,0.0021));
#7124=CARTESIAN_POINT('',(-0.0548354076126368,0.0221484010650573,0.0021));
#7125=CARTESIAN_POINT('',(-0.054835430873133,0.0221485667662007,0.0021));
#7126=CARTESIAN_POINT('',(-0.0543467416361783,0.0221484010650573,0.0021));
#7127=CARTESIAN_POINT('',(-0.0548397254904999,0.0221791603958855,0.0021));
#7128=CARTESIAN_POINT('',(-0.0548705102725714,0.0221841195611311,0.0021));
#7129=CARTESIAN_POINT('',(-0.0548703304303833,0.0221840789875546,0.00210000012));
#7130=CARTESIAN_POINT('',(-0.0548397254904999,0.0221791603958855,0.0021));
#7131=CARTESIAN_POINT('',(-0.0548705102725714,0.0225782546902217,0.0021));
#7132=CARTESIAN_POINT('',(-0.0548705102725714,0.0229723898193123,0.0021));
#7133=CARTESIAN_POINT('',(-0.054870316469431,0.0229724190571628,0.0021));
#7134=CARTESIAN_POINT('',(-0.0548705102725714,0.0225782546902217,0.0021));
#7135=CARTESIAN_POINT('',(-0.0548400091270029,0.0229769913336785,0.0021));
#7136=CARTESIAN_POINT('',(-0.0548354076126368,0.0230074924792469,0.0021));
#7137=CARTESIAN_POINT('',(-0.0548354403693925,0.0230073374359521,0.00210000012));
#7138=CARTESIAN_POINT('',(-0.0548400091270029,0.0229769913336785,0.0021));
#7139=CARTESIAN_POINT('',(-0.0543799967876954,0.0230074924792469,0.0021));
#7140=CARTESIAN_POINT('',(-0.0539245859627539,0.0230074924792469,0.0021));
#7141=CARTESIAN_POINT('',(-0.0539245823180491,0.0230076233791513,0.0021));
#7142=CARTESIAN_POINT('',(-0.0543799967876954,0.0230074924792469,0.0021));
#7143=CARTESIAN_POINT('',(-0.0539188831725547,0.0232123087061688,0.0021));
#7144=CARTESIAN_POINT('',(-0.0537730902725097,0.0230687681750978,0.0021));
#7145=CARTESIAN_POINT('',(-0.0537731135421626,0.023068792971443,0.0021));
#7146=CARTESIAN_POINT('',(-0.0539188831725547,0.0232123087061688,0.0021));
#7147=CARTESIAN_POINT('',(-0.0539135933862522,0.0232131921617808,0.0021));
#7148=CARTESIAN_POINT('',(-0.0537121224947285,0.0232165688485068,0.0021));
#7149=CARTESIAN_POINT('',(-0.0537121785820318,0.0232165679412596,0.0021));
#7150=CARTESIAN_POINT('',(-0.0539135933862522,0.0232131921617808,0.0021));
#7151=CARTESIAN_POINT('',(-0.0539197554622156,0.0232190992107306,0.0021));
#7152=CARTESIAN_POINT('',(-0.0537730902725097,0.0233662170303333,0.0021));
#7153=CARTESIAN_POINT('',(-0.0537731417791273,0.0233661643174415,0.0021));
#7154=CARTESIAN_POINT('',(-0.0539197554622156,0.0232190992107306,0.0021));
#7155=CARTESIAN_POINT('',(-0.0539194506810624,0.0232276449895514,0.0021));
#7156=CARTESIAN_POINT('',(-0.0539245859627539,0.0234293402346017,0.0021));
#7157=CARTESIAN_POINT('',(-0.0539245831076968,0.0234292280983127,0.00210000025));
#7158=CARTESIAN_POINT('',(-0.0539194506810624,0.0232276449895514,0.0021));
#7159=CARTESIAN_POINT('',(-0.0543799967876954,0.0234293402346017,0.0021));
#7160=CARTESIAN_POINT('',(-0.0548354076126368,0.0234293402346017,0.0021));
#7161=CARTESIAN_POINT('',(-0.0548354308731328,0.0234295059357439,0.0021));
#7162=CARTESIAN_POINT('',(-0.0543799967876954,0.0234293402346017,0.0021));
#7163=CARTESIAN_POINT('',(-0.0548397254904926,0.0234600995654376,0.0021));
#7164=CARTESIAN_POINT('',(-0.0548705102725714,0.0234650587306756,0.0021));
#7165=CARTESIAN_POINT('',(-0.0548703304303846,0.0234650181570994,0.00210000012));
#7166=CARTESIAN_POINT('',(-0.0548397254904926,0.0234600995654376,0.0021));
#7167=CARTESIAN_POINT('',(-0.0548705102725714,0.0237822143423657,0.0021));
#7168=CARTESIAN_POINT('',(-0.0548705102725714,0.0240993699540558,0.0021));
#7169=CARTESIAN_POINT('',(-0.0548702854712883,0.0240994061676208,0.0021));
#7170=CARTESIAN_POINT('',(-0.0548705102725714,0.0237822143423657,0.0021));
#7171=CARTESIAN_POINT('',(-0.0548397254904926,0.0241043291192937,0.0021));
#7172=CARTESIAN_POINT('',(-0.0548354076126368,0.0241350884501296,0.0021));
#7173=CARTESIAN_POINT('',(-0.0548354308731328,0.0241349227489874,0.00210000025));
#7174=CARTESIAN_POINT('',(-0.0548397254904926,0.0241043291192937,0.0021));
#7175=CARTESIAN_POINT('',(-0.0543467416361783,0.0241350884501296,0.0021));
#7176=CARTESIAN_POINT('',(-0.0538580756597199,0.0241350884501296,0.0021));
#7177=CARTESIAN_POINT('',(-0.0538580754666394,0.0241351070143487,0.0021));
#7178=CARTESIAN_POINT('',(-0.0543467416361783,0.0241350884501296,0.0021));
#7179=CARTESIAN_POINT('',(-0.0538558032060724,0.0243535793078167,0.0021));
#7180=CARTESIAN_POINT('',(-0.0537001136900141,0.0242000591628156,0.0021));
#7181=CARTESIAN_POINT('',(-0.0537001920796348,0.0242001387622308,0.0021));
#7182=CARTESIAN_POINT('',(-0.0538558032060724,0.0243535793078167,0.0021));
#7183=CARTESIAN_POINT('',(-0.0538420249578189,0.0243534117888247,0.0021));
#7184=CARTESIAN_POINT('',(-0.0536332954689104,0.0243555577879646,0.0021));
#7185=CARTESIAN_POINT('',(-0.0536332884005,0.0243555574812713,0.0021));
#7186=CARTESIAN_POINT('',(-0.0538420249578189,0.0243534117888247,0.0021));
#7187=CARTESIAN_POINT('',(-0.0538490159597767,0.0243566989593752,0.0021));
#7188=CARTESIAN_POINT('',(-0.0537000513859738,0.0245127830315643,0.0021));
#7189=CARTESIAN_POINT('',(-0.0537000513859738,0.0245127830315643,0.0021));
#7190=CARTESIAN_POINT('',(-0.0538490159597767,0.0243566989593752,0.0021));
#7191=CARTESIAN_POINT('',(-0.0538565175975211,0.0243654208089072,0.0021));
#7192=CARTESIAN_POINT('',(-0.0538580756597199,0.0245803379787741,0.0021));
#7193=CARTESIAN_POINT('',(-0.0538580757059506,0.0245803443557776,0.00210000025));
#7194=CARTESIAN_POINT('',(-0.0538565175975211,0.0243654208089072,0.0021));
#7195=CARTESIAN_POINT('',(-0.0545281053791739,0.0245803379787741,0.0021));
#7196=CARTESIAN_POINT('',(-0.055198135098628,0.0245803379787741,0.0021));
#7197=CARTESIAN_POINT('',(-0.0551981349988846,0.024580356060272,0.0021));
#7198=CARTESIAN_POINT('',(-0.0545281053791739,0.0245803379787741,0.0021));
#7199=CARTESIAN_POINT('',(-0.0551993168377843,0.0243661121719539,0.0021));
#7200=CARTESIAN_POINT('',(-0.0553552498140536,0.0245130628289792,0.0021));
#7201=CARTESIAN_POINT('',(-0.0553552521673575,0.0245130605907821,0.0021));
#7202=CARTESIAN_POINT('',(-0.0551993168377843,0.0243661121719539,0.0021));
#7203=CARTESIAN_POINT('',(-0.055206578962432,0.0243566989593752,0.0021));
#7204=CARTESIAN_POINT('',(-0.0554222994532983,0.0243555577879646,0.0021));
#7205=CARTESIAN_POINT('',(-0.0554223180509231,0.0243555576895823,0.00210000025));
#7206=CARTESIAN_POINT('',(-0.055206578962432,0.0243566989593752,0.0021));
#7207=CARTESIAN_POINT('',(-0.0554222994532983,0.0231417447575935,0.0021));
#7208=CARTESIAN_POINT('',(-0.0554222994532983,0.0219279317272222,0.0021));
#7209=CARTESIAN_POINT('',(-0.0554223180509231,0.0219279318256045,0.0021));
#7210=CARTESIAN_POINT('',(-0.0554222994532983,0.0231417447575935,0.0021));
#7211=CARTESIAN_POINT('',(-0.055206578962432,0.0219267905558116,0.0021));
#7212=CARTESIAN_POINT('',(-0.055206578962432,0.0219267905558116,0.0021));
#7213=CARTESIAN_POINT('',(-0.0658,0.0332336407542229,0.0021));
#7214=CARTESIAN_POINT('',(-0.0528310552757026,0.0219114199984227,0.0021));
#7215=CARTESIAN_POINT('',(-0.0528290134711099,0.0217031515364127,0.0021));
#7216=CARTESIAN_POINT('',(-0.0528290135473749,0.0217031593156094,0.00210000025));
#7217=CARTESIAN_POINT('',(-0.0528310552757026,0.0219114199984227,0.0021));
#7218=CARTESIAN_POINT('',(-0.0529840645410935,0.0217701344545323,0.0021));
#7219=CARTESIAN_POINT('',(-0.0529840645410935,0.0217701344545323,0.0021));
#7220=CARTESIAN_POINT('',(-0.0521312711253917,0.0217031515364127,0.0021));
#7221=CARTESIAN_POINT('',(-0.0514335287796734,0.0217031515364127,0.0021));
#7222=CARTESIAN_POINT('',(-0.0514335287034084,0.0217031593156093,0.0021));
#7223=CARTESIAN_POINT('',(-0.0521312711253917,0.0217031515364127,0.0021));
#7224=CARTESIAN_POINT('',(-0.0514314869750837,0.021911419998431,0.0021));
#7225=CARTESIAN_POINT('',(-0.0512784777096842,0.0217701344545373,0.0021));
#7226=CARTESIAN_POINT('',(-0.0512784777096842,0.0217701344545373,0.0021));
#7227=CARTESIAN_POINT('',(-0.0514314869750837,0.021911419998431,0.0021));
#7228=CARTESIAN_POINT('',(-0.0514318621335508,0.0219261739502206,0.0021));
#7229=CARTESIAN_POINT('',(-0.0512130594418384,0.0219279317272222,0.0021));
#7230=CARTESIAN_POINT('',(-0.0512130624146652,0.0219279317033396,0.0021));
#7231=CARTESIAN_POINT('',(-0.0514318621335508,0.0219261739502206,0.0021));
#7232=CARTESIAN_POINT('',(-0.0512130594418384,0.0219337821705447,0.0021));
#7233=CARTESIAN_POINT('',(-0.0512130594418384,0.0219396326138671,0.0021));
#7234=CARTESIAN_POINT('',(-0.0512130926311083,0.021939633046601,0.0021));
#7235=CARTESIAN_POINT('',(-0.0512130594418384,0.0219337821705447,0.0021));
#7236=CARTESIAN_POINT('',(-0.0514247003099533,0.0219423920656418,0.0021));
#7237=CARTESIAN_POINT('',(-0.0512781448023737,0.02209501185515,0.0021));
#7238=CARTESIAN_POINT('',(-0.0512781459623501,0.0220950130631821,0.0021));
#7239=CARTESIAN_POINT('',(-0.0514247003099533,0.0219423920656418,0.0021));
#7240=CARTESIAN_POINT('',(-0.0514307693278987,0.0219484610835875,0.0021));
#7241=CARTESIAN_POINT('',(-0.0514335287796734,0.0221601019517021,0.0021));
#7242=CARTESIAN_POINT('',(-0.0514335283469394,0.0221600687624323,0.00210000025));
#7243=CARTESIAN_POINT('',(-0.0514307693278987,0.0219484610835875,0.0021));
#7244=CARTESIAN_POINT('',(-0.0519400540041688,0.0221601019517021,0.0021));
#7245=CARTESIAN_POINT('',(-0.0524457691312638,0.0221601019517021,0.0021));
#7246=CARTESIAN_POINT('',(-0.0524457691312638,0.0221601019517021,0.0021));
#7247=CARTESIAN_POINT('',(-0.0519400540041688,0.0221601019517021,0.0021));
#7248=CARTESIAN_POINT('',(-0.0524485488622255,0.0221893396240302,0.0021));
#7249=CARTESIAN_POINT('',(-0.0524779868717636,0.0221958204477759,0.0021));
#7250=CARTESIAN_POINT('',(-0.0524776091976904,0.0221957373022393,0.00210000025));
#7251=CARTESIAN_POINT('',(-0.0524485488622255,0.0221893396240302,0.0021));
#7252=CARTESIAN_POINT('',(-0.0524779868717636,0.0232756891178703,0.0021));
#7253=CARTESIAN_POINT('',(-0.0524779868717636,0.0243555577879646,0.0021));
#7254=CARTESIAN_POINT('',(-0.052477964544865,0.0243555576804489,0.0021));
#7255=CARTESIAN_POINT('',(-0.0524779868717636,0.0232756891178703,0.0021));
#7256=CARTESIAN_POINT('',(-0.052693218833369,0.0243565942427045,0.0021));
#7257=CARTESIAN_POINT('',(-0.0525453035990665,0.0245130103333724,0.0021));
#7258=CARTESIAN_POINT('',(-0.0525453059868874,0.024513012858696,0.0021));
#7259=CARTESIAN_POINT('',(-0.052693218833369,0.0243565942427045,0.0021));
#7260=CARTESIAN_POINT('',(-0.0527017306078331,0.024365106017169,0.0021));
#7261=CARTESIAN_POINT('',(-0.052702767062573,0.0245803379787741,0.0021));
#7262=CARTESIAN_POINT('',(-0.0527027671700887,0.0245803603056727,0.00210000025));
#7263=CARTESIAN_POINT('',(-0.0527017306078331,0.024365106017169,0.0021));
#7264=CARTESIAN_POINT('',(-0.0527658902668415,0.0245803379787741,0.0021));
#7265=CARTESIAN_POINT('',(-0.0528290134711099,0.0245803379787741,0.0021));
#7266=CARTESIAN_POINT('',(-0.0528290135473749,0.0245803301995775,0.0021));
#7267=CARTESIAN_POINT('',(-0.0527658902668415,0.0245803379787741,0.0021));
#7268=CARTESIAN_POINT('',(-0.0528310552756996,0.0243720695167558,0.0021));
#7269=CARTESIAN_POINT('',(-0.0529840645410991,0.0245133550606495,0.0021));
#7270=CARTESIAN_POINT('',(-0.0529840645410991,0.0245133550606495,0.0021));
#7271=CARTESIAN_POINT('',(-0.0528310552756996,0.0243720695167558,0.0021));
#7272=CARTESIAN_POINT('',(-0.0528306801172325,0.0243573155649662,0.0021));
#7273=CARTESIAN_POINT('',(-0.0530494828089449,0.0243555577879646,0.0021));
#7274=CARTESIAN_POINT('',(-0.0530494798361181,0.0243555578118472,0.0021));
#7275=CARTESIAN_POINT('',(-0.0528306801172325,0.0243573155649662,0.0021));
#7276=CARTESIAN_POINT('',(-0.0530494828089449,0.0231417447575935,0.0021));
#7277=CARTESIAN_POINT('',(-0.0530494828089449,0.0219279317272222,0.0021));
#7278=CARTESIAN_POINT('',(-0.0530494798361179,0.0219279317033396,0.0021));
#7279=CARTESIAN_POINT('',(-0.0530494828089449,0.0231417447575935,0.0021));
#7280=CARTESIAN_POINT('',(-0.0528306801172381,0.0219261739502184,0.0021));
#7281=CARTESIAN_POINT('',(-0.0528306801172381,0.0219261739502184,0.0021));
#7282=CARTESIAN_POINT('',(-0.0658,0.0332336407542229,0.0021));
#7283=CARTESIAN_POINT('',(-0.0658,0.0332336407542229,0.0025));
#7284=CARTESIAN_POINT('',(-0.0938,0.0382336407542229,0.00123413332714849));
#7285=CARTESIAN_POINT('',(-0.0938,0.0382336407542229,0.000234133327148492));
#7286=CARTESIAN_POINT('',(-0.0948,0.0372336407542228,0.00123413332714849));
#7287=CARTESIAN_POINT('',(-0.0938,0.0382336407542229,0.00223413332714849));
#7288=CARTESIAN_POINT('',(-0.0938,0.0382336407542229,0.000234133327148492));
#7289=CARTESIAN_POINT('',(-0.0948,0.0382336407542229,0.00123413332714849));
#7290=CARTESIAN_POINT('',(-0.0948,0.0292336407542228,0.00123413332714849));
#7291=CARTESIAN_POINT('',(-0.0971333333333333,0.0315669740875562,0.00356746666048183));
#7292=CARTESIAN_POINT('',(-0.0938,0.0282336407542228,0.00123413332714849));
#7293=CARTESIAN_POINT('',(-0.0971333333333333,0.0315669740875562,-0.00109920000618484));
#7294=CARTESIAN_POINT('',(-0.0938,0.0382336407542229,0.00223413332714849));
#7295=CARTESIAN_POINT('',(-0.0378,0.0332336407542229,0.00225162820727154));
#7296=CARTESIAN_POINT('',(-0.0378,0.0282336407542229,0.00225162820727153));
#7297=CARTESIAN_POINT('',(-0.0368,0.0292336407542229,0.00125162820727154));
#7298=CARTESIAN_POINT('',(-0.0368,0.0332336407542229,0.00125162820727154));
#7299=CARTESIAN_POINT('',(-0.0368,0.0372336407542229,0.00125162820727154));
#7300=CARTESIAN_POINT('',(-0.0378,0.0382336407542229,0.00225162820727154));
#7301=CARTESIAN_POINT('',(-0.0378,0.0282336407542228,0.00225162820727152));
#7302=CARTESIAN_POINT('',(-0.0371333333333334,0.0289003074208895,0.000918294873938202));
#7303=CARTESIAN_POINT('',(-0.0378,0.0332336407542229,0.000251628207271542));
#7304=CARTESIAN_POINT('',(-0.0371333333333333,0.0375669740875562,0.000918294873938209));
#7305=CARTESIAN_POINT('',(-0.0378,0.0382336407542229,0.00225162820727154));
#7306=MECHANICAL_DESIGN_GEOMETRIC_PRESENTATION_REPRESENTATION('',(#4155),#7307);
#7307=(
GEOMETRIC_REPRESENTATION_CONTEXT(3)
GLOBAL_UNCERTAINTY_ASSIGNED_CONTEXT((#7308))
GLOBAL_UNIT_ASSIGNED_CONTEXT((#7311,#7310,#7309))
REPRESENTATION_CONTEXT('CaseUIPanel','TOP_LEVEL_ASSEMBLY_PART')
);
#7308=UNCERTAINTY_MEASURE_WITH_UNIT(LENGTH_MEASURE(2.E-05),#7311,'DISTANCE_ACCURACY_VALUE','Maximum Tolerance applied to model');
#7309=(
NAMED_UNIT(*)
SI_UNIT($,.STERADIAN.)
SOLID_ANGLE_UNIT()
);
#7310=(
NAMED_UNIT(*)
PLANE_ANGLE_UNIT()
SI_UNIT($,.RADIAN.)
);
#7311=(
LENGTH_UNIT()
NAMED_UNIT(*)
SI_UNIT($,.METRE.)
);
#7312=PRODUCT_DEFINITION_SHAPE('','',#7313);
#7313=PRODUCT_DEFINITION('','',#7315,#7314);
#7314=PRODUCT_DEFINITION_CONTEXT('',#7321,'design');
#7315=PRODUCT_DEFINITION_FORMATION_WITH_SPECIFIED_SOURCE('','',#7317,.NOT_KNOWN.);
#7316=PRODUCT_RELATED_PRODUCT_CATEGORY('','',(#7317));
#7317=PRODUCT('CaseUIPanel','CaseUIPanel','CaseUIPanel',(#7319));
#7318=PRODUCT_CATEGORY('','');
#7319=PRODUCT_CONTEXT('',#7321,'mechanical');
#7320=APPLICATION_PROTOCOL_DEFINITION('international standard','ap242_managed_model_based_3d_engineering',2020,#7321);
#7321=APPLICATION_CONTEXT('managed model based 3d engineering');
ENDSEC;
END-ISO-10303-21;
